year,monthNumber,headingCode,heading,country,metricFOB,metricKG,fonte,coletado_em
2025,01,6804,"Mós e artefactos semelhantes, sem armação, para moer, desfibrar, triturar, amolar, polir, rectificar ou cortar; pedras para amolar ou para polir, manualmente, e suas partes, de pedras naturais, de abrasivos naturais ou artificiais aglomerados ou de cerâmi",China,16372919,2799968,comexstat,2026-10-08
2025,09,6804,"Mós e artefactos semelhantes, sem armação, para moer, desfibrar, triturar, amolar, polir, rectificar ou cortar; pedras para amolar ou para polir, manualmente, e suas partes, de pedras naturais, de abrasivos naturais ou artificiais aglomerados ou de cerâmi",China,15721373,2245213,comexstat,2026-10-08
2025,07,6804,"Mós e artefactos semelhantes, sem armação, para moer, desfibrar, triturar, amolar, polir, rectificar ou cortar; pedras para amolar ou para polir, manualmente, e suas partes, de pedras naturais, de abrasivos naturais ou artificiais aglomerados ou de cerâmi",China,15703877,2190139,comexstat,2026-10-08
2025,03,6804,"Mós e artefactos semelhantes, sem armação, para moer, desfibrar, triturar, amolar, polir, rectificar ou cortar; pedras para amolar ou para polir, manualmente, e suas partes, de pedras naturais, de abrasivos naturais ou artificiais aglomerados ou de cerâmi",China,15656142,2415901,comexstat,2026-10-08
2025,02,6804,"Mós e artefactos semelhantes, sem armação, para moer, desfibrar, triturar, amolar, polir, rectificar ou cortar; pedras para amolar ou para polir, manualmente, e suas partes, de pedras naturais, de abrasivos naturais ou artificiais aglomerados ou de cerâmi",China,14505341,2137671,comexstat,2026-10-08
2025,06,6804,"Mós e artefactos semelhantes, sem armação, para moer, desfibrar, triturar, amolar, polir, rectificar ou cortar; pedras para amolar ou para polir, manualmente, e suas partes, de pedras naturais, de abrasivos naturais ou artificiais aglomerados ou de cerâmi",China,14150143,2071124,comexstat,2026-10-08
2025,10,6804,"Mós e artefactos semelhantes, sem armação, para moer, desfibrar, triturar, amolar, polir, rectificar ou cortar; pedras para amolar ou para polir, manualmente, e suas partes, de pedras naturais, de abrasivos naturais ou artificiais aglomerados ou de cerâmi",China,12779794,2068718,comexstat,2026-10-08
2025,08,6804,"Mós e artefactos semelhantes, sem armação, para moer, desfibrar, triturar, amolar, polir, rectificar ou cortar; pedras para amolar ou para polir, manualmente, e suas partes, de pedras naturais, de abrasivos naturais ou artificiais aglomerados ou de cerâmi",China,12443914,1708595,comexstat,2026-10-08
2025,12,6804,"Mós e artefactos semelhantes, sem armação, para moer, desfibrar, triturar, amolar, polir, rectificar ou cortar; pedras para amolar ou para polir, manualmente, e suas partes, de pedras naturais, de abrasivos naturais ou artificiais aglomerados ou de cerâmi",China,11892137,1904727,comexstat,2026-10-08
2025,05,6804,"Mós e artefactos semelhantes, sem armação, para moer, desfibrar, triturar, amolar, polir, rectificar ou cortar; pedras para amolar ou para polir, manualmente, e suas partes, de pedras naturais, de abrasivos naturais ou artificiais aglomerados ou de cerâmi",China,11129486,1493698,comexstat,2026-10-08
2025,04,6804,"Mós e artefactos semelhantes, sem armação, para moer, desfibrar, triturar, amolar, polir, rectificar ou cortar; pedras para amolar ou para polir, manualmente, e suas partes, de pedras naturais, de abrasivos naturais ou artificiais aglomerados ou de cerâmi",China,10971898,1321330,comexstat,2026-10-08
2025,11,6804,"Mós e artefactos semelhantes, sem armação, para moer, desfibrar, triturar, amolar, polir, rectificar ou cortar; pedras para amolar ou para polir, manualmente, e suas partes, de pedras naturais, de abrasivos naturais ou artificiais aglomerados ou de cerâmi",China,10969956,1982443,comexstat,2026-10-08
2025,12,8464,"Máquinas-ferramentas para trabalhar pedra, produtos cerâmicos, betão (concreto), fibrocimento ou matérias minerais semelhantes, ou para o trabalho a frio do vidro",Itália,4953014,318547,comexstat,2026-10-08
2025,03,8464,"Máquinas-ferramentas para trabalhar pedra, produtos cerâmicos, betão (concreto), fibrocimento ou matérias minerais semelhantes, ou para o trabalho a frio do vidro",Romênia,4172065,128406,comexstat,2026-10-08
2025,12,8464,"Máquinas-ferramentas para trabalhar pedra, produtos cerâmicos, betão (concreto), fibrocimento ou matérias minerais semelhantes, ou para o trabalho a frio do vidro",China,4067451,649292,comexstat,2026-10-08
2025,09,8464,"Máquinas-ferramentas para trabalhar pedra, produtos cerâmicos, betão (concreto), fibrocimento ou matérias minerais semelhantes, ou para o trabalho a frio do vidro",China,3827851,813032,comexstat,2026-10-08
2025,02,8464,"Máquinas-ferramentas para trabalhar pedra, produtos cerâmicos, betão (concreto), fibrocimento ou matérias minerais semelhantes, ou para o trabalho a frio do vidro",China,3779053,885052,comexstat,2026-10-08
2025,05,6804,"Mós e artefactos semelhantes, sem armação, para moer, desfibrar, triturar, amolar, polir, rectificar ou cortar; pedras para amolar ou para polir, manualmente, e suas partes, de pedras naturais, de abrasivos naturais ou artificiais aglomerados ou de cerâmi",Itália,2814442,125869,comexstat,2026-10-08
2025,01,8464,"Máquinas-ferramentas para trabalhar pedra, produtos cerâmicos, betão (concreto), fibrocimento ou matérias minerais semelhantes, ou para o trabalho a frio do vidro",China,2762745,593725,comexstat,2026-10-08
2025,06,6804,"Mós e artefactos semelhantes, sem armação, para moer, desfibrar, triturar, amolar, polir, rectificar ou cortar; pedras para amolar ou para polir, manualmente, e suas partes, de pedras naturais, de abrasivos naturais ou artificiais aglomerados ou de cerâmi",Itália,2729418,93617,comexstat,2026-10-08
2025,09,6804,"Mós e artefactos semelhantes, sem armação, para moer, desfibrar, triturar, amolar, polir, rectificar ou cortar; pedras para amolar ou para polir, manualmente, e suas partes, de pedras naturais, de abrasivos naturais ou artificiais aglomerados ou de cerâmi",Itália,2679088,116592,comexstat,2026-10-08
2025,05,8464,"Máquinas-ferramentas para trabalhar pedra, produtos cerâmicos, betão (concreto), fibrocimento ou matérias minerais semelhantes, ou para o trabalho a frio do vidro",China,2651714,517620,comexstat,2026-10-08
2025,08,8464,"Máquinas-ferramentas para trabalhar pedra, produtos cerâmicos, betão (concreto), fibrocimento ou matérias minerais semelhantes, ou para o trabalho a frio do vidro",China,2593654,563872,comexstat,2026-10-08
2025,11,8464,"Máquinas-ferramentas para trabalhar pedra, produtos cerâmicos, betão (concreto), fibrocimento ou matérias minerais semelhantes, ou para o trabalho a frio do vidro",China,2554063,507988,comexstat,2026-10-08
2025,03,8464,"Máquinas-ferramentas para trabalhar pedra, produtos cerâmicos, betão (concreto), fibrocimento ou matérias minerais semelhantes, ou para o trabalho a frio do vidro",China,2538384,419231,comexstat,2026-10-08
2025,10,8464,"Máquinas-ferramentas para trabalhar pedra, produtos cerâmicos, betão (concreto), fibrocimento ou matérias minerais semelhantes, ou para o trabalho a frio do vidro",China,2395546,355388,comexstat,2026-10-08
2025,09,8464,"Máquinas-ferramentas para trabalhar pedra, produtos cerâmicos, betão (concreto), fibrocimento ou matérias minerais semelhantes, ou para o trabalho a frio do vidro",Itália,2356269,126839,comexstat,2026-10-08
2025,11,6804,"Mós e artefactos semelhantes, sem armação, para moer, desfibrar, triturar, amolar, polir, rectificar ou cortar; pedras para amolar ou para polir, manualmente, e suas partes, de pedras naturais, de abrasivos naturais ou artificiais aglomerados ou de cerâmi",Itália,2325836,90855,comexstat,2026-10-08
2025,02,8464,"Máquinas-ferramentas para trabalhar pedra, produtos cerâmicos, betão (concreto), fibrocimento ou matérias minerais semelhantes, ou para o trabalho a frio do vidro",Itália,2318902,137960,comexstat,2026-10-08
2025,03,8464,"Máquinas-ferramentas para trabalhar pedra, produtos cerâmicos, betão (concreto), fibrocimento ou matérias minerais semelhantes, ou para o trabalho a frio do vidro",Luxemburgo,2257641,108010,comexstat,2026-10-08
2025,01,6804,"Mós e artefactos semelhantes, sem armação, para moer, desfibrar, triturar, amolar, polir, rectificar ou cortar; pedras para amolar ou para polir, manualmente, e suas partes, de pedras naturais, de abrasivos naturais ou artificiais aglomerados ou de cerâmi",Itália,2235310,117126,comexstat,2026-10-08
2025,02,6804,"Mós e artefactos semelhantes, sem armação, para moer, desfibrar, triturar, amolar, polir, rectificar ou cortar; pedras para amolar ou para polir, manualmente, e suas partes, de pedras naturais, de abrasivos naturais ou artificiais aglomerados ou de cerâmi",Itália,2183148,79065,comexstat,2026-10-08
2025,06,8464,"Máquinas-ferramentas para trabalhar pedra, produtos cerâmicos, betão (concreto), fibrocimento ou matérias minerais semelhantes, ou para o trabalho a frio do vidro",Itália,2170386,227510,comexstat,2026-10-08
2025,05,8464,"Máquinas-ferramentas para trabalhar pedra, produtos cerâmicos, betão (concreto), fibrocimento ou matérias minerais semelhantes, ou para o trabalho a frio do vidro",Itália,1956778,103578,comexstat,2026-10-08
2025,06,8464,"Máquinas-ferramentas para trabalhar pedra, produtos cerâmicos, betão (concreto), fibrocimento ou matérias minerais semelhantes, ou para o trabalho a frio do vidro",China,1949622,393448,comexstat,2026-10-08
2025,12,6804,"Mós e artefactos semelhantes, sem armação, para moer, desfibrar, triturar, amolar, polir, rectificar ou cortar; pedras para amolar ou para polir, manualmente, e suas partes, de pedras naturais, de abrasivos naturais ou artificiais aglomerados ou de cerâmi",Itália,1911794,79464,comexstat,2026-10-08
2025,03,8464,"Máquinas-ferramentas para trabalhar pedra, produtos cerâmicos, betão (concreto), fibrocimento ou matérias minerais semelhantes, ou para o trabalho a frio do vidro",Eslováquia,1900745,51600,comexstat,2026-10-08
2025,08,6804,"Mós e artefactos semelhantes, sem armação, para moer, desfibrar, triturar, amolar, polir, rectificar ou cortar; pedras para amolar ou para polir, manualmente, e suas partes, de pedras naturais, de abrasivos naturais ou artificiais aglomerados ou de cerâmi",Itália,1865369,40588,comexstat,2026-10-08
2025,12,8464,"Máquinas-ferramentas para trabalhar pedra, produtos cerâmicos, betão (concreto), fibrocimento ou matérias minerais semelhantes, ou para o trabalho a frio do vidro",Alemanha,1861243,11078,comexstat,2026-10-08
2025,07,6804,"Mós e artefactos semelhantes, sem armação, para moer, desfibrar, triturar, amolar, polir, rectificar ou cortar; pedras para amolar ou para polir, manualmente, e suas partes, de pedras naturais, de abrasivos naturais ou artificiais aglomerados ou de cerâmi",Itália,1796798,63245,comexstat,2026-10-08
2025,04,6804,"Mós e artefactos semelhantes, sem armação, para moer, desfibrar, triturar, amolar, polir, rectificar ou cortar; pedras para amolar ou para polir, manualmente, e suas partes, de pedras naturais, de abrasivos naturais ou artificiais aglomerados ou de cerâmi",Itália,1789261,61841,comexstat,2026-10-08
2025,03,6804,"Mós e artefactos semelhantes, sem armação, para moer, desfibrar, triturar, amolar, polir, rectificar ou cortar; pedras para amolar ou para polir, manualmente, e suas partes, de pedras naturais, de abrasivos naturais ou artificiais aglomerados ou de cerâmi",Itália,1771184,37486,comexstat,2026-10-08
2025,07,8464,"Máquinas-ferramentas para trabalhar pedra, produtos cerâmicos, betão (concreto), fibrocimento ou matérias minerais semelhantes, ou para o trabalho a frio do vidro",Itália,1750847,113109,comexstat,2026-10-08
2025,05,8464,"Máquinas-ferramentas para trabalhar pedra, produtos cerâmicos, betão (concreto), fibrocimento ou matérias minerais semelhantes, ou para o trabalho a frio do vidro",França,1725895,9220,comexstat,2026-10-08
2025,07,8464,"Máquinas-ferramentas para trabalhar pedra, produtos cerâmicos, betão (concreto), fibrocimento ou matérias minerais semelhantes, ou para o trabalho a frio do vidro",China,1558119,322653,comexstat,2026-10-08
2025,10,6804,"Mós e artefactos semelhantes, sem armação, para moer, desfibrar, triturar, amolar, polir, rectificar ou cortar; pedras para amolar ou para polir, manualmente, e suas partes, de pedras naturais, de abrasivos naturais ou artificiais aglomerados ou de cerâmi",Itália,1455777,37534,comexstat,2026-10-08
2025,09,8464,"Máquinas-ferramentas para trabalhar pedra, produtos cerâmicos, betão (concreto), fibrocimento ou matérias minerais semelhantes, ou para o trabalho a frio do vidro",Alemanha,1354530,10289,comexstat,2026-10-08
2025,04,8464,"Máquinas-ferramentas para trabalhar pedra, produtos cerâmicos, betão (concreto), fibrocimento ou matérias minerais semelhantes, ou para o trabalho a frio do vidro",China,1299547,234597,comexstat,2026-10-08
2025,12,8464,"Máquinas-ferramentas para trabalhar pedra, produtos cerâmicos, betão (concreto), fibrocimento ou matérias minerais semelhantes, ou para o trabalho a frio do vidro",França,1282321,7757,comexstat,2026-10-08
2025,12,6804,"Mós e artefactos semelhantes, sem armação, para moer, desfibrar, triturar, amolar, polir, rectificar ou cortar; pedras para amolar ou para polir, manualmente, e suas partes, de pedras naturais, de abrasivos naturais ou artificiais aglomerados ou de cerâmi",Alemanha,1160927,66199,comexstat,2026-10-08
2025,04,8464,"Máquinas-ferramentas para trabalhar pedra, produtos cerâmicos, betão (concreto), fibrocimento ou matérias minerais semelhantes, ou para o trabalho a frio do vidro",Itália,1064461,90370,comexstat,2026-10-08
2025,07,8464,"Máquinas-ferramentas para trabalhar pedra, produtos cerâmicos, betão (concreto), fibrocimento ou matérias minerais semelhantes, ou para o trabalho a frio do vidro",França,993413,4882,comexstat,2026-10-08
2025,10,6804,"Mós e artefactos semelhantes, sem armação, para moer, desfibrar, triturar, amolar, polir, rectificar ou cortar; pedras para amolar ou para polir, manualmente, e suas partes, de pedras naturais, de abrasivos naturais ou artificiais aglomerados ou de cerâmi",Alemanha,976673,56440,comexstat,2026-10-08
2025,11,8464,"Máquinas-ferramentas para trabalhar pedra, produtos cerâmicos, betão (concreto), fibrocimento ou matérias minerais semelhantes, ou para o trabalho a frio do vidro",França,958248,5097,comexstat,2026-10-08
2025,05,6804,"Mós e artefactos semelhantes, sem armação, para moer, desfibrar, triturar, amolar, polir, rectificar ou cortar; pedras para amolar ou para polir, manualmente, e suas partes, de pedras naturais, de abrasivos naturais ou artificiais aglomerados ou de cerâmi",Argentina,839460,120268,comexstat,2026-10-08
2025,06,8464,"Máquinas-ferramentas para trabalhar pedra, produtos cerâmicos, betão (concreto), fibrocimento ou matérias minerais semelhantes, ou para o trabalho a frio do vidro",Alemanha,832899,4955,comexstat,2026-10-08
2025,07,8464,"Máquinas-ferramentas para trabalhar pedra, produtos cerâmicos, betão (concreto), fibrocimento ou matérias minerais semelhantes, ou para o trabalho a frio do vidro",Alemanha,809581,5589,comexstat,2026-10-08
2025,06,8464,"Máquinas-ferramentas para trabalhar pedra, produtos cerâmicos, betão (concreto), fibrocimento ou matérias minerais semelhantes, ou para o trabalho a frio do vidro",França,798627,4568,comexstat,2026-10-08
2025,08,8464,"Máquinas-ferramentas para trabalhar pedra, produtos cerâmicos, betão (concreto), fibrocimento ou matérias minerais semelhantes, ou para o trabalho a frio do vidro",Itália,747945,23330,comexstat,2026-10-08
2025,03,6804,"Mós e artefactos semelhantes, sem armação, para moer, desfibrar, triturar, amolar, polir, rectificar ou cortar; pedras para amolar ou para polir, manualmente, e suas partes, de pedras naturais, de abrasivos naturais ou artificiais aglomerados ou de cerâmi",Alemanha,745376,26803,comexstat,2026-10-08
2025,08,8464,"Máquinas-ferramentas para trabalhar pedra, produtos cerâmicos, betão (concreto), fibrocimento ou matérias minerais semelhantes, ou para o trabalho a frio do vidro",Alemanha,738667,5167,comexstat,2026-10-08
2025,01,6804,"Mós e artefactos semelhantes, sem armação, para moer, desfibrar, triturar, amolar, polir, rectificar ou cortar; pedras para amolar ou para polir, manualmente, e suas partes, de pedras naturais, de abrasivos naturais ou artificiais aglomerados ou de cerâmi",Portugal,731220,5288,comexstat,2026-10-08
2025,03,8464,"Máquinas-ferramentas para trabalhar pedra, produtos cerâmicos, betão (concreto), fibrocimento ou matérias minerais semelhantes, ou para o trabalho a frio do vidro",Alemanha,692150,5100,comexstat,2026-10-08
2025,09,6804,"Mós e artefactos semelhantes, sem armação, para moer, desfibrar, triturar, amolar, polir, rectificar ou cortar; pedras para amolar ou para polir, manualmente, e suas partes, de pedras naturais, de abrasivos naturais ou artificiais aglomerados ou de cerâmi",Alemanha,686428,45919,comexstat,2026-10-08
2025,10,6804,"Mós e artefactos semelhantes, sem armação, para moer, desfibrar, triturar, amolar, polir, rectificar ou cortar; pedras para amolar ou para polir, manualmente, e suas partes, de pedras naturais, de abrasivos naturais ou artificiais aglomerados ou de cerâmi",Portugal,655759,5247,comexstat,2026-10-08
2025,04,6804,"Mós e artefactos semelhantes, sem armação, para moer, desfibrar, triturar, amolar, polir, rectificar ou cortar; pedras para amolar ou para polir, manualmente, e suas partes, de pedras naturais, de abrasivos naturais ou artificiais aglomerados ou de cerâmi",Portugal,640198,5237,comexstat,2026-10-08
2025,10,8464,"Máquinas-ferramentas para trabalhar pedra, produtos cerâmicos, betão (concreto), fibrocimento ou matérias minerais semelhantes, ou para o trabalho a frio do vidro",França,633766,3313,comexstat,2026-10-08
2025,06,6804,"Mós e artefactos semelhantes, sem armação, para moer, desfibrar, triturar, amolar, polir, rectificar ou cortar; pedras para amolar ou para polir, manualmente, e suas partes, de pedras naturais, de abrasivos naturais ou artificiais aglomerados ou de cerâmi",Portugal,619364,4843,comexstat,2026-10-08
2025,02,6804,"Mós e artefactos semelhantes, sem armação, para moer, desfibrar, triturar, amolar, polir, rectificar ou cortar; pedras para amolar ou para polir, manualmente, e suas partes, de pedras naturais, de abrasivos naturais ou artificiais aglomerados ou de cerâmi",Alemanha,585588,30589,comexstat,2026-10-08
2025,04,6804,"Mós e artefactos semelhantes, sem armação, para moer, desfibrar, triturar, amolar, polir, rectificar ou cortar; pedras para amolar ou para polir, manualmente, e suas partes, de pedras naturais, de abrasivos naturais ou artificiais aglomerados ou de cerâmi",Alemanha,585077,46660,comexstat,2026-10-08
2025,06,6804,"Mós e artefactos semelhantes, sem armação, para moer, desfibrar, triturar, amolar, polir, rectificar ou cortar; pedras para amolar ou para polir, manualmente, e suas partes, de pedras naturais, de abrasivos naturais ou artificiais aglomerados ou de cerâmi",Alemanha,575018,41682,comexstat,2026-10-08
2025,05,6804,"Mós e artefactos semelhantes, sem armação, para moer, desfibrar, triturar, amolar, polir, rectificar ou cortar; pedras para amolar ou para polir, manualmente, e suas partes, de pedras naturais, de abrasivos naturais ou artificiais aglomerados ou de cerâmi",Alemanha,570409,47982,comexstat,2026-10-08
2025,08,6804,"Mós e artefactos semelhantes, sem armação, para moer, desfibrar, triturar, amolar, polir, rectificar ou cortar; pedras para amolar ou para polir, manualmente, e suas partes, de pedras naturais, de abrasivos naturais ou artificiais aglomerados ou de cerâmi",Portugal,569741,4209,comexstat,2026-10-08
2025,11,8464,"Máquinas-ferramentas para trabalhar pedra, produtos cerâmicos, betão (concreto), fibrocimento ou matérias minerais semelhantes, ou para o trabalho a frio do vidro",Itália,566951,18749,comexstat,2026-10-08
2025,10,8464,"Máquinas-ferramentas para trabalhar pedra, produtos cerâmicos, betão (concreto), fibrocimento ou matérias minerais semelhantes, ou para o trabalho a frio do vidro",Portugal,565959,26954,comexstat,2026-10-08
2025,08,6804,"Mós e artefactos semelhantes, sem armação, para moer, desfibrar, triturar, amolar, polir, rectificar ou cortar; pedras para amolar ou para polir, manualmente, e suas partes, de pedras naturais, de abrasivos naturais ou artificiais aglomerados ou de cerâmi",Estados Unidos,563452,2157,comexstat,2026-10-08
2025,08,6804,"Mós e artefactos semelhantes, sem armação, para moer, desfibrar, triturar, amolar, polir, rectificar ou cortar; pedras para amolar ou para polir, manualmente, e suas partes, de pedras naturais, de abrasivos naturais ou artificiais aglomerados ou de cerâmi",Alemanha,556990,46552,comexstat,2026-10-08
2025,01,6804,"Mós e artefactos semelhantes, sem armação, para moer, desfibrar, triturar, amolar, polir, rectificar ou cortar; pedras para amolar ou para polir, manualmente, e suas partes, de pedras naturais, de abrasivos naturais ou artificiais aglomerados ou de cerâmi",Alemanha,554672,44185,comexstat,2026-10-08
2025,02,6804,"Mós e artefactos semelhantes, sem armação, para moer, desfibrar, triturar, amolar, polir, rectificar ou cortar; pedras para amolar ou para polir, manualmente, e suas partes, de pedras naturais, de abrasivos naturais ou artificiais aglomerados ou de cerâmi",Tailândia,552643,175653,comexstat,2026-10-08
2025,07,6804,"Mós e artefactos semelhantes, sem armação, para moer, desfibrar, triturar, amolar, polir, rectificar ou cortar; pedras para amolar ou para polir, manualmente, e suas partes, de pedras naturais, de abrasivos naturais ou artificiais aglomerados ou de cerâmi",Alemanha,550491,20647,comexstat,2026-10-08
2025,03,6804,"Mós e artefactos semelhantes, sem armação, para moer, desfibrar, triturar, amolar, polir, rectificar ou cortar; pedras para amolar ou para polir, manualmente, e suas partes, de pedras naturais, de abrasivos naturais ou artificiais aglomerados ou de cerâmi",Portugal,544266,4218,comexstat,2026-10-08
2025,02,6804,"Mós e artefactos semelhantes, sem armação, para moer, desfibrar, triturar, amolar, polir, rectificar ou cortar; pedras para amolar ou para polir, manualmente, e suas partes, de pedras naturais, de abrasivos naturais ou artificiais aglomerados ou de cerâmi",Portugal,537101,3694,comexstat,2026-10-08
2025,05,6804,"Mós e artefactos semelhantes, sem armação, para moer, desfibrar, triturar, amolar, polir, rectificar ou cortar; pedras para amolar ou para polir, manualmente, e suas partes, de pedras naturais, de abrasivos naturais ou artificiais aglomerados ou de cerâmi",Áustria,517972,52158,comexstat,2026-10-08
2025,04,8464,"Máquinas-ferramentas para trabalhar pedra, produtos cerâmicos, betão (concreto), fibrocimento ou matérias minerais semelhantes, ou para o trabalho a frio do vidro",Alemanha,503722,2894,comexstat,2026-10-08
2025,11,6804,"Mós e artefactos semelhantes, sem armação, para moer, desfibrar, triturar, amolar, polir, rectificar ou cortar; pedras para amolar ou para polir, manualmente, e suas partes, de pedras naturais, de abrasivos naturais ou artificiais aglomerados ou de cerâmi",Alemanha,483624,18124,comexstat,2026-10-08
2025,04,6804,"Mós e artefactos semelhantes, sem armação, para moer, desfibrar, triturar, amolar, polir, rectificar ou cortar; pedras para amolar ou para polir, manualmente, e suas partes, de pedras naturais, de abrasivos naturais ou artificiais aglomerados ou de cerâmi",Japão,479453,7624,comexstat,2026-10-08
2025,07,6804,"Mós e artefactos semelhantes, sem armação, para moer, desfibrar, triturar, amolar, polir, rectificar ou cortar; pedras para amolar ou para polir, manualmente, e suas partes, de pedras naturais, de abrasivos naturais ou artificiais aglomerados ou de cerâmi",Portugal,473870,5390,comexstat,2026-10-08
2025,10,6804,"Mós e artefactos semelhantes, sem armação, para moer, desfibrar, triturar, amolar, polir, rectificar ou cortar; pedras para amolar ou para polir, manualmente, e suas partes, de pedras naturais, de abrasivos naturais ou artificiais aglomerados ou de cerâmi",Japão,473621,11619,comexstat,2026-10-08
2025,10,6804,"Mós e artefactos semelhantes, sem armação, para moer, desfibrar, triturar, amolar, polir, rectificar ou cortar; pedras para amolar ou para polir, manualmente, e suas partes, de pedras naturais, de abrasivos naturais ou artificiais aglomerados ou de cerâmi",Argentina,463848,62568,comexstat,2026-10-08
2025,03,6804,"Mós e artefactos semelhantes, sem armação, para moer, desfibrar, triturar, amolar, polir, rectificar ou cortar; pedras para amolar ou para polir, manualmente, e suas partes, de pedras naturais, de abrasivos naturais ou artificiais aglomerados ou de cerâmi",Argentina,447515,57219,comexstat,2026-10-08
2025,09,6804,"Mós e artefactos semelhantes, sem armação, para moer, desfibrar, triturar, amolar, polir, rectificar ou cortar; pedras para amolar ou para polir, manualmente, e suas partes, de pedras naturais, de abrasivos naturais ou artificiais aglomerados ou de cerâmi",Argentina,442019,65354,comexstat,2026-10-08
2025,06,6804,"Mós e artefactos semelhantes, sem armação, para moer, desfibrar, triturar, amolar, polir, rectificar ou cortar; pedras para amolar ou para polir, manualmente, e suas partes, de pedras naturais, de abrasivos naturais ou artificiais aglomerados ou de cerâmi",Áustria,436302,42183,comexstat,2026-10-08
2025,02,6804,"Mós e artefactos semelhantes, sem armação, para moer, desfibrar, triturar, amolar, polir, rectificar ou cortar; pedras para amolar ou para polir, manualmente, e suas partes, de pedras naturais, de abrasivos naturais ou artificiais aglomerados ou de cerâmi",Argentina,424661,60808,comexstat,2026-10-08
2025,03,8464,"Máquinas-ferramentas para trabalhar pedra, produtos cerâmicos, betão (concreto), fibrocimento ou matérias minerais semelhantes, ou para o trabalho a frio do vidro",Itália,419949,14900,comexstat,2026-10-08
2025,02,6804,"Mós e artefactos semelhantes, sem armação, para moer, desfibrar, triturar, amolar, polir, rectificar ou cortar; pedras para amolar ou para polir, manualmente, e suas partes, de pedras naturais, de abrasivos naturais ou artificiais aglomerados ou de cerâmi",Japão,416699,6899,comexstat,2026-10-08
2025,02,8464,"Máquinas-ferramentas para trabalhar pedra, produtos cerâmicos, betão (concreto), fibrocimento ou matérias minerais semelhantes, ou para o trabalho a frio do vidro",França,412010,2290,comexstat,2026-10-08
2025,12,6804,"Mós e artefactos semelhantes, sem armação, para moer, desfibrar, triturar, amolar, polir, rectificar ou cortar; pedras para amolar ou para polir, manualmente, e suas partes, de pedras naturais, de abrasivos naturais ou artificiais aglomerados ou de cerâmi",Japão,404674,4777,comexstat,2026-10-08
2025,07,6804,"Mós e artefactos semelhantes, sem armação, para moer, desfibrar, triturar, amolar, polir, rectificar ou cortar; pedras para amolar ou para polir, manualmente, e suas partes, de pedras naturais, de abrasivos naturais ou artificiais aglomerados ou de cerâmi",Áustria,401457,36335,comexstat,2026-10-08
2025,06,6804,"Mós e artefactos semelhantes, sem armação, para moer, desfibrar, triturar, amolar, polir, rectificar ou cortar; pedras para amolar ou para polir, manualmente, e suas partes, de pedras naturais, de abrasivos naturais ou artificiais aglomerados ou de cerâmi",Argentina,398965,51540,comexstat,2026-10-08
2025,03,6804,"Mós e artefactos semelhantes, sem armação, para moer, desfibrar, triturar, amolar, polir, rectificar ou cortar; pedras para amolar ou para polir, manualmente, e suas partes, de pedras naturais, de abrasivos naturais ou artificiais aglomerados ou de cerâmi",Tailândia,397445,109190,comexstat,2026-10-08
2025,10,8464,"Máquinas-ferramentas para trabalhar pedra, produtos cerâmicos, betão (concreto), fibrocimento ou matérias minerais semelhantes, ou para o trabalho a frio do vidro",Itália,393589,37042,comexstat,2026-10-08
2025,01,8464,"Máquinas-ferramentas para trabalhar pedra, produtos cerâmicos, betão (concreto), fibrocimento ou matérias minerais semelhantes, ou para o trabalho a frio do vidro",Itália,368995,23426,comexstat,2026-10-08
2025,12,6804,"Mós e artefactos semelhantes, sem armação, para moer, desfibrar, triturar, amolar, polir, rectificar ou cortar; pedras para amolar ou para polir, manualmente, e suas partes, de pedras naturais, de abrasivos naturais ou artificiais aglomerados ou de cerâmi",Argentina,366956,42740,comexstat,2026-10-08
2025,12,6804,"Mós e artefactos semelhantes, sem armação, para moer, desfibrar, triturar, amolar, polir, rectificar ou cortar; pedras para amolar ou para polir, manualmente, e suas partes, de pedras naturais, de abrasivos naturais ou artificiais aglomerados ou de cerâmi",Portugal,364202,2944,comexstat,2026-10-08
2025,07,6804,"Mós e artefactos semelhantes, sem armação, para moer, desfibrar, triturar, amolar, polir, rectificar ou cortar; pedras para amolar ou para polir, manualmente, e suas partes, de pedras naturais, de abrasivos naturais ou artificiais aglomerados ou de cerâmi",Hong Kong,358053,71582,comexstat,2026-10-08
2025,08,8464,"Máquinas-ferramentas para trabalhar pedra, produtos cerâmicos, betão (concreto), fibrocimento ou matérias minerais semelhantes, ou para o trabalho a frio do vidro",França,354767,1357,comexstat,2026-10-08
2025,06,6804,"Mós e artefactos semelhantes, sem armação, para moer, desfibrar, triturar, amolar, polir, rectificar ou cortar; pedras para amolar ou para polir, manualmente, e suas partes, de pedras naturais, de abrasivos naturais ou artificiais aglomerados ou de cerâmi",Japão,350368,11055,comexstat,2026-10-08
2025,04,6804,"Mós e artefactos semelhantes, sem armação, para moer, desfibrar, triturar, amolar, polir, rectificar ou cortar; pedras para amolar ou para polir, manualmente, e suas partes, de pedras naturais, de abrasivos naturais ou artificiais aglomerados ou de cerâmi",Áustria,340219,34320,comexstat,2026-10-08
2025,08,6804,"Mós e artefactos semelhantes, sem armação, para moer, desfibrar, triturar, amolar, polir, rectificar ou cortar; pedras para amolar ou para polir, manualmente, e suas partes, de pedras naturais, de abrasivos naturais ou artificiais aglomerados ou de cerâmi",Japão,334466,9602,comexstat,2026-10-08
2025,03,6804,"Mós e artefactos semelhantes, sem armação, para moer, desfibrar, triturar, amolar, polir, rectificar ou cortar; pedras para amolar ou para polir, manualmente, e suas partes, de pedras naturais, de abrasivos naturais ou artificiais aglomerados ou de cerâmi",Espanha,334219,37011,comexstat,2026-10-08
2025,10,6804,"Mós e artefactos semelhantes, sem armação, para moer, desfibrar, triturar, amolar, polir, rectificar ou cortar; pedras para amolar ou para polir, manualmente, e suas partes, de pedras naturais, de abrasivos naturais ou artificiais aglomerados ou de cerâmi",Áustria,331971,29943,comexstat,2026-10-08
2025,10,6804,"Mós e artefactos semelhantes, sem armação, para moer, desfibrar, triturar, amolar, polir, rectificar ou cortar; pedras para amolar ou para polir, manualmente, e suas partes, de pedras naturais, de abrasivos naturais ou artificiais aglomerados ou de cerâmi",Polônia,330837,46310,comexstat,2026-10-08
2025,05,6804,"Mós e artefactos semelhantes, sem armação, para moer, desfibrar, triturar, amolar, polir, rectificar ou cortar; pedras para amolar ou para polir, manualmente, e suas partes, de pedras naturais, de abrasivos naturais ou artificiais aglomerados ou de cerâmi",Estados Unidos,325009,2011,comexstat,2026-10-08
2025,01,6804,"Mós e artefactos semelhantes, sem armação, para moer, desfibrar, triturar, amolar, polir, rectificar ou cortar; pedras para amolar ou para polir, manualmente, e suas partes, de pedras naturais, de abrasivos naturais ou artificiais aglomerados ou de cerâmi",Japão,323816,4716,comexstat,2026-10-08
2025,07,6804,"Mós e artefactos semelhantes, sem armação, para moer, desfibrar, triturar, amolar, polir, rectificar ou cortar; pedras para amolar ou para polir, manualmente, e suas partes, de pedras naturais, de abrasivos naturais ou artificiais aglomerados ou de cerâmi",Japão,322029,6235,comexstat,2026-10-08
2025,05,6804,"Mós e artefactos semelhantes, sem armação, para moer, desfibrar, triturar, amolar, polir, rectificar ou cortar; pedras para amolar ou para polir, manualmente, e suas partes, de pedras naturais, de abrasivos naturais ou artificiais aglomerados ou de cerâmi",Portugal,318988,2356,comexstat,2026-10-08
2025,01,6804,"Mós e artefactos semelhantes, sem armação, para moer, desfibrar, triturar, amolar, polir, rectificar ou cortar; pedras para amolar ou para polir, manualmente, e suas partes, de pedras naturais, de abrasivos naturais ou artificiais aglomerados ou de cerâmi",Estados Unidos,315535,7075,comexstat,2026-10-08
2025,04,6804,"Mós e artefactos semelhantes, sem armação, para moer, desfibrar, triturar, amolar, polir, rectificar ou cortar; pedras para amolar ou para polir, manualmente, e suas partes, de pedras naturais, de abrasivos naturais ou artificiais aglomerados ou de cerâmi",Tailândia,312673,70131,comexstat,2026-10-08
2025,11,6804,"Mós e artefactos semelhantes, sem armação, para moer, desfibrar, triturar, amolar, polir, rectificar ou cortar; pedras para amolar ou para polir, manualmente, e suas partes, de pedras naturais, de abrasivos naturais ou artificiais aglomerados ou de cerâmi",Japão,310219,8996,comexstat,2026-10-08
2025,08,6804,"Mós e artefactos semelhantes, sem armação, para moer, desfibrar, triturar, amolar, polir, rectificar ou cortar; pedras para amolar ou para polir, manualmente, e suas partes, de pedras naturais, de abrasivos naturais ou artificiais aglomerados ou de cerâmi",Argentina,309906,41214,comexstat,2026-10-08
2025,03,8464,"Máquinas-ferramentas para trabalhar pedra, produtos cerâmicos, betão (concreto), fibrocimento ou matérias minerais semelhantes, ou para o trabalho a frio do vidro",França,302838,1415,comexstat,2026-10-08
2025,01,6804,"Mós e artefactos semelhantes, sem armação, para moer, desfibrar, triturar, amolar, polir, rectificar ou cortar; pedras para amolar ou para polir, manualmente, e suas partes, de pedras naturais, de abrasivos naturais ou artificiais aglomerados ou de cerâmi",Espanha,299410,33464,comexstat,2026-10-08
2025,08,6804,"Mós e artefactos semelhantes, sem armação, para moer, desfibrar, triturar, amolar, polir, rectificar ou cortar; pedras para amolar ou para polir, manualmente, e suas partes, de pedras naturais, de abrasivos naturais ou artificiais aglomerados ou de cerâmi",Áustria,298727,30567,comexstat,2026-10-08
2025,11,6804,"Mós e artefactos semelhantes, sem armação, para moer, desfibrar, triturar, amolar, polir, rectificar ou cortar; pedras para amolar ou para polir, manualmente, e suas partes, de pedras naturais, de abrasivos naturais ou artificiais aglomerados ou de cerâmi",Espanha,289039,31618,comexstat,2026-10-08
2025,02,8464,"Máquinas-ferramentas para trabalhar pedra, produtos cerâmicos, betão (concreto), fibrocimento ou matérias minerais semelhantes, ou para o trabalho a frio do vidro",San Marino,287829,7485,comexstat,2026-10-08
2025,03,6804,"Mós e artefactos semelhantes, sem armação, para moer, desfibrar, triturar, amolar, polir, rectificar ou cortar; pedras para amolar ou para polir, manualmente, e suas partes, de pedras naturais, de abrasivos naturais ou artificiais aglomerados ou de cerâmi",Áustria,286771,27140,comexstat,2026-10-08
2025,11,6804,"Mós e artefactos semelhantes, sem armação, para moer, desfibrar, triturar, amolar, polir, rectificar ou cortar; pedras para amolar ou para polir, manualmente, e suas partes, de pedras naturais, de abrasivos naturais ou artificiais aglomerados ou de cerâmi",Polônia,286091,40265,comexstat,2026-10-08
2025,06,6804,"Mós e artefactos semelhantes, sem armação, para moer, desfibrar, triturar, amolar, polir, rectificar ou cortar; pedras para amolar ou para polir, manualmente, e suas partes, de pedras naturais, de abrasivos naturais ou artificiais aglomerados ou de cerâmi",Espanha,284515,22243,comexstat,2026-10-08
2025,09,8464,"Máquinas-ferramentas para trabalhar pedra, produtos cerâmicos, betão (concreto), fibrocimento ou matérias minerais semelhantes, ou para o trabalho a frio do vidro",França,284186,1260,comexstat,2026-10-08
2025,01,6804,"Mós e artefactos semelhantes, sem armação, para moer, desfibrar, triturar, amolar, polir, rectificar ou cortar; pedras para amolar ou para polir, manualmente, e suas partes, de pedras naturais, de abrasivos naturais ou artificiais aglomerados ou de cerâmi",Tailândia,282478,98500,comexstat,2026-10-08
2025,05,6804,"Mós e artefactos semelhantes, sem armação, para moer, desfibrar, triturar, amolar, polir, rectificar ou cortar; pedras para amolar ou para polir, manualmente, e suas partes, de pedras naturais, de abrasivos naturais ou artificiais aglomerados ou de cerâmi",Espanha,280712,32156,comexstat,2026-10-08
2025,01,6804,"Mós e artefactos semelhantes, sem armação, para moer, desfibrar, triturar, amolar, polir, rectificar ou cortar; pedras para amolar ou para polir, manualmente, e suas partes, de pedras naturais, de abrasivos naturais ou artificiais aglomerados ou de cerâmi",Indonésia,274316,28188,comexstat,2026-10-08
2025,02,6804,"Mós e artefactos semelhantes, sem armação, para moer, desfibrar, triturar, amolar, polir, rectificar ou cortar; pedras para amolar ou para polir, manualmente, e suas partes, de pedras naturais, de abrasivos naturais ou artificiais aglomerados ou de cerâmi",Áustria,267261,24152,comexstat,2026-10-08
2025,09,6804,"Mós e artefactos semelhantes, sem armação, para moer, desfibrar, triturar, amolar, polir, rectificar ou cortar; pedras para amolar ou para polir, manualmente, e suas partes, de pedras naturais, de abrasivos naturais ou artificiais aglomerados ou de cerâmi",Japão,262102,7571,comexstat,2026-10-08
2025,12,6804,"Mós e artefactos semelhantes, sem armação, para moer, desfibrar, triturar, amolar, polir, rectificar ou cortar; pedras para amolar ou para polir, manualmente, e suas partes, de pedras naturais, de abrasivos naturais ou artificiais aglomerados ou de cerâmi",Tailândia,259552,51802,comexstat,2026-10-08
2025,01,6804,"Mós e artefactos semelhantes, sem armação, para moer, desfibrar, triturar, amolar, polir, rectificar ou cortar; pedras para amolar ou para polir, manualmente, e suas partes, de pedras naturais, de abrasivos naturais ou artificiais aglomerados ou de cerâmi",Áustria,259358,26564,comexstat,2026-10-08
2025,07,6804,"Mós e artefactos semelhantes, sem armação, para moer, desfibrar, triturar, amolar, polir, rectificar ou cortar; pedras para amolar ou para polir, manualmente, e suas partes, de pedras naturais, de abrasivos naturais ou artificiais aglomerados ou de cerâmi",Estados Unidos,258179,10001,comexstat,2026-10-08
2025,11,8464,"Máquinas-ferramentas para trabalhar pedra, produtos cerâmicos, betão (concreto), fibrocimento ou matérias minerais semelhantes, ou para o trabalho a frio do vidro",Espanha,257269,8120,comexstat,2026-10-08
2025,07,6804,"Mós e artefactos semelhantes, sem armação, para moer, desfibrar, triturar, amolar, polir, rectificar ou cortar; pedras para amolar ou para polir, manualmente, e suas partes, de pedras naturais, de abrasivos naturais ou artificiais aglomerados ou de cerâmi",Polônia,255875,35583,comexstat,2026-10-08
2025,05,8464,"Máquinas-ferramentas para trabalhar pedra, produtos cerâmicos, betão (concreto), fibrocimento ou matérias minerais semelhantes, ou para o trabalho a frio do vidro",Alemanha,255101,1249,comexstat,2026-10-08
2025,04,6804,"Mós e artefactos semelhantes, sem armação, para moer, desfibrar, triturar, amolar, polir, rectificar ou cortar; pedras para amolar ou para polir, manualmente, e suas partes, de pedras naturais, de abrasivos naturais ou artificiais aglomerados ou de cerâmi",Argentina,250099,38596,comexstat,2026-10-08
2025,04,6804,"Mós e artefactos semelhantes, sem armação, para moer, desfibrar, triturar, amolar, polir, rectificar ou cortar; pedras para amolar ou para polir, manualmente, e suas partes, de pedras naturais, de abrasivos naturais ou artificiais aglomerados ou de cerâmi",Estados Unidos,249398,3213,comexstat,2026-10-08
2025,03,6804,"Mós e artefactos semelhantes, sem armação, para moer, desfibrar, triturar, amolar, polir, rectificar ou cortar; pedras para amolar ou para polir, manualmente, e suas partes, de pedras naturais, de abrasivos naturais ou artificiais aglomerados ou de cerâmi",Japão,247715,5910,comexstat,2026-10-08
2025,06,8464,"Máquinas-ferramentas para trabalhar pedra, produtos cerâmicos, betão (concreto), fibrocimento ou matérias minerais semelhantes, ou para o trabalho a frio do vidro",Finlândia,246610,7220,comexstat,2026-10-08
2025,05,6804,"Mós e artefactos semelhantes, sem armação, para moer, desfibrar, triturar, amolar, polir, rectificar ou cortar; pedras para amolar ou para polir, manualmente, e suas partes, de pedras naturais, de abrasivos naturais ou artificiais aglomerados ou de cerâmi",Tailândia,245572,59330,comexstat,2026-10-08
2025,03,6804,"Mós e artefactos semelhantes, sem armação, para moer, desfibrar, triturar, amolar, polir, rectificar ou cortar; pedras para amolar ou para polir, manualmente, e suas partes, de pedras naturais, de abrasivos naturais ou artificiais aglomerados ou de cerâmi",Estados Unidos,244542,5843,comexstat,2026-10-08
2025,02,6804,"Mós e artefactos semelhantes, sem armação, para moer, desfibrar, triturar, amolar, polir, rectificar ou cortar; pedras para amolar ou para polir, manualmente, e suas partes, de pedras naturais, de abrasivos naturais ou artificiais aglomerados ou de cerâmi",Suécia,244267,8768,comexstat,2026-10-08
2025,03,6804,"Mós e artefactos semelhantes, sem armação, para moer, desfibrar, triturar, amolar, polir, rectificar ou cortar; pedras para amolar ou para polir, manualmente, e suas partes, de pedras naturais, de abrasivos naturais ou artificiais aglomerados ou de cerâmi",Hong Kong,234972,43082,comexstat,2026-10-08
2025,06,6804,"Mós e artefactos semelhantes, sem armação, para moer, desfibrar, triturar, amolar, polir, rectificar ou cortar; pedras para amolar ou para polir, manualmente, e suas partes, de pedras naturais, de abrasivos naturais ou artificiais aglomerados ou de cerâmi",Estados Unidos,233782,3428,comexstat,2026-10-08
2025,11,6804,"Mós e artefactos semelhantes, sem armação, para moer, desfibrar, triturar, amolar, polir, rectificar ou cortar; pedras para amolar ou para polir, manualmente, e suas partes, de pedras naturais, de abrasivos naturais ou artificiais aglomerados ou de cerâmi",Portugal,231973,2108,comexstat,2026-10-08
2025,12,8464,"Máquinas-ferramentas para trabalhar pedra, produtos cerâmicos, betão (concreto), fibrocimento ou matérias minerais semelhantes, ou para o trabalho a frio do vidro",Áustria,229824,5237,comexstat,2026-10-08
2025,01,8464,"Máquinas-ferramentas para trabalhar pedra, produtos cerâmicos, betão (concreto), fibrocimento ou matérias minerais semelhantes, ou para o trabalho a frio do vidro",Alemanha,229466,2134,comexstat,2026-10-08
2025,01,6804,"Mós e artefactos semelhantes, sem armação, para moer, desfibrar, triturar, amolar, polir, rectificar ou cortar; pedras para amolar ou para polir, manualmente, e suas partes, de pedras naturais, de abrasivos naturais ou artificiais aglomerados ou de cerâmi",Polônia,228221,38718,comexstat,2026-10-08
2025,07,6804,"Mós e artefactos semelhantes, sem armação, para moer, desfibrar, triturar, amolar, polir, rectificar ou cortar; pedras para amolar ou para polir, manualmente, e suas partes, de pedras naturais, de abrasivos naturais ou artificiais aglomerados ou de cerâmi",Espanha,225198,24236,comexstat,2026-10-08
2025,02,8464,"Máquinas-ferramentas para trabalhar pedra, produtos cerâmicos, betão (concreto), fibrocimento ou matérias minerais semelhantes, ou para o trabalho a frio do vidro",Alemanha,219258,1456,comexstat,2026-10-08
2025,02,6804,"Mós e artefactos semelhantes, sem armação, para moer, desfibrar, triturar, amolar, polir, rectificar ou cortar; pedras para amolar ou para polir, manualmente, e suas partes, de pedras naturais, de abrasivos naturais ou artificiais aglomerados ou de cerâmi",Estados Unidos,217582,5884,comexstat,2026-10-08
2025,02,6804,"Mós e artefactos semelhantes, sem armação, para moer, desfibrar, triturar, amolar, polir, rectificar ou cortar; pedras para amolar ou para polir, manualmente, e suas partes, de pedras naturais, de abrasivos naturais ou artificiais aglomerados ou de cerâmi",Espanha,215753,17921,comexstat,2026-10-08
2025,11,6804,"Mós e artefactos semelhantes, sem armação, para moer, desfibrar, triturar, amolar, polir, rectificar ou cortar; pedras para amolar ou para polir, manualmente, e suas partes, de pedras naturais, de abrasivos naturais ou artificiais aglomerados ou de cerâmi",Áustria,213182,20366,comexstat,2026-10-08
2025,02,8464,"Máquinas-ferramentas para trabalhar pedra, produtos cerâmicos, betão (concreto), fibrocimento ou matérias minerais semelhantes, ou para o trabalho a frio do vidro",Finlândia,211841,7410,comexstat,2026-10-08
2025,10,6804,"Mós e artefactos semelhantes, sem armação, para moer, desfibrar, triturar, amolar, polir, rectificar ou cortar; pedras para amolar ou para polir, manualmente, e suas partes, de pedras naturais, de abrasivos naturais ou artificiais aglomerados ou de cerâmi",Estados Unidos,211482,1815,comexstat,2026-10-08
2025,05,6804,"Mós e artefactos semelhantes, sem armação, para moer, desfibrar, triturar, amolar, polir, rectificar ou cortar; pedras para amolar ou para polir, manualmente, e suas partes, de pedras naturais, de abrasivos naturais ou artificiais aglomerados ou de cerâmi",Japão,185957,1784,comexstat,2026-10-08
2025,09,6804,"Mós e artefactos semelhantes, sem armação, para moer, desfibrar, triturar, amolar, polir, rectificar ou cortar; pedras para amolar ou para polir, manualmente, e suas partes, de pedras naturais, de abrasivos naturais ou artificiais aglomerados ou de cerâmi",Portugal,182258,1516,comexstat,2026-10-08
2025,04,6804,"Mós e artefactos semelhantes, sem armação, para moer, desfibrar, triturar, amolar, polir, rectificar ou cortar; pedras para amolar ou para polir, manualmente, e suas partes, de pedras naturais, de abrasivos naturais ou artificiais aglomerados ou de cerâmi",Polônia,181874,24552,comexstat,2026-10-08
2025,07,6804,"Mós e artefactos semelhantes, sem armação, para moer, desfibrar, triturar, amolar, polir, rectificar ou cortar; pedras para amolar ou para polir, manualmente, e suas partes, de pedras naturais, de abrasivos naturais ou artificiais aglomerados ou de cerâmi",França,181525,1084,comexstat,2026-10-08
2025,12,6804,"Mós e artefactos semelhantes, sem armação, para moer, desfibrar, triturar, amolar, polir, rectificar ou cortar; pedras para amolar ou para polir, manualmente, e suas partes, de pedras naturais, de abrasivos naturais ou artificiais aglomerados ou de cerâmi",Áustria,179098,18815,comexstat,2026-10-08
2025,09,6804,"Mós e artefactos semelhantes, sem armação, para moer, desfibrar, triturar, amolar, polir, rectificar ou cortar; pedras para amolar ou para polir, manualmente, e suas partes, de pedras naturais, de abrasivos naturais ou artificiais aglomerados ou de cerâmi",Estados Unidos,175675,3054,comexstat,2026-10-08
2025,10,6804,"Mós e artefactos semelhantes, sem armação, para moer, desfibrar, triturar, amolar, polir, rectificar ou cortar; pedras para amolar ou para polir, manualmente, e suas partes, de pedras naturais, de abrasivos naturais ou artificiais aglomerados ou de cerâmi",Espanha,173387,21310,comexstat,2026-10-08
2025,11,6804,"Mós e artefactos semelhantes, sem armação, para moer, desfibrar, triturar, amolar, polir, rectificar ou cortar; pedras para amolar ou para polir, manualmente, e suas partes, de pedras naturais, de abrasivos naturais ou artificiais aglomerados ou de cerâmi",Estados Unidos,173236,4149,comexstat,2026-10-08
2025,02,6804,"Mós e artefactos semelhantes, sem armação, para moer, desfibrar, triturar, amolar, polir, rectificar ou cortar; pedras para amolar ou para polir, manualmente, e suas partes, de pedras naturais, de abrasivos naturais ou artificiais aglomerados ou de cerâmi",Hong Kong,172953,38713,comexstat,2026-10-08
2025,06,6804,"Mós e artefactos semelhantes, sem armação, para moer, desfibrar, triturar, amolar, polir, rectificar ou cortar; pedras para amolar ou para polir, manualmente, e suas partes, de pedras naturais, de abrasivos naturais ou artificiais aglomerados ou de cerâmi",Tailândia,172571,37357,comexstat,2026-10-08
2025,08,6804,"Mós e artefactos semelhantes, sem armação, para moer, desfibrar, triturar, amolar, polir, rectificar ou cortar; pedras para amolar ou para polir, manualmente, e suas partes, de pedras naturais, de abrasivos naturais ou artificiais aglomerados ou de cerâmi",Polônia,170497,27172,comexstat,2026-10-08
2025,09,6804,"Mós e artefactos semelhantes, sem armação, para moer, desfibrar, triturar, amolar, polir, rectificar ou cortar; pedras para amolar ou para polir, manualmente, e suas partes, de pedras naturais, de abrasivos naturais ou artificiais aglomerados ou de cerâmi",Áustria,166498,10554,comexstat,2026-10-08
2025,07,6804,"Mós e artefactos semelhantes, sem armação, para moer, desfibrar, triturar, amolar, polir, rectificar ou cortar; pedras para amolar ou para polir, manualmente, e suas partes, de pedras naturais, de abrasivos naturais ou artificiais aglomerados ou de cerâmi",Argentina,159762,21843,comexstat,2026-10-08
2025,09,8464,"Máquinas-ferramentas para trabalhar pedra, produtos cerâmicos, betão (concreto), fibrocimento ou matérias minerais semelhantes, ou para o trabalho a frio do vidro",Coreia do Sul,154146,1142,comexstat,2026-10-08
2025,12,6804,"Mós e artefactos semelhantes, sem armação, para moer, desfibrar, triturar, amolar, polir, rectificar ou cortar; pedras para amolar ou para polir, manualmente, e suas partes, de pedras naturais, de abrasivos naturais ou artificiais aglomerados ou de cerâmi",Hong Kong,149321,85590,comexstat,2026-10-08
2025,12,6804,"Mós e artefactos semelhantes, sem armação, para moer, desfibrar, triturar, amolar, polir, rectificar ou cortar; pedras para amolar ou para polir, manualmente, e suas partes, de pedras naturais, de abrasivos naturais ou artificiais aglomerados ou de cerâmi",França,148111,380,comexstat,2026-10-08
2025,09,6804,"Mós e artefactos semelhantes, sem armação, para moer, desfibrar, triturar, amolar, polir, rectificar ou cortar; pedras para amolar ou para polir, manualmente, e suas partes, de pedras naturais, de abrasivos naturais ou artificiais aglomerados ou de cerâmi",Hong Kong,138108,61368,comexstat,2026-10-08
2025,01,6804,"Mós e artefactos semelhantes, sem armação, para moer, desfibrar, triturar, amolar, polir, rectificar ou cortar; pedras para amolar ou para polir, manualmente, e suas partes, de pedras naturais, de abrasivos naturais ou artificiais aglomerados ou de cerâmi",Argentina,136897,18408,comexstat,2026-10-08
2025,01,6804,"Mós e artefactos semelhantes, sem armação, para moer, desfibrar, triturar, amolar, polir, rectificar ou cortar; pedras para amolar ou para polir, manualmente, e suas partes, de pedras naturais, de abrasivos naturais ou artificiais aglomerados ou de cerâmi",Países Baixos (Holanda),134316,18033,comexstat,2026-10-08
2025,06,6804,"Mós e artefactos semelhantes, sem armação, para moer, desfibrar, triturar, amolar, polir, rectificar ou cortar; pedras para amolar ou para polir, manualmente, e suas partes, de pedras naturais, de abrasivos naturais ou artificiais aglomerados ou de cerâmi",França,131496,603,comexstat,2026-10-08
2025,06,8464,"Máquinas-ferramentas para trabalhar pedra, produtos cerâmicos, betão (concreto), fibrocimento ou matérias minerais semelhantes, ou para o trabalho a frio do vidro",Portugal,130837,1400,comexstat,2026-10-08
2025,04,6804,"Mós e artefactos semelhantes, sem armação, para moer, desfibrar, triturar, amolar, polir, rectificar ou cortar; pedras para amolar ou para polir, manualmente, e suas partes, de pedras naturais, de abrasivos naturais ou artificiais aglomerados ou de cerâmi",Filipinas,129429,53971,comexstat,2026-10-08
2025,10,6804,"Mós e artefactos semelhantes, sem armação, para moer, desfibrar, triturar, amolar, polir, rectificar ou cortar; pedras para amolar ou para polir, manualmente, e suas partes, de pedras naturais, de abrasivos naturais ou artificiais aglomerados ou de cerâmi",Tailândia,124984,25454,comexstat,2026-10-08
2025,08,6804,"Mós e artefactos semelhantes, sem armação, para moer, desfibrar, triturar, amolar, polir, rectificar ou cortar; pedras para amolar ou para polir, manualmente, e suas partes, de pedras naturais, de abrasivos naturais ou artificiais aglomerados ou de cerâmi",Espanha,124105,10436,comexstat,2026-10-08
2025,12,8464,"Máquinas-ferramentas para trabalhar pedra, produtos cerâmicos, betão (concreto), fibrocimento ou matérias minerais semelhantes, ou para o trabalho a frio do vidro",Portugal,122824,7470,comexstat,2026-10-08
2025,09,8464,"Máquinas-ferramentas para trabalhar pedra, produtos cerâmicos, betão (concreto), fibrocimento ou matérias minerais semelhantes, ou para o trabalho a frio do vidro",Suíça,122671,274,comexstat,2026-10-08
2025,12,6804,"Mós e artefactos semelhantes, sem armação, para moer, desfibrar, triturar, amolar, polir, rectificar ou cortar; pedras para amolar ou para polir, manualmente, e suas partes, de pedras naturais, de abrasivos naturais ou artificiais aglomerados ou de cerâmi",Índia,122072,8860,comexstat,2026-10-08
2025,01,6804,"Mós e artefactos semelhantes, sem armação, para moer, desfibrar, triturar, amolar, polir, rectificar ou cortar; pedras para amolar ou para polir, manualmente, e suas partes, de pedras naturais, de abrasivos naturais ou artificiais aglomerados ou de cerâmi",França,121709,295,comexstat,2026-10-08
2025,08,6804,"Mós e artefactos semelhantes, sem armação, para moer, desfibrar, triturar, amolar, polir, rectificar ou cortar; pedras para amolar ou para polir, manualmente, e suas partes, de pedras naturais, de abrasivos naturais ou artificiais aglomerados ou de cerâmi",Países Baixos (Holanda),121471,13155,comexstat,2026-10-08
2025,12,6804,"Mós e artefactos semelhantes, sem armação, para moer, desfibrar, triturar, amolar, polir, rectificar ou cortar; pedras para amolar ou para polir, manualmente, e suas partes, de pedras naturais, de abrasivos naturais ou artificiais aglomerados ou de cerâmi",Estados Unidos,119599,4012,comexstat,2026-10-08
2025,08,6804,"Mós e artefactos semelhantes, sem armação, para moer, desfibrar, triturar, amolar, polir, rectificar ou cortar; pedras para amolar ou para polir, manualmente, e suas partes, de pedras naturais, de abrasivos naturais ou artificiais aglomerados ou de cerâmi",Tailândia,119227,32952,comexstat,2026-10-08
2025,04,8464,"Máquinas-ferramentas para trabalhar pedra, produtos cerâmicos, betão (concreto), fibrocimento ou matérias minerais semelhantes, ou para o trabalho a frio do vidro",Reino Unido,116273,307,comexstat,2026-10-08
2025,02,6804,"Mós e artefactos semelhantes, sem armação, para moer, desfibrar, triturar, amolar, polir, rectificar ou cortar; pedras para amolar ou para polir, manualmente, e suas partes, de pedras naturais, de abrasivos naturais ou artificiais aglomerados ou de cerâmi",Coreia do Sul,116142,1509,comexstat,2026-10-08
2025,06,6804,"Mós e artefactos semelhantes, sem armação, para moer, desfibrar, triturar, amolar, polir, rectificar ou cortar; pedras para amolar ou para polir, manualmente, e suas partes, de pedras naturais, de abrasivos naturais ou artificiais aglomerados ou de cerâmi",Hungria,114459,13865,comexstat,2026-10-08
2025,04,6804,"Mós e artefactos semelhantes, sem armação, para moer, desfibrar, triturar, amolar, polir, rectificar ou cortar; pedras para amolar ou para polir, manualmente, e suas partes, de pedras naturais, de abrasivos naturais ou artificiais aglomerados ou de cerâmi",Países Baixos (Holanda),114088,5893,comexstat,2026-10-08
2025,08,6804,"Mós e artefactos semelhantes, sem armação, para moer, desfibrar, triturar, amolar, polir, rectificar ou cortar; pedras para amolar ou para polir, manualmente, e suas partes, de pedras naturais, de abrasivos naturais ou artificiais aglomerados ou de cerâmi",Canadá,110689,198,comexstat,2026-10-08
2025,09,6804,"Mós e artefactos semelhantes, sem armação, para moer, desfibrar, triturar, amolar, polir, rectificar ou cortar; pedras para amolar ou para polir, manualmente, e suas partes, de pedras naturais, de abrasivos naturais ou artificiais aglomerados ou de cerâmi",Polônia,109102,11891,comexstat,2026-10-08
2025,08,6804,"Mós e artefactos semelhantes, sem armação, para moer, desfibrar, triturar, amolar, polir, rectificar ou cortar; pedras para amolar ou para polir, manualmente, e suas partes, de pedras naturais, de abrasivos naturais ou artificiais aglomerados ou de cerâmi",Filipinas,108251,46304,comexstat,2026-10-08
2025,11,8464,"Máquinas-ferramentas para trabalhar pedra, produtos cerâmicos, betão (concreto), fibrocimento ou matérias minerais semelhantes, ou para o trabalho a frio do vidro",Alemanha,105461,1487,comexstat,2026-10-08
2025,12,6804,"Mós e artefactos semelhantes, sem armação, para moer, desfibrar, triturar, amolar, polir, rectificar ou cortar; pedras para amolar ou para polir, manualmente, e suas partes, de pedras naturais, de abrasivos naturais ou artificiais aglomerados ou de cerâmi",Polônia,100775,12182,comexstat,2026-10-08
2025,02,6804,"Mós e artefactos semelhantes, sem armação, para moer, desfibrar, triturar, amolar, polir, rectificar ou cortar; pedras para amolar ou para polir, manualmente, e suas partes, de pedras naturais, de abrasivos naturais ou artificiais aglomerados ou de cerâmi",Polônia,100222,18944,comexstat,2026-10-08
2025,07,6804,"Mós e artefactos semelhantes, sem armação, para moer, desfibrar, triturar, amolar, polir, rectificar ou cortar; pedras para amolar ou para polir, manualmente, e suas partes, de pedras naturais, de abrasivos naturais ou artificiais aglomerados ou de cerâmi",Coreia do Sul,98128,1180,comexstat,2026-10-08
2025,11,6804,"Mós e artefactos semelhantes, sem armação, para moer, desfibrar, triturar, amolar, polir, rectificar ou cortar; pedras para amolar ou para polir, manualmente, e suas partes, de pedras naturais, de abrasivos naturais ou artificiais aglomerados ou de cerâmi",Países Baixos (Holanda),98018,16042,comexstat,2026-10-08
2025,09,6804,"Mós e artefactos semelhantes, sem armação, para moer, desfibrar, triturar, amolar, polir, rectificar ou cortar; pedras para amolar ou para polir, manualmente, e suas partes, de pedras naturais, de abrasivos naturais ou artificiais aglomerados ou de cerâmi",Brasil,96710,8440,comexstat,2026-10-08
2025,01,6804,"Mós e artefactos semelhantes, sem armação, para moer, desfibrar, triturar, amolar, polir, rectificar ou cortar; pedras para amolar ou para polir, manualmente, e suas partes, de pedras naturais, de abrasivos naturais ou artificiais aglomerados ou de cerâmi",Suécia,90291,11017,comexstat,2026-10-08
2025,10,6804,"Mós e artefactos semelhantes, sem armação, para moer, desfibrar, triturar, amolar, polir, rectificar ou cortar; pedras para amolar ou para polir, manualmente, e suas partes, de pedras naturais, de abrasivos naturais ou artificiais aglomerados ou de cerâmi",Turquia,88188,20532,comexstat,2026-10-08
2025,05,6804,"Mós e artefactos semelhantes, sem armação, para moer, desfibrar, triturar, amolar, polir, rectificar ou cortar; pedras para amolar ou para polir, manualmente, e suas partes, de pedras naturais, de abrasivos naturais ou artificiais aglomerados ou de cerâmi",Polônia,87356,14200,comexstat,2026-10-08
2025,07,8464,"Máquinas-ferramentas para trabalhar pedra, produtos cerâmicos, betão (concreto), fibrocimento ou matérias minerais semelhantes, ou para o trabalho a frio do vidro",Coreia do Sul,86900,675,comexstat,2026-10-08
2025,08,6804,"Mós e artefactos semelhantes, sem armação, para moer, desfibrar, triturar, amolar, polir, rectificar ou cortar; pedras para amolar ou para polir, manualmente, e suas partes, de pedras naturais, de abrasivos naturais ou artificiais aglomerados ou de cerâmi",Suíça,85349,500,comexstat,2026-10-08
2025,04,6804,"Mós e artefactos semelhantes, sem armação, para moer, desfibrar, triturar, amolar, polir, rectificar ou cortar; pedras para amolar ou para polir, manualmente, e suas partes, de pedras naturais, de abrasivos naturais ou artificiais aglomerados ou de cerâmi",França,84829,593,comexstat,2026-10-08
2025,09,6804,"Mós e artefactos semelhantes, sem armação, para moer, desfibrar, triturar, amolar, polir, rectificar ou cortar; pedras para amolar ou para polir, manualmente, e suas partes, de pedras naturais, de abrasivos naturais ou artificiais aglomerados ou de cerâmi",Coreia do Sul,83529,1203,comexstat,2026-10-08
2025,03,6804,"Mós e artefactos semelhantes, sem armação, para moer, desfibrar, triturar, amolar, polir, rectificar ou cortar; pedras para amolar ou para polir, manualmente, e suas partes, de pedras naturais, de abrasivos naturais ou artificiais aglomerados ou de cerâmi",Polônia,82861,11146,comexstat,2026-10-08
2025,03,6804,"Mós e artefactos semelhantes, sem armação, para moer, desfibrar, triturar, amolar, polir, rectificar ou cortar; pedras para amolar ou para polir, manualmente, e suas partes, de pedras naturais, de abrasivos naturais ou artificiais aglomerados ou de cerâmi",Coreia do Sul,82768,2670,comexstat,2026-10-08
2025,09,8464,"Máquinas-ferramentas para trabalhar pedra, produtos cerâmicos, betão (concreto), fibrocimento ou matérias minerais semelhantes, ou para o trabalho a frio do vidro",Hong Kong,80366,40430,comexstat,2026-10-08
2025,10,6804,"Mós e artefactos semelhantes, sem armação, para moer, desfibrar, triturar, amolar, polir, rectificar ou cortar; pedras para amolar ou para polir, manualmente, e suas partes, de pedras naturais, de abrasivos naturais ou artificiais aglomerados ou de cerâmi",Canadá,80006,182,comexstat,2026-10-08
2025,02,8464,"Máquinas-ferramentas para trabalhar pedra, produtos cerâmicos, betão (concreto), fibrocimento ou matérias minerais semelhantes, ou para o trabalho a frio do vidro",Espanha,79259,3390,comexstat,2026-10-08
2025,09,6804,"Mós e artefactos semelhantes, sem armação, para moer, desfibrar, triturar, amolar, polir, rectificar ou cortar; pedras para amolar ou para polir, manualmente, e suas partes, de pedras naturais, de abrasivos naturais ou artificiais aglomerados ou de cerâmi",Tailândia,79113,9514,comexstat,2026-10-08
2025,02,6804,"Mós e artefactos semelhantes, sem armação, para moer, desfibrar, triturar, amolar, polir, rectificar ou cortar; pedras para amolar ou para polir, manualmente, e suas partes, de pedras naturais, de abrasivos naturais ou artificiais aglomerados ou de cerâmi",França,78018,5096,comexstat,2026-10-08
2025,07,6804,"Mós e artefactos semelhantes, sem armação, para moer, desfibrar, triturar, amolar, polir, rectificar ou cortar; pedras para amolar ou para polir, manualmente, e suas partes, de pedras naturais, de abrasivos naturais ou artificiais aglomerados ou de cerâmi",Suíça,77852,31,comexstat,2026-10-08
2025,03,6804,"Mós e artefactos semelhantes, sem armação, para moer, desfibrar, triturar, amolar, polir, rectificar ou cortar; pedras para amolar ou para polir, manualmente, e suas partes, de pedras naturais, de abrasivos naturais ou artificiais aglomerados ou de cerâmi",França,77769,1776,comexstat,2026-10-08
2025,02,6804,"Mós e artefactos semelhantes, sem armação, para moer, desfibrar, triturar, amolar, polir, rectificar ou cortar; pedras para amolar ou para polir, manualmente, e suas partes, de pedras naturais, de abrasivos naturais ou artificiais aglomerados ou de cerâmi",Países Baixos (Holanda),77173,10674,comexstat,2026-10-08
2025,04,6804,"Mós e artefactos semelhantes, sem armação, para moer, desfibrar, triturar, amolar, polir, rectificar ou cortar; pedras para amolar ou para polir, manualmente, e suas partes, de pedras naturais, de abrasivos naturais ou artificiais aglomerados ou de cerâmi",Suíça,76841,118,comexstat,2026-10-08
2025,06,6804,"Mós e artefactos semelhantes, sem armação, para moer, desfibrar, triturar, amolar, polir, rectificar ou cortar; pedras para amolar ou para polir, manualmente, e suas partes, de pedras naturais, de abrasivos naturais ou artificiais aglomerados ou de cerâmi",Canadá,75878,127,comexstat,2026-10-08
2025,11,8464,"Máquinas-ferramentas para trabalhar pedra, produtos cerâmicos, betão (concreto), fibrocimento ou matérias minerais semelhantes, ou para o trabalho a frio do vidro",Coreia do Sul,71329,540,comexstat,2026-10-08
2025,08,8464,"Máquinas-ferramentas para trabalhar pedra, produtos cerâmicos, betão (concreto), fibrocimento ou matérias minerais semelhantes, ou para o trabalho a frio do vidro",Coreia do Sul,71116,498,comexstat,2026-10-08
2025,06,8464,"Máquinas-ferramentas para trabalhar pedra, produtos cerâmicos, betão (concreto), fibrocimento ou matérias minerais semelhantes, ou para o trabalho a frio do vidro",Índia,70569,4566,comexstat,2026-10-08
2025,11,6804,"Mós e artefactos semelhantes, sem armação, para moer, desfibrar, triturar, amolar, polir, rectificar ou cortar; pedras para amolar ou para polir, manualmente, e suas partes, de pedras naturais, de abrasivos naturais ou artificiais aglomerados ou de cerâmi",Turquia,70217,15992,comexstat,2026-10-08
2025,04,6804,"Mós e artefactos semelhantes, sem armação, para moer, desfibrar, triturar, amolar, polir, rectificar ou cortar; pedras para amolar ou para polir, manualmente, e suas partes, de pedras naturais, de abrasivos naturais ou artificiais aglomerados ou de cerâmi",Coreia do Sul,69367,780,comexstat,2026-10-08
2025,05,6804,"Mós e artefactos semelhantes, sem armação, para moer, desfibrar, triturar, amolar, polir, rectificar ou cortar; pedras para amolar ou para polir, manualmente, e suas partes, de pedras naturais, de abrasivos naturais ou artificiais aglomerados ou de cerâmi",França,67781,2108,comexstat,2026-10-08
2025,03,6804,"Mós e artefactos semelhantes, sem armação, para moer, desfibrar, triturar, amolar, polir, rectificar ou cortar; pedras para amolar ou para polir, manualmente, e suas partes, de pedras naturais, de abrasivos naturais ou artificiais aglomerados ou de cerâmi",Indonésia,65940,917,comexstat,2026-10-08
2025,12,6804,"Mós e artefactos semelhantes, sem armação, para moer, desfibrar, triturar, amolar, polir, rectificar ou cortar; pedras para amolar ou para polir, manualmente, e suas partes, de pedras naturais, de abrasivos naturais ou artificiais aglomerados ou de cerâmi",Países Baixos (Holanda),65019,1551,comexstat,2026-10-08
2025,03,6804,"Mós e artefactos semelhantes, sem armação, para moer, desfibrar, triturar, amolar, polir, rectificar ou cortar; pedras para amolar ou para polir, manualmente, e suas partes, de pedras naturais, de abrasivos naturais ou artificiais aglomerados ou de cerâmi",Hungria,64803,6566,comexstat,2026-10-08
2025,04,6804,"Mós e artefactos semelhantes, sem armação, para moer, desfibrar, triturar, amolar, polir, rectificar ou cortar; pedras para amolar ou para polir, manualmente, e suas partes, de pedras naturais, de abrasivos naturais ou artificiais aglomerados ou de cerâmi",Índia,64254,3475,comexstat,2026-10-08
2025,04,6804,"Mós e artefactos semelhantes, sem armação, para moer, desfibrar, triturar, amolar, polir, rectificar ou cortar; pedras para amolar ou para polir, manualmente, e suas partes, de pedras naturais, de abrasivos naturais ou artificiais aglomerados ou de cerâmi",Espanha,63859,3673,comexstat,2026-10-08
2025,06,8464,"Máquinas-ferramentas para trabalhar pedra, produtos cerâmicos, betão (concreto), fibrocimento ou matérias minerais semelhantes, ou para o trabalho a frio do vidro",Japão,62421,324,comexstat,2026-10-08
2025,06,8464,"Máquinas-ferramentas para trabalhar pedra, produtos cerâmicos, betão (concreto), fibrocimento ou matérias minerais semelhantes, ou para o trabalho a frio do vidro",Suíça,62233,127,comexstat,2026-10-08
2025,06,6804,"Mós e artefactos semelhantes, sem armação, para moer, desfibrar, triturar, amolar, polir, rectificar ou cortar; pedras para amolar ou para polir, manualmente, e suas partes, de pedras naturais, de abrasivos naturais ou artificiais aglomerados ou de cerâmi",Suíça,61802,440,comexstat,2026-10-08
2025,03,6804,"Mós e artefactos semelhantes, sem armação, para moer, desfibrar, triturar, amolar, polir, rectificar ou cortar; pedras para amolar ou para polir, manualmente, e suas partes, de pedras naturais, de abrasivos naturais ou artificiais aglomerados ou de cerâmi",Suíça,61713,437,comexstat,2026-10-08
2025,12,6804,"Mós e artefactos semelhantes, sem armação, para moer, desfibrar, triturar, amolar, polir, rectificar ou cortar; pedras para amolar ou para polir, manualmente, e suas partes, de pedras naturais, de abrasivos naturais ou artificiais aglomerados ou de cerâmi",Indonésia,61124,665,comexstat,2026-10-08
2025,04,8464,"Máquinas-ferramentas para trabalhar pedra, produtos cerâmicos, betão (concreto), fibrocimento ou matérias minerais semelhantes, ou para o trabalho a frio do vidro",Áustria,61082,1105,comexstat,2026-10-08
2025,12,6804,"Mós e artefactos semelhantes, sem armação, para moer, desfibrar, triturar, amolar, polir, rectificar ou cortar; pedras para amolar ou para polir, manualmente, e suas partes, de pedras naturais, de abrasivos naturais ou artificiais aglomerados ou de cerâmi",Filipinas,60750,26784,comexstat,2026-10-08
2025,05,6804,"Mós e artefactos semelhantes, sem armação, para moer, desfibrar, triturar, amolar, polir, rectificar ou cortar; pedras para amolar ou para polir, manualmente, e suas partes, de pedras naturais, de abrasivos naturais ou artificiais aglomerados ou de cerâmi",Coreia do Sul,59890,1255,comexstat,2026-10-08
2025,06,6804,"Mós e artefactos semelhantes, sem armação, para moer, desfibrar, triturar, amolar, polir, rectificar ou cortar; pedras para amolar ou para polir, manualmente, e suas partes, de pedras naturais, de abrasivos naturais ou artificiais aglomerados ou de cerâmi",Turquia,59628,11833,comexstat,2026-10-08
2025,04,8464,"Máquinas-ferramentas para trabalhar pedra, produtos cerâmicos, betão (concreto), fibrocimento ou matérias minerais semelhantes, ou para o trabalho a frio do vidro",França,59594,325,comexstat,2026-10-08
2025,10,6804,"Mós e artefactos semelhantes, sem armação, para moer, desfibrar, triturar, amolar, polir, rectificar ou cortar; pedras para amolar ou para polir, manualmente, e suas partes, de pedras naturais, de abrasivos naturais ou artificiais aglomerados ou de cerâmi",Filipinas,59527,27232,comexstat,2026-10-08
2025,02,8464,"Máquinas-ferramentas para trabalhar pedra, produtos cerâmicos, betão (concreto), fibrocimento ou matérias minerais semelhantes, ou para o trabalho a frio do vidro",Estados Unidos,59359,2223,comexstat,2026-10-08
2025,07,6804,"Mós e artefactos semelhantes, sem armação, para moer, desfibrar, triturar, amolar, polir, rectificar ou cortar; pedras para amolar ou para polir, manualmente, e suas partes, de pedras naturais, de abrasivos naturais ou artificiais aglomerados ou de cerâmi",Filipinas,59125,24120,comexstat,2026-10-08
2025,07,6804,"Mós e artefactos semelhantes, sem armação, para moer, desfibrar, triturar, amolar, polir, rectificar ou cortar; pedras para amolar ou para polir, manualmente, e suas partes, de pedras naturais, de abrasivos naturais ou artificiais aglomerados ou de cerâmi",Reino Unido,59098,2063,comexstat,2026-10-08
2025,04,8464,"Máquinas-ferramentas para trabalhar pedra, produtos cerâmicos, betão (concreto), fibrocimento ou matérias minerais semelhantes, ou para o trabalho a frio do vidro",Suíça,58858,132,comexstat,2026-10-08
2025,11,6804,"Mós e artefactos semelhantes, sem armação, para moer, desfibrar, triturar, amolar, polir, rectificar ou cortar; pedras para amolar ou para polir, manualmente, e suas partes, de pedras naturais, de abrasivos naturais ou artificiais aglomerados ou de cerâmi",Tailândia,58322,12591,comexstat,2026-10-08
2025,03,6804,"Mós e artefactos semelhantes, sem armação, para moer, desfibrar, triturar, amolar, polir, rectificar ou cortar; pedras para amolar ou para polir, manualmente, e suas partes, de pedras naturais, de abrasivos naturais ou artificiais aglomerados ou de cerâmi",Reino Unido,58235,172,comexstat,2026-10-08
2025,01,6804,"Mós e artefactos semelhantes, sem armação, para moer, desfibrar, triturar, amolar, polir, rectificar ou cortar; pedras para amolar ou para polir, manualmente, e suas partes, de pedras naturais, de abrasivos naturais ou artificiais aglomerados ou de cerâmi",Coreia do Sul,57877,761,comexstat,2026-10-08
2025,03,8464,"Máquinas-ferramentas para trabalhar pedra, produtos cerâmicos, betão (concreto), fibrocimento ou matérias minerais semelhantes, ou para o trabalho a frio do vidro",Suíça,57777,216,comexstat,2026-10-08
2025,02,6804,"Mós e artefactos semelhantes, sem armação, para moer, desfibrar, triturar, amolar, polir, rectificar ou cortar; pedras para amolar ou para polir, manualmente, e suas partes, de pedras naturais, de abrasivos naturais ou artificiais aglomerados ou de cerâmi",Vietnã,57170,1561,comexstat,2026-10-08
2025,11,6804,"Mós e artefactos semelhantes, sem armação, para moer, desfibrar, triturar, amolar, polir, rectificar ou cortar; pedras para amolar ou para polir, manualmente, e suas partes, de pedras naturais, de abrasivos naturais ou artificiais aglomerados ou de cerâmi",Filipinas,57046,27180,comexstat,2026-10-08
2025,01,8464,"Máquinas-ferramentas para trabalhar pedra, produtos cerâmicos, betão (concreto), fibrocimento ou matérias minerais semelhantes, ou para o trabalho a frio do vidro",Coreia do Sul,57000,450,comexstat,2026-10-08
2025,06,6804,"Mós e artefactos semelhantes, sem armação, para moer, desfibrar, triturar, amolar, polir, rectificar ou cortar; pedras para amolar ou para polir, manualmente, e suas partes, de pedras naturais, de abrasivos naturais ou artificiais aglomerados ou de cerâmi",Hong Kong,56915,2856,comexstat,2026-10-08
2025,11,6804,"Mós e artefactos semelhantes, sem armação, para moer, desfibrar, triturar, amolar, polir, rectificar ou cortar; pedras para amolar ou para polir, manualmente, e suas partes, de pedras naturais, de abrasivos naturais ou artificiais aglomerados ou de cerâmi",França,55315,860,comexstat,2026-10-08
2025,01,8464,"Máquinas-ferramentas para trabalhar pedra, produtos cerâmicos, betão (concreto), fibrocimento ou matérias minerais semelhantes, ou para o trabalho a frio do vidro",Argentina,55000,2766,comexstat,2026-10-08
2025,01,6804,"Mós e artefactos semelhantes, sem armação, para moer, desfibrar, triturar, amolar, polir, rectificar ou cortar; pedras para amolar ou para polir, manualmente, e suas partes, de pedras naturais, de abrasivos naturais ou artificiais aglomerados ou de cerâmi",Índia,54553,1465,comexstat,2026-10-08
2025,01,8464,"Máquinas-ferramentas para trabalhar pedra, produtos cerâmicos, betão (concreto), fibrocimento ou matérias minerais semelhantes, ou para o trabalho a frio do vidro",França,53391,397,comexstat,2026-10-08
2025,01,6804,"Mós e artefactos semelhantes, sem armação, para moer, desfibrar, triturar, amolar, polir, rectificar ou cortar; pedras para amolar ou para polir, manualmente, e suas partes, de pedras naturais, de abrasivos naturais ou artificiais aglomerados ou de cerâmi",Suíça,53025,408,comexstat,2026-10-08
2025,02,6804,"Mós e artefactos semelhantes, sem armação, para moer, desfibrar, triturar, amolar, polir, rectificar ou cortar; pedras para amolar ou para polir, manualmente, e suas partes, de pedras naturais, de abrasivos naturais ou artificiais aglomerados ou de cerâmi",Filipinas,52302,22420,comexstat,2026-10-08
2025,11,6804,"Mós e artefactos semelhantes, sem armação, para moer, desfibrar, triturar, amolar, polir, rectificar ou cortar; pedras para amolar ou para polir, manualmente, e suas partes, de pedras naturais, de abrasivos naturais ou artificiais aglomerados ou de cerâmi",Argentina,52273,7252,comexstat,2026-10-08
2025,06,6804,"Mós e artefactos semelhantes, sem armação, para moer, desfibrar, triturar, amolar, polir, rectificar ou cortar; pedras para amolar ou para polir, manualmente, e suas partes, de pedras naturais, de abrasivos naturais ou artificiais aglomerados ou de cerâmi",Filipinas,52150,23598,comexstat,2026-10-08
2025,08,6804,"Mós e artefactos semelhantes, sem armação, para moer, desfibrar, triturar, amolar, polir, rectificar ou cortar; pedras para amolar ou para polir, manualmente, e suas partes, de pedras naturais, de abrasivos naturais ou artificiais aglomerados ou de cerâmi",França,52021,710,comexstat,2026-10-08
2025,07,6804,"Mós e artefactos semelhantes, sem armação, para moer, desfibrar, triturar, amolar, polir, rectificar ou cortar; pedras para amolar ou para polir, manualmente, e suas partes, de pedras naturais, de abrasivos naturais ou artificiais aglomerados ou de cerâmi",Canadá,51603,227,comexstat,2026-10-08
2025,04,6804,"Mós e artefactos semelhantes, sem armação, para moer, desfibrar, triturar, amolar, polir, rectificar ou cortar; pedras para amolar ou para polir, manualmente, e suas partes, de pedras naturais, de abrasivos naturais ou artificiais aglomerados ou de cerâmi",Panamá,51426,405,comexstat,2026-10-08
2025,02,8464,"Máquinas-ferramentas para trabalhar pedra, produtos cerâmicos, betão (concreto), fibrocimento ou matérias minerais semelhantes, ou para o trabalho a frio do vidro",Japão,51220,240,comexstat,2026-10-08
2025,12,8464,"Máquinas-ferramentas para trabalhar pedra, produtos cerâmicos, betão (concreto), fibrocimento ou matérias minerais semelhantes, ou para o trabalho a frio do vidro",Hong Kong,51090,20855,comexstat,2026-10-08
2025,05,6804,"Mós e artefactos semelhantes, sem armação, para moer, desfibrar, triturar, amolar, polir, rectificar ou cortar; pedras para amolar ou para polir, manualmente, e suas partes, de pedras naturais, de abrasivos naturais ou artificiais aglomerados ou de cerâmi",Filipinas,50014,19143,comexstat,2026-10-08
2025,11,8464,"Máquinas-ferramentas para trabalhar pedra, produtos cerâmicos, betão (concreto), fibrocimento ou matérias minerais semelhantes, ou para o trabalho a frio do vidro",Hong Kong,49800,12955,comexstat,2026-10-08
2025,10,6804,"Mós e artefactos semelhantes, sem armação, para moer, desfibrar, triturar, amolar, polir, rectificar ou cortar; pedras para amolar ou para polir, manualmente, e suas partes, de pedras naturais, de abrasivos naturais ou artificiais aglomerados ou de cerâmi",Reino Unido,49795,1641,comexstat,2026-10-08
2025,12,6804,"Mós e artefactos semelhantes, sem armação, para moer, desfibrar, triturar, amolar, polir, rectificar ou cortar; pedras para amolar ou para polir, manualmente, e suas partes, de pedras naturais, de abrasivos naturais ou artificiais aglomerados ou de cerâmi",Suíça,49607,406,comexstat,2026-10-08
2025,11,6804,"Mós e artefactos semelhantes, sem armação, para moer, desfibrar, triturar, amolar, polir, rectificar ou cortar; pedras para amolar ou para polir, manualmente, e suas partes, de pedras naturais, de abrasivos naturais ou artificiais aglomerados ou de cerâmi",Índia,49287,3824,comexstat,2026-10-08
2025,05,6804,"Mós e artefactos semelhantes, sem armação, para moer, desfibrar, triturar, amolar, polir, rectificar ou cortar; pedras para amolar ou para polir, manualmente, e suas partes, de pedras naturais, de abrasivos naturais ou artificiais aglomerados ou de cerâmi",Índia,49221,1965,comexstat,2026-10-08
2025,05,6804,"Mós e artefactos semelhantes, sem armação, para moer, desfibrar, triturar, amolar, polir, rectificar ou cortar; pedras para amolar ou para polir, manualmente, e suas partes, de pedras naturais, de abrasivos naturais ou artificiais aglomerados ou de cerâmi",Indonésia,46914,464,comexstat,2026-10-08
2025,08,6804,"Mós e artefactos semelhantes, sem armação, para moer, desfibrar, triturar, amolar, polir, rectificar ou cortar; pedras para amolar ou para polir, manualmente, e suas partes, de pedras naturais, de abrasivos naturais ou artificiais aglomerados ou de cerâmi",Índia,46805,1039,comexstat,2026-10-08
2025,11,6804,"Mós e artefactos semelhantes, sem armação, para moer, desfibrar, triturar, amolar, polir, rectificar ou cortar; pedras para amolar ou para polir, manualmente, e suas partes, de pedras naturais, de abrasivos naturais ou artificiais aglomerados ou de cerâmi",Canadá,46784,74,comexstat,2026-10-08
2025,12,8464,"Máquinas-ferramentas para trabalhar pedra, produtos cerâmicos, betão (concreto), fibrocimento ou matérias minerais semelhantes, ou para o trabalho a frio do vidro",Coreia do Sul,46500,344,comexstat,2026-10-08
2025,07,6804,"Mós e artefactos semelhantes, sem armação, para moer, desfibrar, triturar, amolar, polir, rectificar ou cortar; pedras para amolar ou para polir, manualmente, e suas partes, de pedras naturais, de abrasivos naturais ou artificiais aglomerados ou de cerâmi",Israel,45259,8227,comexstat,2026-10-08
2025,06,6804,"Mós e artefactos semelhantes, sem armação, para moer, desfibrar, triturar, amolar, polir, rectificar ou cortar; pedras para amolar ou para polir, manualmente, e suas partes, de pedras naturais, de abrasivos naturais ou artificiais aglomerados ou de cerâmi",Bulgária,45043,1020,comexstat,2026-10-08
2025,08,8464,"Máquinas-ferramentas para trabalhar pedra, produtos cerâmicos, betão (concreto), fibrocimento ou matérias minerais semelhantes, ou para o trabalho a frio do vidro",Bulgária,44723,1583,comexstat,2026-10-08
2025,10,6804,"Mós e artefactos semelhantes, sem armação, para moer, desfibrar, triturar, amolar, polir, rectificar ou cortar; pedras para amolar ou para polir, manualmente, e suas partes, de pedras naturais, de abrasivos naturais ou artificiais aglomerados ou de cerâmi",Taiwan (Formosa),44357,231,comexstat,2026-10-08
2025,03,6804,"Mós e artefactos semelhantes, sem armação, para moer, desfibrar, triturar, amolar, polir, rectificar ou cortar; pedras para amolar ou para polir, manualmente, e suas partes, de pedras naturais, de abrasivos naturais ou artificiais aglomerados ou de cerâmi",Índia,43988,325,comexstat,2026-10-08
2025,08,8464,"Máquinas-ferramentas para trabalhar pedra, produtos cerâmicos, betão (concreto), fibrocimento ou matérias minerais semelhantes, ou para o trabalho a frio do vidro",Japão,43972,208,comexstat,2026-10-08
2025,04,6804,"Mós e artefactos semelhantes, sem armação, para moer, desfibrar, triturar, amolar, polir, rectificar ou cortar; pedras para amolar ou para polir, manualmente, e suas partes, de pedras naturais, de abrasivos naturais ou artificiais aglomerados ou de cerâmi",Taiwan (Formosa),43670,433,comexstat,2026-10-08
2025,01,8464,"Máquinas-ferramentas para trabalhar pedra, produtos cerâmicos, betão (concreto), fibrocimento ou matérias minerais semelhantes, ou para o trabalho a frio do vidro",Índia,43613,2883,comexstat,2026-10-08
2025,11,6804,"Mós e artefactos semelhantes, sem armação, para moer, desfibrar, triturar, amolar, polir, rectificar ou cortar; pedras para amolar ou para polir, manualmente, e suas partes, de pedras naturais, de abrasivos naturais ou artificiais aglomerados ou de cerâmi",Suécia,43016,55,comexstat,2026-10-08
2025,10,6804,"Mós e artefactos semelhantes, sem armação, para moer, desfibrar, triturar, amolar, polir, rectificar ou cortar; pedras para amolar ou para polir, manualmente, e suas partes, de pedras naturais, de abrasivos naturais ou artificiais aglomerados ou de cerâmi",Hungria,42984,4735,comexstat,2026-10-08
2025,05,6804,"Mós e artefactos semelhantes, sem armação, para moer, desfibrar, triturar, amolar, polir, rectificar ou cortar; pedras para amolar ou para polir, manualmente, e suas partes, de pedras naturais, de abrasivos naturais ou artificiais aglomerados ou de cerâmi",Hungria,42179,6953,comexstat,2026-10-08
2025,05,6804,"Mós e artefactos semelhantes, sem armação, para moer, desfibrar, triturar, amolar, polir, rectificar ou cortar; pedras para amolar ou para polir, manualmente, e suas partes, de pedras naturais, de abrasivos naturais ou artificiais aglomerados ou de cerâmi",Suécia,42117,2881,comexstat,2026-10-08
2025,02,6804,"Mós e artefactos semelhantes, sem armação, para moer, desfibrar, triturar, amolar, polir, rectificar ou cortar; pedras para amolar ou para polir, manualmente, e suas partes, de pedras naturais, de abrasivos naturais ou artificiais aglomerados ou de cerâmi",Hungria,41376,7494,comexstat,2026-10-08
2025,08,6804,"Mós e artefactos semelhantes, sem armação, para moer, desfibrar, triturar, amolar, polir, rectificar ou cortar; pedras para amolar ou para polir, manualmente, e suas partes, de pedras naturais, de abrasivos naturais ou artificiais aglomerados ou de cerâmi",Bulgária,40841,727,comexstat,2026-10-08
2025,03,6804,"Mós e artefactos semelhantes, sem armação, para moer, desfibrar, triturar, amolar, polir, rectificar ou cortar; pedras para amolar ou para polir, manualmente, e suas partes, de pedras naturais, de abrasivos naturais ou artificiais aglomerados ou de cerâmi",Taiwan (Formosa),40777,124,comexstat,2026-10-08
2025,09,6804,"Mós e artefactos semelhantes, sem armação, para moer, desfibrar, triturar, amolar, polir, rectificar ou cortar; pedras para amolar ou para polir, manualmente, e suas partes, de pedras naturais, de abrasivos naturais ou artificiais aglomerados ou de cerâmi",Vietnã,40758,1630,comexstat,2026-10-08
2025,05,6804,"Mós e artefactos semelhantes, sem armação, para moer, desfibrar, triturar, amolar, polir, rectificar ou cortar; pedras para amolar ou para polir, manualmente, e suas partes, de pedras naturais, de abrasivos naturais ou artificiais aglomerados ou de cerâmi",Bulgária,40343,705,comexstat,2026-10-08
2025,12,6804,"Mós e artefactos semelhantes, sem armação, para moer, desfibrar, triturar, amolar, polir, rectificar ou cortar; pedras para amolar ou para polir, manualmente, e suas partes, de pedras naturais, de abrasivos naturais ou artificiais aglomerados ou de cerâmi",Coreia do Sul,40177,296,comexstat,2026-10-08
2025,01,6804,"Mós e artefactos semelhantes, sem armação, para moer, desfibrar, triturar, amolar, polir, rectificar ou cortar; pedras para amolar ou para polir, manualmente, e suas partes, de pedras naturais, de abrasivos naturais ou artificiais aglomerados ou de cerâmi",Reino Unido,40072,1519,comexstat,2026-10-08
2025,11,8464,"Máquinas-ferramentas para trabalhar pedra, produtos cerâmicos, betão (concreto), fibrocimento ou matérias minerais semelhantes, ou para o trabalho a frio do vidro",Japão,39607,193,comexstat,2026-10-08
2025,04,8464,"Máquinas-ferramentas para trabalhar pedra, produtos cerâmicos, betão (concreto), fibrocimento ou matérias minerais semelhantes, ou para o trabalho a frio do vidro",Japão,39444,193,comexstat,2026-10-08
2025,06,6804,"Mós e artefactos semelhantes, sem armação, para moer, desfibrar, triturar, amolar, polir, rectificar ou cortar; pedras para amolar ou para polir, manualmente, e suas partes, de pedras naturais, de abrasivos naturais ou artificiais aglomerados ou de cerâmi",Eslovênia,39000,5295,comexstat,2026-10-08
2025,05,6804,"Mós e artefactos semelhantes, sem armação, para moer, desfibrar, triturar, amolar, polir, rectificar ou cortar; pedras para amolar ou para polir, manualmente, e suas partes, de pedras naturais, de abrasivos naturais ou artificiais aglomerados ou de cerâmi",Reino Unido,38663,148,comexstat,2026-10-08
2025,10,6804,"Mós e artefactos semelhantes, sem armação, para moer, desfibrar, triturar, amolar, polir, rectificar ou cortar; pedras para amolar ou para polir, manualmente, e suas partes, de pedras naturais, de abrasivos naturais ou artificiais aglomerados ou de cerâmi",Índia,37505,610,comexstat,2026-10-08
2025,12,8464,"Máquinas-ferramentas para trabalhar pedra, produtos cerâmicos, betão (concreto), fibrocimento ou matérias minerais semelhantes, ou para o trabalho a frio do vidro",Japão,37396,440,comexstat,2026-10-08
2025,01,8464,"Máquinas-ferramentas para trabalhar pedra, produtos cerâmicos, betão (concreto), fibrocimento ou matérias minerais semelhantes, ou para o trabalho a frio do vidro",Japão,37383,193,comexstat,2026-10-08
2025,10,6804,"Mós e artefactos semelhantes, sem armação, para moer, desfibrar, triturar, amolar, polir, rectificar ou cortar; pedras para amolar ou para polir, manualmente, e suas partes, de pedras naturais, de abrasivos naturais ou artificiais aglomerados ou de cerâmi",Suíça,37327,184,comexstat,2026-10-08
2025,10,6804,"Mós e artefactos semelhantes, sem armação, para moer, desfibrar, triturar, amolar, polir, rectificar ou cortar; pedras para amolar ou para polir, manualmente, e suas partes, de pedras naturais, de abrasivos naturais ou artificiais aglomerados ou de cerâmi",Países Baixos (Holanda),36943,5815,comexstat,2026-10-08
2025,09,6804,"Mós e artefactos semelhantes, sem armação, para moer, desfibrar, triturar, amolar, polir, rectificar ou cortar; pedras para amolar ou para polir, manualmente, e suas partes, de pedras naturais, de abrasivos naturais ou artificiais aglomerados ou de cerâmi",Israel,36686,6289,comexstat,2026-10-08
2025,05,6804,"Mós e artefactos semelhantes, sem armação, para moer, desfibrar, triturar, amolar, polir, rectificar ou cortar; pedras para amolar ou para polir, manualmente, e suas partes, de pedras naturais, de abrasivos naturais ou artificiais aglomerados ou de cerâmi",Canadá,36486,457,comexstat,2026-10-08
2025,10,6804,"Mós e artefactos semelhantes, sem armação, para moer, desfibrar, triturar, amolar, polir, rectificar ou cortar; pedras para amolar ou para polir, manualmente, e suas partes, de pedras naturais, de abrasivos naturais ou artificiais aglomerados ou de cerâmi",Suécia,36195,1784,comexstat,2026-10-08
2025,10,6804,"Mós e artefactos semelhantes, sem armação, para moer, desfibrar, triturar, amolar, polir, rectificar ou cortar; pedras para amolar ou para polir, manualmente, e suas partes, de pedras naturais, de abrasivos naturais ou artificiais aglomerados ou de cerâmi",França,35909,210,comexstat,2026-10-08
2025,12,6804,"Mós e artefactos semelhantes, sem armação, para moer, desfibrar, triturar, amolar, polir, rectificar ou cortar; pedras para amolar ou para polir, manualmente, e suas partes, de pedras naturais, de abrasivos naturais ou artificiais aglomerados ou de cerâmi",Hungria,35872,1513,comexstat,2026-10-08
2025,09,6804,"Mós e artefactos semelhantes, sem armação, para moer, desfibrar, triturar, amolar, polir, rectificar ou cortar; pedras para amolar ou para polir, manualmente, e suas partes, de pedras naturais, de abrasivos naturais ou artificiais aglomerados ou de cerâmi",Espanha,35644,1307,comexstat,2026-10-08
2025,06,6804,"Mós e artefactos semelhantes, sem armação, para moer, desfibrar, triturar, amolar, polir, rectificar ou cortar; pedras para amolar ou para polir, manualmente, e suas partes, de pedras naturais, de abrasivos naturais ou artificiais aglomerados ou de cerâmi",Coreia do Sul,35153,1156,comexstat,2026-10-08
2025,11,6804,"Mós e artefactos semelhantes, sem armação, para moer, desfibrar, triturar, amolar, polir, rectificar ou cortar; pedras para amolar ou para polir, manualmente, e suas partes, de pedras naturais, de abrasivos naturais ou artificiais aglomerados ou de cerâmi",Taiwan (Formosa),34924,204,comexstat,2026-10-08
2025,09,6804,"Mós e artefactos semelhantes, sem armação, para moer, desfibrar, triturar, amolar, polir, rectificar ou cortar; pedras para amolar ou para polir, manualmente, e suas partes, de pedras naturais, de abrasivos naturais ou artificiais aglomerados ou de cerâmi",Canadá,34786,797,comexstat,2026-10-08
2025,10,6804,"Mós e artefactos semelhantes, sem armação, para moer, desfibrar, triturar, amolar, polir, rectificar ou cortar; pedras para amolar ou para polir, manualmente, e suas partes, de pedras naturais, de abrasivos naturais ou artificiais aglomerados ou de cerâmi",Vietnã,34349,322,comexstat,2026-10-08
2025,06,6804,"Mós e artefactos semelhantes, sem armação, para moer, desfibrar, triturar, amolar, polir, rectificar ou cortar; pedras para amolar ou para polir, manualmente, e suas partes, de pedras naturais, de abrasivos naturais ou artificiais aglomerados ou de cerâmi",Índia,34343,615,comexstat,2026-10-08
2025,04,6804,"Mós e artefactos semelhantes, sem armação, para moer, desfibrar, triturar, amolar, polir, rectificar ou cortar; pedras para amolar ou para polir, manualmente, e suas partes, de pedras naturais, de abrasivos naturais ou artificiais aglomerados ou de cerâmi",Reino Unido,34231,653,comexstat,2026-10-08
2025,03,6804,"Mós e artefactos semelhantes, sem armação, para moer, desfibrar, triturar, amolar, polir, rectificar ou cortar; pedras para amolar ou para polir, manualmente, e suas partes, de pedras naturais, de abrasivos naturais ou artificiais aglomerados ou de cerâmi",Filipinas,34069,13780,comexstat,2026-10-08
2025,05,6804,"Mós e artefactos semelhantes, sem armação, para moer, desfibrar, triturar, amolar, polir, rectificar ou cortar; pedras para amolar ou para polir, manualmente, e suas partes, de pedras naturais, de abrasivos naturais ou artificiais aglomerados ou de cerâmi",Taiwan (Formosa),34016,174,comexstat,2026-10-08
2025,10,6804,"Mós e artefactos semelhantes, sem armação, para moer, desfibrar, triturar, amolar, polir, rectificar ou cortar; pedras para amolar ou para polir, manualmente, e suas partes, de pedras naturais, de abrasivos naturais ou artificiais aglomerados ou de cerâmi",Coreia do Sul,33646,416,comexstat,2026-10-08
2025,02,6804,"Mós e artefactos semelhantes, sem armação, para moer, desfibrar, triturar, amolar, polir, rectificar ou cortar; pedras para amolar ou para polir, manualmente, e suas partes, de pedras naturais, de abrasivos naturais ou artificiais aglomerados ou de cerâmi",Taiwan (Formosa),33600,96,comexstat,2026-10-08
2025,10,8464,"Máquinas-ferramentas para trabalhar pedra, produtos cerâmicos, betão (concreto), fibrocimento ou matérias minerais semelhantes, ou para o trabalho a frio do vidro",Áustria,33196,491,comexstat,2026-10-08
2025,09,6804,"Mós e artefactos semelhantes, sem armação, para moer, desfibrar, triturar, amolar, polir, rectificar ou cortar; pedras para amolar ou para polir, manualmente, e suas partes, de pedras naturais, de abrasivos naturais ou artificiais aglomerados ou de cerâmi",Taiwan (Formosa),33180,148,comexstat,2026-10-08
2025,01,6804,"Mós e artefactos semelhantes, sem armação, para moer, desfibrar, triturar, amolar, polir, rectificar ou cortar; pedras para amolar ou para polir, manualmente, e suas partes, de pedras naturais, de abrasivos naturais ou artificiais aglomerados ou de cerâmi",Hungria,32111,306,comexstat,2026-10-08
2025,08,6804,"Mós e artefactos semelhantes, sem armação, para moer, desfibrar, triturar, amolar, polir, rectificar ou cortar; pedras para amolar ou para polir, manualmente, e suas partes, de pedras naturais, de abrasivos naturais ou artificiais aglomerados ou de cerâmi",Reino Unido,31502,125,comexstat,2026-10-08
2025,02,6804,"Mós e artefactos semelhantes, sem armação, para moer, desfibrar, triturar, amolar, polir, rectificar ou cortar; pedras para amolar ou para polir, manualmente, e suas partes, de pedras naturais, de abrasivos naturais ou artificiais aglomerados ou de cerâmi",Bulgária,30904,668,comexstat,2026-10-08
2025,10,8464,"Máquinas-ferramentas para trabalhar pedra, produtos cerâmicos, betão (concreto), fibrocimento ou matérias minerais semelhantes, ou para o trabalho a frio do vidro",Alemanha,30804,330,comexstat,2026-10-08
2025,02,6804,"Mós e artefactos semelhantes, sem armação, para moer, desfibrar, triturar, amolar, polir, rectificar ou cortar; pedras para amolar ou para polir, manualmente, e suas partes, de pedras naturais, de abrasivos naturais ou artificiais aglomerados ou de cerâmi",Índia,30764,3046,comexstat,2026-10-08
2025,11,8464,"Máquinas-ferramentas para trabalhar pedra, produtos cerâmicos, betão (concreto), fibrocimento ou matérias minerais semelhantes, ou para o trabalho a frio do vidro",Suécia,30672,232,comexstat,2026-10-08
2025,01,6804,"Mós e artefactos semelhantes, sem armação, para moer, desfibrar, triturar, amolar, polir, rectificar ou cortar; pedras para amolar ou para polir, manualmente, e suas partes, de pedras naturais, de abrasivos naturais ou artificiais aglomerados ou de cerâmi",Filipinas,30582,10864,comexstat,2026-10-08
2025,09,6804,"Mós e artefactos semelhantes, sem armação, para moer, desfibrar, triturar, amolar, polir, rectificar ou cortar; pedras para amolar ou para polir, manualmente, e suas partes, de pedras naturais, de abrasivos naturais ou artificiais aglomerados ou de cerâmi",Índia,30555,1072,comexstat,2026-10-08
2025,02,6804,"Mós e artefactos semelhantes, sem armação, para moer, desfibrar, triturar, amolar, polir, rectificar ou cortar; pedras para amolar ou para polir, manualmente, e suas partes, de pedras naturais, de abrasivos naturais ou artificiais aglomerados ou de cerâmi",Canadá,30254,1216,comexstat,2026-10-08
2025,07,6804,"Mós e artefactos semelhantes, sem armação, para moer, desfibrar, triturar, amolar, polir, rectificar ou cortar; pedras para amolar ou para polir, manualmente, e suas partes, de pedras naturais, de abrasivos naturais ou artificiais aglomerados ou de cerâmi",Hungria,30118,238,comexstat,2026-10-08
2025,01,6804,"Mós e artefactos semelhantes, sem armação, para moer, desfibrar, triturar, amolar, polir, rectificar ou cortar; pedras para amolar ou para polir, manualmente, e suas partes, de pedras naturais, de abrasivos naturais ou artificiais aglomerados ou de cerâmi","Tcheca, República",29520,3695,comexstat,2026-10-08
2025,02,6804,"Mós e artefactos semelhantes, sem armação, para moer, desfibrar, triturar, amolar, polir, rectificar ou cortar; pedras para amolar ou para polir, manualmente, e suas partes, de pedras naturais, de abrasivos naturais ou artificiais aglomerados ou de cerâmi",Indonésia,29387,241,comexstat,2026-10-08
2025,09,6804,"Mós e artefactos semelhantes, sem armação, para moer, desfibrar, triturar, amolar, polir, rectificar ou cortar; pedras para amolar ou para polir, manualmente, e suas partes, de pedras naturais, de abrasivos naturais ou artificiais aglomerados ou de cerâmi",Suíça,29108,28,comexstat,2026-10-08
2025,06,6804,"Mós e artefactos semelhantes, sem armação, para moer, desfibrar, triturar, amolar, polir, rectificar ou cortar; pedras para amolar ou para polir, manualmente, e suas partes, de pedras naturais, de abrasivos naturais ou artificiais aglomerados ou de cerâmi",Taiwan (Formosa),28870,183,comexstat,2026-10-08
2025,12,6804,"Mós e artefactos semelhantes, sem armação, para moer, desfibrar, triturar, amolar, polir, rectificar ou cortar; pedras para amolar ou para polir, manualmente, e suas partes, de pedras naturais, de abrasivos naturais ou artificiais aglomerados ou de cerâmi",Taiwan (Formosa),28123,326,comexstat,2026-10-08
2025,08,6804,"Mós e artefactos semelhantes, sem armação, para moer, desfibrar, triturar, amolar, polir, rectificar ou cortar; pedras para amolar ou para polir, manualmente, e suas partes, de pedras naturais, de abrasivos naturais ou artificiais aglomerados ou de cerâmi",Hungria,27456,3198,comexstat,2026-10-08
2025,05,6804,"Mós e artefactos semelhantes, sem armação, para moer, desfibrar, triturar, amolar, polir, rectificar ou cortar; pedras para amolar ou para polir, manualmente, e suas partes, de pedras naturais, de abrasivos naturais ou artificiais aglomerados ou de cerâmi",Suíça,27396,397,comexstat,2026-10-08
2025,03,6804,"Mós e artefactos semelhantes, sem armação, para moer, desfibrar, triturar, amolar, polir, rectificar ou cortar; pedras para amolar ou para polir, manualmente, e suas partes, de pedras naturais, de abrasivos naturais ou artificiais aglomerados ou de cerâmi",Turquia,27277,5315,comexstat,2026-10-08
2025,12,6804,"Mós e artefactos semelhantes, sem armação, para moer, desfibrar, triturar, amolar, polir, rectificar ou cortar; pedras para amolar ou para polir, manualmente, e suas partes, de pedras naturais, de abrasivos naturais ou artificiais aglomerados ou de cerâmi",Espanha,27129,704,comexstat,2026-10-08
2025,04,6804,"Mós e artefactos semelhantes, sem armação, para moer, desfibrar, triturar, amolar, polir, rectificar ou cortar; pedras para amolar ou para polir, manualmente, e suas partes, de pedras naturais, de abrasivos naturais ou artificiais aglomerados ou de cerâmi",Hong Kong,26958,31161,comexstat,2026-10-08
2025,05,6804,"Mós e artefactos semelhantes, sem armação, para moer, desfibrar, triturar, amolar, polir, rectificar ou cortar; pedras para amolar ou para polir, manualmente, e suas partes, de pedras naturais, de abrasivos naturais ou artificiais aglomerados ou de cerâmi",Países Baixos (Holanda),25918,955,comexstat,2026-10-08
2025,07,6804,"Mós e artefactos semelhantes, sem armação, para moer, desfibrar, triturar, amolar, polir, rectificar ou cortar; pedras para amolar ou para polir, manualmente, e suas partes, de pedras naturais, de abrasivos naturais ou artificiais aglomerados ou de cerâmi",Índia,24707,1015,comexstat,2026-10-08
2025,08,6804,"Mós e artefactos semelhantes, sem armação, para moer, desfibrar, triturar, amolar, polir, rectificar ou cortar; pedras para amolar ou para polir, manualmente, e suas partes, de pedras naturais, de abrasivos naturais ou artificiais aglomerados ou de cerâmi",Coreia do Sul,24232,886,comexstat,2026-10-08
2025,09,6804,"Mós e artefactos semelhantes, sem armação, para moer, desfibrar, triturar, amolar, polir, rectificar ou cortar; pedras para amolar ou para polir, manualmente, e suas partes, de pedras naturais, de abrasivos naturais ou artificiais aglomerados ou de cerâmi",Reino Unido,23949,65,comexstat,2026-10-08
2025,11,6804,"Mós e artefactos semelhantes, sem armação, para moer, desfibrar, triturar, amolar, polir, rectificar ou cortar; pedras para amolar ou para polir, manualmente, e suas partes, de pedras naturais, de abrasivos naturais ou artificiais aglomerados ou de cerâmi",Suíça,23949,13,comexstat,2026-10-08
2025,09,8464,"Máquinas-ferramentas para trabalhar pedra, produtos cerâmicos, betão (concreto), fibrocimento ou matérias minerais semelhantes, ou para o trabalho a frio do vidro",Áustria,23831,303,comexstat,2026-10-08
2025,07,8464,"Máquinas-ferramentas para trabalhar pedra, produtos cerâmicos, betão (concreto), fibrocimento ou matérias minerais semelhantes, ou para o trabalho a frio do vidro",Estados Unidos,23808,41,comexstat,2026-10-08
2025,03,6804,"Mós e artefactos semelhantes, sem armação, para moer, desfibrar, triturar, amolar, polir, rectificar ou cortar; pedras para amolar ou para polir, manualmente, e suas partes, de pedras naturais, de abrasivos naturais ou artificiais aglomerados ou de cerâmi",Israel,23722,4651,comexstat,2026-10-08
2025,06,8464,"Máquinas-ferramentas para trabalhar pedra, produtos cerâmicos, betão (concreto), fibrocimento ou matérias minerais semelhantes, ou para o trabalho a frio do vidro",Dinamarca,23381,123,comexstat,2026-10-08
2025,02,6804,"Mós e artefactos semelhantes, sem armação, para moer, desfibrar, triturar, amolar, polir, rectificar ou cortar; pedras para amolar ou para polir, manualmente, e suas partes, de pedras naturais, de abrasivos naturais ou artificiais aglomerados ou de cerâmi",Suíça,22809,403,comexstat,2026-10-08
2025,02,6804,"Mós e artefactos semelhantes, sem armação, para moer, desfibrar, triturar, amolar, polir, rectificar ou cortar; pedras para amolar ou para polir, manualmente, e suas partes, de pedras naturais, de abrasivos naturais ou artificiais aglomerados ou de cerâmi",Turquia,22511,6766,comexstat,2026-10-08
2025,05,6804,"Mós e artefactos semelhantes, sem armação, para moer, desfibrar, triturar, amolar, polir, rectificar ou cortar; pedras para amolar ou para polir, manualmente, e suas partes, de pedras naturais, de abrasivos naturais ou artificiais aglomerados ou de cerâmi",Turquia,22184,3519,comexstat,2026-10-08
2025,04,8464,"Máquinas-ferramentas para trabalhar pedra, produtos cerâmicos, betão (concreto), fibrocimento ou matérias minerais semelhantes, ou para o trabalho a frio do vidro",Bulgária,21921,789,comexstat,2026-10-08
2025,04,6804,"Mós e artefactos semelhantes, sem armação, para moer, desfibrar, triturar, amolar, polir, rectificar ou cortar; pedras para amolar ou para polir, manualmente, e suas partes, de pedras naturais, de abrasivos naturais ou artificiais aglomerados ou de cerâmi",Canadá,21477,192,comexstat,2026-10-08
2025,05,8464,"Máquinas-ferramentas para trabalhar pedra, produtos cerâmicos, betão (concreto), fibrocimento ou matérias minerais semelhantes, ou para o trabalho a frio do vidro",Estados Unidos,21288,597,comexstat,2026-10-08
2025,10,6804,"Mós e artefactos semelhantes, sem armação, para moer, desfibrar, triturar, amolar, polir, rectificar ou cortar; pedras para amolar ou para polir, manualmente, e suas partes, de pedras naturais, de abrasivos naturais ou artificiais aglomerados ou de cerâmi",Bulgária,21039,289,comexstat,2026-10-08
2025,12,6804,"Mós e artefactos semelhantes, sem armação, para moer, desfibrar, triturar, amolar, polir, rectificar ou cortar; pedras para amolar ou para polir, manualmente, e suas partes, de pedras naturais, de abrasivos naturais ou artificiais aglomerados ou de cerâmi",Canadá,20916,32,comexstat,2026-10-08
2025,08,6804,"Mós e artefactos semelhantes, sem armação, para moer, desfibrar, triturar, amolar, polir, rectificar ou cortar; pedras para amolar ou para polir, manualmente, e suas partes, de pedras naturais, de abrasivos naturais ou artificiais aglomerados ou de cerâmi",Taiwan (Formosa),20000,90,comexstat,2026-10-08
2025,07,6804,"Mós e artefactos semelhantes, sem armação, para moer, desfibrar, triturar, amolar, polir, rectificar ou cortar; pedras para amolar ou para polir, manualmente, e suas partes, de pedras naturais, de abrasivos naturais ou artificiais aglomerados ou de cerâmi",Bélgica,19817,180,comexstat,2026-10-08
2025,04,6804,"Mós e artefactos semelhantes, sem armação, para moer, desfibrar, triturar, amolar, polir, rectificar ou cortar; pedras para amolar ou para polir, manualmente, e suas partes, de pedras naturais, de abrasivos naturais ou artificiais aglomerados ou de cerâmi",Hungria,19745,170,comexstat,2026-10-08
2025,01,6804,"Mós e artefactos semelhantes, sem armação, para moer, desfibrar, triturar, amolar, polir, rectificar ou cortar; pedras para amolar ou para polir, manualmente, e suas partes, de pedras naturais, de abrasivos naturais ou artificiais aglomerados ou de cerâmi",Vietnã,19740,750,comexstat,2026-10-08
2025,07,6804,"Mós e artefactos semelhantes, sem armação, para moer, desfibrar, triturar, amolar, polir, rectificar ou cortar; pedras para amolar ou para polir, manualmente, e suas partes, de pedras naturais, de abrasivos naturais ou artificiais aglomerados ou de cerâmi",Indonésia,19190,190,comexstat,2026-10-08
2025,10,8464,"Máquinas-ferramentas para trabalhar pedra, produtos cerâmicos, betão (concreto), fibrocimento ou matérias minerais semelhantes, ou para o trabalho a frio do vidro",Bulgária,18998,890,comexstat,2026-10-08
2025,01,6804,"Mós e artefactos semelhantes, sem armação, para moer, desfibrar, triturar, amolar, polir, rectificar ou cortar; pedras para amolar ou para polir, manualmente, e suas partes, de pedras naturais, de abrasivos naturais ou artificiais aglomerados ou de cerâmi",Taiwan (Formosa),18930,176,comexstat,2026-10-08
2025,11,6804,"Mós e artefactos semelhantes, sem armação, para moer, desfibrar, triturar, amolar, polir, rectificar ou cortar; pedras para amolar ou para polir, manualmente, e suas partes, de pedras naturais, de abrasivos naturais ou artificiais aglomerados ou de cerâmi",Vietnã,18656,834,comexstat,2026-10-08
2025,05,6804,"Mós e artefactos semelhantes, sem armação, para moer, desfibrar, triturar, amolar, polir, rectificar ou cortar; pedras para amolar ou para polir, manualmente, e suas partes, de pedras naturais, de abrasivos naturais ou artificiais aglomerados ou de cerâmi",Vietnã,18485,800,comexstat,2026-10-08
2025,08,8464,"Máquinas-ferramentas para trabalhar pedra, produtos cerâmicos, betão (concreto), fibrocimento ou matérias minerais semelhantes, ou para o trabalho a frio do vidro",Áustria,17998,222,comexstat,2026-10-08
2025,11,6804,"Mós e artefactos semelhantes, sem armação, para moer, desfibrar, triturar, amolar, polir, rectificar ou cortar; pedras para amolar ou para polir, manualmente, e suas partes, de pedras naturais, de abrasivos naturais ou artificiais aglomerados ou de cerâmi",Reino Unido,17684,121,comexstat,2026-10-08
2025,01,8464,"Máquinas-ferramentas para trabalhar pedra, produtos cerâmicos, betão (concreto), fibrocimento ou matérias minerais semelhantes, ou para o trabalho a frio do vidro",Áustria,17477,258,comexstat,2026-10-08
2025,06,8464,"Máquinas-ferramentas para trabalhar pedra, produtos cerâmicos, betão (concreto), fibrocimento ou matérias minerais semelhantes, ou para o trabalho a frio do vidro",Suécia,17328,119,comexstat,2026-10-08
2025,03,6804,"Mós e artefactos semelhantes, sem armação, para moer, desfibrar, triturar, amolar, polir, rectificar ou cortar; pedras para amolar ou para polir, manualmente, e suas partes, de pedras naturais, de abrasivos naturais ou artificiais aglomerados ou de cerâmi",Suécia,17316,984,comexstat,2026-10-08
2025,07,6804,"Mós e artefactos semelhantes, sem armação, para moer, desfibrar, triturar, amolar, polir, rectificar ou cortar; pedras para amolar ou para polir, manualmente, e suas partes, de pedras naturais, de abrasivos naturais ou artificiais aglomerados ou de cerâmi",Turquia,17055,2578,comexstat,2026-10-08
2025,12,6804,"Mós e artefactos semelhantes, sem armação, para moer, desfibrar, triturar, amolar, polir, rectificar ou cortar; pedras para amolar ou para polir, manualmente, e suas partes, de pedras naturais, de abrasivos naturais ou artificiais aglomerados ou de cerâmi",Suécia,16971,67,comexstat,2026-10-08
2025,07,6804,"Mós e artefactos semelhantes, sem armação, para moer, desfibrar, triturar, amolar, polir, rectificar ou cortar; pedras para amolar ou para polir, manualmente, e suas partes, de pedras naturais, de abrasivos naturais ou artificiais aglomerados ou de cerâmi",Suécia,16814,497,comexstat,2026-10-08
2025,07,6804,"Mós e artefactos semelhantes, sem armação, para moer, desfibrar, triturar, amolar, polir, rectificar ou cortar; pedras para amolar ou para polir, manualmente, e suas partes, de pedras naturais, de abrasivos naturais ou artificiais aglomerados ou de cerâmi",Eslovênia,16608,2370,comexstat,2026-10-08
2025,12,6804,"Mós e artefactos semelhantes, sem armação, para moer, desfibrar, triturar, amolar, polir, rectificar ou cortar; pedras para amolar ou para polir, manualmente, e suas partes, de pedras naturais, de abrasivos naturais ou artificiais aglomerados ou de cerâmi",Irlanda,16485,451,comexstat,2026-10-08
2025,09,6804,"Mós e artefactos semelhantes, sem armação, para moer, desfibrar, triturar, amolar, polir, rectificar ou cortar; pedras para amolar ou para polir, manualmente, e suas partes, de pedras naturais, de abrasivos naturais ou artificiais aglomerados ou de cerâmi",Países Baixos (Holanda),16484,15,comexstat,2026-10-08
2025,07,6804,"Mós e artefactos semelhantes, sem armação, para moer, desfibrar, triturar, amolar, polir, rectificar ou cortar; pedras para amolar ou para polir, manualmente, e suas partes, de pedras naturais, de abrasivos naturais ou artificiais aglomerados ou de cerâmi",Taiwan (Formosa),16354,135,comexstat,2026-10-08
2025,03,6804,"Mós e artefactos semelhantes, sem armação, para moer, desfibrar, triturar, amolar, polir, rectificar ou cortar; pedras para amolar ou para polir, manualmente, e suas partes, de pedras naturais, de abrasivos naturais ou artificiais aglomerados ou de cerâmi",Canadá,16121,17,comexstat,2026-10-08
2025,11,6804,"Mós e artefactos semelhantes, sem armação, para moer, desfibrar, triturar, amolar, polir, rectificar ou cortar; pedras para amolar ou para polir, manualmente, e suas partes, de pedras naturais, de abrasivos naturais ou artificiais aglomerados ou de cerâmi",Coreia do Sul,15781,31,comexstat,2026-10-08
2025,07,8464,"Máquinas-ferramentas para trabalhar pedra, produtos cerâmicos, betão (concreto), fibrocimento ou matérias minerais semelhantes, ou para o trabalho a frio do vidro",Áustria,15526,202,comexstat,2026-10-08
2025,02,6804,"Mós e artefactos semelhantes, sem armação, para moer, desfibrar, triturar, amolar, polir, rectificar ou cortar; pedras para amolar ou para polir, manualmente, e suas partes, de pedras naturais, de abrasivos naturais ou artificiais aglomerados ou de cerâmi","Tcheca, República",15472,1212,comexstat,2026-10-08
2025,10,8464,"Máquinas-ferramentas para trabalhar pedra, produtos cerâmicos, betão (concreto), fibrocimento ou matérias minerais semelhantes, ou para o trabalho a frio do vidro",Suécia,15359,116,comexstat,2026-10-08
2025,03,8464,"Máquinas-ferramentas para trabalhar pedra, produtos cerâmicos, betão (concreto), fibrocimento ou matérias minerais semelhantes, ou para o trabalho a frio do vidro",Áustria,15212,121,comexstat,2026-10-08
2025,01,6804,"Mós e artefactos semelhantes, sem armação, para moer, desfibrar, triturar, amolar, polir, rectificar ou cortar; pedras para amolar ou para polir, manualmente, e suas partes, de pedras naturais, de abrasivos naturais ou artificiais aglomerados ou de cerâmi",Eslovênia,15017,2540,comexstat,2026-10-08
2025,04,6804,"Mós e artefactos semelhantes, sem armação, para moer, desfibrar, triturar, amolar, polir, rectificar ou cortar; pedras para amolar ou para polir, manualmente, e suas partes, de pedras naturais, de abrasivos naturais ou artificiais aglomerados ou de cerâmi",Eslovênia,14944,3349,comexstat,2026-10-08
2025,12,6804,"Mós e artefactos semelhantes, sem armação, para moer, desfibrar, triturar, amolar, polir, rectificar ou cortar; pedras para amolar ou para polir, manualmente, e suas partes, de pedras naturais, de abrasivos naturais ou artificiais aglomerados ou de cerâmi",Bulgária,14164,195,comexstat,2026-10-08
2025,09,6804,"Mós e artefactos semelhantes, sem armação, para moer, desfibrar, triturar, amolar, polir, rectificar ou cortar; pedras para amolar ou para polir, manualmente, e suas partes, de pedras naturais, de abrasivos naturais ou artificiais aglomerados ou de cerâmi",Suécia,14152,22,comexstat,2026-10-08
2025,04,6804,"Mós e artefactos semelhantes, sem armação, para moer, desfibrar, triturar, amolar, polir, rectificar ou cortar; pedras para amolar ou para polir, manualmente, e suas partes, de pedras naturais, de abrasivos naturais ou artificiais aglomerados ou de cerâmi",Turquia,13818,5711,comexstat,2026-10-08
2025,04,6804,"Mós e artefactos semelhantes, sem armação, para moer, desfibrar, triturar, amolar, polir, rectificar ou cortar; pedras para amolar ou para polir, manualmente, e suas partes, de pedras naturais, de abrasivos naturais ou artificiais aglomerados ou de cerâmi",Indonésia,13626,153,comexstat,2026-10-08
2025,03,6804,"Mós e artefactos semelhantes, sem armação, para moer, desfibrar, triturar, amolar, polir, rectificar ou cortar; pedras para amolar ou para polir, manualmente, e suas partes, de pedras naturais, de abrasivos naturais ou artificiais aglomerados ou de cerâmi","Tcheca, República",13607,1299,comexstat,2026-10-08
2025,08,6804,"Mós e artefactos semelhantes, sem armação, para moer, desfibrar, triturar, amolar, polir, rectificar ou cortar; pedras para amolar ou para polir, manualmente, e suas partes, de pedras naturais, de abrasivos naturais ou artificiais aglomerados ou de cerâmi",Turquia,13559,1636,comexstat,2026-10-08
2025,11,6804,"Mós e artefactos semelhantes, sem armação, para moer, desfibrar, triturar, amolar, polir, rectificar ou cortar; pedras para amolar ou para polir, manualmente, e suas partes, de pedras naturais, de abrasivos naturais ou artificiais aglomerados ou de cerâmi",Eslovênia,13297,2309,comexstat,2026-10-08
2025,03,6804,"Mós e artefactos semelhantes, sem armação, para moer, desfibrar, triturar, amolar, polir, rectificar ou cortar; pedras para amolar ou para polir, manualmente, e suas partes, de pedras naturais, de abrasivos naturais ou artificiais aglomerados ou de cerâmi",Eslovênia,13283,2639,comexstat,2026-10-08
2025,11,6804,"Mós e artefactos semelhantes, sem armação, para moer, desfibrar, triturar, amolar, polir, rectificar ou cortar; pedras para amolar ou para polir, manualmente, e suas partes, de pedras naturais, de abrasivos naturais ou artificiais aglomerados ou de cerâmi",Indonésia,13084,176,comexstat,2026-10-08
2025,07,6804,"Mós e artefactos semelhantes, sem armação, para moer, desfibrar, triturar, amolar, polir, rectificar ou cortar; pedras para amolar ou para polir, manualmente, e suas partes, de pedras naturais, de abrasivos naturais ou artificiais aglomerados ou de cerâmi",Países Baixos (Holanda),13040,495,comexstat,2026-10-08
2025,06,6804,"Mós e artefactos semelhantes, sem armação, para moer, desfibrar, triturar, amolar, polir, rectificar ou cortar; pedras para amolar ou para polir, manualmente, e suas partes, de pedras naturais, de abrasivos naturais ou artificiais aglomerados ou de cerâmi",Vietnã,12848,518,comexstat,2026-10-08
2025,06,6804,"Mós e artefactos semelhantes, sem armação, para moer, desfibrar, triturar, amolar, polir, rectificar ou cortar; pedras para amolar ou para polir, manualmente, e suas partes, de pedras naturais, de abrasivos naturais ou artificiais aglomerados ou de cerâmi",Polônia,12676,981,comexstat,2026-10-08
2025,12,6804,"Mós e artefactos semelhantes, sem armação, para moer, desfibrar, triturar, amolar, polir, rectificar ou cortar; pedras para amolar ou para polir, manualmente, e suas partes, de pedras naturais, de abrasivos naturais ou artificiais aglomerados ou de cerâmi",Reino Unido,12577,24,comexstat,2026-10-08
2025,09,6804,"Mós e artefactos semelhantes, sem armação, para moer, desfibrar, triturar, amolar, polir, rectificar ou cortar; pedras para amolar ou para polir, manualmente, e suas partes, de pedras naturais, de abrasivos naturais ou artificiais aglomerados ou de cerâmi",França,12494,449,comexstat,2026-10-08
2025,09,8464,"Máquinas-ferramentas para trabalhar pedra, produtos cerâmicos, betão (concreto), fibrocimento ou matérias minerais semelhantes, ou para o trabalho a frio do vidro",Estados Unidos,12035,597,comexstat,2026-10-08
2025,12,6804,"Mós e artefactos semelhantes, sem armação, para moer, desfibrar, triturar, amolar, polir, rectificar ou cortar; pedras para amolar ou para polir, manualmente, e suas partes, de pedras naturais, de abrasivos naturais ou artificiais aglomerados ou de cerâmi",Turquia,11959,2985,comexstat,2026-10-08
2025,06,6804,"Mós e artefactos semelhantes, sem armação, para moer, desfibrar, triturar, amolar, polir, rectificar ou cortar; pedras para amolar ou para polir, manualmente, e suas partes, de pedras naturais, de abrasivos naturais ou artificiais aglomerados ou de cerâmi",Indonésia,11854,111,comexstat,2026-10-08
2025,01,6804,"Mós e artefactos semelhantes, sem armação, para moer, desfibrar, triturar, amolar, polir, rectificar ou cortar; pedras para amolar ou para polir, manualmente, e suas partes, de pedras naturais, de abrasivos naturais ou artificiais aglomerados ou de cerâmi",Canadá,11842,19,comexstat,2026-10-08
2025,08,6804,"Mós e artefactos semelhantes, sem armação, para moer, desfibrar, triturar, amolar, polir, rectificar ou cortar; pedras para amolar ou para polir, manualmente, e suas partes, de pedras naturais, de abrasivos naturais ou artificiais aglomerados ou de cerâmi",Indonésia,11784,140,comexstat,2026-10-08
2025,12,6804,"Mós e artefactos semelhantes, sem armação, para moer, desfibrar, triturar, amolar, polir, rectificar ou cortar; pedras para amolar ou para polir, manualmente, e suas partes, de pedras naturais, de abrasivos naturais ou artificiais aglomerados ou de cerâmi",México,11641,223,comexstat,2026-10-08
2025,11,6804,"Mós e artefactos semelhantes, sem armação, para moer, desfibrar, triturar, amolar, polir, rectificar ou cortar; pedras para amolar ou para polir, manualmente, e suas partes, de pedras naturais, de abrasivos naturais ou artificiais aglomerados ou de cerâmi",Hungria,11592,322,comexstat,2026-10-08
2025,02,6804,"Mós e artefactos semelhantes, sem armação, para moer, desfibrar, triturar, amolar, polir, rectificar ou cortar; pedras para amolar ou para polir, manualmente, e suas partes, de pedras naturais, de abrasivos naturais ou artificiais aglomerados ou de cerâmi",Finlândia,11533,530,comexstat,2026-10-08
2025,12,8464,"Máquinas-ferramentas para trabalhar pedra, produtos cerâmicos, betão (concreto), fibrocimento ou matérias minerais semelhantes, ou para o trabalho a frio do vidro",Bulgária,11382,371,comexstat,2026-10-08
2025,05,6804,"Mós e artefactos semelhantes, sem armação, para moer, desfibrar, triturar, amolar, polir, rectificar ou cortar; pedras para amolar ou para polir, manualmente, e suas partes, de pedras naturais, de abrasivos naturais ou artificiais aglomerados ou de cerâmi",Eslovênia,11004,2205,comexstat,2026-10-08
2025,02,6804,"Mós e artefactos semelhantes, sem armação, para moer, desfibrar, triturar, amolar, polir, rectificar ou cortar; pedras para amolar ou para polir, manualmente, e suas partes, de pedras naturais, de abrasivos naturais ou artificiais aglomerados ou de cerâmi",San Marino,10985,22,comexstat,2026-10-08
2025,07,6804,"Mós e artefactos semelhantes, sem armação, para moer, desfibrar, triturar, amolar, polir, rectificar ou cortar; pedras para amolar ou para polir, manualmente, e suas partes, de pedras naturais, de abrasivos naturais ou artificiais aglomerados ou de cerâmi",Dinamarca,10761,39,comexstat,2026-10-08
2025,09,8464,"Máquinas-ferramentas para trabalhar pedra, produtos cerâmicos, betão (concreto), fibrocimento ou matérias minerais semelhantes, ou para o trabalho a frio do vidro",Reino Unido,10480,1236,comexstat,2026-10-08
2025,09,6804,"Mós e artefactos semelhantes, sem armação, para moer, desfibrar, triturar, amolar, polir, rectificar ou cortar; pedras para amolar ou para polir, manualmente, e suas partes, de pedras naturais, de abrasivos naturais ou artificiais aglomerados ou de cerâmi",Hungria,10309,275,comexstat,2026-10-08
2025,02,6804,"Mós e artefactos semelhantes, sem armação, para moer, desfibrar, triturar, amolar, polir, rectificar ou cortar; pedras para amolar ou para polir, manualmente, e suas partes, de pedras naturais, de abrasivos naturais ou artificiais aglomerados ou de cerâmi",Eslovênia,10179,1895,comexstat,2026-10-08
2025,06,8464,"Máquinas-ferramentas para trabalhar pedra, produtos cerâmicos, betão (concreto), fibrocimento ou matérias minerais semelhantes, ou para o trabalho a frio do vidro",Hong Kong,10000,3200,comexstat,2026-10-08
2025,03,8464,"Máquinas-ferramentas para trabalhar pedra, produtos cerâmicos, betão (concreto), fibrocimento ou matérias minerais semelhantes, ou para o trabalho a frio do vidro",Japão,9820,2430,comexstat,2026-10-08
2025,08,6804,"Mós e artefactos semelhantes, sem armação, para moer, desfibrar, triturar, amolar, polir, rectificar ou cortar; pedras para amolar ou para polir, manualmente, e suas partes, de pedras naturais, de abrasivos naturais ou artificiais aglomerados ou de cerâmi",Chile,9602,18,comexstat,2026-10-08
2025,06,6804,"Mós e artefactos semelhantes, sem armação, para moer, desfibrar, triturar, amolar, polir, rectificar ou cortar; pedras para amolar ou para polir, manualmente, e suas partes, de pedras naturais, de abrasivos naturais ou artificiais aglomerados ou de cerâmi",Reino Unido,9589,1409,comexstat,2026-10-08
2025,06,6804,"Mós e artefactos semelhantes, sem armação, para moer, desfibrar, triturar, amolar, polir, rectificar ou cortar; pedras para amolar ou para polir, manualmente, e suas partes, de pedras naturais, de abrasivos naturais ou artificiais aglomerados ou de cerâmi",Suécia,9419,22,comexstat,2026-10-08
2025,09,6804,"Mós e artefactos semelhantes, sem armação, para moer, desfibrar, triturar, amolar, polir, rectificar ou cortar; pedras para amolar ou para polir, manualmente, e suas partes, de pedras naturais, de abrasivos naturais ou artificiais aglomerados ou de cerâmi","Tcheca, República",9413,992,comexstat,2026-10-08
2025,10,6804,"Mós e artefactos semelhantes, sem armação, para moer, desfibrar, triturar, amolar, polir, rectificar ou cortar; pedras para amolar ou para polir, manualmente, e suas partes, de pedras naturais, de abrasivos naturais ou artificiais aglomerados ou de cerâmi",Indonésia,9364,124,comexstat,2026-10-08
2025,08,6804,"Mós e artefactos semelhantes, sem armação, para moer, desfibrar, triturar, amolar, polir, rectificar ou cortar; pedras para amolar ou para polir, manualmente, e suas partes, de pedras naturais, de abrasivos naturais ou artificiais aglomerados ou de cerâmi",Suécia,9218,17,comexstat,2026-10-08
2025,07,8464,"Máquinas-ferramentas para trabalhar pedra, produtos cerâmicos, betão (concreto), fibrocimento ou matérias minerais semelhantes, ou para o trabalho a frio do vidro",Japão,9130,34,comexstat,2026-10-08
2025,04,6804,"Mós e artefactos semelhantes, sem armação, para moer, desfibrar, triturar, amolar, polir, rectificar ou cortar; pedras para amolar ou para polir, manualmente, e suas partes, de pedras naturais, de abrasivos naturais ou artificiais aglomerados ou de cerâmi",Luxemburgo,9088,280,comexstat,2026-10-08
2025,06,6804,"Mós e artefactos semelhantes, sem armação, para moer, desfibrar, triturar, amolar, polir, rectificar ou cortar; pedras para amolar ou para polir, manualmente, e suas partes, de pedras naturais, de abrasivos naturais ou artificiais aglomerados ou de cerâmi",México,9060,75,comexstat,2026-10-08
2025,01,6804,"Mós e artefactos semelhantes, sem armação, para moer, desfibrar, triturar, amolar, polir, rectificar ou cortar; pedras para amolar ou para polir, manualmente, e suas partes, de pedras naturais, de abrasivos naturais ou artificiais aglomerados ou de cerâmi",Hong Kong,7877,1487,comexstat,2026-10-08
2025,05,8464,"Máquinas-ferramentas para trabalhar pedra, produtos cerâmicos, betão (concreto), fibrocimento ou matérias minerais semelhantes, ou para o trabalho a frio do vidro",Áustria,7579,101,comexstat,2026-10-08
2025,03,6804,"Mós e artefactos semelhantes, sem armação, para moer, desfibrar, triturar, amolar, polir, rectificar ou cortar; pedras para amolar ou para polir, manualmente, e suas partes, de pedras naturais, de abrasivos naturais ou artificiais aglomerados ou de cerâmi",Países Baixos (Holanda),7570,657,comexstat,2026-10-08
2025,02,6804,"Mós e artefactos semelhantes, sem armação, para moer, desfibrar, triturar, amolar, polir, rectificar ou cortar; pedras para amolar ou para polir, manualmente, e suas partes, de pedras naturais, de abrasivos naturais ou artificiais aglomerados ou de cerâmi",Reino Unido,7058,6,comexstat,2026-10-08
2025,02,6804,"Mós e artefactos semelhantes, sem armação, para moer, desfibrar, triturar, amolar, polir, rectificar ou cortar; pedras para amolar ou para polir, manualmente, e suas partes, de pedras naturais, de abrasivos naturais ou artificiais aglomerados ou de cerâmi",México,7005,417,comexstat,2026-10-08
2025,04,6804,"Mós e artefactos semelhantes, sem armação, para moer, desfibrar, triturar, amolar, polir, rectificar ou cortar; pedras para amolar ou para polir, manualmente, e suas partes, de pedras naturais, de abrasivos naturais ou artificiais aglomerados ou de cerâmi",Vietnã,6833,145,comexstat,2026-10-08
2025,10,6804,"Mós e artefactos semelhantes, sem armação, para moer, desfibrar, triturar, amolar, polir, rectificar ou cortar; pedras para amolar ou para polir, manualmente, e suas partes, de pedras naturais, de abrasivos naturais ou artificiais aglomerados ou de cerâmi","Tcheca, República",6742,712,comexstat,2026-10-08
2025,12,6804,"Mós e artefactos semelhantes, sem armação, para moer, desfibrar, triturar, amolar, polir, rectificar ou cortar; pedras para amolar ou para polir, manualmente, e suas partes, de pedras naturais, de abrasivos naturais ou artificiais aglomerados ou de cerâmi","Tcheca, República",6718,564,comexstat,2026-10-08
2025,04,6804,"Mós e artefactos semelhantes, sem armação, para moer, desfibrar, triturar, amolar, polir, rectificar ou cortar; pedras para amolar ou para polir, manualmente, e suas partes, de pedras naturais, de abrasivos naturais ou artificiais aglomerados ou de cerâmi","Tcheca, República",6647,642,comexstat,2026-10-08
2025,01,6804,"Mós e artefactos semelhantes, sem armação, para moer, desfibrar, triturar, amolar, polir, rectificar ou cortar; pedras para amolar ou para polir, manualmente, e suas partes, de pedras naturais, de abrasivos naturais ou artificiais aglomerados ou de cerâmi",Dinamarca,6387,16,comexstat,2026-10-08
2025,04,8464,"Máquinas-ferramentas para trabalhar pedra, produtos cerâmicos, betão (concreto), fibrocimento ou matérias minerais semelhantes, ou para o trabalho a frio do vidro",Suécia,5900,117,comexstat,2026-10-08
2025,11,6804,"Mós e artefactos semelhantes, sem armação, para moer, desfibrar, triturar, amolar, polir, rectificar ou cortar; pedras para amolar ou para polir, manualmente, e suas partes, de pedras naturais, de abrasivos naturais ou artificiais aglomerados ou de cerâmi",Dinamarca,5865,17,comexstat,2026-10-08
2025,01,8464,"Máquinas-ferramentas para trabalhar pedra, produtos cerâmicos, betão (concreto), fibrocimento ou matérias minerais semelhantes, ou para o trabalho a frio do vidro",Suécia,5826,92,comexstat,2026-10-08
2025,06,6804,"Mós e artefactos semelhantes, sem armação, para moer, desfibrar, triturar, amolar, polir, rectificar ou cortar; pedras para amolar ou para polir, manualmente, e suas partes, de pedras naturais, de abrasivos naturais ou artificiais aglomerados ou de cerâmi","Tcheca, República",5721,465,comexstat,2026-10-08
2025,11,8464,"Máquinas-ferramentas para trabalhar pedra, produtos cerâmicos, betão (concreto), fibrocimento ou matérias minerais semelhantes, ou para o trabalho a frio do vidro",Bulgária,5707,186,comexstat,2026-10-08
2025,05,6804,"Mós e artefactos semelhantes, sem armação, para moer, desfibrar, triturar, amolar, polir, rectificar ou cortar; pedras para amolar ou para polir, manualmente, e suas partes, de pedras naturais, de abrasivos naturais ou artificiais aglomerados ou de cerâmi","Tcheca, República",5625,760,comexstat,2026-10-08
2025,06,6804,"Mós e artefactos semelhantes, sem armação, para moer, desfibrar, triturar, amolar, polir, rectificar ou cortar; pedras para amolar ou para polir, manualmente, e suas partes, de pedras naturais, de abrasivos naturais ou artificiais aglomerados ou de cerâmi",Países Baixos (Holanda),5612,8,comexstat,2026-10-08
2025,06,8464,"Máquinas-ferramentas para trabalhar pedra, produtos cerâmicos, betão (concreto), fibrocimento ou matérias minerais semelhantes, ou para o trabalho a frio do vidro",Bulgária,5473,235,comexstat,2026-10-08
2025,07,6804,"Mós e artefactos semelhantes, sem armação, para moer, desfibrar, triturar, amolar, polir, rectificar ou cortar; pedras para amolar ou para polir, manualmente, e suas partes, de pedras naturais, de abrasivos naturais ou artificiais aglomerados ou de cerâmi",Tailândia,5439,481,comexstat,2026-10-08
2025,04,6804,"Mós e artefactos semelhantes, sem armação, para moer, desfibrar, triturar, amolar, polir, rectificar ou cortar; pedras para amolar ou para polir, manualmente, e suas partes, de pedras naturais, de abrasivos naturais ou artificiais aglomerados ou de cerâmi",Ucrânia,5201,1057,comexstat,2026-10-08
2025,01,6804,"Mós e artefactos semelhantes, sem armação, para moer, desfibrar, triturar, amolar, polir, rectificar ou cortar; pedras para amolar ou para polir, manualmente, e suas partes, de pedras naturais, de abrasivos naturais ou artificiais aglomerados ou de cerâmi",Israel,5148,558,comexstat,2026-10-08
2025,03,8464,"Máquinas-ferramentas para trabalhar pedra, produtos cerâmicos, betão (concreto), fibrocimento ou matérias minerais semelhantes, ou para o trabalho a frio do vidro",Bulgária,5059,127,comexstat,2026-10-08
2025,07,6804,"Mós e artefactos semelhantes, sem armação, para moer, desfibrar, triturar, amolar, polir, rectificar ou cortar; pedras para amolar ou para polir, manualmente, e suas partes, de pedras naturais, de abrasivos naturais ou artificiais aglomerados ou de cerâmi",México,4929,33,comexstat,2026-10-08
2025,04,6804,"Mós e artefactos semelhantes, sem armação, para moer, desfibrar, triturar, amolar, polir, rectificar ou cortar; pedras para amolar ou para polir, manualmente, e suas partes, de pedras naturais, de abrasivos naturais ou artificiais aglomerados ou de cerâmi",México,4883,189,comexstat,2026-10-08
2025,07,6804,"Mós e artefactos semelhantes, sem armação, para moer, desfibrar, triturar, amolar, polir, rectificar ou cortar; pedras para amolar ou para polir, manualmente, e suas partes, de pedras naturais, de abrasivos naturais ou artificiais aglomerados ou de cerâmi",Vietnã,4827,226,comexstat,2026-10-08
2025,04,8464,"Máquinas-ferramentas para trabalhar pedra, produtos cerâmicos, betão (concreto), fibrocimento ou matérias minerais semelhantes, ou para o trabalho a frio do vidro",Quênia,4805,77,comexstat,2026-10-08
2025,05,8464,"Máquinas-ferramentas para trabalhar pedra, produtos cerâmicos, betão (concreto), fibrocimento ou matérias minerais semelhantes, ou para o trabalho a frio do vidro",Hong Kong,4620,900,comexstat,2026-10-08
2025,10,6804,"Mós e artefactos semelhantes, sem armação, para moer, desfibrar, triturar, amolar, polir, rectificar ou cortar; pedras para amolar ou para polir, manualmente, e suas partes, de pedras naturais, de abrasivos naturais ou artificiais aglomerados ou de cerâmi",Eslovênia,4509,908,comexstat,2026-10-08
2025,09,6804,"Mós e artefactos semelhantes, sem armação, para moer, desfibrar, triturar, amolar, polir, rectificar ou cortar; pedras para amolar ou para polir, manualmente, e suas partes, de pedras naturais, de abrasivos naturais ou artificiais aglomerados ou de cerâmi",Bulgária,4487,36,comexstat,2026-10-08
2025,03,8464,"Máquinas-ferramentas para trabalhar pedra, produtos cerâmicos, betão (concreto), fibrocimento ou matérias minerais semelhantes, ou para o trabalho a frio do vidro",Estados Unidos,4380,23,comexstat,2026-10-08
2025,04,6804,"Mós e artefactos semelhantes, sem armação, para moer, desfibrar, triturar, amolar, polir, rectificar ou cortar; pedras para amolar ou para polir, manualmente, e suas partes, de pedras naturais, de abrasivos naturais ou artificiais aglomerados ou de cerâmi",Dinamarca,4350,5,comexstat,2026-10-08
2025,07,6804,"Mós e artefactos semelhantes, sem armação, para moer, desfibrar, triturar, amolar, polir, rectificar ou cortar; pedras para amolar ou para polir, manualmente, e suas partes, de pedras naturais, de abrasivos naturais ou artificiais aglomerados ou de cerâmi",Bulgária,4312,24,comexstat,2026-10-08
2025,03,6804,"Mós e artefactos semelhantes, sem armação, para moer, desfibrar, triturar, amolar, polir, rectificar ou cortar; pedras para amolar ou para polir, manualmente, e suas partes, de pedras naturais, de abrasivos naturais ou artificiais aglomerados ou de cerâmi",Vietnã,4286,42,comexstat,2026-10-08
2025,01,6804,"Mós e artefactos semelhantes, sem armação, para moer, desfibrar, triturar, amolar, polir, rectificar ou cortar; pedras para amolar ou para polir, manualmente, e suas partes, de pedras naturais, de abrasivos naturais ou artificiais aglomerados ou de cerâmi",Turquia,4281,1359,comexstat,2026-10-08
2025,01,6804,"Mós e artefactos semelhantes, sem armação, para moer, desfibrar, triturar, amolar, polir, rectificar ou cortar; pedras para amolar ou para polir, manualmente, e suas partes, de pedras naturais, de abrasivos naturais ou artificiais aglomerados ou de cerâmi",Finlândia,4072,6,comexstat,2026-10-08
2025,11,8464,"Máquinas-ferramentas para trabalhar pedra, produtos cerâmicos, betão (concreto), fibrocimento ou matérias minerais semelhantes, ou para o trabalho a frio do vidro",Estados Unidos,4051,72,comexstat,2026-10-08
2025,12,6804,"Mós e artefactos semelhantes, sem armação, para moer, desfibrar, triturar, amolar, polir, rectificar ou cortar; pedras para amolar ou para polir, manualmente, e suas partes, de pedras naturais, de abrasivos naturais ou artificiais aglomerados ou de cerâmi",Dinamarca,3934,23,comexstat,2026-10-08
2025,02,6804,"Mós e artefactos semelhantes, sem armação, para moer, desfibrar, triturar, amolar, polir, rectificar ou cortar; pedras para amolar ou para polir, manualmente, e suas partes, de pedras naturais, de abrasivos naturais ou artificiais aglomerados ou de cerâmi",Paraguai,3703,623,comexstat,2026-10-08
2025,11,6804,"Mós e artefactos semelhantes, sem armação, para moer, desfibrar, triturar, amolar, polir, rectificar ou cortar; pedras para amolar ou para polir, manualmente, e suas partes, de pedras naturais, de abrasivos naturais ou artificiais aglomerados ou de cerâmi",Israel,3647,15,comexstat,2026-10-08
2025,03,8464,"Máquinas-ferramentas para trabalhar pedra, produtos cerâmicos, betão (concreto), fibrocimento ou matérias minerais semelhantes, ou para o trabalho a frio do vidro",Suécia,3552,16,comexstat,2026-10-08
2025,06,6804,"Mós e artefactos semelhantes, sem armação, para moer, desfibrar, triturar, amolar, polir, rectificar ou cortar; pedras para amolar ou para polir, manualmente, e suas partes, de pedras naturais, de abrasivos naturais ou artificiais aglomerados ou de cerâmi",Israel,3397,8,comexstat,2026-10-08
2025,04,6804,"Mós e artefactos semelhantes, sem armação, para moer, desfibrar, triturar, amolar, polir, rectificar ou cortar; pedras para amolar ou para polir, manualmente, e suas partes, de pedras naturais, de abrasivos naturais ou artificiais aglomerados ou de cerâmi",Suécia,3363,3,comexstat,2026-10-08
2025,05,6804,"Mós e artefactos semelhantes, sem armação, para moer, desfibrar, triturar, amolar, polir, rectificar ou cortar; pedras para amolar ou para polir, manualmente, e suas partes, de pedras naturais, de abrasivos naturais ou artificiais aglomerados ou de cerâmi",México,3293,25,comexstat,2026-10-08
2025,10,6804,"Mós e artefactos semelhantes, sem armação, para moer, desfibrar, triturar, amolar, polir, rectificar ou cortar; pedras para amolar ou para polir, manualmente, e suas partes, de pedras naturais, de abrasivos naturais ou artificiais aglomerados ou de cerâmi",Ucrânia,3236,111,comexstat,2026-10-08
2025,01,6804,"Mós e artefactos semelhantes, sem armação, para moer, desfibrar, triturar, amolar, polir, rectificar ou cortar; pedras para amolar ou para polir, manualmente, e suas partes, de pedras naturais, de abrasivos naturais ou artificiais aglomerados ou de cerâmi",Bélgica,3161,16,comexstat,2026-10-08
2025,05,6804,"Mós e artefactos semelhantes, sem armação, para moer, desfibrar, triturar, amolar, polir, rectificar ou cortar; pedras para amolar ou para polir, manualmente, e suas partes, de pedras naturais, de abrasivos naturais ou artificiais aglomerados ou de cerâmi",Dinamarca,3154,2,comexstat,2026-10-08
2025,03,6804,"Mós e artefactos semelhantes, sem armação, para moer, desfibrar, triturar, amolar, polir, rectificar ou cortar; pedras para amolar ou para polir, manualmente, e suas partes, de pedras naturais, de abrasivos naturais ou artificiais aglomerados ou de cerâmi",Bulgária,3092,21,comexstat,2026-10-08
2025,10,6804,"Mós e artefactos semelhantes, sem armação, para moer, desfibrar, triturar, amolar, polir, rectificar ou cortar; pedras para amolar ou para polir, manualmente, e suas partes, de pedras naturais, de abrasivos naturais ou artificiais aglomerados ou de cerâmi",Singapura,3084,252,comexstat,2026-10-08
2025,03,6804,"Mós e artefactos semelhantes, sem armação, para moer, desfibrar, triturar, amolar, polir, rectificar ou cortar; pedras para amolar ou para polir, manualmente, e suas partes, de pedras naturais, de abrasivos naturais ou artificiais aglomerados ou de cerâmi",México,2955,23,comexstat,2026-10-08
2025,12,6804,"Mós e artefactos semelhantes, sem armação, para moer, desfibrar, triturar, amolar, polir, rectificar ou cortar; pedras para amolar ou para polir, manualmente, e suas partes, de pedras naturais, de abrasivos naturais ou artificiais aglomerados ou de cerâmi",Vietnã,2918,38,comexstat,2026-10-08
2025,07,6804,"Mós e artefactos semelhantes, sem armação, para moer, desfibrar, triturar, amolar, polir, rectificar ou cortar; pedras para amolar ou para polir, manualmente, e suas partes, de pedras naturais, de abrasivos naturais ou artificiais aglomerados ou de cerâmi","Tcheca, República",2873,151,comexstat,2026-10-08
2025,09,6804,"Mós e artefactos semelhantes, sem armação, para moer, desfibrar, triturar, amolar, polir, rectificar ou cortar; pedras para amolar ou para polir, manualmente, e suas partes, de pedras naturais, de abrasivos naturais ou artificiais aglomerados ou de cerâmi",Eslovênia,2855,488,comexstat,2026-10-08
2025,08,6804,"Mós e artefactos semelhantes, sem armação, para moer, desfibrar, triturar, amolar, polir, rectificar ou cortar; pedras para amolar ou para polir, manualmente, e suas partes, de pedras naturais, de abrasivos naturais ou artificiais aglomerados ou de cerâmi",Eslovênia,2800,353,comexstat,2026-10-08
2025,01,6804,"Mós e artefactos semelhantes, sem armação, para moer, desfibrar, triturar, amolar, polir, rectificar ou cortar; pedras para amolar ou para polir, manualmente, e suas partes, de pedras naturais, de abrasivos naturais ou artificiais aglomerados ou de cerâmi",México,2712,40,comexstat,2026-10-08
2025,01,8464,"Máquinas-ferramentas para trabalhar pedra, produtos cerâmicos, betão (concreto), fibrocimento ou matérias minerais semelhantes, ou para o trabalho a frio do vidro",Espanha,2660,644,comexstat,2026-10-08
2025,08,6804,"Mós e artefactos semelhantes, sem armação, para moer, desfibrar, triturar, amolar, polir, rectificar ou cortar; pedras para amolar ou para polir, manualmente, e suas partes, de pedras naturais, de abrasivos naturais ou artificiais aglomerados ou de cerâmi",México,2486,9,comexstat,2026-10-08
2025,10,6804,"Mós e artefactos semelhantes, sem armação, para moer, desfibrar, triturar, amolar, polir, rectificar ou cortar; pedras para amolar ou para polir, manualmente, e suas partes, de pedras naturais, de abrasivos naturais ou artificiais aglomerados ou de cerâmi",Luxemburgo,2324,64,comexstat,2026-10-08
2025,10,6804,"Mós e artefactos semelhantes, sem armação, para moer, desfibrar, triturar, amolar, polir, rectificar ou cortar; pedras para amolar ou para polir, manualmente, e suas partes, de pedras naturais, de abrasivos naturais ou artificiais aglomerados ou de cerâmi",México,2127,10,comexstat,2026-10-08
2025,03,6804,"Mós e artefactos semelhantes, sem armação, para moer, desfibrar, triturar, amolar, polir, rectificar ou cortar; pedras para amolar ou para polir, manualmente, e suas partes, de pedras naturais, de abrasivos naturais ou artificiais aglomerados ou de cerâmi",Dinamarca,2068,15,comexstat,2026-10-08
2025,07,6804,"Mós e artefactos semelhantes, sem armação, para moer, desfibrar, triturar, amolar, polir, rectificar ou cortar; pedras para amolar ou para polir, manualmente, e suas partes, de pedras naturais, de abrasivos naturais ou artificiais aglomerados ou de cerâmi",Luxemburgo,2025,5,comexstat,2026-10-08
2025,05,6804,"Mós e artefactos semelhantes, sem armação, para moer, desfibrar, triturar, amolar, polir, rectificar ou cortar; pedras para amolar ou para polir, manualmente, e suas partes, de pedras naturais, de abrasivos naturais ou artificiais aglomerados ou de cerâmi",Hong Kong,1964,367,comexstat,2026-10-08
2025,10,6804,"Mós e artefactos semelhantes, sem armação, para moer, desfibrar, triturar, amolar, polir, rectificar ou cortar; pedras para amolar ou para polir, manualmente, e suas partes, de pedras naturais, de abrasivos naturais ou artificiais aglomerados ou de cerâmi",Israel,1896,5,comexstat,2026-10-08
2025,05,6804,"Mós e artefactos semelhantes, sem armação, para moer, desfibrar, triturar, amolar, polir, rectificar ou cortar; pedras para amolar ou para polir, manualmente, e suas partes, de pedras naturais, de abrasivos naturais ou artificiais aglomerados ou de cerâmi",Ucrânia,1561,71,comexstat,2026-10-08
2025,09,6804,"Mós e artefactos semelhantes, sem armação, para moer, desfibrar, triturar, amolar, polir, rectificar ou cortar; pedras para amolar ou para polir, manualmente, e suas partes, de pedras naturais, de abrasivos naturais ou artificiais aglomerados ou de cerâmi",Indonésia,1553,13,comexstat,2026-10-08
2025,12,6804,"Mós e artefactos semelhantes, sem armação, para moer, desfibrar, triturar, amolar, polir, rectificar ou cortar; pedras para amolar ou para polir, manualmente, e suas partes, de pedras naturais, de abrasivos naturais ou artificiais aglomerados ou de cerâmi",Israel,1528,2,comexstat,2026-10-08
2025,04,6804,"Mós e artefactos semelhantes, sem armação, para moer, desfibrar, triturar, amolar, polir, rectificar ou cortar; pedras para amolar ou para polir, manualmente, e suas partes, de pedras naturais, de abrasivos naturais ou artificiais aglomerados ou de cerâmi",África do Sul,1446,158,comexstat,2026-10-08
2025,01,6804,"Mós e artefactos semelhantes, sem armação, para moer, desfibrar, triturar, amolar, polir, rectificar ou cortar; pedras para amolar ou para polir, manualmente, e suas partes, de pedras naturais, de abrasivos naturais ou artificiais aglomerados ou de cerâmi",Jamaica,1440,960,comexstat,2026-10-08
2025,10,6804,"Mós e artefactos semelhantes, sem armação, para moer, desfibrar, triturar, amolar, polir, rectificar ou cortar; pedras para amolar ou para polir, manualmente, e suas partes, de pedras naturais, de abrasivos naturais ou artificiais aglomerados ou de cerâmi",Hong Kong,1421,252,comexstat,2026-10-08
2025,09,6804,"Mós e artefactos semelhantes, sem armação, para moer, desfibrar, triturar, amolar, polir, rectificar ou cortar; pedras para amolar ou para polir, manualmente, e suas partes, de pedras naturais, de abrasivos naturais ou artificiais aglomerados ou de cerâmi",África do Sul,1418,142,comexstat,2026-10-08
2025,06,6804,"Mós e artefactos semelhantes, sem armação, para moer, desfibrar, triturar, amolar, polir, rectificar ou cortar; pedras para amolar ou para polir, manualmente, e suas partes, de pedras naturais, de abrasivos naturais ou artificiais aglomerados ou de cerâmi",África do Sul,1412,90,comexstat,2026-10-08
2025,11,6804,"Mós e artefactos semelhantes, sem armação, para moer, desfibrar, triturar, amolar, polir, rectificar ou cortar; pedras para amolar ou para polir, manualmente, e suas partes, de pedras naturais, de abrasivos naturais ou artificiais aglomerados ou de cerâmi",Finlândia,1396,7,comexstat,2026-10-08
2025,03,6804,"Mós e artefactos semelhantes, sem armação, para moer, desfibrar, triturar, amolar, polir, rectificar ou cortar; pedras para amolar ou para polir, manualmente, e suas partes, de pedras naturais, de abrasivos naturais ou artificiais aglomerados ou de cerâmi",África do Sul,1350,19,comexstat,2026-10-08
2025,03,8464,"Máquinas-ferramentas para trabalhar pedra, produtos cerâmicos, betão (concreto), fibrocimento ou matérias minerais semelhantes, ou para o trabalho a frio do vidro",Hong Kong,1341,160,comexstat,2026-10-08
2025,11,6804,"Mós e artefactos semelhantes, sem armação, para moer, desfibrar, triturar, amolar, polir, rectificar ou cortar; pedras para amolar ou para polir, manualmente, e suas partes, de pedras naturais, de abrasivos naturais ou artificiais aglomerados ou de cerâmi",Hong Kong,1312,636,comexstat,2026-10-08
2025,11,6804,"Mós e artefactos semelhantes, sem armação, para moer, desfibrar, triturar, amolar, polir, rectificar ou cortar; pedras para amolar ou para polir, manualmente, e suas partes, de pedras naturais, de abrasivos naturais ou artificiais aglomerados ou de cerâmi",México,1300,3,comexstat,2026-10-08
2025,01,6804,"Mós e artefactos semelhantes, sem armação, para moer, desfibrar, triturar, amolar, polir, rectificar ou cortar; pedras para amolar ou para polir, manualmente, e suas partes, de pedras naturais, de abrasivos naturais ou artificiais aglomerados ou de cerâmi",África do Sul,1265,84,comexstat,2026-10-08
2025,06,6804,"Mós e artefactos semelhantes, sem armação, para moer, desfibrar, triturar, amolar, polir, rectificar ou cortar; pedras para amolar ou para polir, manualmente, e suas partes, de pedras naturais, de abrasivos naturais ou artificiais aglomerados ou de cerâmi",Luxemburgo,1254,39,comexstat,2026-10-08
2025,09,6804,"Mós e artefactos semelhantes, sem armação, para moer, desfibrar, triturar, amolar, polir, rectificar ou cortar; pedras para amolar ou para polir, manualmente, e suas partes, de pedras naturais, de abrasivos naturais ou artificiais aglomerados ou de cerâmi",Filipinas,1230,469,comexstat,2026-10-08
2025,09,6804,"Mós e artefactos semelhantes, sem armação, para moer, desfibrar, triturar, amolar, polir, rectificar ou cortar; pedras para amolar ou para polir, manualmente, e suas partes, de pedras naturais, de abrasivos naturais ou artificiais aglomerados ou de cerâmi",Dinamarca,1223,36,comexstat,2026-10-08
2025,02,6804,"Mós e artefactos semelhantes, sem armação, para moer, desfibrar, triturar, amolar, polir, rectificar ou cortar; pedras para amolar ou para polir, manualmente, e suas partes, de pedras naturais, de abrasivos naturais ou artificiais aglomerados ou de cerâmi",Dinamarca,1210,3,comexstat,2026-10-08
2025,09,6804,"Mós e artefactos semelhantes, sem armação, para moer, desfibrar, triturar, amolar, polir, rectificar ou cortar; pedras para amolar ou para polir, manualmente, e suas partes, de pedras naturais, de abrasivos naturais ou artificiais aglomerados ou de cerâmi",Ucrânia,1110,38,comexstat,2026-10-08
2025,09,6804,"Mós e artefactos semelhantes, sem armação, para moer, desfibrar, triturar, amolar, polir, rectificar ou cortar; pedras para amolar ou para polir, manualmente, e suas partes, de pedras naturais, de abrasivos naturais ou artificiais aglomerados ou de cerâmi",Eslováquia,1093,22,comexstat,2026-10-08
2025,09,6804,"Mós e artefactos semelhantes, sem armação, para moer, desfibrar, triturar, amolar, polir, rectificar ou cortar; pedras para amolar ou para polir, manualmente, e suas partes, de pedras naturais, de abrasivos naturais ou artificiais aglomerados ou de cerâmi",Chile,1050,12,comexstat,2026-10-08
2025,06,6804,"Mós e artefactos semelhantes, sem armação, para moer, desfibrar, triturar, amolar, polir, rectificar ou cortar; pedras para amolar ou para polir, manualmente, e suas partes, de pedras naturais, de abrasivos naturais ou artificiais aglomerados ou de cerâmi",Dinamarca,1039,8,comexstat,2026-10-08
2025,03,6804,"Mós e artefactos semelhantes, sem armação, para moer, desfibrar, triturar, amolar, polir, rectificar ou cortar; pedras para amolar ou para polir, manualmente, e suas partes, de pedras naturais, de abrasivos naturais ou artificiais aglomerados ou de cerâmi",Singapura,1036,185,comexstat,2026-10-08
2025,10,8464,"Máquinas-ferramentas para trabalhar pedra, produtos cerâmicos, betão (concreto), fibrocimento ou matérias minerais semelhantes, ou para o trabalho a frio do vidro",Estados Unidos,973,4,comexstat,2026-10-08
2025,01,6804,"Mós e artefactos semelhantes, sem armação, para moer, desfibrar, triturar, amolar, polir, rectificar ou cortar; pedras para amolar ou para polir, manualmente, e suas partes, de pedras naturais, de abrasivos naturais ou artificiais aglomerados ou de cerâmi",Bulgária,972,14,comexstat,2026-10-08
2025,09,6804,"Mós e artefactos semelhantes, sem armação, para moer, desfibrar, triturar, amolar, polir, rectificar ou cortar; pedras para amolar ou para polir, manualmente, e suas partes, de pedras naturais, de abrasivos naturais ou artificiais aglomerados ou de cerâmi",Luxemburgo,966,43,comexstat,2026-10-08
2025,06,6804,"Mós e artefactos semelhantes, sem armação, para moer, desfibrar, triturar, amolar, polir, rectificar ou cortar; pedras para amolar ou para polir, manualmente, e suas partes, de pedras naturais, de abrasivos naturais ou artificiais aglomerados ou de cerâmi",Ucrânia,961,44,comexstat,2026-10-08
2025,08,6804,"Mós e artefactos semelhantes, sem armação, para moer, desfibrar, triturar, amolar, polir, rectificar ou cortar; pedras para amolar ou para polir, manualmente, e suas partes, de pedras naturais, de abrasivos naturais ou artificiais aglomerados ou de cerâmi",Luxemburgo,923,30,comexstat,2026-10-08
2025,08,6804,"Mós e artefactos semelhantes, sem armação, para moer, desfibrar, triturar, amolar, polir, rectificar ou cortar; pedras para amolar ou para polir, manualmente, e suas partes, de pedras naturais, de abrasivos naturais ou artificiais aglomerados ou de cerâmi",Ucrânia,909,33,comexstat,2026-10-08
2025,02,8464,"Máquinas-ferramentas para trabalhar pedra, produtos cerâmicos, betão (concreto), fibrocimento ou matérias minerais semelhantes, ou para o trabalho a frio do vidro",Suíça,900,260,comexstat,2026-10-08
2025,08,6804,"Mós e artefactos semelhantes, sem armação, para moer, desfibrar, triturar, amolar, polir, rectificar ou cortar; pedras para amolar ou para polir, manualmente, e suas partes, de pedras naturais, de abrasivos naturais ou artificiais aglomerados ou de cerâmi",Vietnã,889,41,comexstat,2026-10-08
2025,06,8464,"Máquinas-ferramentas para trabalhar pedra, produtos cerâmicos, betão (concreto), fibrocimento ou matérias minerais semelhantes, ou para o trabalho a frio do vidro",Estados Unidos,885,514,comexstat,2026-10-08
2025,11,6804,"Mós e artefactos semelhantes, sem armação, para moer, desfibrar, triturar, amolar, polir, rectificar ou cortar; pedras para amolar ou para polir, manualmente, e suas partes, de pedras naturais, de abrasivos naturais ou artificiais aglomerados ou de cerâmi",Bulgária,863,7,comexstat,2026-10-08
2025,08,6804,"Mós e artefactos semelhantes, sem armação, para moer, desfibrar, triturar, amolar, polir, rectificar ou cortar; pedras para amolar ou para polir, manualmente, e suas partes, de pedras naturais, de abrasivos naturais ou artificiais aglomerados ou de cerâmi","Tcheca, República",846,89,comexstat,2026-10-08
2025,11,6804,"Mós e artefactos semelhantes, sem armação, para moer, desfibrar, triturar, amolar, polir, rectificar ou cortar; pedras para amolar ou para polir, manualmente, e suas partes, de pedras naturais, de abrasivos naturais ou artificiais aglomerados ou de cerâmi",Singapura,755,279,comexstat,2026-10-08
2025,12,6804,"Mós e artefactos semelhantes, sem armação, para moer, desfibrar, triturar, amolar, polir, rectificar ou cortar; pedras para amolar ou para polir, manualmente, e suas partes, de pedras naturais, de abrasivos naturais ou artificiais aglomerados ou de cerâmi",África do Sul,702,59,comexstat,2026-10-08
2025,03,6804,"Mós e artefactos semelhantes, sem armação, para moer, desfibrar, triturar, amolar, polir, rectificar ou cortar; pedras para amolar ou para polir, manualmente, e suas partes, de pedras naturais, de abrasivos naturais ou artificiais aglomerados ou de cerâmi",Chile,700,8,comexstat,2026-10-08
2025,10,6804,"Mós e artefactos semelhantes, sem armação, para moer, desfibrar, triturar, amolar, polir, rectificar ou cortar; pedras para amolar ou para polir, manualmente, e suas partes, de pedras naturais, de abrasivos naturais ou artificiais aglomerados ou de cerâmi",África do Sul,681,240,comexstat,2026-10-08
2025,05,6804,"Mós e artefactos semelhantes, sem armação, para moer, desfibrar, triturar, amolar, polir, rectificar ou cortar; pedras para amolar ou para polir, manualmente, e suas partes, de pedras naturais, de abrasivos naturais ou artificiais aglomerados ou de cerâmi",África do Sul,670,61,comexstat,2026-10-08
2025,09,6804,"Mós e artefactos semelhantes, sem armação, para moer, desfibrar, triturar, amolar, polir, rectificar ou cortar; pedras para amolar ou para polir, manualmente, e suas partes, de pedras naturais, de abrasivos naturais ou artificiais aglomerados ou de cerâmi",México,664,1,comexstat,2026-10-08
2025,02,6804,"Mós e artefactos semelhantes, sem armação, para moer, desfibrar, triturar, amolar, polir, rectificar ou cortar; pedras para amolar ou para polir, manualmente, e suas partes, de pedras naturais, de abrasivos naturais ou artificiais aglomerados ou de cerâmi",África do Sul,604,65,comexstat,2026-10-08
2025,11,6804,"Mós e artefactos semelhantes, sem armação, para moer, desfibrar, triturar, amolar, polir, rectificar ou cortar; pedras para amolar ou para polir, manualmente, e suas partes, de pedras naturais, de abrasivos naturais ou artificiais aglomerados ou de cerâmi","Tcheca, República",599,53,comexstat,2026-10-08
2025,11,6804,"Mós e artefactos semelhantes, sem armação, para moer, desfibrar, triturar, amolar, polir, rectificar ou cortar; pedras para amolar ou para polir, manualmente, e suas partes, de pedras naturais, de abrasivos naturais ou artificiais aglomerados ou de cerâmi",Ucrânia,588,24,comexstat,2026-10-08
2025,10,6804,"Mós e artefactos semelhantes, sem armação, para moer, desfibrar, triturar, amolar, polir, rectificar ou cortar; pedras para amolar ou para polir, manualmente, e suas partes, de pedras naturais, de abrasivos naturais ou artificiais aglomerados ou de cerâmi",Dinamarca,578,1,comexstat,2026-10-08
2025,03,6804,"Mós e artefactos semelhantes, sem armação, para moer, desfibrar, triturar, amolar, polir, rectificar ou cortar; pedras para amolar ou para polir, manualmente, e suas partes, de pedras naturais, de abrasivos naturais ou artificiais aglomerados ou de cerâmi",Ucrânia,571,19,comexstat,2026-10-08
2025,02,6804,"Mós e artefactos semelhantes, sem armação, para moer, desfibrar, triturar, amolar, polir, rectificar ou cortar; pedras para amolar ou para polir, manualmente, e suas partes, de pedras naturais, de abrasivos naturais ou artificiais aglomerados ou de cerâmi",Ucrânia,498,20,comexstat,2026-10-08
2025,07,6804,"Mós e artefactos semelhantes, sem armação, para moer, desfibrar, triturar, amolar, polir, rectificar ou cortar; pedras para amolar ou para polir, manualmente, e suas partes, de pedras naturais, de abrasivos naturais ou artificiais aglomerados ou de cerâmi",Ucrânia,455,18,comexstat,2026-10-08
2025,05,6804,"Mós e artefactos semelhantes, sem armação, para moer, desfibrar, triturar, amolar, polir, rectificar ou cortar; pedras para amolar ou para polir, manualmente, e suas partes, de pedras naturais, de abrasivos naturais ou artificiais aglomerados ou de cerâmi",Israel,448,2,comexstat,2026-10-08
2025,04,6804,"Mós e artefactos semelhantes, sem armação, para moer, desfibrar, triturar, amolar, polir, rectificar ou cortar; pedras para amolar ou para polir, manualmente, e suas partes, de pedras naturais, de abrasivos naturais ou artificiais aglomerados ou de cerâmi",Israel,405,2,comexstat,2026-10-08
2025,04,6804,"Mós e artefactos semelhantes, sem armação, para moer, desfibrar, triturar, amolar, polir, rectificar ou cortar; pedras para amolar ou para polir, manualmente, e suas partes, de pedras naturais, de abrasivos naturais ou artificiais aglomerados ou de cerâmi",Irlanda,395,12,comexstat,2026-10-08
2025,06,6804,"Mós e artefactos semelhantes, sem armação, para moer, desfibrar, triturar, amolar, polir, rectificar ou cortar; pedras para amolar ou para polir, manualmente, e suas partes, de pedras naturais, de abrasivos naturais ou artificiais aglomerados ou de cerâmi",Bélgica,360,0,comexstat,2026-10-08
2025,03,6804,"Mós e artefactos semelhantes, sem armação, para moer, desfibrar, triturar, amolar, polir, rectificar ou cortar; pedras para amolar ou para polir, manualmente, e suas partes, de pedras naturais, de abrasivos naturais ou artificiais aglomerados ou de cerâmi",Luxemburgo,344,11,comexstat,2026-10-08
2025,08,6804,"Mós e artefactos semelhantes, sem armação, para moer, desfibrar, triturar, amolar, polir, rectificar ou cortar; pedras para amolar ou para polir, manualmente, e suas partes, de pedras naturais, de abrasivos naturais ou artificiais aglomerados ou de cerâmi",Dinamarca,341,1,comexstat,2026-10-08
2025,04,6804,"Mós e artefactos semelhantes, sem armação, para moer, desfibrar, triturar, amolar, polir, rectificar ou cortar; pedras para amolar ou para polir, manualmente, e suas partes, de pedras naturais, de abrasivos naturais ou artificiais aglomerados ou de cerâmi",Brasil,312,0,comexstat,2026-10-08
2025,08,6804,"Mós e artefactos semelhantes, sem armação, para moer, desfibrar, triturar, amolar, polir, rectificar ou cortar; pedras para amolar ou para polir, manualmente, e suas partes, de pedras naturais, de abrasivos naturais ou artificiais aglomerados ou de cerâmi",Hong Kong,301,2633,comexstat,2026-10-08
2025,08,6804,"Mós e artefactos semelhantes, sem armação, para moer, desfibrar, triturar, amolar, polir, rectificar ou cortar; pedras para amolar ou para polir, manualmente, e suas partes, de pedras naturais, de abrasivos naturais ou artificiais aglomerados ou de cerâmi",África do Sul,271,3,comexstat,2026-10-08
2025,08,8464,"Máquinas-ferramentas para trabalhar pedra, produtos cerâmicos, betão (concreto), fibrocimento ou matérias minerais semelhantes, ou para o trabalho a frio do vidro",Estados Unidos,269,20,comexstat,2026-10-08
2025,02,6804,"Mós e artefactos semelhantes, sem armação, para moer, desfibrar, triturar, amolar, polir, rectificar ou cortar; pedras para amolar ou para polir, manualmente, e suas partes, de pedras naturais, de abrasivos naturais ou artificiais aglomerados ou de cerâmi",Israel,239,0,comexstat,2026-10-08
2025,07,8464,"Máquinas-ferramentas para trabalhar pedra, produtos cerâmicos, betão (concreto), fibrocimento ou matérias minerais semelhantes, ou para o trabalho a frio do vidro",Bélgica,238,1,comexstat,2026-10-08
2025,04,6804,"Mós e artefactos semelhantes, sem armação, para moer, desfibrar, triturar, amolar, polir, rectificar ou cortar; pedras para amolar ou para polir, manualmente, e suas partes, de pedras naturais, de abrasivos naturais ou artificiais aglomerados ou de cerâmi",Sri Lanka,195,0,comexstat,2026-10-08
2025,09,6804,"Mós e artefactos semelhantes, sem armação, para moer, desfibrar, triturar, amolar, polir, rectificar ou cortar; pedras para amolar ou para polir, manualmente, e suas partes, de pedras naturais, de abrasivos naturais ou artificiais aglomerados ou de cerâmi",Turquia,149,16,comexstat,2026-10-08
2025,11,6804,"Mós e artefactos semelhantes, sem armação, para moer, desfibrar, triturar, amolar, polir, rectificar ou cortar; pedras para amolar ou para polir, manualmente, e suas partes, de pedras naturais, de abrasivos naturais ou artificiais aglomerados ou de cerâmi",Noruega,144,5,comexstat,2026-10-08
2025,05,6804,"Mós e artefactos semelhantes, sem armação, para moer, desfibrar, triturar, amolar, polir, rectificar ou cortar; pedras para amolar ou para polir, manualmente, e suas partes, de pedras naturais, de abrasivos naturais ou artificiais aglomerados ou de cerâmi",Chile,130,104,comexstat,2026-10-08
2025,05,8464,"Máquinas-ferramentas para trabalhar pedra, produtos cerâmicos, betão (concreto), fibrocimento ou matérias minerais semelhantes, ou para o trabalho a frio do vidro",Índia,107,0,comexstat,2026-10-08
2025,07,8464,"Máquinas-ferramentas para trabalhar pedra, produtos cerâmicos, betão (concreto), fibrocimento ou matérias minerais semelhantes, ou para o trabalho a frio do vidro",Argentina,79,4,comexstat,2026-10-08
2025,12,6804,"Mós e artefactos semelhantes, sem armação, para moer, desfibrar, triturar, amolar, polir, rectificar ou cortar; pedras para amolar ou para polir, manualmente, e suas partes, de pedras naturais, de abrasivos naturais ou artificiais aglomerados ou de cerâmi",Noruega,78,0,comexstat,2026-10-08
2025,02,6804,"Mós e artefactos semelhantes, sem armação, para moer, desfibrar, triturar, amolar, polir, rectificar ou cortar; pedras para amolar ou para polir, manualmente, e suas partes, de pedras naturais, de abrasivos naturais ou artificiais aglomerados ou de cerâmi",Romênia,71,1,comexstat,2026-10-08
2025,09,6804,"Mós e artefactos semelhantes, sem armação, para moer, desfibrar, triturar, amolar, polir, rectificar ou cortar; pedras para amolar ou para polir, manualmente, e suas partes, de pedras naturais, de abrasivos naturais ou artificiais aglomerados ou de cerâmi",Uruguai,58,47,comexstat,2026-10-08
2025,12,6804,"Mós e artefactos semelhantes, sem armação, para moer, desfibrar, triturar, amolar, polir, rectificar ou cortar; pedras para amolar ou para polir, manualmente, e suas partes, de pedras naturais, de abrasivos naturais ou artificiais aglomerados ou de cerâmi",Bélgica,46,0,comexstat,2026-10-08
2025,12,6804,"Mós e artefactos semelhantes, sem armação, para moer, desfibrar, triturar, amolar, polir, rectificar ou cortar; pedras para amolar ou para polir, manualmente, e suas partes, de pedras naturais, de abrasivos naturais ou artificiais aglomerados ou de cerâmi",Niue,34,1,comexstat,2026-10-08
2025,11,6804,"Mós e artefactos semelhantes, sem armação, para moer, desfibrar, triturar, amolar, polir, rectificar ou cortar; pedras para amolar ou para polir, manualmente, e suas partes, de pedras naturais, de abrasivos naturais ou artificiais aglomerados ou de cerâmi",Niue,34,1,comexstat,2026-10-08
2025,06,6804,"Mós e artefactos semelhantes, sem armação, para moer, desfibrar, triturar, amolar, polir, rectificar ou cortar; pedras para amolar ou para polir, manualmente, e suas partes, de pedras naturais, de abrasivos naturais ou artificiais aglomerados ou de cerâmi",Malásia,24,2,comexstat,2026-10-08
2025,04,6804,"Mós e artefactos semelhantes, sem armação, para moer, desfibrar, triturar, amolar, polir, rectificar ou cortar; pedras para amolar ou para polir, manualmente, e suas partes, de pedras naturais, de abrasivos naturais ou artificiais aglomerados ou de cerâmi",Nigéria,11,5,comexstat,2026-10-08
2025,12,6804,"Mós e artefactos semelhantes, sem armação, para moer, desfibrar, triturar, amolar, polir, rectificar ou cortar; pedras para amolar ou para polir, manualmente, e suas partes, de pedras naturais, de abrasivos naturais ou artificiais aglomerados ou de cerâmi",Paquistão,10,0,comexstat,2026-10-08
2025,11,6804,"Mós e artefactos semelhantes, sem armação, para moer, desfibrar, triturar, amolar, polir, rectificar ou cortar; pedras para amolar ou para polir, manualmente, e suas partes, de pedras naturais, de abrasivos naturais ou artificiais aglomerados ou de cerâmi",Paquistão,9,0,comexstat,2026-10-08
2025,09,6804,"Mós e artefactos semelhantes, sem armação, para moer, desfibrar, triturar, amolar, polir, rectificar ou cortar; pedras para amolar ou para polir, manualmente, e suas partes, de pedras naturais, de abrasivos naturais ou artificiais aglomerados ou de cerâmi",Austrália,6,0,comexstat,2026-10-08
2025,12,8464,"Máquinas-ferramentas para trabalhar pedra, produtos cerâmicos, betão (concreto), fibrocimento ou matérias minerais semelhantes, ou para o trabalho a frio do vidro",Espanha,0,25,comexstat,2026-10-08
2026,08,6804,"Mós e artefactos semelhantes, sem armação, para moer, desfibrar, triturar, amolar, polir, rectificar ou cortar; pedras para amolar ou para polir, manualmente, e suas partes, de pedras naturais, de abrasivos naturais ou artificiais aglomerados ou de cerâmi",China,15859938,2125989,comexstat,2026-10-08
2026,04,6804,"Mós e artefactos semelhantes, sem armação, para moer, desfibrar, triturar, amolar, polir, rectificar ou cortar; pedras para amolar ou para polir, manualmente, e suas partes, de pedras naturais, de abrasivos naturais ou artificiais aglomerados ou de cerâmi",China,15095255,2630044,comexstat,2026-10-08
2026,05,6804,"Mós e artefactos semelhantes, sem armação, para moer, desfibrar, triturar, amolar, polir, rectificar ou cortar; pedras para amolar ou para polir, manualmente, e suas partes, de pedras naturais, de abrasivos naturais ou artificiais aglomerados ou de cerâmi",China,14869139,2196736,comexstat,2026-10-08
2026,01,6804,"Mós e artefactos semelhantes, sem armação, para moer, desfibrar, triturar, amolar, polir, rectificar ou cortar; pedras para amolar ou para polir, manualmente, e suas partes, de pedras naturais, de abrasivos naturais ou artificiais aglomerados ou de cerâmi",China,14418736,2168300,comexstat,2026-10-08
2026,07,6804,"Mós e artefactos semelhantes, sem armação, para moer, desfibrar, triturar, amolar, polir, rectificar ou cortar; pedras para amolar ou para polir, manualmente, e suas partes, de pedras naturais, de abrasivos naturais ou artificiais aglomerados ou de cerâmi",China,14071945,2180714,comexstat,2026-10-08
2026,06,6804,"Mós e artefactos semelhantes, sem armação, para moer, desfibrar, triturar, amolar, polir, rectificar ou cortar; pedras para amolar ou para polir, manualmente, e suas partes, de pedras naturais, de abrasivos naturais ou artificiais aglomerados ou de cerâmi",China,13990792,2098383,comexstat,2026-10-08
2026,02,6804,"Mós e artefactos semelhantes, sem armação, para moer, desfibrar, triturar, amolar, polir, rectificar ou cortar; pedras para amolar ou para polir, manualmente, e suas partes, de pedras naturais, de abrasivos naturais ou artificiais aglomerados ou de cerâmi",China,13519284,2270733,comexstat,2026-10-08
2026,03,6804,"Mós e artefactos semelhantes, sem armação, para moer, desfibrar, triturar, amolar, polir, rectificar ou cortar; pedras para amolar ou para polir, manualmente, e suas partes, de pedras naturais, de abrasivos naturais ou artificiais aglomerados ou de cerâmi",China,13477602,2437885,comexstat,2026-10-08
2026,09,6804,"Mós e artefactos semelhantes, sem armação, para moer, desfibrar, triturar, amolar, polir, rectificar ou cortar; pedras para amolar ou para polir, manualmente, e suas partes, de pedras naturais, de abrasivos naturais ou artificiais aglomerados ou de cerâmi",China,12178412,1836806,comexstat,2026-10-08
2026,03,8464,"Máquinas-ferramentas para trabalhar pedra, produtos cerâmicos, betão (concreto), fibrocimento ou matérias minerais semelhantes, ou para o trabalho a frio do vidro",China,3560091,639396,comexstat,2026-10-08
2026,07,8464,"Máquinas-ferramentas para trabalhar pedra, produtos cerâmicos, betão (concreto), fibrocimento ou matérias minerais semelhantes, ou para o trabalho a frio do vidro",Itália,3243713,164255,comexstat,2026-10-08
2026,01,6804,"Mós e artefactos semelhantes, sem armação, para moer, desfibrar, triturar, amolar, polir, rectificar ou cortar; pedras para amolar ou para polir, manualmente, e suas partes, de pedras naturais, de abrasivos naturais ou artificiais aglomerados ou de cerâmi",Itália,2904349,103769,comexstat,2026-10-08
2026,06,8464,"Máquinas-ferramentas para trabalhar pedra, produtos cerâmicos, betão (concreto), fibrocimento ou matérias minerais semelhantes, ou para o trabalho a frio do vidro",França,2847011,7558,comexstat,2026-10-08
2026,05,6804,"Mós e artefactos semelhantes, sem armação, para moer, desfibrar, triturar, amolar, polir, rectificar ou cortar; pedras para amolar ou para polir, manualmente, e suas partes, de pedras naturais, de abrasivos naturais ou artificiais aglomerados ou de cerâmi",Itália,2527228,84341,comexstat,2026-10-08
2026,07,6804,"Mós e artefactos semelhantes, sem armação, para moer, desfibrar, triturar, amolar, polir, rectificar ou cortar; pedras para amolar ou para polir, manualmente, e suas partes, de pedras naturais, de abrasivos naturais ou artificiais aglomerados ou de cerâmi",Itália,2354954,106681,comexstat,2026-10-08
2026,08,8464,"Máquinas-ferramentas para trabalhar pedra, produtos cerâmicos, betão (concreto), fibrocimento ou matérias minerais semelhantes, ou para o trabalho a frio do vidro",França,2236570,4932,comexstat,2026-10-08
2026,08,6804,"Mós e artefactos semelhantes, sem armação, para moer, desfibrar, triturar, amolar, polir, rectificar ou cortar; pedras para amolar ou para polir, manualmente, e suas partes, de pedras naturais, de abrasivos naturais ou artificiais aglomerados ou de cerâmi",Itália,2084844,74023,comexstat,2026-10-08
2026,02,6804,"Mós e artefactos semelhantes, sem armação, para moer, desfibrar, triturar, amolar, polir, rectificar ou cortar; pedras para amolar ou para polir, manualmente, e suas partes, de pedras naturais, de abrasivos naturais ou artificiais aglomerados ou de cerâmi",Itália,2036422,53377,comexstat,2026-10-08
2026,03,6804,"Mós e artefactos semelhantes, sem armação, para moer, desfibrar, triturar, amolar, polir, rectificar ou cortar; pedras para amolar ou para polir, manualmente, e suas partes, de pedras naturais, de abrasivos naturais ou artificiais aglomerados ou de cerâmi",Itália,1987023,58377,comexstat,2026-10-08
2026,08,8464,"Máquinas-ferramentas para trabalhar pedra, produtos cerâmicos, betão (concreto), fibrocimento ou matérias minerais semelhantes, ou para o trabalho a frio do vidro",Itália,1946154,120626,comexstat,2026-10-08
2026,02,8464,"Máquinas-ferramentas para trabalhar pedra, produtos cerâmicos, betão (concreto), fibrocimento ou matérias minerais semelhantes, ou para o trabalho a frio do vidro",China,1891008,469304,comexstat,2026-10-08
2026,04,6804,"Mós e artefactos semelhantes, sem armação, para moer, desfibrar, triturar, amolar, polir, rectificar ou cortar; pedras para amolar ou para polir, manualmente, e suas partes, de pedras naturais, de abrasivos naturais ou artificiais aglomerados ou de cerâmi",Itália,1862087,65841,comexstat,2026-10-08
2026,01,8464,"Máquinas-ferramentas para trabalhar pedra, produtos cerâmicos, betão (concreto), fibrocimento ou matérias minerais semelhantes, ou para o trabalho a frio do vidro",China,1822327,394685,comexstat,2026-10-08
2026,03,8464,"Máquinas-ferramentas para trabalhar pedra, produtos cerâmicos, betão (concreto), fibrocimento ou matérias minerais semelhantes, ou para o trabalho a frio do vidro",Alemanha,1819715,14511,comexstat,2026-10-08
2026,09,6804,"Mós e artefactos semelhantes, sem armação, para moer, desfibrar, triturar, amolar, polir, rectificar ou cortar; pedras para amolar ou para polir, manualmente, e suas partes, de pedras naturais, de abrasivos naturais ou artificiais aglomerados ou de cerâmi",Itália,1766813,52192,comexstat,2026-10-08
2026,08,8464,"Máquinas-ferramentas para trabalhar pedra, produtos cerâmicos, betão (concreto), fibrocimento ou matérias minerais semelhantes, ou para o trabalho a frio do vidro",China,1712425,429210,comexstat,2026-10-08
2026,07,8464,"Máquinas-ferramentas para trabalhar pedra, produtos cerâmicos, betão (concreto), fibrocimento ou matérias minerais semelhantes, ou para o trabalho a frio do vidro",França,1605032,4193,comexstat,2026-10-08
2026,04,8464,"Máquinas-ferramentas para trabalhar pedra, produtos cerâmicos, betão (concreto), fibrocimento ou matérias minerais semelhantes, ou para o trabalho a frio do vidro",China,1510320,349248,comexstat,2026-10-08
2026,05,8464,"Máquinas-ferramentas para trabalhar pedra, produtos cerâmicos, betão (concreto), fibrocimento ou matérias minerais semelhantes, ou para o trabalho a frio do vidro",Itália,1451547,70872,comexstat,2026-10-08
2026,07,8464,"Máquinas-ferramentas para trabalhar pedra, produtos cerâmicos, betão (concreto), fibrocimento ou matérias minerais semelhantes, ou para o trabalho a frio do vidro",China,1441744,324415,comexstat,2026-10-08
2026,06,6804,"Mós e artefactos semelhantes, sem armação, para moer, desfibrar, triturar, amolar, polir, rectificar ou cortar; pedras para amolar ou para polir, manualmente, e suas partes, de pedras naturais, de abrasivos naturais ou artificiais aglomerados ou de cerâmi",Itália,1421545,58568,comexstat,2026-10-08
2026,05,8464,"Máquinas-ferramentas para trabalhar pedra, produtos cerâmicos, betão (concreto), fibrocimento ou matérias minerais semelhantes, ou para o trabalho a frio do vidro",China,1141783,261225,comexstat,2026-10-08
2026,09,8464,"Máquinas-ferramentas para trabalhar pedra, produtos cerâmicos, betão (concreto), fibrocimento ou matérias minerais semelhantes, ou para o trabalho a frio do vidro",China,1138764,314188,comexstat,2026-10-08
2026,04,8464,"Máquinas-ferramentas para trabalhar pedra, produtos cerâmicos, betão (concreto), fibrocimento ou matérias minerais semelhantes, ou para o trabalho a frio do vidro",França,1052842,4562,comexstat,2026-10-08
2026,01,8464,"Máquinas-ferramentas para trabalhar pedra, produtos cerâmicos, betão (concreto), fibrocimento ou matérias minerais semelhantes, ou para o trabalho a frio do vidro",Itália,968252,67310,comexstat,2026-10-08
2026,03,6804,"Mós e artefactos semelhantes, sem armação, para moer, desfibrar, triturar, amolar, polir, rectificar ou cortar; pedras para amolar ou para polir, manualmente, e suas partes, de pedras naturais, de abrasivos naturais ou artificiais aglomerados ou de cerâmi",Alemanha,874098,60175,comexstat,2026-10-08
2026,04,8464,"Máquinas-ferramentas para trabalhar pedra, produtos cerâmicos, betão (concreto), fibrocimento ou matérias minerais semelhantes, ou para o trabalho a frio do vidro",Itália,854215,70223,comexstat,2026-10-08
2026,05,6804,"Mós e artefactos semelhantes, sem armação, para moer, desfibrar, triturar, amolar, polir, rectificar ou cortar; pedras para amolar ou para polir, manualmente, e suas partes, de pedras naturais, de abrasivos naturais ou artificiais aglomerados ou de cerâmi",Alemanha,853768,37045,comexstat,2026-10-08
2026,06,8464,"Máquinas-ferramentas para trabalhar pedra, produtos cerâmicos, betão (concreto), fibrocimento ou matérias minerais semelhantes, ou para o trabalho a frio do vidro",Alemanha,847025,8462,comexstat,2026-10-08
2026,06,8464,"Máquinas-ferramentas para trabalhar pedra, produtos cerâmicos, betão (concreto), fibrocimento ou matérias minerais semelhantes, ou para o trabalho a frio do vidro",China,846915,231947,comexstat,2026-10-08
2026,08,6804,"Mós e artefactos semelhantes, sem armação, para moer, desfibrar, triturar, amolar, polir, rectificar ou cortar; pedras para amolar ou para polir, manualmente, e suas partes, de pedras naturais, de abrasivos naturais ou artificiais aglomerados ou de cerâmi",Argentina,837628,92338,comexstat,2026-10-08
2026,09,8464,"Máquinas-ferramentas para trabalhar pedra, produtos cerâmicos, betão (concreto), fibrocimento ou matérias minerais semelhantes, ou para o trabalho a frio do vidro",França,828639,2036,comexstat,2026-10-08
2026,01,8464,"Máquinas-ferramentas para trabalhar pedra, produtos cerâmicos, betão (concreto), fibrocimento ou matérias minerais semelhantes, ou para o trabalho a frio do vidro",Alemanha,819416,6122,comexstat,2026-10-08
2026,08,8464,"Máquinas-ferramentas para trabalhar pedra, produtos cerâmicos, betão (concreto), fibrocimento ou matérias minerais semelhantes, ou para o trabalho a frio do vidro",Alemanha,775019,5404,comexstat,2026-10-08
2026,06,6804,"Mós e artefactos semelhantes, sem armação, para moer, desfibrar, triturar, amolar, polir, rectificar ou cortar; pedras para amolar ou para polir, manualmente, e suas partes, de pedras naturais, de abrasivos naturais ou artificiais aglomerados ou de cerâmi",Alemanha,737519,38930,comexstat,2026-10-08
2026,02,8464,"Máquinas-ferramentas para trabalhar pedra, produtos cerâmicos, betão (concreto), fibrocimento ou matérias minerais semelhantes, ou para o trabalho a frio do vidro",França,737130,4197,comexstat,2026-10-08
2026,02,8464,"Máquinas-ferramentas para trabalhar pedra, produtos cerâmicos, betão (concreto), fibrocimento ou matérias minerais semelhantes, ou para o trabalho a frio do vidro",Itália,701151,53845,comexstat,2026-10-08
2026,04,6804,"Mós e artefactos semelhantes, sem armação, para moer, desfibrar, triturar, amolar, polir, rectificar ou cortar; pedras para amolar ou para polir, manualmente, e suas partes, de pedras naturais, de abrasivos naturais ou artificiais aglomerados ou de cerâmi",Alemanha,644632,42144,comexstat,2026-10-08
2026,05,6804,"Mós e artefactos semelhantes, sem armação, para moer, desfibrar, triturar, amolar, polir, rectificar ou cortar; pedras para amolar ou para polir, manualmente, e suas partes, de pedras naturais, de abrasivos naturais ou artificiais aglomerados ou de cerâmi",Argentina,613668,71136,comexstat,2026-10-08
2026,07,6804,"Mós e artefactos semelhantes, sem armação, para moer, desfibrar, triturar, amolar, polir, rectificar ou cortar; pedras para amolar ou para polir, manualmente, e suas partes, de pedras naturais, de abrasivos naturais ou artificiais aglomerados ou de cerâmi",Portugal,608271,4984,comexstat,2026-10-08
2026,01,6804,"Mós e artefactos semelhantes, sem armação, para moer, desfibrar, triturar, amolar, polir, rectificar ou cortar; pedras para amolar ou para polir, manualmente, e suas partes, de pedras naturais, de abrasivos naturais ou artificiais aglomerados ou de cerâmi",Alemanha,607393,52612,comexstat,2026-10-08
2026,07,6804,"Mós e artefactos semelhantes, sem armação, para moer, desfibrar, triturar, amolar, polir, rectificar ou cortar; pedras para amolar ou para polir, manualmente, e suas partes, de pedras naturais, de abrasivos naturais ou artificiais aglomerados ou de cerâmi",Estados Unidos,591934,4556,comexstat,2026-10-08
2026,09,6804,"Mós e artefactos semelhantes, sem armação, para moer, desfibrar, triturar, amolar, polir, rectificar ou cortar; pedras para amolar ou para polir, manualmente, e suas partes, de pedras naturais, de abrasivos naturais ou artificiais aglomerados ou de cerâmi",Argentina,531758,60946,comexstat,2026-10-08
2026,08,6804,"Mós e artefactos semelhantes, sem armação, para moer, desfibrar, triturar, amolar, polir, rectificar ou cortar; pedras para amolar ou para polir, manualmente, e suas partes, de pedras naturais, de abrasivos naturais ou artificiais aglomerados ou de cerâmi",Alemanha,523905,42961,comexstat,2026-10-08
2026,04,6804,"Mós e artefactos semelhantes, sem armação, para moer, desfibrar, triturar, amolar, polir, rectificar ou cortar; pedras para amolar ou para polir, manualmente, e suas partes, de pedras naturais, de abrasivos naturais ou artificiais aglomerados ou de cerâmi",Portugal,517852,4898,comexstat,2026-10-08
2026,06,6804,"Mós e artefactos semelhantes, sem armação, para moer, desfibrar, triturar, amolar, polir, rectificar ou cortar; pedras para amolar ou para polir, manualmente, e suas partes, de pedras naturais, de abrasivos naturais ou artificiais aglomerados ou de cerâmi",Argentina,517844,66934,comexstat,2026-10-08
2026,09,8464,"Máquinas-ferramentas para trabalhar pedra, produtos cerâmicos, betão (concreto), fibrocimento ou matérias minerais semelhantes, ou para o trabalho a frio do vidro",Portugal,507843,24352,comexstat,2026-10-08
2026,07,6804,"Mós e artefactos semelhantes, sem armação, para moer, desfibrar, triturar, amolar, polir, rectificar ou cortar; pedras para amolar ou para polir, manualmente, e suas partes, de pedras naturais, de abrasivos naturais ou artificiais aglomerados ou de cerâmi",Áustria,484765,49322,comexstat,2026-10-08
2026,07,6804,"Mós e artefactos semelhantes, sem armação, para moer, desfibrar, triturar, amolar, polir, rectificar ou cortar; pedras para amolar ou para polir, manualmente, e suas partes, de pedras naturais, de abrasivos naturais ou artificiais aglomerados ou de cerâmi",Alemanha,479986,17719,comexstat,2026-10-08
2026,03,6804,"Mós e artefactos semelhantes, sem armação, para moer, desfibrar, triturar, amolar, polir, rectificar ou cortar; pedras para amolar ou para polir, manualmente, e suas partes, de pedras naturais, de abrasivos naturais ou artificiais aglomerados ou de cerâmi",Portugal,474378,3642,comexstat,2026-10-08
2026,03,6804,"Mós e artefactos semelhantes, sem armação, para moer, desfibrar, triturar, amolar, polir, rectificar ou cortar; pedras para amolar ou para polir, manualmente, e suas partes, de pedras naturais, de abrasivos naturais ou artificiais aglomerados ou de cerâmi",Argentina,459341,60161,comexstat,2026-10-08
2026,03,6804,"Mós e artefactos semelhantes, sem armação, para moer, desfibrar, triturar, amolar, polir, rectificar ou cortar; pedras para amolar ou para polir, manualmente, e suas partes, de pedras naturais, de abrasivos naturais ou artificiais aglomerados ou de cerâmi",Áustria,456393,39484,comexstat,2026-10-08
2026,05,6804,"Mós e artefactos semelhantes, sem armação, para moer, desfibrar, triturar, amolar, polir, rectificar ou cortar; pedras para amolar ou para polir, manualmente, e suas partes, de pedras naturais, de abrasivos naturais ou artificiais aglomerados ou de cerâmi",Portugal,432153,3298,comexstat,2026-10-08
2026,09,6804,"Mós e artefactos semelhantes, sem armação, para moer, desfibrar, triturar, amolar, polir, rectificar ou cortar; pedras para amolar ou para polir, manualmente, e suas partes, de pedras naturais, de abrasivos naturais ou artificiais aglomerados ou de cerâmi",Alemanha,432016,21867,comexstat,2026-10-08
2026,05,6804,"Mós e artefactos semelhantes, sem armação, para moer, desfibrar, triturar, amolar, polir, rectificar ou cortar; pedras para amolar ou para polir, manualmente, e suas partes, de pedras naturais, de abrasivos naturais ou artificiais aglomerados ou de cerâmi",Estados Unidos,429984,7518,comexstat,2026-10-08
2026,09,6804,"Mós e artefactos semelhantes, sem armação, para moer, desfibrar, triturar, amolar, polir, rectificar ou cortar; pedras para amolar ou para polir, manualmente, e suas partes, de pedras naturais, de abrasivos naturais ou artificiais aglomerados ou de cerâmi",Áustria,429156,54851,comexstat,2026-10-08
2026,04,6804,"Mós e artefactos semelhantes, sem armação, para moer, desfibrar, triturar, amolar, polir, rectificar ou cortar; pedras para amolar ou para polir, manualmente, e suas partes, de pedras naturais, de abrasivos naturais ou artificiais aglomerados ou de cerâmi",Tailândia,419765,92080,comexstat,2026-10-08
2026,08,6804,"Mós e artefactos semelhantes, sem armação, para moer, desfibrar, triturar, amolar, polir, rectificar ou cortar; pedras para amolar ou para polir, manualmente, e suas partes, de pedras naturais, de abrasivos naturais ou artificiais aglomerados ou de cerâmi",Japão,418252,7909,comexstat,2026-10-08
2026,03,8464,"Máquinas-ferramentas para trabalhar pedra, produtos cerâmicos, betão (concreto), fibrocimento ou matérias minerais semelhantes, ou para o trabalho a frio do vidro",França,415763,2116,comexstat,2026-10-08
2026,07,6804,"Mós e artefactos semelhantes, sem armação, para moer, desfibrar, triturar, amolar, polir, rectificar ou cortar; pedras para amolar ou para polir, manualmente, e suas partes, de pedras naturais, de abrasivos naturais ou artificiais aglomerados ou de cerâmi",Tailândia,397509,82834,comexstat,2026-10-08
2026,09,6804,"Mós e artefactos semelhantes, sem armação, para moer, desfibrar, triturar, amolar, polir, rectificar ou cortar; pedras para amolar ou para polir, manualmente, e suas partes, de pedras naturais, de abrasivos naturais ou artificiais aglomerados ou de cerâmi",Japão,386706,5769,comexstat,2026-10-08
2026,06,6804,"Mós e artefactos semelhantes, sem armação, para moer, desfibrar, triturar, amolar, polir, rectificar ou cortar; pedras para amolar ou para polir, manualmente, e suas partes, de pedras naturais, de abrasivos naturais ou artificiais aglomerados ou de cerâmi",Portugal,371021,3060,comexstat,2026-10-08
2026,09,6804,"Mós e artefactos semelhantes, sem armação, para moer, desfibrar, triturar, amolar, polir, rectificar ou cortar; pedras para amolar ou para polir, manualmente, e suas partes, de pedras naturais, de abrasivos naturais ou artificiais aglomerados ou de cerâmi",Portugal,367620,3558,comexstat,2026-10-08
2026,03,6804,"Mós e artefactos semelhantes, sem armação, para moer, desfibrar, triturar, amolar, polir, rectificar ou cortar; pedras para amolar ou para polir, manualmente, e suas partes, de pedras naturais, de abrasivos naturais ou artificiais aglomerados ou de cerâmi",Espanha,365418,45949,comexstat,2026-10-08
2026,05,8464,"Máquinas-ferramentas para trabalhar pedra, produtos cerâmicos, betão (concreto), fibrocimento ou matérias minerais semelhantes, ou para o trabalho a frio do vidro",Alemanha,363620,3647,comexstat,2026-10-08
2026,07,6804,"Mós e artefactos semelhantes, sem armação, para moer, desfibrar, triturar, amolar, polir, rectificar ou cortar; pedras para amolar ou para polir, manualmente, e suas partes, de pedras naturais, de abrasivos naturais ou artificiais aglomerados ou de cerâmi",Japão,363595,11501,comexstat,2026-10-08
2026,04,8464,"Máquinas-ferramentas para trabalhar pedra, produtos cerâmicos, betão (concreto), fibrocimento ou matérias minerais semelhantes, ou para o trabalho a frio do vidro",Alemanha,361734,10675,comexstat,2026-10-08
2026,08,6804,"Mós e artefactos semelhantes, sem armação, para moer, desfibrar, triturar, amolar, polir, rectificar ou cortar; pedras para amolar ou para polir, manualmente, e suas partes, de pedras naturais, de abrasivos naturais ou artificiais aglomerados ou de cerâmi",Tailândia,355324,77787,comexstat,2026-10-08
2026,06,6804,"Mós e artefactos semelhantes, sem armação, para moer, desfibrar, triturar, amolar, polir, rectificar ou cortar; pedras para amolar ou para polir, manualmente, e suas partes, de pedras naturais, de abrasivos naturais ou artificiais aglomerados ou de cerâmi",Japão,354901,7381,comexstat,2026-10-08
2026,05,6804,"Mós e artefactos semelhantes, sem armação, para moer, desfibrar, triturar, amolar, polir, rectificar ou cortar; pedras para amolar ou para polir, manualmente, e suas partes, de pedras naturais, de abrasivos naturais ou artificiais aglomerados ou de cerâmi",Tailândia,350476,92518,comexstat,2026-10-08
2026,08,6804,"Mós e artefactos semelhantes, sem armação, para moer, desfibrar, triturar, amolar, polir, rectificar ou cortar; pedras para amolar ou para polir, manualmente, e suas partes, de pedras naturais, de abrasivos naturais ou artificiais aglomerados ou de cerâmi",Áustria,350129,33747,comexstat,2026-10-08
2026,05,6804,"Mós e artefactos semelhantes, sem armação, para moer, desfibrar, triturar, amolar, polir, rectificar ou cortar; pedras para amolar ou para polir, manualmente, e suas partes, de pedras naturais, de abrasivos naturais ou artificiais aglomerados ou de cerâmi",Japão,346969,3879,comexstat,2026-10-08
2026,02,6804,"Mós e artefactos semelhantes, sem armação, para moer, desfibrar, triturar, amolar, polir, rectificar ou cortar; pedras para amolar ou para polir, manualmente, e suas partes, de pedras naturais, de abrasivos naturais ou artificiais aglomerados ou de cerâmi",Portugal,334743,2899,comexstat,2026-10-08
2026,02,6804,"Mós e artefactos semelhantes, sem armação, para moer, desfibrar, triturar, amolar, polir, rectificar ou cortar; pedras para amolar ou para polir, manualmente, e suas partes, de pedras naturais, de abrasivos naturais ou artificiais aglomerados ou de cerâmi",Japão,333475,8684,comexstat,2026-10-08
2026,05,6804,"Mós e artefactos semelhantes, sem armação, para moer, desfibrar, triturar, amolar, polir, rectificar ou cortar; pedras para amolar ou para polir, manualmente, e suas partes, de pedras naturais, de abrasivos naturais ou artificiais aglomerados ou de cerâmi",Áustria,329294,20465,comexstat,2026-10-08
2026,04,6804,"Mós e artefactos semelhantes, sem armação, para moer, desfibrar, triturar, amolar, polir, rectificar ou cortar; pedras para amolar ou para polir, manualmente, e suas partes, de pedras naturais, de abrasivos naturais ou artificiais aglomerados ou de cerâmi",Japão,325334,10108,comexstat,2026-10-08
2026,06,6804,"Mós e artefactos semelhantes, sem armação, para moer, desfibrar, triturar, amolar, polir, rectificar ou cortar; pedras para amolar ou para polir, manualmente, e suas partes, de pedras naturais, de abrasivos naturais ou artificiais aglomerados ou de cerâmi",Tailândia,324760,88238,comexstat,2026-10-08
2026,01,6804,"Mós e artefactos semelhantes, sem armação, para moer, desfibrar, triturar, amolar, polir, rectificar ou cortar; pedras para amolar ou para polir, manualmente, e suas partes, de pedras naturais, de abrasivos naturais ou artificiais aglomerados ou de cerâmi",Portugal,323704,2476,comexstat,2026-10-08
2026,02,6804,"Mós e artefactos semelhantes, sem armação, para moer, desfibrar, triturar, amolar, polir, rectificar ou cortar; pedras para amolar ou para polir, manualmente, e suas partes, de pedras naturais, de abrasivos naturais ou artificiais aglomerados ou de cerâmi",Argentina,315397,45035,comexstat,2026-10-08
2026,09,6804,"Mós e artefactos semelhantes, sem armação, para moer, desfibrar, triturar, amolar, polir, rectificar ou cortar; pedras para amolar ou para polir, manualmente, e suas partes, de pedras naturais, de abrasivos naturais ou artificiais aglomerados ou de cerâmi",Tailândia,307408,93153,comexstat,2026-10-08
2026,02,6804,"Mós e artefactos semelhantes, sem armação, para moer, desfibrar, triturar, amolar, polir, rectificar ou cortar; pedras para amolar ou para polir, manualmente, e suas partes, de pedras naturais, de abrasivos naturais ou artificiais aglomerados ou de cerâmi",Alemanha,294841,15119,comexstat,2026-10-08
2026,04,6804,"Mós e artefactos semelhantes, sem armação, para moer, desfibrar, triturar, amolar, polir, rectificar ou cortar; pedras para amolar ou para polir, manualmente, e suas partes, de pedras naturais, de abrasivos naturais ou artificiais aglomerados ou de cerâmi",Argentina,294308,39366,comexstat,2026-10-08
2026,01,6804,"Mós e artefactos semelhantes, sem armação, para moer, desfibrar, triturar, amolar, polir, rectificar ou cortar; pedras para amolar ou para polir, manualmente, e suas partes, de pedras naturais, de abrasivos naturais ou artificiais aglomerados ou de cerâmi",Polônia,290345,44974,comexstat,2026-10-08
2026,03,6804,"Mós e artefactos semelhantes, sem armação, para moer, desfibrar, triturar, amolar, polir, rectificar ou cortar; pedras para amolar ou para polir, manualmente, e suas partes, de pedras naturais, de abrasivos naturais ou artificiais aglomerados ou de cerâmi",Japão,290254,6543,comexstat,2026-10-08
2026,04,6804,"Mós e artefactos semelhantes, sem armação, para moer, desfibrar, triturar, amolar, polir, rectificar ou cortar; pedras para amolar ou para polir, manualmente, e suas partes, de pedras naturais, de abrasivos naturais ou artificiais aglomerados ou de cerâmi",Áustria,289686,21842,comexstat,2026-10-08
2026,07,6804,"Mós e artefactos semelhantes, sem armação, para moer, desfibrar, triturar, amolar, polir, rectificar ou cortar; pedras para amolar ou para polir, manualmente, e suas partes, de pedras naturais, de abrasivos naturais ou artificiais aglomerados ou de cerâmi",Argentina,286705,38832,comexstat,2026-10-08
2026,02,6804,"Mós e artefactos semelhantes, sem armação, para moer, desfibrar, triturar, amolar, polir, rectificar ou cortar; pedras para amolar ou para polir, manualmente, e suas partes, de pedras naturais, de abrasivos naturais ou artificiais aglomerados ou de cerâmi",Estados Unidos,272462,14475,comexstat,2026-10-08
2026,09,8464,"Máquinas-ferramentas para trabalhar pedra, produtos cerâmicos, betão (concreto), fibrocimento ou matérias minerais semelhantes, ou para o trabalho a frio do vidro",Alemanha,264731,1283,comexstat,2026-10-08
2026,03,6804,"Mós e artefactos semelhantes, sem armação, para moer, desfibrar, triturar, amolar, polir, rectificar ou cortar; pedras para amolar ou para polir, manualmente, e suas partes, de pedras naturais, de abrasivos naturais ou artificiais aglomerados ou de cerâmi",Estados Unidos,260131,15708,comexstat,2026-10-08
2026,08,6804,"Mós e artefactos semelhantes, sem armação, para moer, desfibrar, triturar, amolar, polir, rectificar ou cortar; pedras para amolar ou para polir, manualmente, e suas partes, de pedras naturais, de abrasivos naturais ou artificiais aglomerados ou de cerâmi",Portugal,247866,2267,comexstat,2026-10-08
2026,03,6804,"Mós e artefactos semelhantes, sem armação, para moer, desfibrar, triturar, amolar, polir, rectificar ou cortar; pedras para amolar ou para polir, manualmente, e suas partes, de pedras naturais, de abrasivos naturais ou artificiais aglomerados ou de cerâmi",França,242473,1584,comexstat,2026-10-08
2026,01,6804,"Mós e artefactos semelhantes, sem armação, para moer, desfibrar, triturar, amolar, polir, rectificar ou cortar; pedras para amolar ou para polir, manualmente, e suas partes, de pedras naturais, de abrasivos naturais ou artificiais aglomerados ou de cerâmi",Espanha,227859,32662,comexstat,2026-10-08
2026,06,6804,"Mós e artefactos semelhantes, sem armação, para moer, desfibrar, triturar, amolar, polir, rectificar ou cortar; pedras para amolar ou para polir, manualmente, e suas partes, de pedras naturais, de abrasivos naturais ou artificiais aglomerados ou de cerâmi",Áustria,219681,19360,comexstat,2026-10-08
2026,01,6804,"Mós e artefactos semelhantes, sem armação, para moer, desfibrar, triturar, amolar, polir, rectificar ou cortar; pedras para amolar ou para polir, manualmente, e suas partes, de pedras naturais, de abrasivos naturais ou artificiais aglomerados ou de cerâmi",França,217668,752,comexstat,2026-10-08
2026,08,6804,"Mós e artefactos semelhantes, sem armação, para moer, desfibrar, triturar, amolar, polir, rectificar ou cortar; pedras para amolar ou para polir, manualmente, e suas partes, de pedras naturais, de abrasivos naturais ou artificiais aglomerados ou de cerâmi",Polônia,208570,20919,comexstat,2026-10-08
2026,08,6804,"Mós e artefactos semelhantes, sem armação, para moer, desfibrar, triturar, amolar, polir, rectificar ou cortar; pedras para amolar ou para polir, manualmente, e suas partes, de pedras naturais, de abrasivos naturais ou artificiais aglomerados ou de cerâmi",Espanha,207939,20246,comexstat,2026-10-08
2026,01,6804,"Mós e artefactos semelhantes, sem armação, para moer, desfibrar, triturar, amolar, polir, rectificar ou cortar; pedras para amolar ou para polir, manualmente, e suas partes, de pedras naturais, de abrasivos naturais ou artificiais aglomerados ou de cerâmi",Tailândia,202790,41799,comexstat,2026-10-08
2026,02,6804,"Mós e artefactos semelhantes, sem armação, para moer, desfibrar, triturar, amolar, polir, rectificar ou cortar; pedras para amolar ou para polir, manualmente, e suas partes, de pedras naturais, de abrasivos naturais ou artificiais aglomerados ou de cerâmi",França,193173,49,comexstat,2026-10-08
2026,06,6804,"Mós e artefactos semelhantes, sem armação, para moer, desfibrar, triturar, amolar, polir, rectificar ou cortar; pedras para amolar ou para polir, manualmente, e suas partes, de pedras naturais, de abrasivos naturais ou artificiais aglomerados ou de cerâmi",Estados Unidos,182922,2405,comexstat,2026-10-08
2026,09,6804,"Mós e artefactos semelhantes, sem armação, para moer, desfibrar, triturar, amolar, polir, rectificar ou cortar; pedras para amolar ou para polir, manualmente, e suas partes, de pedras naturais, de abrasivos naturais ou artificiais aglomerados ou de cerâmi",Espanha,178384,34299,comexstat,2026-10-08
2026,01,6804,"Mós e artefactos semelhantes, sem armação, para moer, desfibrar, triturar, amolar, polir, rectificar ou cortar; pedras para amolar ou para polir, manualmente, e suas partes, de pedras naturais, de abrasivos naturais ou artificiais aglomerados ou de cerâmi",Áustria,160592,6729,comexstat,2026-10-08
2026,05,6804,"Mós e artefactos semelhantes, sem armação, para moer, desfibrar, triturar, amolar, polir, rectificar ou cortar; pedras para amolar ou para polir, manualmente, e suas partes, de pedras naturais, de abrasivos naturais ou artificiais aglomerados ou de cerâmi",Espanha,155716,14519,comexstat,2026-10-08
2026,04,6804,"Mós e artefactos semelhantes, sem armação, para moer, desfibrar, triturar, amolar, polir, rectificar ou cortar; pedras para amolar ou para polir, manualmente, e suas partes, de pedras naturais, de abrasivos naturais ou artificiais aglomerados ou de cerâmi",França,154828,2664,comexstat,2026-10-08
2026,01,6804,"Mós e artefactos semelhantes, sem armação, para moer, desfibrar, triturar, amolar, polir, rectificar ou cortar; pedras para amolar ou para polir, manualmente, e suas partes, de pedras naturais, de abrasivos naturais ou artificiais aglomerados ou de cerâmi",Argentina,154493,16348,comexstat,2026-10-08
2026,01,6804,"Mós e artefactos semelhantes, sem armação, para moer, desfibrar, triturar, amolar, polir, rectificar ou cortar; pedras para amolar ou para polir, manualmente, e suas partes, de pedras naturais, de abrasivos naturais ou artificiais aglomerados ou de cerâmi",Estados Unidos,151430,2196,comexstat,2026-10-08
2026,08,6804,"Mós e artefactos semelhantes, sem armação, para moer, desfibrar, triturar, amolar, polir, rectificar ou cortar; pedras para amolar ou para polir, manualmente, e suas partes, de pedras naturais, de abrasivos naturais ou artificiais aglomerados ou de cerâmi",Países Baixos (Holanda),149968,10125,comexstat,2026-10-08
2026,08,6804,"Mós e artefactos semelhantes, sem armação, para moer, desfibrar, triturar, amolar, polir, rectificar ou cortar; pedras para amolar ou para polir, manualmente, e suas partes, de pedras naturais, de abrasivos naturais ou artificiais aglomerados ou de cerâmi",Estados Unidos,149083,2716,comexstat,2026-10-08
2026,03,8464,"Máquinas-ferramentas para trabalhar pedra, produtos cerâmicos, betão (concreto), fibrocimento ou matérias minerais semelhantes, ou para o trabalho a frio do vidro",Hong Kong,148559,71983,comexstat,2026-10-08
2026,02,6804,"Mós e artefactos semelhantes, sem armação, para moer, desfibrar, triturar, amolar, polir, rectificar ou cortar; pedras para amolar ou para polir, manualmente, e suas partes, de pedras naturais, de abrasivos naturais ou artificiais aglomerados ou de cerâmi",Tailândia,148171,29582,comexstat,2026-10-08
2026,04,6804,"Mós e artefactos semelhantes, sem armação, para moer, desfibrar, triturar, amolar, polir, rectificar ou cortar; pedras para amolar ou para polir, manualmente, e suas partes, de pedras naturais, de abrasivos naturais ou artificiais aglomerados ou de cerâmi",Espanha,147472,16634,comexstat,2026-10-08
2026,04,6804,"Mós e artefactos semelhantes, sem armação, para moer, desfibrar, triturar, amolar, polir, rectificar ou cortar; pedras para amolar ou para polir, manualmente, e suas partes, de pedras naturais, de abrasivos naturais ou artificiais aglomerados ou de cerâmi",Estados Unidos,142888,2815,comexstat,2026-10-08
2026,01,6804,"Mós e artefactos semelhantes, sem armação, para moer, desfibrar, triturar, amolar, polir, rectificar ou cortar; pedras para amolar ou para polir, manualmente, e suas partes, de pedras naturais, de abrasivos naturais ou artificiais aglomerados ou de cerâmi",Japão,140399,2246,comexstat,2026-10-08
2026,02,8464,"Máquinas-ferramentas para trabalhar pedra, produtos cerâmicos, betão (concreto), fibrocimento ou matérias minerais semelhantes, ou para o trabalho a frio do vidro",Áustria,140261,1491,comexstat,2026-10-08
2026,07,6804,"Mós e artefactos semelhantes, sem armação, para moer, desfibrar, triturar, amolar, polir, rectificar ou cortar; pedras para amolar ou para polir, manualmente, e suas partes, de pedras naturais, de abrasivos naturais ou artificiais aglomerados ou de cerâmi",Espanha,138782,16813,comexstat,2026-10-08
2026,08,8464,"Máquinas-ferramentas para trabalhar pedra, produtos cerâmicos, betão (concreto), fibrocimento ou matérias minerais semelhantes, ou para o trabalho a frio do vidro",Coreia do Sul,138200,1130,comexstat,2026-10-08
2026,09,6804,"Mós e artefactos semelhantes, sem armação, para moer, desfibrar, triturar, amolar, polir, rectificar ou cortar; pedras para amolar ou para polir, manualmente, e suas partes, de pedras naturais, de abrasivos naturais ou artificiais aglomerados ou de cerâmi",França,136504,600,comexstat,2026-10-08
2026,03,6804,"Mós e artefactos semelhantes, sem armação, para moer, desfibrar, triturar, amolar, polir, rectificar ou cortar; pedras para amolar ou para polir, manualmente, e suas partes, de pedras naturais, de abrasivos naturais ou artificiais aglomerados ou de cerâmi",Países Baixos (Holanda),132976,14294,comexstat,2026-10-08
2026,03,6804,"Mós e artefactos semelhantes, sem armação, para moer, desfibrar, triturar, amolar, polir, rectificar ou cortar; pedras para amolar ou para polir, manualmente, e suas partes, de pedras naturais, de abrasivos naturais ou artificiais aglomerados ou de cerâmi",Índia,130187,6983,comexstat,2026-10-08
2026,05,6804,"Mós e artefactos semelhantes, sem armação, para moer, desfibrar, triturar, amolar, polir, rectificar ou cortar; pedras para amolar ou para polir, manualmente, e suas partes, de pedras naturais, de abrasivos naturais ou artificiais aglomerados ou de cerâmi",Canadá,127828,367,comexstat,2026-10-08
2026,08,8464,"Máquinas-ferramentas para trabalhar pedra, produtos cerâmicos, betão (concreto), fibrocimento ou matérias minerais semelhantes, ou para o trabalho a frio do vidro",Suíça,126368,254,comexstat,2026-10-08
2026,05,6804,"Mós e artefactos semelhantes, sem armação, para moer, desfibrar, triturar, amolar, polir, rectificar ou cortar; pedras para amolar ou para polir, manualmente, e suas partes, de pedras naturais, de abrasivos naturais ou artificiais aglomerados ou de cerâmi",Índia,121405,2426,comexstat,2026-10-08
2026,01,8464,"Máquinas-ferramentas para trabalhar pedra, produtos cerâmicos, betão (concreto), fibrocimento ou matérias minerais semelhantes, ou para o trabalho a frio do vidro",França,121326,611,comexstat,2026-10-08
2026,05,6804,"Mós e artefactos semelhantes, sem armação, para moer, desfibrar, triturar, amolar, polir, rectificar ou cortar; pedras para amolar ou para polir, manualmente, e suas partes, de pedras naturais, de abrasivos naturais ou artificiais aglomerados ou de cerâmi",Polônia,115277,15371,comexstat,2026-10-08
2026,07,6804,"Mós e artefactos semelhantes, sem armação, para moer, desfibrar, triturar, amolar, polir, rectificar ou cortar; pedras para amolar ou para polir, manualmente, e suas partes, de pedras naturais, de abrasivos naturais ou artificiais aglomerados ou de cerâmi",Índia,114349,4326,comexstat,2026-10-08
2026,07,8464,"Máquinas-ferramentas para trabalhar pedra, produtos cerâmicos, betão (concreto), fibrocimento ou matérias minerais semelhantes, ou para o trabalho a frio do vidro",Áustria,113818,1202,comexstat,2026-10-08
2026,08,6804,"Mós e artefactos semelhantes, sem armação, para moer, desfibrar, triturar, amolar, polir, rectificar ou cortar; pedras para amolar ou para polir, manualmente, e suas partes, de pedras naturais, de abrasivos naturais ou artificiais aglomerados ou de cerâmi",México,113607,9576,comexstat,2026-10-08
2026,09,6804,"Mós e artefactos semelhantes, sem armação, para moer, desfibrar, triturar, amolar, polir, rectificar ou cortar; pedras para amolar ou para polir, manualmente, e suas partes, de pedras naturais, de abrasivos naturais ou artificiais aglomerados ou de cerâmi",Estados Unidos,111178,2790,comexstat,2026-10-08
2026,06,8464,"Máquinas-ferramentas para trabalhar pedra, produtos cerâmicos, betão (concreto), fibrocimento ou matérias minerais semelhantes, ou para o trabalho a frio do vidro",Itália,107031,3610,comexstat,2026-10-08
2026,04,6804,"Mós e artefactos semelhantes, sem armação, para moer, desfibrar, triturar, amolar, polir, rectificar ou cortar; pedras para amolar ou para polir, manualmente, e suas partes, de pedras naturais, de abrasivos naturais ou artificiais aglomerados ou de cerâmi",Polônia,105490,15588,comexstat,2026-10-08
2026,07,6804,"Mós e artefactos semelhantes, sem armação, para moer, desfibrar, triturar, amolar, polir, rectificar ou cortar; pedras para amolar ou para polir, manualmente, e suas partes, de pedras naturais, de abrasivos naturais ou artificiais aglomerados ou de cerâmi",Hungria,102195,7223,comexstat,2026-10-08
2026,05,6804,"Mós e artefactos semelhantes, sem armação, para moer, desfibrar, triturar, amolar, polir, rectificar ou cortar; pedras para amolar ou para polir, manualmente, e suas partes, de pedras naturais, de abrasivos naturais ou artificiais aglomerados ou de cerâmi",Suíça,98565,49,comexstat,2026-10-08
2026,07,6804,"Mós e artefactos semelhantes, sem armação, para moer, desfibrar, triturar, amolar, polir, rectificar ou cortar; pedras para amolar ou para polir, manualmente, e suas partes, de pedras naturais, de abrasivos naturais ou artificiais aglomerados ou de cerâmi",França,98319,161,comexstat,2026-10-08
2026,01,8464,"Máquinas-ferramentas para trabalhar pedra, produtos cerâmicos, betão (concreto), fibrocimento ou matérias minerais semelhantes, ou para o trabalho a frio do vidro",Japão,97111,389,comexstat,2026-10-08
2026,04,6804,"Mós e artefactos semelhantes, sem armação, para moer, desfibrar, triturar, amolar, polir, rectificar ou cortar; pedras para amolar ou para polir, manualmente, e suas partes, de pedras naturais, de abrasivos naturais ou artificiais aglomerados ou de cerâmi",Hungria,96387,2500,comexstat,2026-10-08
2026,06,6804,"Mós e artefactos semelhantes, sem armação, para moer, desfibrar, triturar, amolar, polir, rectificar ou cortar; pedras para amolar ou para polir, manualmente, e suas partes, de pedras naturais, de abrasivos naturais ou artificiais aglomerados ou de cerâmi",França,96364,2122,comexstat,2026-10-08
2026,06,8464,"Máquinas-ferramentas para trabalhar pedra, produtos cerâmicos, betão (concreto), fibrocimento ou matérias minerais semelhantes, ou para o trabalho a frio do vidro",Japão,92526,467,comexstat,2026-10-08
2026,02,6804,"Mós e artefactos semelhantes, sem armação, para moer, desfibrar, triturar, amolar, polir, rectificar ou cortar; pedras para amolar ou para polir, manualmente, e suas partes, de pedras naturais, de abrasivos naturais ou artificiais aglomerados ou de cerâmi",Áustria,90390,2031,comexstat,2026-10-08
2026,08,6804,"Mós e artefactos semelhantes, sem armação, para moer, desfibrar, triturar, amolar, polir, rectificar ou cortar; pedras para amolar ou para polir, manualmente, e suas partes, de pedras naturais, de abrasivos naturais ou artificiais aglomerados ou de cerâmi",Canadá,88921,2172,comexstat,2026-10-08
2026,08,6804,"Mós e artefactos semelhantes, sem armação, para moer, desfibrar, triturar, amolar, polir, rectificar ou cortar; pedras para amolar ou para polir, manualmente, e suas partes, de pedras naturais, de abrasivos naturais ou artificiais aglomerados ou de cerâmi",Hong Kong,88773,27518,comexstat,2026-10-08
2026,08,8464,"Máquinas-ferramentas para trabalhar pedra, produtos cerâmicos, betão (concreto), fibrocimento ou matérias minerais semelhantes, ou para o trabalho a frio do vidro",Áustria,88385,301,comexstat,2026-10-08
2026,03,6804,"Mós e artefactos semelhantes, sem armação, para moer, desfibrar, triturar, amolar, polir, rectificar ou cortar; pedras para amolar ou para polir, manualmente, e suas partes, de pedras naturais, de abrasivos naturais ou artificiais aglomerados ou de cerâmi",Hungria,86990,2053,comexstat,2026-10-08
2026,08,6804,"Mós e artefactos semelhantes, sem armação, para moer, desfibrar, triturar, amolar, polir, rectificar ou cortar; pedras para amolar ou para polir, manualmente, e suas partes, de pedras naturais, de abrasivos naturais ou artificiais aglomerados ou de cerâmi",Indonésia,86072,759,comexstat,2026-10-08
2026,04,6804,"Mós e artefactos semelhantes, sem armação, para moer, desfibrar, triturar, amolar, polir, rectificar ou cortar; pedras para amolar ou para polir, manualmente, e suas partes, de pedras naturais, de abrasivos naturais ou artificiais aglomerados ou de cerâmi",Hong Kong,85809,27858,comexstat,2026-10-08
2026,04,6804,"Mós e artefactos semelhantes, sem armação, para moer, desfibrar, triturar, amolar, polir, rectificar ou cortar; pedras para amolar ou para polir, manualmente, e suas partes, de pedras naturais, de abrasivos naturais ou artificiais aglomerados ou de cerâmi",Filipinas,84649,39399,comexstat,2026-10-08
2026,08,6804,"Mós e artefactos semelhantes, sem armação, para moer, desfibrar, triturar, amolar, polir, rectificar ou cortar; pedras para amolar ou para polir, manualmente, e suas partes, de pedras naturais, de abrasivos naturais ou artificiais aglomerados ou de cerâmi",Filipinas,80897,35167,comexstat,2026-10-08
2026,08,6804,"Mós e artefactos semelhantes, sem armação, para moer, desfibrar, triturar, amolar, polir, rectificar ou cortar; pedras para amolar ou para polir, manualmente, e suas partes, de pedras naturais, de abrasivos naturais ou artificiais aglomerados ou de cerâmi",Índia,80438,7561,comexstat,2026-10-08
2026,01,6804,"Mós e artefactos semelhantes, sem armação, para moer, desfibrar, triturar, amolar, polir, rectificar ou cortar; pedras para amolar ou para polir, manualmente, e suas partes, de pedras naturais, de abrasivos naturais ou artificiais aglomerados ou de cerâmi",Canadá,80234,1257,comexstat,2026-10-08
2026,06,8464,"Máquinas-ferramentas para trabalhar pedra, produtos cerâmicos, betão (concreto), fibrocimento ou matérias minerais semelhantes, ou para o trabalho a frio do vidro",Argentina,80000,5782,comexstat,2026-10-08
2026,09,6804,"Mós e artefactos semelhantes, sem armação, para moer, desfibrar, triturar, amolar, polir, rectificar ou cortar; pedras para amolar ou para polir, manualmente, e suas partes, de pedras naturais, de abrasivos naturais ou artificiais aglomerados ou de cerâmi",Polônia,79835,8978,comexstat,2026-10-08
2026,03,6804,"Mós e artefactos semelhantes, sem armação, para moer, desfibrar, triturar, amolar, polir, rectificar ou cortar; pedras para amolar ou para polir, manualmente, e suas partes, de pedras naturais, de abrasivos naturais ou artificiais aglomerados ou de cerâmi",Polônia,77770,9302,comexstat,2026-10-08
2026,06,6804,"Mós e artefactos semelhantes, sem armação, para moer, desfibrar, triturar, amolar, polir, rectificar ou cortar; pedras para amolar ou para polir, manualmente, e suas partes, de pedras naturais, de abrasivos naturais ou artificiais aglomerados ou de cerâmi",Espanha,76178,8831,comexstat,2026-10-08
2026,05,8464,"Máquinas-ferramentas para trabalhar pedra, produtos cerâmicos, betão (concreto), fibrocimento ou matérias minerais semelhantes, ou para o trabalho a frio do vidro",Hong Kong,75069,30990,comexstat,2026-10-08
2026,06,6804,"Mós e artefactos semelhantes, sem armação, para moer, desfibrar, triturar, amolar, polir, rectificar ou cortar; pedras para amolar ou para polir, manualmente, e suas partes, de pedras naturais, de abrasivos naturais ou artificiais aglomerados ou de cerâmi",Coreia do Sul,74781,862,comexstat,2026-10-08
2026,09,8464,"Máquinas-ferramentas para trabalhar pedra, produtos cerâmicos, betão (concreto), fibrocimento ou matérias minerais semelhantes, ou para o trabalho a frio do vidro",Áustria,73876,791,comexstat,2026-10-08
2026,02,6804,"Mós e artefactos semelhantes, sem armação, para moer, desfibrar, triturar, amolar, polir, rectificar ou cortar; pedras para amolar ou para polir, manualmente, e suas partes, de pedras naturais, de abrasivos naturais ou artificiais aglomerados ou de cerâmi",Hungria,73197,4213,comexstat,2026-10-08
2026,08,6804,"Mós e artefactos semelhantes, sem armação, para moer, desfibrar, triturar, amolar, polir, rectificar ou cortar; pedras para amolar ou para polir, manualmente, e suas partes, de pedras naturais, de abrasivos naturais ou artificiais aglomerados ou de cerâmi",Coreia do Sul,72211,1729,comexstat,2026-10-08
2026,07,6804,"Mós e artefactos semelhantes, sem armação, para moer, desfibrar, triturar, amolar, polir, rectificar ou cortar; pedras para amolar ou para polir, manualmente, e suas partes, de pedras naturais, de abrasivos naturais ou artificiais aglomerados ou de cerâmi",Filipinas,72159,32098,comexstat,2026-10-08
2026,09,6804,"Mós e artefactos semelhantes, sem armação, para moer, desfibrar, triturar, amolar, polir, rectificar ou cortar; pedras para amolar ou para polir, manualmente, e suas partes, de pedras naturais, de abrasivos naturais ou artificiais aglomerados ou de cerâmi",Índia,71891,1519,comexstat,2026-10-08
2026,02,6804,"Mós e artefactos semelhantes, sem armação, para moer, desfibrar, triturar, amolar, polir, rectificar ou cortar; pedras para amolar ou para polir, manualmente, e suas partes, de pedras naturais, de abrasivos naturais ou artificiais aglomerados ou de cerâmi",Coreia do Sul,71885,1635,comexstat,2026-10-08
2026,05,8464,"Máquinas-ferramentas para trabalhar pedra, produtos cerâmicos, betão (concreto), fibrocimento ou matérias minerais semelhantes, ou para o trabalho a frio do vidro",Coreia do Sul,71000,498,comexstat,2026-10-08
2026,02,6804,"Mós e artefactos semelhantes, sem armação, para moer, desfibrar, triturar, amolar, polir, rectificar ou cortar; pedras para amolar ou para polir, manualmente, e suas partes, de pedras naturais, de abrasivos naturais ou artificiais aglomerados ou de cerâmi",Hong Kong,70491,22420,comexstat,2026-10-08
2026,01,6804,"Mós e artefactos semelhantes, sem armação, para moer, desfibrar, triturar, amolar, polir, rectificar ou cortar; pedras para amolar ou para polir, manualmente, e suas partes, de pedras naturais, de abrasivos naturais ou artificiais aglomerados ou de cerâmi",Hong Kong,70312,27895,comexstat,2026-10-08
2026,07,6804,"Mós e artefactos semelhantes, sem armação, para moer, desfibrar, triturar, amolar, polir, rectificar ou cortar; pedras para amolar ou para polir, manualmente, e suas partes, de pedras naturais, de abrasivos naturais ou artificiais aglomerados ou de cerâmi",Suíça,69036,271,comexstat,2026-10-08
2026,05,6804,"Mós e artefactos semelhantes, sem armação, para moer, desfibrar, triturar, amolar, polir, rectificar ou cortar; pedras para amolar ou para polir, manualmente, e suas partes, de pedras naturais, de abrasivos naturais ou artificiais aglomerados ou de cerâmi",Coreia do Sul,66932,1075,comexstat,2026-10-08
2026,03,6804,"Mós e artefactos semelhantes, sem armação, para moer, desfibrar, triturar, amolar, polir, rectificar ou cortar; pedras para amolar ou para polir, manualmente, e suas partes, de pedras naturais, de abrasivos naturais ou artificiais aglomerados ou de cerâmi",Filipinas,66456,30598,comexstat,2026-10-08
2026,07,8464,"Máquinas-ferramentas para trabalhar pedra, produtos cerâmicos, betão (concreto), fibrocimento ou matérias minerais semelhantes, ou para o trabalho a frio do vidro",Alemanha,65668,460,comexstat,2026-10-08
2026,04,6804,"Mós e artefactos semelhantes, sem armação, para moer, desfibrar, triturar, amolar, polir, rectificar ou cortar; pedras para amolar ou para polir, manualmente, e suas partes, de pedras naturais, de abrasivos naturais ou artificiais aglomerados ou de cerâmi",Coreia do Sul,63405,697,comexstat,2026-10-08
2026,04,6804,"Mós e artefactos semelhantes, sem armação, para moer, desfibrar, triturar, amolar, polir, rectificar ou cortar; pedras para amolar ou para polir, manualmente, e suas partes, de pedras naturais, de abrasivos naturais ou artificiais aglomerados ou de cerâmi",Índia,63261,1712,comexstat,2026-10-08
2026,03,6804,"Mós e artefactos semelhantes, sem armação, para moer, desfibrar, triturar, amolar, polir, rectificar ou cortar; pedras para amolar ou para polir, manualmente, e suas partes, de pedras naturais, de abrasivos naturais ou artificiais aglomerados ou de cerâmi",Tailândia,61972,7699,comexstat,2026-10-08
2026,05,6804,"Mós e artefactos semelhantes, sem armação, para moer, desfibrar, triturar, amolar, polir, rectificar ou cortar; pedras para amolar ou para polir, manualmente, e suas partes, de pedras naturais, de abrasivos naturais ou artificiais aglomerados ou de cerâmi",Filipinas,61392,23784,comexstat,2026-10-08
2026,07,8464,"Máquinas-ferramentas para trabalhar pedra, produtos cerâmicos, betão (concreto), fibrocimento ou matérias minerais semelhantes, ou para o trabalho a frio do vidro",Coreia do Sul,60500,467,comexstat,2026-10-08
2026,03,6804,"Mós e artefactos semelhantes, sem armação, para moer, desfibrar, triturar, amolar, polir, rectificar ou cortar; pedras para amolar ou para polir, manualmente, e suas partes, de pedras naturais, de abrasivos naturais ou artificiais aglomerados ou de cerâmi",Turquia,60326,15869,comexstat,2026-10-08
2026,05,8464,"Máquinas-ferramentas para trabalhar pedra, produtos cerâmicos, betão (concreto), fibrocimento ou matérias minerais semelhantes, ou para o trabalho a frio do vidro",Suíça,60300,129,comexstat,2026-10-08
2026,09,8464,"Máquinas-ferramentas para trabalhar pedra, produtos cerâmicos, betão (concreto), fibrocimento ou matérias minerais semelhantes, ou para o trabalho a frio do vidro",Suíça,60261,129,comexstat,2026-10-08
2026,05,8464,"Máquinas-ferramentas para trabalhar pedra, produtos cerâmicos, betão (concreto), fibrocimento ou matérias minerais semelhantes, ou para o trabalho a frio do vidro",Áustria,59111,683,comexstat,2026-10-08
2026,06,8464,"Máquinas-ferramentas para trabalhar pedra, produtos cerâmicos, betão (concreto), fibrocimento ou matérias minerais semelhantes, ou para o trabalho a frio do vidro",Suíça,58928,13,comexstat,2026-10-08
2026,01,6804,"Mós e artefactos semelhantes, sem armação, para moer, desfibrar, triturar, amolar, polir, rectificar ou cortar; pedras para amolar ou para polir, manualmente, e suas partes, de pedras naturais, de abrasivos naturais ou artificiais aglomerados ou de cerâmi",Suíça,58725,4214,comexstat,2026-10-08
2026,07,8464,"Máquinas-ferramentas para trabalhar pedra, produtos cerâmicos, betão (concreto), fibrocimento ou matérias minerais semelhantes, ou para o trabalho a frio do vidro",Suíça,58578,127,comexstat,2026-10-08
2026,01,6804,"Mós e artefactos semelhantes, sem armação, para moer, desfibrar, triturar, amolar, polir, rectificar ou cortar; pedras para amolar ou para polir, manualmente, e suas partes, de pedras naturais, de abrasivos naturais ou artificiais aglomerados ou de cerâmi",Taiwan (Formosa),57730,220,comexstat,2026-10-08
2026,04,8464,"Máquinas-ferramentas para trabalhar pedra, produtos cerâmicos, betão (concreto), fibrocimento ou matérias minerais semelhantes, ou para o trabalho a frio do vidro",Japão,57003,227,comexstat,2026-10-08
2026,05,6804,"Mós e artefactos semelhantes, sem armação, para moer, desfibrar, triturar, amolar, polir, rectificar ou cortar; pedras para amolar ou para polir, manualmente, e suas partes, de pedras naturais, de abrasivos naturais ou artificiais aglomerados ou de cerâmi",Rússia,56638,8000,comexstat,2026-10-08
2026,04,6804,"Mós e artefactos semelhantes, sem armação, para moer, desfibrar, triturar, amolar, polir, rectificar ou cortar; pedras para amolar ou para polir, manualmente, e suas partes, de pedras naturais, de abrasivos naturais ou artificiais aglomerados ou de cerâmi",Países Baixos (Holanda),55291,2347,comexstat,2026-10-08
2026,07,6804,"Mós e artefactos semelhantes, sem armação, para moer, desfibrar, triturar, amolar, polir, rectificar ou cortar; pedras para amolar ou para polir, manualmente, e suas partes, de pedras naturais, de abrasivos naturais ou artificiais aglomerados ou de cerâmi",Taiwan (Formosa),55245,447,comexstat,2026-10-08
2026,09,6804,"Mós e artefactos semelhantes, sem armação, para moer, desfibrar, triturar, amolar, polir, rectificar ou cortar; pedras para amolar ou para polir, manualmente, e suas partes, de pedras naturais, de abrasivos naturais ou artificiais aglomerados ou de cerâmi",Hungria,54991,581,comexstat,2026-10-08
2026,09,8464,"Máquinas-ferramentas para trabalhar pedra, produtos cerâmicos, betão (concreto), fibrocimento ou matérias minerais semelhantes, ou para o trabalho a frio do vidro",Itália,54686,6030,comexstat,2026-10-08
2026,05,6804,"Mós e artefactos semelhantes, sem armação, para moer, desfibrar, triturar, amolar, polir, rectificar ou cortar; pedras para amolar ou para polir, manualmente, e suas partes, de pedras naturais, de abrasivos naturais ou artificiais aglomerados ou de cerâmi",Suécia,54090,47,comexstat,2026-10-08
2026,09,8464,"Máquinas-ferramentas para trabalhar pedra, produtos cerâmicos, betão (concreto), fibrocimento ou matérias minerais semelhantes, ou para o trabalho a frio do vidro",Hong Kong,53723,20686,comexstat,2026-10-08
2026,03,6804,"Mós e artefactos semelhantes, sem armação, para moer, desfibrar, triturar, amolar, polir, rectificar ou cortar; pedras para amolar ou para polir, manualmente, e suas partes, de pedras naturais, de abrasivos naturais ou artificiais aglomerados ou de cerâmi",Canadá,53309,279,comexstat,2026-10-08
2026,02,6804,"Mós e artefactos semelhantes, sem armação, para moer, desfibrar, triturar, amolar, polir, rectificar ou cortar; pedras para amolar ou para polir, manualmente, e suas partes, de pedras naturais, de abrasivos naturais ou artificiais aglomerados ou de cerâmi",Indonésia,51762,670,comexstat,2026-10-08
2026,06,6804,"Mós e artefactos semelhantes, sem armação, para moer, desfibrar, triturar, amolar, polir, rectificar ou cortar; pedras para amolar ou para polir, manualmente, e suas partes, de pedras naturais, de abrasivos naturais ou artificiais aglomerados ou de cerâmi",Filipinas,51657,21375,comexstat,2026-10-08
2026,08,8464,"Máquinas-ferramentas para trabalhar pedra, produtos cerâmicos, betão (concreto), fibrocimento ou matérias minerais semelhantes, ou para o trabalho a frio do vidro",Japão,50469,251,comexstat,2026-10-08
2026,06,6804,"Mós e artefactos semelhantes, sem armação, para moer, desfibrar, triturar, amolar, polir, rectificar ou cortar; pedras para amolar ou para polir, manualmente, e suas partes, de pedras naturais, de abrasivos naturais ou artificiais aglomerados ou de cerâmi",Canadá,49223,747,comexstat,2026-10-08
2026,02,6804,"Mós e artefactos semelhantes, sem armação, para moer, desfibrar, triturar, amolar, polir, rectificar ou cortar; pedras para amolar ou para polir, manualmente, e suas partes, de pedras naturais, de abrasivos naturais ou artificiais aglomerados ou de cerâmi",Polônia,47884,6956,comexstat,2026-10-08
2026,03,6804,"Mós e artefactos semelhantes, sem armação, para moer, desfibrar, triturar, amolar, polir, rectificar ou cortar; pedras para amolar ou para polir, manualmente, e suas partes, de pedras naturais, de abrasivos naturais ou artificiais aglomerados ou de cerâmi",Coreia do Sul,47864,886,comexstat,2026-10-08
2026,05,6804,"Mós e artefactos semelhantes, sem armação, para moer, desfibrar, triturar, amolar, polir, rectificar ou cortar; pedras para amolar ou para polir, manualmente, e suas partes, de pedras naturais, de abrasivos naturais ou artificiais aglomerados ou de cerâmi",Hungria,47641,416,comexstat,2026-10-08
2026,08,6804,"Mós e artefactos semelhantes, sem armação, para moer, desfibrar, triturar, amolar, polir, rectificar ou cortar; pedras para amolar ou para polir, manualmente, e suas partes, de pedras naturais, de abrasivos naturais ou artificiais aglomerados ou de cerâmi",Taiwan (Formosa),47594,115,comexstat,2026-10-08
2026,02,6804,"Mós e artefactos semelhantes, sem armação, para moer, desfibrar, triturar, amolar, polir, rectificar ou cortar; pedras para amolar ou para polir, manualmente, e suas partes, de pedras naturais, de abrasivos naturais ou artificiais aglomerados ou de cerâmi",Índia,47475,952,comexstat,2026-10-08
2026,02,6804,"Mós e artefactos semelhantes, sem armação, para moer, desfibrar, triturar, amolar, polir, rectificar ou cortar; pedras para amolar ou para polir, manualmente, e suas partes, de pedras naturais, de abrasivos naturais ou artificiais aglomerados ou de cerâmi",Canadá,46029,1655,comexstat,2026-10-08
2026,05,6804,"Mós e artefactos semelhantes, sem armação, para moer, desfibrar, triturar, amolar, polir, rectificar ou cortar; pedras para amolar ou para polir, manualmente, e suas partes, de pedras naturais, de abrasivos naturais ou artificiais aglomerados ou de cerâmi",Bulgária,45216,565,comexstat,2026-10-08
2026,05,8464,"Máquinas-ferramentas para trabalhar pedra, produtos cerâmicos, betão (concreto), fibrocimento ou matérias minerais semelhantes, ou para o trabalho a frio do vidro",Argentina,45000,2766,comexstat,2026-10-08
2026,04,8464,"Máquinas-ferramentas para trabalhar pedra, produtos cerâmicos, betão (concreto), fibrocimento ou matérias minerais semelhantes, ou para o trabalho a frio do vidro",Hong Kong,44475,14720,comexstat,2026-10-08
2026,08,6804,"Mós e artefactos semelhantes, sem armação, para moer, desfibrar, triturar, amolar, polir, rectificar ou cortar; pedras para amolar ou para polir, manualmente, e suas partes, de pedras naturais, de abrasivos naturais ou artificiais aglomerados ou de cerâmi",Bulgária,44463,672,comexstat,2026-10-08
2026,08,8464,"Máquinas-ferramentas para trabalhar pedra, produtos cerâmicos, betão (concreto), fibrocimento ou matérias minerais semelhantes, ou para o trabalho a frio do vidro",Bulgária,44206,1385,comexstat,2026-10-08
2026,06,6804,"Mós e artefactos semelhantes, sem armação, para moer, desfibrar, triturar, amolar, polir, rectificar ou cortar; pedras para amolar ou para polir, manualmente, e suas partes, de pedras naturais, de abrasivos naturais ou artificiais aglomerados ou de cerâmi",Polônia,43898,5714,comexstat,2026-10-08
2026,04,6804,"Mós e artefactos semelhantes, sem armação, para moer, desfibrar, triturar, amolar, polir, rectificar ou cortar; pedras para amolar ou para polir, manualmente, e suas partes, de pedras naturais, de abrasivos naturais ou artificiais aglomerados ou de cerâmi",Bélgica,43856,210,comexstat,2026-10-08
2026,07,6804,"Mós e artefactos semelhantes, sem armação, para moer, desfibrar, triturar, amolar, polir, rectificar ou cortar; pedras para amolar ou para polir, manualmente, e suas partes, de pedras naturais, de abrasivos naturais ou artificiais aglomerados ou de cerâmi",Polônia,42856,4710,comexstat,2026-10-08
2026,06,6804,"Mós e artefactos semelhantes, sem armação, para moer, desfibrar, triturar, amolar, polir, rectificar ou cortar; pedras para amolar ou para polir, manualmente, e suas partes, de pedras naturais, de abrasivos naturais ou artificiais aglomerados ou de cerâmi",Bulgária,42839,594,comexstat,2026-10-08
2026,04,8464,"Máquinas-ferramentas para trabalhar pedra, produtos cerâmicos, betão (concreto), fibrocimento ou matérias minerais semelhantes, ou para o trabalho a frio do vidro","Tcheca, República",42242,105,comexstat,2026-10-08
2026,01,8464,"Máquinas-ferramentas para trabalhar pedra, produtos cerâmicos, betão (concreto), fibrocimento ou matérias minerais semelhantes, ou para o trabalho a frio do vidro",Hong Kong,42185,21314,comexstat,2026-10-08
2026,09,8464,"Máquinas-ferramentas para trabalhar pedra, produtos cerâmicos, betão (concreto), fibrocimento ou matérias minerais semelhantes, ou para o trabalho a frio do vidro",Coreia do Sul,40900,355,comexstat,2026-10-08
2026,04,6804,"Mós e artefactos semelhantes, sem armação, para moer, desfibrar, triturar, amolar, polir, rectificar ou cortar; pedras para amolar ou para polir, manualmente, e suas partes, de pedras naturais, de abrasivos naturais ou artificiais aglomerados ou de cerâmi",Irlanda,40845,1202,comexstat,2026-10-08
2026,04,6804,"Mós e artefactos semelhantes, sem armação, para moer, desfibrar, triturar, amolar, polir, rectificar ou cortar; pedras para amolar ou para polir, manualmente, e suas partes, de pedras naturais, de abrasivos naturais ou artificiais aglomerados ou de cerâmi",Canadá,40575,36,comexstat,2026-10-08
2026,07,6804,"Mós e artefactos semelhantes, sem armação, para moer, desfibrar, triturar, amolar, polir, rectificar ou cortar; pedras para amolar ou para polir, manualmente, e suas partes, de pedras naturais, de abrasivos naturais ou artificiais aglomerados ou de cerâmi",Turquia,40535,11285,comexstat,2026-10-08
2026,06,6804,"Mós e artefactos semelhantes, sem armação, para moer, desfibrar, triturar, amolar, polir, rectificar ou cortar; pedras para amolar ou para polir, manualmente, e suas partes, de pedras naturais, de abrasivos naturais ou artificiais aglomerados ou de cerâmi",Vietnã,40288,1736,comexstat,2026-10-08
2026,01,6804,"Mós e artefactos semelhantes, sem armação, para moer, desfibrar, triturar, amolar, polir, rectificar ou cortar; pedras para amolar ou para polir, manualmente, e suas partes, de pedras naturais, de abrasivos naturais ou artificiais aglomerados ou de cerâmi",Índia,40035,2846,comexstat,2026-10-08
2026,08,6804,"Mós e artefactos semelhantes, sem armação, para moer, desfibrar, triturar, amolar, polir, rectificar ou cortar; pedras para amolar ou para polir, manualmente, e suas partes, de pedras naturais, de abrasivos naturais ou artificiais aglomerados ou de cerâmi",Vietnã,38530,1322,comexstat,2026-10-08
2026,01,6804,"Mós e artefactos semelhantes, sem armação, para moer, desfibrar, triturar, amolar, polir, rectificar ou cortar; pedras para amolar ou para polir, manualmente, e suas partes, de pedras naturais, de abrasivos naturais ou artificiais aglomerados ou de cerâmi",Filipinas,38289,15292,comexstat,2026-10-08
2026,06,6804,"Mós e artefactos semelhantes, sem armação, para moer, desfibrar, triturar, amolar, polir, rectificar ou cortar; pedras para amolar ou para polir, manualmente, e suas partes, de pedras naturais, de abrasivos naturais ou artificiais aglomerados ou de cerâmi",Indonésia,38233,395,comexstat,2026-10-08
2026,01,6804,"Mós e artefactos semelhantes, sem armação, para moer, desfibrar, triturar, amolar, polir, rectificar ou cortar; pedras para amolar ou para polir, manualmente, e suas partes, de pedras naturais, de abrasivos naturais ou artificiais aglomerados ou de cerâmi",Vietnã,37451,1309,comexstat,2026-10-08
2026,04,8464,"Máquinas-ferramentas para trabalhar pedra, produtos cerâmicos, betão (concreto), fibrocimento ou matérias minerais semelhantes, ou para o trabalho a frio do vidro",Finlândia,36584,130,comexstat,2026-10-08
2026,06,6804,"Mós e artefactos semelhantes, sem armação, para moer, desfibrar, triturar, amolar, polir, rectificar ou cortar; pedras para amolar ou para polir, manualmente, e suas partes, de pedras naturais, de abrasivos naturais ou artificiais aglomerados ou de cerâmi",Suíça,36493,23,comexstat,2026-10-08
2026,06,6804,"Mós e artefactos semelhantes, sem armação, para moer, desfibrar, triturar, amolar, polir, rectificar ou cortar; pedras para amolar ou para polir, manualmente, e suas partes, de pedras naturais, de abrasivos naturais ou artificiais aglomerados ou de cerâmi",Índia,36421,828,comexstat,2026-10-08
2026,03,6804,"Mós e artefactos semelhantes, sem armação, para moer, desfibrar, triturar, amolar, polir, rectificar ou cortar; pedras para amolar ou para polir, manualmente, e suas partes, de pedras naturais, de abrasivos naturais ou artificiais aglomerados ou de cerâmi",Suécia,34865,110,comexstat,2026-10-08
2026,09,6804,"Mós e artefactos semelhantes, sem armação, para moer, desfibrar, triturar, amolar, polir, rectificar ou cortar; pedras para amolar ou para polir, manualmente, e suas partes, de pedras naturais, de abrasivos naturais ou artificiais aglomerados ou de cerâmi",Coreia do Sul,34632,915,comexstat,2026-10-08
2026,02,6804,"Mós e artefactos semelhantes, sem armação, para moer, desfibrar, triturar, amolar, polir, rectificar ou cortar; pedras para amolar ou para polir, manualmente, e suas partes, de pedras naturais, de abrasivos naturais ou artificiais aglomerados ou de cerâmi",Países Baixos (Holanda),34476,4636,comexstat,2026-10-08
2026,04,8464,"Máquinas-ferramentas para trabalhar pedra, produtos cerâmicos, betão (concreto), fibrocimento ou matérias minerais semelhantes, ou para o trabalho a frio do vidro",Áustria,34447,402,comexstat,2026-10-08
2026,09,6804,"Mós e artefactos semelhantes, sem armação, para moer, desfibrar, triturar, amolar, polir, rectificar ou cortar; pedras para amolar ou para polir, manualmente, e suas partes, de pedras naturais, de abrasivos naturais ou artificiais aglomerados ou de cerâmi",Indonésia,33787,271,comexstat,2026-10-08
2026,04,6804,"Mós e artefactos semelhantes, sem armação, para moer, desfibrar, triturar, amolar, polir, rectificar ou cortar; pedras para amolar ou para polir, manualmente, e suas partes, de pedras naturais, de abrasivos naturais ou artificiais aglomerados ou de cerâmi",Taiwan (Formosa),33088,223,comexstat,2026-10-08
2026,01,6804,"Mós e artefactos semelhantes, sem armação, para moer, desfibrar, triturar, amolar, polir, rectificar ou cortar; pedras para amolar ou para polir, manualmente, e suas partes, de pedras naturais, de abrasivos naturais ou artificiais aglomerados ou de cerâmi",Panamá,32538,405,comexstat,2026-10-08
2026,08,6804,"Mós e artefactos semelhantes, sem armação, para moer, desfibrar, triturar, amolar, polir, rectificar ou cortar; pedras para amolar ou para polir, manualmente, e suas partes, de pedras naturais, de abrasivos naturais ou artificiais aglomerados ou de cerâmi",França,32403,258,comexstat,2026-10-08
2026,09,6804,"Mós e artefactos semelhantes, sem armação, para moer, desfibrar, triturar, amolar, polir, rectificar ou cortar; pedras para amolar ou para polir, manualmente, e suas partes, de pedras naturais, de abrasivos naturais ou artificiais aglomerados ou de cerâmi",Taiwan (Formosa),32183,201,comexstat,2026-10-08
2026,02,6804,"Mós e artefactos semelhantes, sem armação, para moer, desfibrar, triturar, amolar, polir, rectificar ou cortar; pedras para amolar ou para polir, manualmente, e suas partes, de pedras naturais, de abrasivos naturais ou artificiais aglomerados ou de cerâmi",Espanha,32114,1874,comexstat,2026-10-08
2026,09,6804,"Mós e artefactos semelhantes, sem armação, para moer, desfibrar, triturar, amolar, polir, rectificar ou cortar; pedras para amolar ou para polir, manualmente, e suas partes, de pedras naturais, de abrasivos naturais ou artificiais aglomerados ou de cerâmi",Reino Unido,32042,1725,comexstat,2026-10-08
2026,07,6804,"Mós e artefactos semelhantes, sem armação, para moer, desfibrar, triturar, amolar, polir, rectificar ou cortar; pedras para amolar ou para polir, manualmente, e suas partes, de pedras naturais, de abrasivos naturais ou artificiais aglomerados ou de cerâmi",México,31981,665,comexstat,2026-10-08
2026,04,6804,"Mós e artefactos semelhantes, sem armação, para moer, desfibrar, triturar, amolar, polir, rectificar ou cortar; pedras para amolar ou para polir, manualmente, e suas partes, de pedras naturais, de abrasivos naturais ou artificiais aglomerados ou de cerâmi",Suíça,30439,162,comexstat,2026-10-08
2026,09,8464,"Máquinas-ferramentas para trabalhar pedra, produtos cerâmicos, betão (concreto), fibrocimento ou matérias minerais semelhantes, ou para o trabalho a frio do vidro",Estados Unidos,30053,1065,comexstat,2026-10-08
2026,02,6804,"Mós e artefactos semelhantes, sem armação, para moer, desfibrar, triturar, amolar, polir, rectificar ou cortar; pedras para amolar ou para polir, manualmente, e suas partes, de pedras naturais, de abrasivos naturais ou artificiais aglomerados ou de cerâmi",México,29826,810,comexstat,2026-10-08
2026,02,6804,"Mós e artefactos semelhantes, sem armação, para moer, desfibrar, triturar, amolar, polir, rectificar ou cortar; pedras para amolar ou para polir, manualmente, e suas partes, de pedras naturais, de abrasivos naturais ou artificiais aglomerados ou de cerâmi",Suécia,29431,32,comexstat,2026-10-08
2026,03,6804,"Mós e artefactos semelhantes, sem armação, para moer, desfibrar, triturar, amolar, polir, rectificar ou cortar; pedras para amolar ou para polir, manualmente, e suas partes, de pedras naturais, de abrasivos naturais ou artificiais aglomerados ou de cerâmi",Suíça,29172,208,comexstat,2026-10-08
2026,09,6804,"Mós e artefactos semelhantes, sem armação, para moer, desfibrar, triturar, amolar, polir, rectificar ou cortar; pedras para amolar ou para polir, manualmente, e suas partes, de pedras naturais, de abrasivos naturais ou artificiais aglomerados ou de cerâmi",Suécia,29026,52,comexstat,2026-10-08
2026,09,6804,"Mós e artefactos semelhantes, sem armação, para moer, desfibrar, triturar, amolar, polir, rectificar ou cortar; pedras para amolar ou para polir, manualmente, e suas partes, de pedras naturais, de abrasivos naturais ou artificiais aglomerados ou de cerâmi",Hong Kong,28018,22417,comexstat,2026-10-08
2026,09,6804,"Mós e artefactos semelhantes, sem armação, para moer, desfibrar, triturar, amolar, polir, rectificar ou cortar; pedras para amolar ou para polir, manualmente, e suas partes, de pedras naturais, de abrasivos naturais ou artificiais aglomerados ou de cerâmi",Filipinas,27847,12865,comexstat,2026-10-08
2026,03,8464,"Máquinas-ferramentas para trabalhar pedra, produtos cerâmicos, betão (concreto), fibrocimento ou matérias minerais semelhantes, ou para o trabalho a frio do vidro",Áustria,26936,301,comexstat,2026-10-08
2026,04,6804,"Mós e artefactos semelhantes, sem armação, para moer, desfibrar, triturar, amolar, polir, rectificar ou cortar; pedras para amolar ou para polir, manualmente, e suas partes, de pedras naturais, de abrasivos naturais ou artificiais aglomerados ou de cerâmi",Indonésia,26660,496,comexstat,2026-10-08
2026,09,6804,"Mós e artefactos semelhantes, sem armação, para moer, desfibrar, triturar, amolar, polir, rectificar ou cortar; pedras para amolar ou para polir, manualmente, e suas partes, de pedras naturais, de abrasivos naturais ou artificiais aglomerados ou de cerâmi",Turquia,26105,7786,comexstat,2026-10-08
2026,07,6804,"Mós e artefactos semelhantes, sem armação, para moer, desfibrar, triturar, amolar, polir, rectificar ou cortar; pedras para amolar ou para polir, manualmente, e suas partes, de pedras naturais, de abrasivos naturais ou artificiais aglomerados ou de cerâmi",Coreia do Sul,25633,19,comexstat,2026-10-08
2026,02,6804,"Mós e artefactos semelhantes, sem armação, para moer, desfibrar, triturar, amolar, polir, rectificar ou cortar; pedras para amolar ou para polir, manualmente, e suas partes, de pedras naturais, de abrasivos naturais ou artificiais aglomerados ou de cerâmi",Taiwan (Formosa),25595,75,comexstat,2026-10-08
2026,02,6804,"Mós e artefactos semelhantes, sem armação, para moer, desfibrar, triturar, amolar, polir, rectificar ou cortar; pedras para amolar ou para polir, manualmente, e suas partes, de pedras naturais, de abrasivos naturais ou artificiais aglomerados ou de cerâmi",Filipinas,25461,9950,comexstat,2026-10-08
2026,05,8464,"Máquinas-ferramentas para trabalhar pedra, produtos cerâmicos, betão (concreto), fibrocimento ou matérias minerais semelhantes, ou para o trabalho a frio do vidro",Bulgária,24626,860,comexstat,2026-10-08
2026,06,6804,"Mós e artefactos semelhantes, sem armação, para moer, desfibrar, triturar, amolar, polir, rectificar ou cortar; pedras para amolar ou para polir, manualmente, e suas partes, de pedras naturais, de abrasivos naturais ou artificiais aglomerados ou de cerâmi",Hungria,23994,1505,comexstat,2026-10-08
2026,07,6804,"Mós e artefactos semelhantes, sem armação, para moer, desfibrar, triturar, amolar, polir, rectificar ou cortar; pedras para amolar ou para polir, manualmente, e suas partes, de pedras naturais, de abrasivos naturais ou artificiais aglomerados ou de cerâmi",Reino Unido,23767,821,comexstat,2026-10-08
2026,05,6804,"Mós e artefactos semelhantes, sem armação, para moer, desfibrar, triturar, amolar, polir, rectificar ou cortar; pedras para amolar ou para polir, manualmente, e suas partes, de pedras naturais, de abrasivos naturais ou artificiais aglomerados ou de cerâmi",Taiwan (Formosa),23639,97,comexstat,2026-10-08
2026,06,6804,"Mós e artefactos semelhantes, sem armação, para moer, desfibrar, triturar, amolar, polir, rectificar ou cortar; pedras para amolar ou para polir, manualmente, e suas partes, de pedras naturais, de abrasivos naturais ou artificiais aglomerados ou de cerâmi","Tcheca, República",23263,2765,comexstat,2026-10-08
2026,05,6804,"Mós e artefactos semelhantes, sem armação, para moer, desfibrar, triturar, amolar, polir, rectificar ou cortar; pedras para amolar ou para polir, manualmente, e suas partes, de pedras naturais, de abrasivos naturais ou artificiais aglomerados ou de cerâmi","Tcheca, República",22918,2703,comexstat,2026-10-08
2026,08,8464,"Máquinas-ferramentas para trabalhar pedra, produtos cerâmicos, betão (concreto), fibrocimento ou matérias minerais semelhantes, ou para o trabalho a frio do vidro",Estados Unidos,22290,38,comexstat,2026-10-08
2026,08,6804,"Mós e artefactos semelhantes, sem armação, para moer, desfibrar, triturar, amolar, polir, rectificar ou cortar; pedras para amolar ou para polir, manualmente, e suas partes, de pedras naturais, de abrasivos naturais ou artificiais aglomerados ou de cerâmi",Hungria,21588,394,comexstat,2026-10-08
2026,01,6804,"Mós e artefactos semelhantes, sem armação, para moer, desfibrar, triturar, amolar, polir, rectificar ou cortar; pedras para amolar ou para polir, manualmente, e suas partes, de pedras naturais, de abrasivos naturais ou artificiais aglomerados ou de cerâmi",Suécia,21182,11,comexstat,2026-10-08
2026,02,6804,"Mós e artefactos semelhantes, sem armação, para moer, desfibrar, triturar, amolar, polir, rectificar ou cortar; pedras para amolar ou para polir, manualmente, e suas partes, de pedras naturais, de abrasivos naturais ou artificiais aglomerados ou de cerâmi",Suíça,20576,5,comexstat,2026-10-08
2026,07,6804,"Mós e artefactos semelhantes, sem armação, para moer, desfibrar, triturar, amolar, polir, rectificar ou cortar; pedras para amolar ou para polir, manualmente, e suas partes, de pedras naturais, de abrasivos naturais ou artificiais aglomerados ou de cerâmi",Indonésia,20179,162,comexstat,2026-10-08
2026,06,6804,"Mós e artefactos semelhantes, sem armação, para moer, desfibrar, triturar, amolar, polir, rectificar ou cortar; pedras para amolar ou para polir, manualmente, e suas partes, de pedras naturais, de abrasivos naturais ou artificiais aglomerados ou de cerâmi",Irlanda,19216,567,comexstat,2026-10-08
2026,06,6804,"Mós e artefactos semelhantes, sem armação, para moer, desfibrar, triturar, amolar, polir, rectificar ou cortar; pedras para amolar ou para polir, manualmente, e suas partes, de pedras naturais, de abrasivos naturais ou artificiais aglomerados ou de cerâmi",Taiwan (Formosa),19180,151,comexstat,2026-10-08
2026,04,8464,"Máquinas-ferramentas para trabalhar pedra, produtos cerâmicos, betão (concreto), fibrocimento ou matérias minerais semelhantes, ou para o trabalho a frio do vidro",Estados Unidos,19012,506,comexstat,2026-10-08
2026,03,6804,"Mós e artefactos semelhantes, sem armação, para moer, desfibrar, triturar, amolar, polir, rectificar ou cortar; pedras para amolar ou para polir, manualmente, e suas partes, de pedras naturais, de abrasivos naturais ou artificiais aglomerados ou de cerâmi",Finlândia,18996,1101,comexstat,2026-10-08
2026,07,6804,"Mós e artefactos semelhantes, sem armação, para moer, desfibrar, triturar, amolar, polir, rectificar ou cortar; pedras para amolar ou para polir, manualmente, e suas partes, de pedras naturais, de abrasivos naturais ou artificiais aglomerados ou de cerâmi",Suécia,17543,14,comexstat,2026-10-08
2026,05,6804,"Mós e artefactos semelhantes, sem armação, para moer, desfibrar, triturar, amolar, polir, rectificar ou cortar; pedras para amolar ou para polir, manualmente, e suas partes, de pedras naturais, de abrasivos naturais ou artificiais aglomerados ou de cerâmi",Indonésia,17205,246,comexstat,2026-10-08
2026,02,6804,"Mós e artefactos semelhantes, sem armação, para moer, desfibrar, triturar, amolar, polir, rectificar ou cortar; pedras para amolar ou para polir, manualmente, e suas partes, de pedras naturais, de abrasivos naturais ou artificiais aglomerados ou de cerâmi",Dinamarca,17103,19,comexstat,2026-10-08
2026,06,6804,"Mós e artefactos semelhantes, sem armação, para moer, desfibrar, triturar, amolar, polir, rectificar ou cortar; pedras para amolar ou para polir, manualmente, e suas partes, de pedras naturais, de abrasivos naturais ou artificiais aglomerados ou de cerâmi",Suécia,16957,63,comexstat,2026-10-08
2026,03,6804,"Mós e artefactos semelhantes, sem armação, para moer, desfibrar, triturar, amolar, polir, rectificar ou cortar; pedras para amolar ou para polir, manualmente, e suas partes, de pedras naturais, de abrasivos naturais ou artificiais aglomerados ou de cerâmi",Hong Kong,16456,8781,comexstat,2026-10-08
2026,08,6804,"Mós e artefactos semelhantes, sem armação, para moer, desfibrar, triturar, amolar, polir, rectificar ou cortar; pedras para amolar ou para polir, manualmente, e suas partes, de pedras naturais, de abrasivos naturais ou artificiais aglomerados ou de cerâmi",Israel,16246,54,comexstat,2026-10-08
2026,03,6804,"Mós e artefactos semelhantes, sem armação, para moer, desfibrar, triturar, amolar, polir, rectificar ou cortar; pedras para amolar ou para polir, manualmente, e suas partes, de pedras naturais, de abrasivos naturais ou artificiais aglomerados ou de cerâmi",Reino Unido,16093,44,comexstat,2026-10-08
2026,08,8464,"Máquinas-ferramentas para trabalhar pedra, produtos cerâmicos, betão (concreto), fibrocimento ou matérias minerais semelhantes, ou para o trabalho a frio do vidro",Suécia,15376,128,comexstat,2026-10-08
2026,06,6804,"Mós e artefactos semelhantes, sem armação, para moer, desfibrar, triturar, amolar, polir, rectificar ou cortar; pedras para amolar ou para polir, manualmente, e suas partes, de pedras naturais, de abrasivos naturais ou artificiais aglomerados ou de cerâmi",Turquia,15361,1052,comexstat,2026-10-08
2026,04,6804,"Mós e artefactos semelhantes, sem armação, para moer, desfibrar, triturar, amolar, polir, rectificar ou cortar; pedras para amolar ou para polir, manualmente, e suas partes, de pedras naturais, de abrasivos naturais ou artificiais aglomerados ou de cerâmi",Reino Unido,15060,1647,comexstat,2026-10-08
2026,07,8464,"Máquinas-ferramentas para trabalhar pedra, produtos cerâmicos, betão (concreto), fibrocimento ou matérias minerais semelhantes, ou para o trabalho a frio do vidro",Japão,14354,77,comexstat,2026-10-08
2026,01,6804,"Mós e artefactos semelhantes, sem armação, para moer, desfibrar, triturar, amolar, polir, rectificar ou cortar; pedras para amolar ou para polir, manualmente, e suas partes, de pedras naturais, de abrasivos naturais ou artificiais aglomerados ou de cerâmi",Reino Unido,14048,33,comexstat,2026-10-08
2026,07,6804,"Mós e artefactos semelhantes, sem armação, para moer, desfibrar, triturar, amolar, polir, rectificar ou cortar; pedras para amolar ou para polir, manualmente, e suas partes, de pedras naturais, de abrasivos naturais ou artificiais aglomerados ou de cerâmi",Hong Kong,13979,5426,comexstat,2026-10-08
2026,03,6804,"Mós e artefactos semelhantes, sem armação, para moer, desfibrar, triturar, amolar, polir, rectificar ou cortar; pedras para amolar ou para polir, manualmente, e suas partes, de pedras naturais, de abrasivos naturais ou artificiais aglomerados ou de cerâmi",Vietnã,13895,544,comexstat,2026-10-08
2026,02,6804,"Mós e artefactos semelhantes, sem armação, para moer, desfibrar, triturar, amolar, polir, rectificar ou cortar; pedras para amolar ou para polir, manualmente, e suas partes, de pedras naturais, de abrasivos naturais ou artificiais aglomerados ou de cerâmi",Reino Unido,13724,21,comexstat,2026-10-08
2026,08,6804,"Mós e artefactos semelhantes, sem armação, para moer, desfibrar, triturar, amolar, polir, rectificar ou cortar; pedras para amolar ou para polir, manualmente, e suas partes, de pedras naturais, de abrasivos naturais ou artificiais aglomerados ou de cerâmi",Turquia,13475,1874,comexstat,2026-10-08
2026,05,6804,"Mós e artefactos semelhantes, sem armação, para moer, desfibrar, triturar, amolar, polir, rectificar ou cortar; pedras para amolar ou para polir, manualmente, e suas partes, de pedras naturais, de abrasivos naturais ou artificiais aglomerados ou de cerâmi",Dinamarca,12984,26,comexstat,2026-10-08
2026,08,6804,"Mós e artefactos semelhantes, sem armação, para moer, desfibrar, triturar, amolar, polir, rectificar ou cortar; pedras para amolar ou para polir, manualmente, e suas partes, de pedras naturais, de abrasivos naturais ou artificiais aglomerados ou de cerâmi",Reino Unido,12954,393,comexstat,2026-10-08
2026,08,6804,"Mós e artefactos semelhantes, sem armação, para moer, desfibrar, triturar, amolar, polir, rectificar ou cortar; pedras para amolar ou para polir, manualmente, e suas partes, de pedras naturais, de abrasivos naturais ou artificiais aglomerados ou de cerâmi",Suécia,12888,21,comexstat,2026-10-08
2026,09,6804,"Mós e artefactos semelhantes, sem armação, para moer, desfibrar, triturar, amolar, polir, rectificar ou cortar; pedras para amolar ou para polir, manualmente, e suas partes, de pedras naturais, de abrasivos naturais ou artificiais aglomerados ou de cerâmi",Ucrânia,12753,575,comexstat,2026-10-08
2026,01,6804,"Mós e artefactos semelhantes, sem armação, para moer, desfibrar, triturar, amolar, polir, rectificar ou cortar; pedras para amolar ou para polir, manualmente, e suas partes, de pedras naturais, de abrasivos naturais ou artificiais aglomerados ou de cerâmi",Hungria,12640,263,comexstat,2026-10-08
2026,08,6804,"Mós e artefactos semelhantes, sem armação, para moer, desfibrar, triturar, amolar, polir, rectificar ou cortar; pedras para amolar ou para polir, manualmente, e suas partes, de pedras naturais, de abrasivos naturais ou artificiais aglomerados ou de cerâmi",Suíça,12525,290,comexstat,2026-10-08
2026,03,6804,"Mós e artefactos semelhantes, sem armação, para moer, desfibrar, triturar, amolar, polir, rectificar ou cortar; pedras para amolar ou para polir, manualmente, e suas partes, de pedras naturais, de abrasivos naturais ou artificiais aglomerados ou de cerâmi","Tcheca, República",12345,1314,comexstat,2026-10-08
2026,03,8464,"Máquinas-ferramentas para trabalhar pedra, produtos cerâmicos, betão (concreto), fibrocimento ou matérias minerais semelhantes, ou para o trabalho a frio do vidro",Dinamarca,12309,182,comexstat,2026-10-08
2026,06,6804,"Mós e artefactos semelhantes, sem armação, para moer, desfibrar, triturar, amolar, polir, rectificar ou cortar; pedras para amolar ou para polir, manualmente, e suas partes, de pedras naturais, de abrasivos naturais ou artificiais aglomerados ou de cerâmi",Dinamarca,11919,21,comexstat,2026-10-08
2026,06,8464,"Máquinas-ferramentas para trabalhar pedra, produtos cerâmicos, betão (concreto), fibrocimento ou matérias minerais semelhantes, ou para o trabalho a frio do vidro",Bulgária,11902,453,comexstat,2026-10-08
2026,03,6804,"Mós e artefactos semelhantes, sem armação, para moer, desfibrar, triturar, amolar, polir, rectificar ou cortar; pedras para amolar ou para polir, manualmente, e suas partes, de pedras naturais, de abrasivos naturais ou artificiais aglomerados ou de cerâmi",Indonésia,11814,152,comexstat,2026-10-08
2026,04,6804,"Mós e artefactos semelhantes, sem armação, para moer, desfibrar, triturar, amolar, polir, rectificar ou cortar; pedras para amolar ou para polir, manualmente, e suas partes, de pedras naturais, de abrasivos naturais ou artificiais aglomerados ou de cerâmi",Suécia,11219,10,comexstat,2026-10-08
2026,02,8464,"Máquinas-ferramentas para trabalhar pedra, produtos cerâmicos, betão (concreto), fibrocimento ou matérias minerais semelhantes, ou para o trabalho a frio do vidro",Estados Unidos,10930,399,comexstat,2026-10-08
2026,05,6804,"Mós e artefactos semelhantes, sem armação, para moer, desfibrar, triturar, amolar, polir, rectificar ou cortar; pedras para amolar ou para polir, manualmente, e suas partes, de pedras naturais, de abrasivos naturais ou artificiais aglomerados ou de cerâmi",Reino Unido,10817,38,comexstat,2026-10-08
2026,06,8464,"Máquinas-ferramentas para trabalhar pedra, produtos cerâmicos, betão (concreto), fibrocimento ou matérias minerais semelhantes, ou para o trabalho a frio do vidro",Hong Kong,10627,845,comexstat,2026-10-08
2026,07,8464,"Máquinas-ferramentas para trabalhar pedra, produtos cerâmicos, betão (concreto), fibrocimento ou matérias minerais semelhantes, ou para o trabalho a frio do vidro",Bulgária,10501,418,comexstat,2026-10-08
2026,07,8464,"Máquinas-ferramentas para trabalhar pedra, produtos cerâmicos, betão (concreto), fibrocimento ou matérias minerais semelhantes, ou para o trabalho a frio do vidro",Estados Unidos,10244,249,comexstat,2026-10-08
2026,06,6804,"Mós e artefactos semelhantes, sem armação, para moer, desfibrar, triturar, amolar, polir, rectificar ou cortar; pedras para amolar ou para polir, manualmente, e suas partes, de pedras naturais, de abrasivos naturais ou artificiais aglomerados ou de cerâmi",Reino Unido,10160,13,comexstat,2026-10-08
2026,07,6804,"Mós e artefactos semelhantes, sem armação, para moer, desfibrar, triturar, amolar, polir, rectificar ou cortar; pedras para amolar ou para polir, manualmente, e suas partes, de pedras naturais, de abrasivos naturais ou artificiais aglomerados ou de cerâmi",Dinamarca,9982,16,comexstat,2026-10-08
2026,01,6804,"Mós e artefactos semelhantes, sem armação, para moer, desfibrar, triturar, amolar, polir, rectificar ou cortar; pedras para amolar ou para polir, manualmente, e suas partes, de pedras naturais, de abrasivos naturais ou artificiais aglomerados ou de cerâmi",Coreia do Sul,9595,197,comexstat,2026-10-08
2026,05,6804,"Mós e artefactos semelhantes, sem armação, para moer, desfibrar, triturar, amolar, polir, rectificar ou cortar; pedras para amolar ou para polir, manualmente, e suas partes, de pedras naturais, de abrasivos naturais ou artificiais aglomerados ou de cerâmi",Vietnã,9521,340,comexstat,2026-10-08
2026,03,6804,"Mós e artefactos semelhantes, sem armação, para moer, desfibrar, triturar, amolar, polir, rectificar ou cortar; pedras para amolar ou para polir, manualmente, e suas partes, de pedras naturais, de abrasivos naturais ou artificiais aglomerados ou de cerâmi",Ucrânia,9296,327,comexstat,2026-10-08
2026,01,6804,"Mós e artefactos semelhantes, sem armação, para moer, desfibrar, triturar, amolar, polir, rectificar ou cortar; pedras para amolar ou para polir, manualmente, e suas partes, de pedras naturais, de abrasivos naturais ou artificiais aglomerados ou de cerâmi",Turquia,9216,558,comexstat,2026-10-08
2026,03,6804,"Mós e artefactos semelhantes, sem armação, para moer, desfibrar, triturar, amolar, polir, rectificar ou cortar; pedras para amolar ou para polir, manualmente, e suas partes, de pedras naturais, de abrasivos naturais ou artificiais aglomerados ou de cerâmi",Bulgária,8905,110,comexstat,2026-10-08
2026,06,8464,"Máquinas-ferramentas para trabalhar pedra, produtos cerâmicos, betão (concreto), fibrocimento ou matérias minerais semelhantes, ou para o trabalho a frio do vidro",Áustria,8809,114,comexstat,2026-10-08
2026,04,6804,"Mós e artefactos semelhantes, sem armação, para moer, desfibrar, triturar, amolar, polir, rectificar ou cortar; pedras para amolar ou para polir, manualmente, e suas partes, de pedras naturais, de abrasivos naturais ou artificiais aglomerados ou de cerâmi","Tcheca, República",8626,1003,comexstat,2026-10-08
2026,01,8464,"Máquinas-ferramentas para trabalhar pedra, produtos cerâmicos, betão (concreto), fibrocimento ou matérias minerais semelhantes, ou para o trabalho a frio do vidro",Taiwan (Formosa),8520,953,comexstat,2026-10-08
2026,07,8464,"Máquinas-ferramentas para trabalhar pedra, produtos cerâmicos, betão (concreto), fibrocimento ou matérias minerais semelhantes, ou para o trabalho a frio do vidro",Ucrânia,8407,65,comexstat,2026-10-08
2026,09,6804,"Mós e artefactos semelhantes, sem armação, para moer, desfibrar, triturar, amolar, polir, rectificar ou cortar; pedras para amolar ou para polir, manualmente, e suas partes, de pedras naturais, de abrasivos naturais ou artificiais aglomerados ou de cerâmi",Noruega,8220,13,comexstat,2026-10-08
2026,05,6804,"Mós e artefactos semelhantes, sem armação, para moer, desfibrar, triturar, amolar, polir, rectificar ou cortar; pedras para amolar ou para polir, manualmente, e suas partes, de pedras naturais, de abrasivos naturais ou artificiais aglomerados ou de cerâmi",Bélgica,7807,153,comexstat,2026-10-08
2026,09,6804,"Mós e artefactos semelhantes, sem armação, para moer, desfibrar, triturar, amolar, polir, rectificar ou cortar; pedras para amolar ou para polir, manualmente, e suas partes, de pedras naturais, de abrasivos naturais ou artificiais aglomerados ou de cerâmi",Países Baixos (Holanda),7582,74,comexstat,2026-10-08
2026,07,6804,"Mós e artefactos semelhantes, sem armação, para moer, desfibrar, triturar, amolar, polir, rectificar ou cortar; pedras para amolar ou para polir, manualmente, e suas partes, de pedras naturais, de abrasivos naturais ou artificiais aglomerados ou de cerâmi",Vietnã,7407,179,comexstat,2026-10-08
2026,03,6804,"Mós e artefactos semelhantes, sem armação, para moer, desfibrar, triturar, amolar, polir, rectificar ou cortar; pedras para amolar ou para polir, manualmente, e suas partes, de pedras naturais, de abrasivos naturais ou artificiais aglomerados ou de cerâmi",Niue,7320,150,comexstat,2026-10-08
2026,01,8464,"Máquinas-ferramentas para trabalhar pedra, produtos cerâmicos, betão (concreto), fibrocimento ou matérias minerais semelhantes, ou para o trabalho a frio do vidro",Finlândia,7315,92,comexstat,2026-10-08
2026,03,6804,"Mós e artefactos semelhantes, sem armação, para moer, desfibrar, triturar, amolar, polir, rectificar ou cortar; pedras para amolar ou para polir, manualmente, e suas partes, de pedras naturais, de abrasivos naturais ou artificiais aglomerados ou de cerâmi",Taiwan (Formosa),6790,21,comexstat,2026-10-08
2026,07,6804,"Mós e artefactos semelhantes, sem armação, para moer, desfibrar, triturar, amolar, polir, rectificar ou cortar; pedras para amolar ou para polir, manualmente, e suas partes, de pedras naturais, de abrasivos naturais ou artificiais aglomerados ou de cerâmi",Israel,6513,29,comexstat,2026-10-08
2026,09,6804,"Mós e artefactos semelhantes, sem armação, para moer, desfibrar, triturar, amolar, polir, rectificar ou cortar; pedras para amolar ou para polir, manualmente, e suas partes, de pedras naturais, de abrasivos naturais ou artificiais aglomerados ou de cerâmi",Suíça,6266,2,comexstat,2026-10-08
2026,09,6804,"Mós e artefactos semelhantes, sem armação, para moer, desfibrar, triturar, amolar, polir, rectificar ou cortar; pedras para amolar ou para polir, manualmente, e suas partes, de pedras naturais, de abrasivos naturais ou artificiais aglomerados ou de cerâmi",Vietnã,6256,42,comexstat,2026-10-08
2026,05,6804,"Mós e artefactos semelhantes, sem armação, para moer, desfibrar, triturar, amolar, polir, rectificar ou cortar; pedras para amolar ou para polir, manualmente, e suas partes, de pedras naturais, de abrasivos naturais ou artificiais aglomerados ou de cerâmi",Hong Kong,5895,745,comexstat,2026-10-08
2026,09,6804,"Mós e artefactos semelhantes, sem armação, para moer, desfibrar, triturar, amolar, polir, rectificar ou cortar; pedras para amolar ou para polir, manualmente, e suas partes, de pedras naturais, de abrasivos naturais ou artificiais aglomerados ou de cerâmi",Israel,5579,14,comexstat,2026-10-08
2026,08,8464,"Máquinas-ferramentas para trabalhar pedra, produtos cerâmicos, betão (concreto), fibrocimento ou matérias minerais semelhantes, ou para o trabalho a frio do vidro",Hong Kong,5500,320,comexstat,2026-10-08
2026,03,6804,"Mós e artefactos semelhantes, sem armação, para moer, desfibrar, triturar, amolar, polir, rectificar ou cortar; pedras para amolar ou para polir, manualmente, e suas partes, de pedras naturais, de abrasivos naturais ou artificiais aglomerados ou de cerâmi",Chile,5190,80,comexstat,2026-10-08
2026,09,6804,"Mós e artefactos semelhantes, sem armação, para moer, desfibrar, triturar, amolar, polir, rectificar ou cortar; pedras para amolar ou para polir, manualmente, e suas partes, de pedras naturais, de abrasivos naturais ou artificiais aglomerados ou de cerâmi",México,5089,48,comexstat,2026-10-08
2026,06,6804,"Mós e artefactos semelhantes, sem armação, para moer, desfibrar, triturar, amolar, polir, rectificar ou cortar; pedras para amolar ou para polir, manualmente, e suas partes, de pedras naturais, de abrasivos naturais ou artificiais aglomerados ou de cerâmi",Bélgica,4756,101,comexstat,2026-10-08
2026,09,6804,"Mós e artefactos semelhantes, sem armação, para moer, desfibrar, triturar, amolar, polir, rectificar ou cortar; pedras para amolar ou para polir, manualmente, e suas partes, de pedras naturais, de abrasivos naturais ou artificiais aglomerados ou de cerâmi",Eslovênia,4571,113,comexstat,2026-10-08
2026,01,6804,"Mós e artefactos semelhantes, sem armação, para moer, desfibrar, triturar, amolar, polir, rectificar ou cortar; pedras para amolar ou para polir, manualmente, e suas partes, de pedras naturais, de abrasivos naturais ou artificiais aglomerados ou de cerâmi",Romênia,4471,140,comexstat,2026-10-08
2026,07,6804,"Mós e artefactos semelhantes, sem armação, para moer, desfibrar, triturar, amolar, polir, rectificar ou cortar; pedras para amolar ou para polir, manualmente, e suas partes, de pedras naturais, de abrasivos naturais ou artificiais aglomerados ou de cerâmi",Brasil,4158,667,comexstat,2026-10-08
2026,08,6804,"Mós e artefactos semelhantes, sem armação, para moer, desfibrar, triturar, amolar, polir, rectificar ou cortar; pedras para amolar ou para polir, manualmente, e suas partes, de pedras naturais, de abrasivos naturais ou artificiais aglomerados ou de cerâmi",Ucrânia,4116,205,comexstat,2026-10-08
2026,01,6804,"Mós e artefactos semelhantes, sem armação, para moer, desfibrar, triturar, amolar, polir, rectificar ou cortar; pedras para amolar ou para polir, manualmente, e suas partes, de pedras naturais, de abrasivos naturais ou artificiais aglomerados ou de cerâmi",Ucrânia,4086,154,comexstat,2026-10-08
2026,05,6804,"Mós e artefactos semelhantes, sem armação, para moer, desfibrar, triturar, amolar, polir, rectificar ou cortar; pedras para amolar ou para polir, manualmente, e suas partes, de pedras naturais, de abrasivos naturais ou artificiais aglomerados ou de cerâmi",Países Baixos (Holanda),4034,5,comexstat,2026-10-08
2026,06,6804,"Mós e artefactos semelhantes, sem armação, para moer, desfibrar, triturar, amolar, polir, rectificar ou cortar; pedras para amolar ou para polir, manualmente, e suas partes, de pedras naturais, de abrasivos naturais ou artificiais aglomerados ou de cerâmi",México,3968,35,comexstat,2026-10-08
2026,05,6804,"Mós e artefactos semelhantes, sem armação, para moer, desfibrar, triturar, amolar, polir, rectificar ou cortar; pedras para amolar ou para polir, manualmente, e suas partes, de pedras naturais, de abrasivos naturais ou artificiais aglomerados ou de cerâmi",Ucrânia,3907,120,comexstat,2026-10-08
2026,03,6804,"Mós e artefactos semelhantes, sem armação, para moer, desfibrar, triturar, amolar, polir, rectificar ou cortar; pedras para amolar ou para polir, manualmente, e suas partes, de pedras naturais, de abrasivos naturais ou artificiais aglomerados ou de cerâmi",Eslovênia,3718,486,comexstat,2026-10-08
2026,04,6804,"Mós e artefactos semelhantes, sem armação, para moer, desfibrar, triturar, amolar, polir, rectificar ou cortar; pedras para amolar ou para polir, manualmente, e suas partes, de pedras naturais, de abrasivos naturais ou artificiais aglomerados ou de cerâmi",Turquia,3603,849,comexstat,2026-10-08
2026,08,8464,"Máquinas-ferramentas para trabalhar pedra, produtos cerâmicos, betão (concreto), fibrocimento ou matérias minerais semelhantes, ou para o trabalho a frio do vidro",Espanha,3514,103,comexstat,2026-10-08
2026,08,6804,"Mós e artefactos semelhantes, sem armação, para moer, desfibrar, triturar, amolar, polir, rectificar ou cortar; pedras para amolar ou para polir, manualmente, e suas partes, de pedras naturais, de abrasivos naturais ou artificiais aglomerados ou de cerâmi",Bélgica,3468,71,comexstat,2026-10-08
2026,01,6804,"Mós e artefactos semelhantes, sem armação, para moer, desfibrar, triturar, amolar, polir, rectificar ou cortar; pedras para amolar ou para polir, manualmente, e suas partes, de pedras naturais, de abrasivos naturais ou artificiais aglomerados ou de cerâmi","Tcheca, República",3447,65,comexstat,2026-10-08
2026,01,8464,"Máquinas-ferramentas para trabalhar pedra, produtos cerâmicos, betão (concreto), fibrocimento ou matérias minerais semelhantes, ou para o trabalho a frio do vidro",Espanha,3434,250,comexstat,2026-10-08
2026,03,6804,"Mós e artefactos semelhantes, sem armação, para moer, desfibrar, triturar, amolar, polir, rectificar ou cortar; pedras para amolar ou para polir, manualmente, e suas partes, de pedras naturais, de abrasivos naturais ou artificiais aglomerados ou de cerâmi",África do Sul,3161,103,comexstat,2026-10-08
2026,06,6804,"Mós e artefactos semelhantes, sem armação, para moer, desfibrar, triturar, amolar, polir, rectificar ou cortar; pedras para amolar ou para polir, manualmente, e suas partes, de pedras naturais, de abrasivos naturais ou artificiais aglomerados ou de cerâmi",Hong Kong,3041,1964,comexstat,2026-10-08
2026,07,6804,"Mós e artefactos semelhantes, sem armação, para moer, desfibrar, triturar, amolar, polir, rectificar ou cortar; pedras para amolar ou para polir, manualmente, e suas partes, de pedras naturais, de abrasivos naturais ou artificiais aglomerados ou de cerâmi",Canadá,3013,2,comexstat,2026-10-08
2026,02,6804,"Mós e artefactos semelhantes, sem armação, para moer, desfibrar, triturar, amolar, polir, rectificar ou cortar; pedras para amolar ou para polir, manualmente, e suas partes, de pedras naturais, de abrasivos naturais ou artificiais aglomerados ou de cerâmi",Vietnã,2980,21,comexstat,2026-10-08
2026,08,6804,"Mós e artefactos semelhantes, sem armação, para moer, desfibrar, triturar, amolar, polir, rectificar ou cortar; pedras para amolar ou para polir, manualmente, e suas partes, de pedras naturais, de abrasivos naturais ou artificiais aglomerados ou de cerâmi","Tcheca, República",2694,296,comexstat,2026-10-08
2026,03,6804,"Mós e artefactos semelhantes, sem armação, para moer, desfibrar, triturar, amolar, polir, rectificar ou cortar; pedras para amolar ou para polir, manualmente, e suas partes, de pedras naturais, de abrasivos naturais ou artificiais aglomerados ou de cerâmi",Dinamarca,2550,12,comexstat,2026-10-08
2026,06,8464,"Máquinas-ferramentas para trabalhar pedra, produtos cerâmicos, betão (concreto), fibrocimento ou matérias minerais semelhantes, ou para o trabalho a frio do vidro",Índia,2515,19,comexstat,2026-10-08
2026,01,6804,"Mós e artefactos semelhantes, sem armação, para moer, desfibrar, triturar, amolar, polir, rectificar ou cortar; pedras para amolar ou para polir, manualmente, e suas partes, de pedras naturais, de abrasivos naturais ou artificiais aglomerados ou de cerâmi",Israel,2370,2,comexstat,2026-10-08
2026,05,6804,"Mós e artefactos semelhantes, sem armação, para moer, desfibrar, triturar, amolar, polir, rectificar ou cortar; pedras para amolar ou para polir, manualmente, e suas partes, de pedras naturais, de abrasivos naturais ou artificiais aglomerados ou de cerâmi",Singapura,2275,432,comexstat,2026-10-08
2026,01,6804,"Mós e artefactos semelhantes, sem armação, para moer, desfibrar, triturar, amolar, polir, rectificar ou cortar; pedras para amolar ou para polir, manualmente, e suas partes, de pedras naturais, de abrasivos naturais ou artificiais aglomerados ou de cerâmi",Dinamarca,2195,2,comexstat,2026-10-08
2026,07,6804,"Mós e artefactos semelhantes, sem armação, para moer, desfibrar, triturar, amolar, polir, rectificar ou cortar; pedras para amolar ou para polir, manualmente, e suas partes, de pedras naturais, de abrasivos naturais ou artificiais aglomerados ou de cerâmi",Países Baixos (Holanda),2111,11,comexstat,2026-10-08
2026,05,6804,"Mós e artefactos semelhantes, sem armação, para moer, desfibrar, triturar, amolar, polir, rectificar ou cortar; pedras para amolar ou para polir, manualmente, e suas partes, de pedras naturais, de abrasivos naturais ou artificiais aglomerados ou de cerâmi",França,2051,26,comexstat,2026-10-08
2026,03,6804,"Mós e artefactos semelhantes, sem armação, para moer, desfibrar, triturar, amolar, polir, rectificar ou cortar; pedras para amolar ou para polir, manualmente, e suas partes, de pedras naturais, de abrasivos naturais ou artificiais aglomerados ou de cerâmi",México,2045,233,comexstat,2026-10-08
2026,02,6804,"Mós e artefactos semelhantes, sem armação, para moer, desfibrar, triturar, amolar, polir, rectificar ou cortar; pedras para amolar ou para polir, manualmente, e suas partes, de pedras naturais, de abrasivos naturais ou artificiais aglomerados ou de cerâmi",Eslovênia,1970,1,comexstat,2026-10-08
2026,04,6804,"Mós e artefactos semelhantes, sem armação, para moer, desfibrar, triturar, amolar, polir, rectificar ou cortar; pedras para amolar ou para polir, manualmente, e suas partes, de pedras naturais, de abrasivos naturais ou artificiais aglomerados ou de cerâmi",Ucrânia,1961,79,comexstat,2026-10-08
2026,07,6804,"Mós e artefactos semelhantes, sem armação, para moer, desfibrar, triturar, amolar, polir, rectificar ou cortar; pedras para amolar ou para polir, manualmente, e suas partes, de pedras naturais, de abrasivos naturais ou artificiais aglomerados ou de cerâmi",Ucrânia,1768,67,comexstat,2026-10-08
2026,08,6804,"Mós e artefactos semelhantes, sem armação, para moer, desfibrar, triturar, amolar, polir, rectificar ou cortar; pedras para amolar ou para polir, manualmente, e suas partes, de pedras naturais, de abrasivos naturais ou artificiais aglomerados ou de cerâmi",Dinamarca,1767,7,comexstat,2026-10-08
2026,09,6804,"Mós e artefactos semelhantes, sem armação, para moer, desfibrar, triturar, amolar, polir, rectificar ou cortar; pedras para amolar ou para polir, manualmente, e suas partes, de pedras naturais, de abrasivos naturais ou artificiais aglomerados ou de cerâmi","Tcheca, República",1668,262,comexstat,2026-10-08
2026,06,6804,"Mós e artefactos semelhantes, sem armação, para moer, desfibrar, triturar, amolar, polir, rectificar ou cortar; pedras para amolar ou para polir, manualmente, e suas partes, de pedras naturais, de abrasivos naturais ou artificiais aglomerados ou de cerâmi",Israel,1596,39,comexstat,2026-10-08
2026,01,6804,"Mós e artefactos semelhantes, sem armação, para moer, desfibrar, triturar, amolar, polir, rectificar ou cortar; pedras para amolar ou para polir, manualmente, e suas partes, de pedras naturais, de abrasivos naturais ou artificiais aglomerados ou de cerâmi",Bulgária,1595,27,comexstat,2026-10-08
2026,03,6804,"Mós e artefactos semelhantes, sem armação, para moer, desfibrar, triturar, amolar, polir, rectificar ou cortar; pedras para amolar ou para polir, manualmente, e suas partes, de pedras naturais, de abrasivos naturais ou artificiais aglomerados ou de cerâmi",Bélgica,1557,30,comexstat,2026-10-08
2026,08,6804,"Mós e artefactos semelhantes, sem armação, para moer, desfibrar, triturar, amolar, polir, rectificar ou cortar; pedras para amolar ou para polir, manualmente, e suas partes, de pedras naturais, de abrasivos naturais ou artificiais aglomerados ou de cerâmi",Eslovênia,1550,1,comexstat,2026-10-08
2026,03,6804,"Mós e artefactos semelhantes, sem armação, para moer, desfibrar, triturar, amolar, polir, rectificar ou cortar; pedras para amolar ou para polir, manualmente, e suas partes, de pedras naturais, de abrasivos naturais ou artificiais aglomerados ou de cerâmi",Singapura,1521,286,comexstat,2026-10-08
2026,07,6804,"Mós e artefactos semelhantes, sem armação, para moer, desfibrar, triturar, amolar, polir, rectificar ou cortar; pedras para amolar ou para polir, manualmente, e suas partes, de pedras naturais, de abrasivos naturais ou artificiais aglomerados ou de cerâmi",Seicheles,1490,164,comexstat,2026-10-08
2026,01,6804,"Mós e artefactos semelhantes, sem armação, para moer, desfibrar, triturar, amolar, polir, rectificar ou cortar; pedras para amolar ou para polir, manualmente, e suas partes, de pedras naturais, de abrasivos naturais ou artificiais aglomerados ou de cerâmi",Chile,1400,16,comexstat,2026-10-08
2026,01,6804,"Mós e artefactos semelhantes, sem armação, para moer, desfibrar, triturar, amolar, polir, rectificar ou cortar; pedras para amolar ou para polir, manualmente, e suas partes, de pedras naturais, de abrasivos naturais ou artificiais aglomerados ou de cerâmi",Países Baixos (Holanda),1386,4,comexstat,2026-10-08
2026,02,6804,"Mós e artefactos semelhantes, sem armação, para moer, desfibrar, triturar, amolar, polir, rectificar ou cortar; pedras para amolar ou para polir, manualmente, e suas partes, de pedras naturais, de abrasivos naturais ou artificiais aglomerados ou de cerâmi",Israel,1202,10,comexstat,2026-10-08
2026,04,6804,"Mós e artefactos semelhantes, sem armação, para moer, desfibrar, triturar, amolar, polir, rectificar ou cortar; pedras para amolar ou para polir, manualmente, e suas partes, de pedras naturais, de abrasivos naturais ou artificiais aglomerados ou de cerâmi",Israel,1136,8,comexstat,2026-10-08
2026,05,8464,"Máquinas-ferramentas para trabalhar pedra, produtos cerâmicos, betão (concreto), fibrocimento ou matérias minerais semelhantes, ou para o trabalho a frio do vidro",Estados Unidos,1088,9,comexstat,2026-10-08
2026,03,6804,"Mós e artefactos semelhantes, sem armação, para moer, desfibrar, triturar, amolar, polir, rectificar ou cortar; pedras para amolar ou para polir, manualmente, e suas partes, de pedras naturais, de abrasivos naturais ou artificiais aglomerados ou de cerâmi",Luxemburgo,1074,24,comexstat,2026-10-08
2026,05,6804,"Mós e artefactos semelhantes, sem armação, para moer, desfibrar, triturar, amolar, polir, rectificar ou cortar; pedras para amolar ou para polir, manualmente, e suas partes, de pedras naturais, de abrasivos naturais ou artificiais aglomerados ou de cerâmi",México,1048,9,comexstat,2026-10-08
2026,06,6804,"Mós e artefactos semelhantes, sem armação, para moer, desfibrar, triturar, amolar, polir, rectificar ou cortar; pedras para amolar ou para polir, manualmente, e suas partes, de pedras naturais, de abrasivos naturais ou artificiais aglomerados ou de cerâmi",Países Baixos (Holanda),1026,25,comexstat,2026-10-08
2026,06,8464,"Máquinas-ferramentas para trabalhar pedra, produtos cerâmicos, betão (concreto), fibrocimento ou matérias minerais semelhantes, ou para o trabalho a frio do vidro",Países Baixos (Holanda),1019,605,comexstat,2026-10-08
2026,07,6804,"Mós e artefactos semelhantes, sem armação, para moer, desfibrar, triturar, amolar, polir, rectificar ou cortar; pedras para amolar ou para polir, manualmente, e suas partes, de pedras naturais, de abrasivos naturais ou artificiais aglomerados ou de cerâmi",Bélgica,1004,27,comexstat,2026-10-08
2026,06,6804,"Mós e artefactos semelhantes, sem armação, para moer, desfibrar, triturar, amolar, polir, rectificar ou cortar; pedras para amolar ou para polir, manualmente, e suas partes, de pedras naturais, de abrasivos naturais ou artificiais aglomerados ou de cerâmi",Luxemburgo,932,22,comexstat,2026-10-08
2026,08,6804,"Mós e artefactos semelhantes, sem armação, para moer, desfibrar, triturar, amolar, polir, rectificar ou cortar; pedras para amolar ou para polir, manualmente, e suas partes, de pedras naturais, de abrasivos naturais ou artificiais aglomerados ou de cerâmi",Finlândia,900,2,comexstat,2026-10-08
2026,04,6804,"Mós e artefactos semelhantes, sem armação, para moer, desfibrar, triturar, amolar, polir, rectificar ou cortar; pedras para amolar ou para polir, manualmente, e suas partes, de pedras naturais, de abrasivos naturais ou artificiais aglomerados ou de cerâmi",Dinamarca,897,2,comexstat,2026-10-08
2026,01,6804,"Mós e artefactos semelhantes, sem armação, para moer, desfibrar, triturar, amolar, polir, rectificar ou cortar; pedras para amolar ou para polir, manualmente, e suas partes, de pedras naturais, de abrasivos naturais ou artificiais aglomerados ou de cerâmi",México,849,63,comexstat,2026-10-08
2026,04,6804,"Mós e artefactos semelhantes, sem armação, para moer, desfibrar, triturar, amolar, polir, rectificar ou cortar; pedras para amolar ou para polir, manualmente, e suas partes, de pedras naturais, de abrasivos naturais ou artificiais aglomerados ou de cerâmi",Luxemburgo,807,31,comexstat,2026-10-08
2026,05,6804,"Mós e artefactos semelhantes, sem armação, para moer, desfibrar, triturar, amolar, polir, rectificar ou cortar; pedras para amolar ou para polir, manualmente, e suas partes, de pedras naturais, de abrasivos naturais ou artificiais aglomerados ou de cerâmi",África do Sul,752,8,comexstat,2026-10-08
2026,09,6804,"Mós e artefactos semelhantes, sem armação, para moer, desfibrar, triturar, amolar, polir, rectificar ou cortar; pedras para amolar ou para polir, manualmente, e suas partes, de pedras naturais, de abrasivos naturais ou artificiais aglomerados ou de cerâmi",África do Sul,741,8,comexstat,2026-10-08
2026,03,6804,"Mós e artefactos semelhantes, sem armação, para moer, desfibrar, triturar, amolar, polir, rectificar ou cortar; pedras para amolar ou para polir, manualmente, e suas partes, de pedras naturais, de abrasivos naturais ou artificiais aglomerados ou de cerâmi",Israel,739,24,comexstat,2026-10-08
2026,07,6804,"Mós e artefactos semelhantes, sem armação, para moer, desfibrar, triturar, amolar, polir, rectificar ou cortar; pedras para amolar ou para polir, manualmente, e suas partes, de pedras naturais, de abrasivos naturais ou artificiais aglomerados ou de cerâmi",África do Sul,727,8,comexstat,2026-10-08
2026,04,6804,"Mós e artefactos semelhantes, sem armação, para moer, desfibrar, triturar, amolar, polir, rectificar ou cortar; pedras para amolar ou para polir, manualmente, e suas partes, de pedras naturais, de abrasivos naturais ou artificiais aglomerados ou de cerâmi",Vietnã,671,14,comexstat,2026-10-08
2026,08,6804,"Mós e artefactos semelhantes, sem armação, para moer, desfibrar, triturar, amolar, polir, rectificar ou cortar; pedras para amolar ou para polir, manualmente, e suas partes, de pedras naturais, de abrasivos naturais ou artificiais aglomerados ou de cerâmi",África do Sul,665,73,comexstat,2026-10-08
2026,06,6804,"Mós e artefactos semelhantes, sem armação, para moer, desfibrar, triturar, amolar, polir, rectificar ou cortar; pedras para amolar ou para polir, manualmente, e suas partes, de pedras naturais, de abrasivos naturais ou artificiais aglomerados ou de cerâmi",África do Sul,658,86,comexstat,2026-10-08
2026,05,6804,"Mós e artefactos semelhantes, sem armação, para moer, desfibrar, triturar, amolar, polir, rectificar ou cortar; pedras para amolar ou para polir, manualmente, e suas partes, de pedras naturais, de abrasivos naturais ou artificiais aglomerados ou de cerâmi",Eslovênia,597,0,comexstat,2026-10-08
2026,09,6804,"Mós e artefactos semelhantes, sem armação, para moer, desfibrar, triturar, amolar, polir, rectificar ou cortar; pedras para amolar ou para polir, manualmente, e suas partes, de pedras naturais, de abrasivos naturais ou artificiais aglomerados ou de cerâmi",Bélgica,594,12,comexstat,2026-10-08
2026,04,6804,"Mós e artefactos semelhantes, sem armação, para moer, desfibrar, triturar, amolar, polir, rectificar ou cortar; pedras para amolar ou para polir, manualmente, e suas partes, de pedras naturais, de abrasivos naturais ou artificiais aglomerados ou de cerâmi",México,581,18,comexstat,2026-10-08
2026,04,6804,"Mós e artefactos semelhantes, sem armação, para moer, desfibrar, triturar, amolar, polir, rectificar ou cortar; pedras para amolar ou para polir, manualmente, e suas partes, de pedras naturais, de abrasivos naturais ou artificiais aglomerados ou de cerâmi",Eslovênia,575,0,comexstat,2026-10-08
2026,06,6804,"Mós e artefactos semelhantes, sem armação, para moer, desfibrar, triturar, amolar, polir, rectificar ou cortar; pedras para amolar ou para polir, manualmente, e suas partes, de pedras naturais, de abrasivos naturais ou artificiais aglomerados ou de cerâmi",Ucrânia,567,25,comexstat,2026-10-08
2026,05,6804,"Mós e artefactos semelhantes, sem armação, para moer, desfibrar, triturar, amolar, polir, rectificar ou cortar; pedras para amolar ou para polir, manualmente, e suas partes, de pedras naturais, de abrasivos naturais ou artificiais aglomerados ou de cerâmi",Israel,543,9,comexstat,2026-10-08
2026,02,6804,"Mós e artefactos semelhantes, sem armação, para moer, desfibrar, triturar, amolar, polir, rectificar ou cortar; pedras para amolar ou para polir, manualmente, e suas partes, de pedras naturais, de abrasivos naturais ou artificiais aglomerados ou de cerâmi","Tcheca, República",472,46,comexstat,2026-10-08
2026,05,6804,"Mós e artefactos semelhantes, sem armação, para moer, desfibrar, triturar, amolar, polir, rectificar ou cortar; pedras para amolar ou para polir, manualmente, e suas partes, de pedras naturais, de abrasivos naturais ou artificiais aglomerados ou de cerâmi",Luxemburgo,436,9,comexstat,2026-10-08
2026,02,6804,"Mós e artefactos semelhantes, sem armação, para moer, desfibrar, triturar, amolar, polir, rectificar ou cortar; pedras para amolar ou para polir, manualmente, e suas partes, de pedras naturais, de abrasivos naturais ou artificiais aglomerados ou de cerâmi",Bulgária,436,6,comexstat,2026-10-08
2026,07,6804,"Mós e artefactos semelhantes, sem armação, para moer, desfibrar, triturar, amolar, polir, rectificar ou cortar; pedras para amolar ou para polir, manualmente, e suas partes, de pedras naturais, de abrasivos naturais ou artificiais aglomerados ou de cerâmi",Eslovênia,408,0,comexstat,2026-10-08
2026,08,8464,"Máquinas-ferramentas para trabalhar pedra, produtos cerâmicos, betão (concreto), fibrocimento ou matérias minerais semelhantes, ou para o trabalho a frio do vidro",Chile,400,115,comexstat,2026-10-08
2026,06,6804,"Mós e artefactos semelhantes, sem armação, para moer, desfibrar, triturar, amolar, polir, rectificar ou cortar; pedras para amolar ou para polir, manualmente, e suas partes, de pedras naturais, de abrasivos naturais ou artificiais aglomerados ou de cerâmi",Eslovênia,332,79,comexstat,2026-10-08
2026,05,6804,"Mós e artefactos semelhantes, sem armação, para moer, desfibrar, triturar, amolar, polir, rectificar ou cortar; pedras para amolar ou para polir, manualmente, e suas partes, de pedras naturais, de abrasivos naturais ou artificiais aglomerados ou de cerâmi",Turquia,297,128,comexstat,2026-10-08
2026,02,6804,"Mós e artefactos semelhantes, sem armação, para moer, desfibrar, triturar, amolar, polir, rectificar ou cortar; pedras para amolar ou para polir, manualmente, e suas partes, de pedras naturais, de abrasivos naturais ou artificiais aglomerados ou de cerâmi",África do Sul,189,4,comexstat,2026-10-08
2026,07,6804,"Mós e artefactos semelhantes, sem armação, para moer, desfibrar, triturar, amolar, polir, rectificar ou cortar; pedras para amolar ou para polir, manualmente, e suas partes, de pedras naturais, de abrasivos naturais ou artificiais aglomerados ou de cerâmi",Noruega,174,5,comexstat,2026-10-08
2026,01,6804,"Mós e artefactos semelhantes, sem armação, para moer, desfibrar, triturar, amolar, polir, rectificar ou cortar; pedras para amolar ou para polir, manualmente, e suas partes, de pedras naturais, de abrasivos naturais ou artificiais aglomerados ou de cerâmi",Niue,153,5,comexstat,2026-10-08
2026,07,6804,"Mós e artefactos semelhantes, sem armação, para moer, desfibrar, triturar, amolar, polir, rectificar ou cortar; pedras para amolar ou para polir, manualmente, e suas partes, de pedras naturais, de abrasivos naturais ou artificiais aglomerados ou de cerâmi","Tcheca, República",145,68,comexstat,2026-10-08
2026,09,6804,"Mós e artefactos semelhantes, sem armação, para moer, desfibrar, triturar, amolar, polir, rectificar ou cortar; pedras para amolar ou para polir, manualmente, e suas partes, de pedras naturais, de abrasivos naturais ou artificiais aglomerados ou de cerâmi",Liechtenstein,115,2,comexstat,2026-10-08
2026,05,6804,"Mós e artefactos semelhantes, sem armação, para moer, desfibrar, triturar, amolar, polir, rectificar ou cortar; pedras para amolar ou para polir, manualmente, e suas partes, de pedras naturais, de abrasivos naturais ou artificiais aglomerados ou de cerâmi",Noruega,77,0,comexstat,2026-10-08
2026,06,6804,"Mós e artefactos semelhantes, sem armação, para moer, desfibrar, triturar, amolar, polir, rectificar ou cortar; pedras para amolar ou para polir, manualmente, e suas partes, de pedras naturais, de abrasivos naturais ou artificiais aglomerados ou de cerâmi",Noruega,77,0,comexstat,2026-10-08
2026,05,6804,"Mós e artefactos semelhantes, sem armação, para moer, desfibrar, triturar, amolar, polir, rectificar ou cortar; pedras para amolar ou para polir, manualmente, e suas partes, de pedras naturais, de abrasivos naturais ou artificiais aglomerados ou de cerâmi",Nigéria,63,145,comexstat,2026-10-08
2026,09,6804,"Mós e artefactos semelhantes, sem armação, para moer, desfibrar, triturar, amolar, polir, rectificar ou cortar; pedras para amolar ou para polir, manualmente, e suas partes, de pedras naturais, de abrasivos naturais ou artificiais aglomerados ou de cerâmi",Grécia,50,2,comexstat,2026-10-08
2026,02,6804,"Mós e artefactos semelhantes, sem armação, para moer, desfibrar, triturar, amolar, polir, rectificar ou cortar; pedras para amolar ou para polir, manualmente, e suas partes, de pedras naturais, de abrasivos naturais ou artificiais aglomerados ou de cerâmi",Quirguistão,30,3,comexstat,2026-10-08
2026,02,6804,"Mós e artefactos semelhantes, sem armação, para moer, desfibrar, triturar, amolar, polir, rectificar ou cortar; pedras para amolar ou para polir, manualmente, e suas partes, de pedras naturais, de abrasivos naturais ou artificiais aglomerados ou de cerâmi",Chile,28,0,comexstat,2026-10-08
2026,03,6804,"Mós e artefactos semelhantes, sem armação, para moer, desfibrar, triturar, amolar, polir, rectificar ou cortar; pedras para amolar ou para polir, manualmente, e suas partes, de pedras naturais, de abrasivos naturais ou artificiais aglomerados ou de cerâmi",Falkland (Malvinas),18,1,comexstat,2026-10-08
