year,monthNumber,headingCode,heading,state,metricFOB,metricKG,fonte,coletado_em
2025,05,6802,"Pedras de cantaria ou de construção (exceto de ardósia) trabalhadas e obras destas pedras, exceto as da posição 6801; cubos, pastilhas e artigos semelhantes, para mosaicos, de pedra natural (incluída a ardósia), mesmo com suporte; grânulos, fragmentos e",Espírito Santo,116729018,87237471,comexstat,2026-10-08
2025,07,6802,"Pedras de cantaria ou de construção (exceto de ardósia) trabalhadas e obras destas pedras, exceto as da posição 6801; cubos, pastilhas e artigos semelhantes, para mosaicos, de pedra natural (incluída a ardósia), mesmo com suporte; grânulos, fragmentos e",Espírito Santo,100213824,75946100,comexstat,2026-10-08
2025,10,6802,"Pedras de cantaria ou de construção (exceto de ardósia) trabalhadas e obras destas pedras, exceto as da posição 6801; cubos, pastilhas e artigos semelhantes, para mosaicos, de pedra natural (incluída a ardósia), mesmo com suporte; grânulos, fragmentos e",Espírito Santo,94332422,69380814,comexstat,2026-10-08
2025,01,6802,"Pedras de cantaria ou de construção (exceto de ardósia) trabalhadas e obras destas pedras, exceto as da posição 6801; cubos, pastilhas e artigos semelhantes, para mosaicos, de pedra natural (incluída a ardósia), mesmo com suporte; grânulos, fragmentos e",Espírito Santo,92114218,72851454,comexstat,2026-10-08
2025,03,6802,"Pedras de cantaria ou de construção (exceto de ardósia) trabalhadas e obras destas pedras, exceto as da posição 6801; cubos, pastilhas e artigos semelhantes, para mosaicos, de pedra natural (incluída a ardósia), mesmo com suporte; grânulos, fragmentos e",Espírito Santo,85004397,70180588,comexstat,2026-10-08
2025,11,6802,"Pedras de cantaria ou de construção (exceto de ardósia) trabalhadas e obras destas pedras, exceto as da posição 6801; cubos, pastilhas e artigos semelhantes, para mosaicos, de pedra natural (incluída a ardósia), mesmo com suporte; grânulos, fragmentos e",Espírito Santo,81683293,59959735,comexstat,2026-10-08
2025,02,6802,"Pedras de cantaria ou de construção (exceto de ardósia) trabalhadas e obras destas pedras, exceto as da posição 6801; cubos, pastilhas e artigos semelhantes, para mosaicos, de pedra natural (incluída a ardósia), mesmo com suporte; grânulos, fragmentos e",Espírito Santo,80369168,63833644,comexstat,2026-10-08
2025,06,6802,"Pedras de cantaria ou de construção (exceto de ardósia) trabalhadas e obras destas pedras, exceto as da posição 6801; cubos, pastilhas e artigos semelhantes, para mosaicos, de pedra natural (incluída a ardósia), mesmo com suporte; grânulos, fragmentos e",Espírito Santo,77629212,60631494,comexstat,2026-10-08
2025,12,6802,"Pedras de cantaria ou de construção (exceto de ardósia) trabalhadas e obras destas pedras, exceto as da posição 6801; cubos, pastilhas e artigos semelhantes, para mosaicos, de pedra natural (incluída a ardósia), mesmo com suporte; grânulos, fragmentos e",Espírito Santo,75229996,50395894,comexstat,2026-10-08
2025,04,6802,"Pedras de cantaria ou de construção (exceto de ardósia) trabalhadas e obras destas pedras, exceto as da posição 6801; cubos, pastilhas e artigos semelhantes, para mosaicos, de pedra natural (incluída a ardósia), mesmo com suporte; grânulos, fragmentos e",Espírito Santo,75099119,60459374,comexstat,2026-10-08
2025,09,6802,"Pedras de cantaria ou de construção (exceto de ardósia) trabalhadas e obras destas pedras, exceto as da posição 6801; cubos, pastilhas e artigos semelhantes, para mosaicos, de pedra natural (incluída a ardósia), mesmo com suporte; grânulos, fragmentos e",Espírito Santo,67089398,48138683,comexstat,2026-10-08
2025,08,6802,"Pedras de cantaria ou de construção (exceto de ardósia) trabalhadas e obras destas pedras, exceto as da posição 6801; cubos, pastilhas e artigos semelhantes, para mosaicos, de pedra natural (incluída a ardósia), mesmo com suporte; grânulos, fragmentos e",Espírito Santo,52250179,43655275,comexstat,2026-10-08
2025,12,2516,"Granito, pórfiro, basalto, arenito e outras pedras de cantaria ou de construção, mesmo desbastados ou simplesmente cortados à serra ou por outro meio, em blocos ou placas de forma quadrada ou rectangular",Espírito Santo,11509170,77329316,comexstat,2026-10-08
2025,09,2516,"Granito, pórfiro, basalto, arenito e outras pedras de cantaria ou de construção, mesmo desbastados ou simplesmente cortados à serra ou por outro meio, em blocos ou placas de forma quadrada ou rectangular",Espírito Santo,11092351,61864838,comexstat,2026-10-08
2025,08,2516,"Granito, pórfiro, basalto, arenito e outras pedras de cantaria ou de construção, mesmo desbastados ou simplesmente cortados à serra ou por outro meio, em blocos ou placas de forma quadrada ou rectangular",Espírito Santo,9354002,53654537,comexstat,2026-10-08
2025,12,2516,"Granito, pórfiro, basalto, arenito e outras pedras de cantaria ou de construção, mesmo desbastados ou simplesmente cortados à serra ou por outro meio, em blocos ou placas de forma quadrada ou rectangular",Minas Gerais,9053473,28923727,comexstat,2026-10-08
2025,06,2516,"Granito, pórfiro, basalto, arenito e outras pedras de cantaria ou de construção, mesmo desbastados ou simplesmente cortados à serra ou por outro meio, em blocos ou placas de forma quadrada ou rectangular",Espírito Santo,8456421,42747939,comexstat,2026-10-08
2025,03,2516,"Granito, pórfiro, basalto, arenito e outras pedras de cantaria ou de construção, mesmo desbastados ou simplesmente cortados à serra ou por outro meio, em blocos ou placas de forma quadrada ou rectangular",Espírito Santo,7964042,62818982,comexstat,2026-10-08
2025,01,2516,"Granito, pórfiro, basalto, arenito e outras pedras de cantaria ou de construção, mesmo desbastados ou simplesmente cortados à serra ou por outro meio, em blocos ou placas de forma quadrada ou rectangular",Espírito Santo,7638064,40298467,comexstat,2026-10-08
2025,07,2516,"Granito, pórfiro, basalto, arenito e outras pedras de cantaria ou de construção, mesmo desbastados ou simplesmente cortados à serra ou por outro meio, em blocos ou placas de forma quadrada ou rectangular",Espírito Santo,7547179,40316316,comexstat,2026-10-08
2025,05,2516,"Granito, pórfiro, basalto, arenito e outras pedras de cantaria ou de construção, mesmo desbastados ou simplesmente cortados à serra ou por outro meio, em blocos ou placas de forma quadrada ou rectangular",Espírito Santo,7079884,46592131,comexstat,2026-10-08
2025,10,2516,"Granito, pórfiro, basalto, arenito e outras pedras de cantaria ou de construção, mesmo desbastados ou simplesmente cortados à serra ou por outro meio, em blocos ou placas de forma quadrada ou rectangular",Espírito Santo,6554647,37129001,comexstat,2026-10-08
2025,04,2516,"Granito, pórfiro, basalto, arenito e outras pedras de cantaria ou de construção, mesmo desbastados ou simplesmente cortados à serra ou por outro meio, em blocos ou placas de forma quadrada ou rectangular",Espírito Santo,6504324,35046871,comexstat,2026-10-08
2025,10,2516,"Granito, pórfiro, basalto, arenito e outras pedras de cantaria ou de construção, mesmo desbastados ou simplesmente cortados à serra ou por outro meio, em blocos ou placas de forma quadrada ou rectangular",Minas Gerais,6288272,18212500,comexstat,2026-10-08
2025,09,2516,"Granito, pórfiro, basalto, arenito e outras pedras de cantaria ou de construção, mesmo desbastados ou simplesmente cortados à serra ou por outro meio, em blocos ou placas de forma quadrada ou rectangular",Minas Gerais,5499336,16683023,comexstat,2026-10-08
2025,06,2516,"Granito, pórfiro, basalto, arenito e outras pedras de cantaria ou de construção, mesmo desbastados ou simplesmente cortados à serra ou por outro meio, em blocos ou placas de forma quadrada ou rectangular",Minas Gerais,5251409,15365281,comexstat,2026-10-08
2025,02,2516,"Granito, pórfiro, basalto, arenito e outras pedras de cantaria ou de construção, mesmo desbastados ou simplesmente cortados à serra ou por outro meio, em blocos ou placas de forma quadrada ou rectangular",Espírito Santo,5166893,45111887,comexstat,2026-10-08
2025,03,2516,"Granito, pórfiro, basalto, arenito e outras pedras de cantaria ou de construção, mesmo desbastados ou simplesmente cortados à serra ou por outro meio, em blocos ou placas de forma quadrada ou rectangular",Minas Gerais,5052566,17325850,comexstat,2026-10-08
2025,03,6803,Ardósia natural trabalhada e obras de ardósia natural ou aglomerada,Minas Gerais,4990757,11365348,comexstat,2026-10-08
2025,07,2516,"Granito, pórfiro, basalto, arenito e outras pedras de cantaria ou de construção, mesmo desbastados ou simplesmente cortados à serra ou por outro meio, em blocos ou placas de forma quadrada ou rectangular",Minas Gerais,4913062,14878586,comexstat,2026-10-08
2025,12,6803,Ardósia natural trabalhada e obras de ardósia natural ou aglomerada,Minas Gerais,4814466,10540862,comexstat,2026-10-08
2025,09,6803,Ardósia natural trabalhada e obras de ardósia natural ou aglomerada,Minas Gerais,4573426,10053077,comexstat,2026-10-08
2025,06,6803,Ardósia natural trabalhada e obras de ardósia natural ou aglomerada,Minas Gerais,4550178,10517403,comexstat,2026-10-08
2025,05,2516,"Granito, pórfiro, basalto, arenito e outras pedras de cantaria ou de construção, mesmo desbastados ou simplesmente cortados à serra ou por outro meio, em blocos ou placas de forma quadrada ou rectangular",Minas Gerais,4491306,15936316,comexstat,2026-10-08
2025,04,6803,Ardósia natural trabalhada e obras de ardósia natural ou aglomerada,Minas Gerais,4377281,9499387,comexstat,2026-10-08
2025,11,6803,Ardósia natural trabalhada e obras de ardósia natural ou aglomerada,Minas Gerais,4275081,9334958,comexstat,2026-10-08
2025,12,6802,"Pedras de cantaria ou de construção (exceto de ardósia) trabalhadas e obras destas pedras, exceto as da posição 6801; cubos, pastilhas e artigos semelhantes, para mosaicos, de pedra natural (incluída a ardósia), mesmo com suporte; grânulos, fragmentos e",Ceará,4256865,2524895,comexstat,2026-10-08
2025,06,2515,"Mármores, travertinos, granitos belgas e outras pedras calcárias de cantaria ou de construção, de densidade aparente igual ou superior a 2,5, e alabastro, mesmo desbastados ou simplesmente cortados à serra ou por outro meio, em blocos ou placas de forma q",Espírito Santo,4029995,10415246,comexstat,2026-10-08
2025,05,6803,Ardósia natural trabalhada e obras de ardósia natural ou aglomerada,Minas Gerais,3968104,8531653,comexstat,2026-10-08
2025,08,6803,Ardósia natural trabalhada e obras de ardósia natural ou aglomerada,Minas Gerais,3880576,8273387,comexstat,2026-10-08
2025,07,6802,"Pedras de cantaria ou de construção (exceto de ardósia) trabalhadas e obras destas pedras, exceto as da posição 6801; cubos, pastilhas e artigos semelhantes, para mosaicos, de pedra natural (incluída a ardósia), mesmo com suporte; grânulos, fragmentos e",Ceará,3827959,2146532,comexstat,2026-10-08
2025,02,6803,Ardósia natural trabalhada e obras de ardósia natural ou aglomerada,Minas Gerais,3802031,9044014,comexstat,2026-10-08
2025,09,6802,"Pedras de cantaria ou de construção (exceto de ardósia) trabalhadas e obras destas pedras, exceto as da posição 6801; cubos, pastilhas e artigos semelhantes, para mosaicos, de pedra natural (incluída a ardósia), mesmo com suporte; grânulos, fragmentos e",Ceará,3760752,2084081,comexstat,2026-10-08
2025,07,6803,Ardósia natural trabalhada e obras de ardósia natural ou aglomerada,Minas Gerais,3756271,8313742,comexstat,2026-10-08
2025,01,2516,"Granito, pórfiro, basalto, arenito e outras pedras de cantaria ou de construção, mesmo desbastados ou simplesmente cortados à serra ou por outro meio, em blocos ou placas de forma quadrada ou rectangular",Minas Gerais,3597790,10695085,comexstat,2026-10-08
2025,07,2515,"Mármores, travertinos, granitos belgas e outras pedras calcárias de cantaria ou de construção, de densidade aparente igual ou superior a 2,5, e alabastro, mesmo desbastados ou simplesmente cortados à serra ou por outro meio, em blocos ou placas de forma q",Espírito Santo,3560202,9912001,comexstat,2026-10-08
2025,08,2516,"Granito, pórfiro, basalto, arenito e outras pedras de cantaria ou de construção, mesmo desbastados ou simplesmente cortados à serra ou por outro meio, em blocos ou placas de forma quadrada ou rectangular",Minas Gerais,3459329,10996025,comexstat,2026-10-08
2025,10,6803,Ardósia natural trabalhada e obras de ardósia natural ou aglomerada,Minas Gerais,3394050,7629323,comexstat,2026-10-08
2025,01,6803,Ardósia natural trabalhada e obras de ardósia natural ou aglomerada,Minas Gerais,3332787,7413079,comexstat,2026-10-08
2025,11,2516,"Granito, pórfiro, basalto, arenito e outras pedras de cantaria ou de construção, mesmo desbastados ou simplesmente cortados à serra ou por outro meio, em blocos ou placas de forma quadrada ou rectangular",Espírito Santo,3316689,14689874,comexstat,2026-10-08
2025,03,2515,"Mármores, travertinos, granitos belgas e outras pedras calcárias de cantaria ou de construção, de densidade aparente igual ou superior a 2,5, e alabastro, mesmo desbastados ou simplesmente cortados à serra ou por outro meio, em blocos ou placas de forma q",Espírito Santo,3165600,8523275,comexstat,2026-10-08
2025,05,2515,"Mármores, travertinos, granitos belgas e outras pedras calcárias de cantaria ou de construção, de densidade aparente igual ou superior a 2,5, e alabastro, mesmo desbastados ou simplesmente cortados à serra ou por outro meio, em blocos ou placas de forma q",Espírito Santo,2881525,7694172,comexstat,2026-10-08
2025,09,2515,"Mármores, travertinos, granitos belgas e outras pedras calcárias de cantaria ou de construção, de densidade aparente igual ou superior a 2,5, e alabastro, mesmo desbastados ou simplesmente cortados à serra ou por outro meio, em blocos ou placas de forma q",Espírito Santo,2851634,11525132,comexstat,2026-10-08
2025,12,2515,"Mármores, travertinos, granitos belgas e outras pedras calcárias de cantaria ou de construção, de densidade aparente igual ou superior a 2,5, e alabastro, mesmo desbastados ou simplesmente cortados à serra ou por outro meio, em blocos ou placas de forma q",Espírito Santo,2825205,9449180,comexstat,2026-10-08
2025,04,2516,"Granito, pórfiro, basalto, arenito e outras pedras de cantaria ou de construção, mesmo desbastados ou simplesmente cortados à serra ou por outro meio, em blocos ou placas de forma quadrada ou rectangular",Minas Gerais,2734213,9432869,comexstat,2026-10-08
2025,05,6802,"Pedras de cantaria ou de construção (exceto de ardósia) trabalhadas e obras destas pedras, exceto as da posição 6801; cubos, pastilhas e artigos semelhantes, para mosaicos, de pedra natural (incluída a ardósia), mesmo com suporte; grânulos, fragmentos e",Ceará,2530939,1679231,comexstat,2026-10-08
2025,04,2515,"Mármores, travertinos, granitos belgas e outras pedras calcárias de cantaria ou de construção, de densidade aparente igual ou superior a 2,5, e alabastro, mesmo desbastados ou simplesmente cortados à serra ou por outro meio, em blocos ou placas de forma q",Espírito Santo,2453483,4368280,comexstat,2026-10-08
2025,02,2516,"Granito, pórfiro, basalto, arenito e outras pedras de cantaria ou de construção, mesmo desbastados ou simplesmente cortados à serra ou por outro meio, em blocos ou placas de forma quadrada ou rectangular",Minas Gerais,2449324,8507638,comexstat,2026-10-08
2025,10,2515,"Mármores, travertinos, granitos belgas e outras pedras calcárias de cantaria ou de construção, de densidade aparente igual ou superior a 2,5, e alabastro, mesmo desbastados ou simplesmente cortados à serra ou por outro meio, em blocos ou placas de forma q",Espírito Santo,2303696,6754896,comexstat,2026-10-08
2025,10,6802,"Pedras de cantaria ou de construção (exceto de ardósia) trabalhadas e obras destas pedras, exceto as da posição 6801; cubos, pastilhas e artigos semelhantes, para mosaicos, de pedra natural (incluída a ardósia), mesmo com suporte; grânulos, fragmentos e",Ceará,2022172,1139425,comexstat,2026-10-08
2025,08,2515,"Mármores, travertinos, granitos belgas e outras pedras calcárias de cantaria ou de construção, de densidade aparente igual ou superior a 2,5, e alabastro, mesmo desbastados ou simplesmente cortados à serra ou por outro meio, em blocos ou placas de forma q",Espírito Santo,1981414,7157634,comexstat,2026-10-08
2025,04,6802,"Pedras de cantaria ou de construção (exceto de ardósia) trabalhadas e obras destas pedras, exceto as da posição 6801; cubos, pastilhas e artigos semelhantes, para mosaicos, de pedra natural (incluída a ardósia), mesmo com suporte; grânulos, fragmentos e",Ceará,1963198,1367060,comexstat,2026-10-08
2025,11,2516,"Granito, pórfiro, basalto, arenito e outras pedras de cantaria ou de construção, mesmo desbastados ou simplesmente cortados à serra ou por outro meio, em blocos ou placas de forma quadrada ou rectangular",Minas Gerais,1873343,5847494,comexstat,2026-10-08
2025,11,6802,"Pedras de cantaria ou de construção (exceto de ardósia) trabalhadas e obras destas pedras, exceto as da posição 6801; cubos, pastilhas e artigos semelhantes, para mosaicos, de pedra natural (incluída a ardósia), mesmo com suporte; grânulos, fragmentos e",Ceará,1832063,1045286,comexstat,2026-10-08
2025,06,6802,"Pedras de cantaria ou de construção (exceto de ardósia) trabalhadas e obras destas pedras, exceto as da posição 6801; cubos, pastilhas e artigos semelhantes, para mosaicos, de pedra natural (incluída a ardósia), mesmo com suporte; grânulos, fragmentos e",Ceará,1813705,1036036,comexstat,2026-10-08
2025,10,2515,"Mármores, travertinos, granitos belgas e outras pedras calcárias de cantaria ou de construção, de densidade aparente igual ou superior a 2,5, e alabastro, mesmo desbastados ou simplesmente cortados à serra ou por outro meio, em blocos ou placas de forma q",Bahia,1797568,3243600,comexstat,2026-10-08
2025,11,2516,"Granito, pórfiro, basalto, arenito e outras pedras de cantaria ou de construção, mesmo desbastados ou simplesmente cortados à serra ou por outro meio, em blocos ou placas de forma quadrada ou rectangular",Paraíba,1636981,702983,comexstat,2026-10-08
2025,07,6802,"Pedras de cantaria ou de construção (exceto de ardósia) trabalhadas e obras destas pedras, exceto as da posição 6801; cubos, pastilhas e artigos semelhantes, para mosaicos, de pedra natural (incluída a ardósia), mesmo com suporte; grânulos, fragmentos e",Minas Gerais,1577067,1722733,comexstat,2026-10-08
2025,03,6802,"Pedras de cantaria ou de construção (exceto de ardósia) trabalhadas e obras destas pedras, exceto as da posição 6801; cubos, pastilhas e artigos semelhantes, para mosaicos, de pedra natural (incluída a ardósia), mesmo com suporte; grânulos, fragmentos e",Ceará,1559838,1047586,comexstat,2026-10-08
2025,04,6802,"Pedras de cantaria ou de construção (exceto de ardósia) trabalhadas e obras destas pedras, exceto as da posição 6801; cubos, pastilhas e artigos semelhantes, para mosaicos, de pedra natural (incluída a ardósia), mesmo com suporte; grânulos, fragmentos e",Rio Grande do Norte,1536297,1213059,comexstat,2026-10-08
2025,11,6802,"Pedras de cantaria ou de construção (exceto de ardósia) trabalhadas e obras destas pedras, exceto as da posição 6801; cubos, pastilhas e artigos semelhantes, para mosaicos, de pedra natural (incluída a ardósia), mesmo com suporte; grânulos, fragmentos e",Minas Gerais,1519714,1091795,comexstat,2026-10-08
2025,06,6802,"Pedras de cantaria ou de construção (exceto de ardósia) trabalhadas e obras destas pedras, exceto as da posição 6801; cubos, pastilhas e artigos semelhantes, para mosaicos, de pedra natural (incluída a ardósia), mesmo com suporte; grânulos, fragmentos e",Minas Gerais,1451002,1761398,comexstat,2026-10-08
2025,04,6802,"Pedras de cantaria ou de construção (exceto de ardósia) trabalhadas e obras destas pedras, exceto as da posição 6801; cubos, pastilhas e artigos semelhantes, para mosaicos, de pedra natural (incluída a ardósia), mesmo com suporte; grânulos, fragmentos e",Minas Gerais,1441521,1853157,comexstat,2026-10-08
2025,05,6802,"Pedras de cantaria ou de construção (exceto de ardósia) trabalhadas e obras destas pedras, exceto as da posição 6801; cubos, pastilhas e artigos semelhantes, para mosaicos, de pedra natural (incluída a ardósia), mesmo com suporte; grânulos, fragmentos e",Minas Gerais,1394669,1887403,comexstat,2026-10-08
2025,02,6802,"Pedras de cantaria ou de construção (exceto de ardósia) trabalhadas e obras destas pedras, exceto as da posição 6801; cubos, pastilhas e artigos semelhantes, para mosaicos, de pedra natural (incluída a ardósia), mesmo com suporte; grânulos, fragmentos e",Ceará,1339921,1037541,comexstat,2026-10-08
2025,01,6802,"Pedras de cantaria ou de construção (exceto de ardósia) trabalhadas e obras destas pedras, exceto as da posição 6801; cubos, pastilhas e artigos semelhantes, para mosaicos, de pedra natural (incluída a ardósia), mesmo com suporte; grânulos, fragmentos e",Minas Gerais,1338888,2139992,comexstat,2026-10-08
2025,07,6802,"Pedras de cantaria ou de construção (exceto de ardósia) trabalhadas e obras destas pedras, exceto as da posição 6801; cubos, pastilhas e artigos semelhantes, para mosaicos, de pedra natural (incluída a ardósia), mesmo com suporte; grânulos, fragmentos e",Rio Grande do Norte,1326314,986850,comexstat,2026-10-08
2025,05,2516,"Granito, pórfiro, basalto, arenito e outras pedras de cantaria ou de construção, mesmo desbastados ou simplesmente cortados à serra ou por outro meio, em blocos ou placas de forma quadrada ou rectangular",Bahia,1325842,2885665,comexstat,2026-10-08
2025,03,6802,"Pedras de cantaria ou de construção (exceto de ardósia) trabalhadas e obras destas pedras, exceto as da posição 6801; cubos, pastilhas e artigos semelhantes, para mosaicos, de pedra natural (incluída a ardósia), mesmo com suporte; grânulos, fragmentos e",Minas Gerais,1313375,1524468,comexstat,2026-10-08
2025,10,2516,"Granito, pórfiro, basalto, arenito e outras pedras de cantaria ou de construção, mesmo desbastados ou simplesmente cortados à serra ou por outro meio, em blocos ou placas de forma quadrada ou rectangular",Bahia,1303151,3702410,comexstat,2026-10-08
2025,09,2515,"Mármores, travertinos, granitos belgas e outras pedras calcárias de cantaria ou de construção, de densidade aparente igual ou superior a 2,5, e alabastro, mesmo desbastados ou simplesmente cortados à serra ou por outro meio, em blocos ou placas de forma q",Bahia,1280066,2049880,comexstat,2026-10-08
2025,01,2515,"Mármores, travertinos, granitos belgas e outras pedras calcárias de cantaria ou de construção, de densidade aparente igual ou superior a 2,5, e alabastro, mesmo desbastados ou simplesmente cortados à serra ou por outro meio, em blocos ou placas de forma q",Espírito Santo,1253912,5290081,comexstat,2026-10-08
2025,12,6802,"Pedras de cantaria ou de construção (exceto de ardósia) trabalhadas e obras destas pedras, exceto as da posição 6801; cubos, pastilhas e artigos semelhantes, para mosaicos, de pedra natural (incluída a ardósia), mesmo com suporte; grânulos, fragmentos e",Minas Gerais,1195658,890620,comexstat,2026-10-08
2025,06,6802,"Pedras de cantaria ou de construção (exceto de ardósia) trabalhadas e obras destas pedras, exceto as da posição 6801; cubos, pastilhas e artigos semelhantes, para mosaicos, de pedra natural (incluída a ardósia), mesmo com suporte; grânulos, fragmentos e",Rio Grande do Norte,1186617,892279,comexstat,2026-10-08
2025,08,6802,"Pedras de cantaria ou de construção (exceto de ardósia) trabalhadas e obras destas pedras, exceto as da posição 6801; cubos, pastilhas e artigos semelhantes, para mosaicos, de pedra natural (incluída a ardósia), mesmo com suporte; grânulos, fragmentos e",Minas Gerais,1182183,1361574,comexstat,2026-10-08
2025,10,6802,"Pedras de cantaria ou de construção (exceto de ardósia) trabalhadas e obras destas pedras, exceto as da posição 6801; cubos, pastilhas e artigos semelhantes, para mosaicos, de pedra natural (incluída a ardósia), mesmo com suporte; grânulos, fragmentos e",Minas Gerais,1173680,949704,comexstat,2026-10-08
2025,01,6802,"Pedras de cantaria ou de construção (exceto de ardósia) trabalhadas e obras destas pedras, exceto as da posição 6801; cubos, pastilhas e artigos semelhantes, para mosaicos, de pedra natural (incluída a ardósia), mesmo com suporte; grânulos, fragmentos e",Ceará,1163133,938254,comexstat,2026-10-08
2025,08,2516,"Granito, pórfiro, basalto, arenito e outras pedras de cantaria ou de construção, mesmo desbastados ou simplesmente cortados à serra ou por outro meio, em blocos ou placas de forma quadrada ou rectangular",Paraíba,1160235,735971,comexstat,2026-10-08
2025,09,2516,"Granito, pórfiro, basalto, arenito e outras pedras de cantaria ou de construção, mesmo desbastados ou simplesmente cortados à serra ou por outro meio, em blocos ou placas de forma quadrada ou rectangular",Paraíba,1090188,965339,comexstat,2026-10-08
2025,08,6802,"Pedras de cantaria ou de construção (exceto de ardósia) trabalhadas e obras destas pedras, exceto as da posição 6801; cubos, pastilhas e artigos semelhantes, para mosaicos, de pedra natural (incluída a ardósia), mesmo com suporte; grânulos, fragmentos e",Ceará,1083872,673590,comexstat,2026-10-08
2025,12,2515,"Mármores, travertinos, granitos belgas e outras pedras calcárias de cantaria ou de construção, de densidade aparente igual ou superior a 2,5, e alabastro, mesmo desbastados ou simplesmente cortados à serra ou por outro meio, em blocos ou placas de forma q",Bahia,1063686,1817668,comexstat,2026-10-08
2025,08,2516,"Granito, pórfiro, basalto, arenito e outras pedras de cantaria ou de construção, mesmo desbastados ou simplesmente cortados à serra ou por outro meio, em blocos ou placas de forma quadrada ou rectangular",Bahia,989583,2746010,comexstat,2026-10-08
2025,06,2516,"Granito, pórfiro, basalto, arenito e outras pedras de cantaria ou de construção, mesmo desbastados ou simplesmente cortados à serra ou por outro meio, em blocos ou placas de forma quadrada ou rectangular",Bahia,974654,2881459,comexstat,2026-10-08
2025,11,2515,"Mármores, travertinos, granitos belgas e outras pedras calcárias de cantaria ou de construção, de densidade aparente igual ou superior a 2,5, e alabastro, mesmo desbastados ou simplesmente cortados à serra ou por outro meio, em blocos ou placas de forma q",Espírito Santo,960951,2349410,comexstat,2026-10-08
2025,07,2516,"Granito, pórfiro, basalto, arenito e outras pedras de cantaria ou de construção, mesmo desbastados ou simplesmente cortados à serra ou por outro meio, em blocos ou placas de forma quadrada ou rectangular",Ceará,960271,2218016,comexstat,2026-10-08
2025,02,6802,"Pedras de cantaria ou de construção (exceto de ardósia) trabalhadas e obras destas pedras, exceto as da posição 6801; cubos, pastilhas e artigos semelhantes, para mosaicos, de pedra natural (incluída a ardósia), mesmo com suporte; grânulos, fragmentos e",Minas Gerais,960034,971430,comexstat,2026-10-08
2025,05,6802,"Pedras de cantaria ou de construção (exceto de ardósia) trabalhadas e obras destas pedras, exceto as da posição 6801; cubos, pastilhas e artigos semelhantes, para mosaicos, de pedra natural (incluída a ardósia), mesmo com suporte; grânulos, fragmentos e",Rio Grande do Norte,944166,768417,comexstat,2026-10-08
2025,01,2516,"Granito, pórfiro, basalto, arenito e outras pedras de cantaria ou de construção, mesmo desbastados ou simplesmente cortados à serra ou por outro meio, em blocos ou placas de forma quadrada ou rectangular",Rio Grande do Norte,925851,4269788,comexstat,2026-10-08
2025,06,6802,"Pedras de cantaria ou de construção (exceto de ardósia) trabalhadas e obras destas pedras, exceto as da posição 6801; cubos, pastilhas e artigos semelhantes, para mosaicos, de pedra natural (incluída a ardósia), mesmo com suporte; grânulos, fragmentos e",Paraná,899186,310282,comexstat,2026-10-08
2025,09,6802,"Pedras de cantaria ou de construção (exceto de ardósia) trabalhadas e obras destas pedras, exceto as da posição 6801; cubos, pastilhas e artigos semelhantes, para mosaicos, de pedra natural (incluída a ardósia), mesmo com suporte; grânulos, fragmentos e",Minas Gerais,855561,948219,comexstat,2026-10-08
2025,09,2516,"Granito, pórfiro, basalto, arenito e outras pedras de cantaria ou de construção, mesmo desbastados ou simplesmente cortados à serra ou por outro meio, em blocos ou placas de forma quadrada ou rectangular",Bahia,841601,2295240,comexstat,2026-10-08
2025,06,2516,"Granito, pórfiro, basalto, arenito e outras pedras de cantaria ou de construção, mesmo desbastados ou simplesmente cortados à serra ou por outro meio, em blocos ou placas de forma quadrada ou rectangular",Paraíba,831246,1175038,comexstat,2026-10-08
2025,01,2516,"Granito, pórfiro, basalto, arenito e outras pedras de cantaria ou de construção, mesmo desbastados ou simplesmente cortados à serra ou por outro meio, em blocos ou placas de forma quadrada ou rectangular",Paraíba,803627,1441088,comexstat,2026-10-08
2025,05,2516,"Granito, pórfiro, basalto, arenito e outras pedras de cantaria ou de construção, mesmo desbastados ou simplesmente cortados à serra ou por outro meio, em blocos ou placas de forma quadrada ou rectangular",Paraíba,755093,393275,comexstat,2026-10-08
2025,03,2516,"Granito, pórfiro, basalto, arenito e outras pedras de cantaria ou de construção, mesmo desbastados ou simplesmente cortados à serra ou por outro meio, em blocos ou placas de forma quadrada ou rectangular",Paraíba,740418,960540,comexstat,2026-10-08
2025,12,2516,"Granito, pórfiro, basalto, arenito e outras pedras de cantaria ou de construção, mesmo desbastados ou simplesmente cortados à serra ou por outro meio, em blocos ou placas de forma quadrada ou rectangular",Paraíba,720199,1434281,comexstat,2026-10-08
2025,07,2516,"Granito, pórfiro, basalto, arenito e outras pedras de cantaria ou de construção, mesmo desbastados ou simplesmente cortados à serra ou por outro meio, em blocos ou placas de forma quadrada ou rectangular",Bahia,707666,2296123,comexstat,2026-10-08
2025,07,2515,"Mármores, travertinos, granitos belgas e outras pedras calcárias de cantaria ou de construção, de densidade aparente igual ou superior a 2,5, e alabastro, mesmo desbastados ou simplesmente cortados à serra ou por outro meio, em blocos ou placas de forma q",Bahia,702630,1771070,comexstat,2026-10-08
2025,08,2516,"Granito, pórfiro, basalto, arenito e outras pedras de cantaria ou de construção, mesmo desbastados ou simplesmente cortados à serra ou por outro meio, em blocos ou placas de forma quadrada ou rectangular",Ceará,687742,1985237,comexstat,2026-10-08
2025,03,6802,"Pedras de cantaria ou de construção (exceto de ardósia) trabalhadas e obras destas pedras, exceto as da posição 6801; cubos, pastilhas e artigos semelhantes, para mosaicos, de pedra natural (incluída a ardósia), mesmo com suporte; grânulos, fragmentos e",Paraná,680800,349457,comexstat,2026-10-08
2025,04,2516,"Granito, pórfiro, basalto, arenito e outras pedras de cantaria ou de construção, mesmo desbastados ou simplesmente cortados à serra ou por outro meio, em blocos ou placas de forma quadrada ou rectangular",Rio Grande do Norte,679778,3077876,comexstat,2026-10-08
2025,07,2516,"Granito, pórfiro, basalto, arenito e outras pedras de cantaria ou de construção, mesmo desbastados ou simplesmente cortados à serra ou por outro meio, em blocos ou placas de forma quadrada ou rectangular",Rio Grande do Norte,668688,3706064,comexstat,2026-10-08
2025,10,6802,"Pedras de cantaria ou de construção (exceto de ardósia) trabalhadas e obras destas pedras, exceto as da posição 6801; cubos, pastilhas e artigos semelhantes, para mosaicos, de pedra natural (incluída a ardósia), mesmo com suporte; grânulos, fragmentos e",Rio Grande do Norte,658367,559870,comexstat,2026-10-08
2025,03,2516,"Granito, pórfiro, basalto, arenito e outras pedras de cantaria ou de construção, mesmo desbastados ou simplesmente cortados à serra ou por outro meio, em blocos ou placas de forma quadrada ou rectangular",Bahia,641143,2211760,comexstat,2026-10-08
2025,02,2516,"Granito, pórfiro, basalto, arenito e outras pedras de cantaria ou de construção, mesmo desbastados ou simplesmente cortados à serra ou por outro meio, em blocos ou placas de forma quadrada ou rectangular",Paraíba,630171,631031,comexstat,2026-10-08
2025,01,6802,"Pedras de cantaria ou de construção (exceto de ardósia) trabalhadas e obras destas pedras, exceto as da posição 6801; cubos, pastilhas e artigos semelhantes, para mosaicos, de pedra natural (incluída a ardósia), mesmo com suporte; grânulos, fragmentos e",Rio Grande do Norte,626644,514494,comexstat,2026-10-08
2025,02,2515,"Mármores, travertinos, granitos belgas e outras pedras calcárias de cantaria ou de construção, de densidade aparente igual ou superior a 2,5, e alabastro, mesmo desbastados ou simplesmente cortados à serra ou por outro meio, em blocos ou placas de forma q",Espírito Santo,601266,1562940,comexstat,2026-10-08
2025,12,6802,"Pedras de cantaria ou de construção (exceto de ardósia) trabalhadas e obras destas pedras, exceto as da posição 6801; cubos, pastilhas e artigos semelhantes, para mosaicos, de pedra natural (incluída a ardósia), mesmo com suporte; grânulos, fragmentos e",Rio Grande do Norte,593861,523302,comexstat,2026-10-08
2025,08,2516,"Granito, pórfiro, basalto, arenito e outras pedras de cantaria ou de construção, mesmo desbastados ou simplesmente cortados à serra ou por outro meio, em blocos ou placas de forma quadrada ou rectangular",Rio Grande do Norte,585221,3059027,comexstat,2026-10-08
2025,12,2516,"Granito, pórfiro, basalto, arenito e outras pedras de cantaria ou de construção, mesmo desbastados ou simplesmente cortados à serra ou por outro meio, em blocos ou placas de forma quadrada ou rectangular",Bahia,582794,1781748,comexstat,2026-10-08
2025,10,2516,"Granito, pórfiro, basalto, arenito e outras pedras de cantaria ou de construção, mesmo desbastados ou simplesmente cortados à serra ou por outro meio, em blocos ou placas de forma quadrada ou rectangular",Rio Grande do Norte,565122,2706376,comexstat,2026-10-08
2025,10,2516,"Granito, pórfiro, basalto, arenito e outras pedras de cantaria ou de construção, mesmo desbastados ou simplesmente cortados à serra ou por outro meio, em blocos ou placas de forma quadrada ou rectangular",Paraíba,562605,835345,comexstat,2026-10-08
2025,04,2516,"Granito, pórfiro, basalto, arenito e outras pedras de cantaria ou de construção, mesmo desbastados ou simplesmente cortados à serra ou por outro meio, em blocos ou placas de forma quadrada ou rectangular",Bahia,557044,2828781,comexstat,2026-10-08
2025,01,2516,"Granito, pórfiro, basalto, arenito e outras pedras de cantaria ou de construção, mesmo desbastados ou simplesmente cortados à serra ou por outro meio, em blocos ou placas de forma quadrada ou rectangular",Ceará,547683,1757845,comexstat,2026-10-08
2025,07,6802,"Pedras de cantaria ou de construção (exceto de ardósia) trabalhadas e obras destas pedras, exceto as da posição 6801; cubos, pastilhas e artigos semelhantes, para mosaicos, de pedra natural (incluída a ardósia), mesmo com suporte; grânulos, fragmentos e",Paraná,545176,251181,comexstat,2026-10-08
2025,09,2516,"Granito, pórfiro, basalto, arenito e outras pedras de cantaria ou de construção, mesmo desbastados ou simplesmente cortados à serra ou por outro meio, em blocos ou placas de forma quadrada ou rectangular",Ceará,514164,1422828,comexstat,2026-10-08
2025,09,6802,"Pedras de cantaria ou de construção (exceto de ardósia) trabalhadas e obras destas pedras, exceto as da posição 6801; cubos, pastilhas e artigos semelhantes, para mosaicos, de pedra natural (incluída a ardósia), mesmo com suporte; grânulos, fragmentos e",Rio Grande do Norte,512295,342560,comexstat,2026-10-08
2025,11,2516,"Granito, pórfiro, basalto, arenito e outras pedras de cantaria ou de construção, mesmo desbastados ou simplesmente cortados à serra ou por outro meio, em blocos ou placas de forma quadrada ou rectangular",Bahia,511733,1620871,comexstat,2026-10-08
2025,05,6802,"Pedras de cantaria ou de construção (exceto de ardósia) trabalhadas e obras destas pedras, exceto as da posição 6801; cubos, pastilhas e artigos semelhantes, para mosaicos, de pedra natural (incluída a ardósia), mesmo com suporte; grânulos, fragmentos e",Paraná,511085,354846,comexstat,2026-10-08
2025,07,2516,"Granito, pórfiro, basalto, arenito e outras pedras de cantaria ou de construção, mesmo desbastados ou simplesmente cortados à serra ou por outro meio, em blocos ou placas de forma quadrada ou rectangular",Paraíba,508029,709036,comexstat,2026-10-08
2025,12,6802,"Pedras de cantaria ou de construção (exceto de ardósia) trabalhadas e obras destas pedras, exceto as da posição 6801; cubos, pastilhas e artigos semelhantes, para mosaicos, de pedra natural (incluída a ardósia), mesmo com suporte; grânulos, fragmentos e",Paraná,504791,238502,comexstat,2026-10-08
2025,11,2516,"Granito, pórfiro, basalto, arenito e outras pedras de cantaria ou de construção, mesmo desbastados ou simplesmente cortados à serra ou por outro meio, em blocos ou placas de forma quadrada ou rectangular",Rio Grande do Norte,500896,2179059,comexstat,2026-10-08
2025,02,2516,"Granito, pórfiro, basalto, arenito e outras pedras de cantaria ou de construção, mesmo desbastados ou simplesmente cortados à serra ou por outro meio, em blocos ou placas de forma quadrada ou rectangular",Bahia,491332,1689407,comexstat,2026-10-08
2025,09,6802,"Pedras de cantaria ou de construção (exceto de ardósia) trabalhadas e obras destas pedras, exceto as da posição 6801; cubos, pastilhas e artigos semelhantes, para mosaicos, de pedra natural (incluída a ardósia), mesmo com suporte; grânulos, fragmentos e",São Paulo,470417,126287,comexstat,2026-10-08
2025,05,2516,"Granito, pórfiro, basalto, arenito e outras pedras de cantaria ou de construção, mesmo desbastados ou simplesmente cortados à serra ou por outro meio, em blocos ou placas de forma quadrada ou rectangular",Rio Grande do Norte,461531,2153828,comexstat,2026-10-08
2025,08,6802,"Pedras de cantaria ou de construção (exceto de ardósia) trabalhadas e obras destas pedras, exceto as da posição 6801; cubos, pastilhas e artigos semelhantes, para mosaicos, de pedra natural (incluída a ardósia), mesmo com suporte; grânulos, fragmentos e",Rio Grande do Norte,460080,310411,comexstat,2026-10-08
2025,02,2516,"Granito, pórfiro, basalto, arenito e outras pedras de cantaria ou de construção, mesmo desbastados ou simplesmente cortados à serra ou por outro meio, em blocos ou placas de forma quadrada ou rectangular",Rio Grande do Norte,445480,2479074,comexstat,2026-10-08
2025,03,2516,"Granito, pórfiro, basalto, arenito e outras pedras de cantaria ou de construção, mesmo desbastados ou simplesmente cortados à serra ou por outro meio, em blocos ou placas de forma quadrada ou rectangular",Ceará,444066,1160647,comexstat,2026-10-08
2025,12,2516,"Granito, pórfiro, basalto, arenito e outras pedras de cantaria ou de construção, mesmo desbastados ou simplesmente cortados à serra ou por outro meio, em blocos ou placas de forma quadrada ou rectangular",Ceará,439193,1550012,comexstat,2026-10-08
2025,08,2515,"Mármores, travertinos, granitos belgas e outras pedras calcárias de cantaria ou de construção, de densidade aparente igual ou superior a 2,5, e alabastro, mesmo desbastados ou simplesmente cortados à serra ou por outro meio, em blocos ou placas de forma q",Bahia,423057,738400,comexstat,2026-10-08
2025,02,6802,"Pedras de cantaria ou de construção (exceto de ardósia) trabalhadas e obras destas pedras, exceto as da posição 6801; cubos, pastilhas e artigos semelhantes, para mosaicos, de pedra natural (incluída a ardósia), mesmo com suporte; grânulos, fragmentos e",Rio Grande do Norte,416261,295458,comexstat,2026-10-08
2025,05,2516,"Granito, pórfiro, basalto, arenito e outras pedras de cantaria ou de construção, mesmo desbastados ou simplesmente cortados à serra ou por outro meio, em blocos ou placas de forma quadrada ou rectangular",Ceará,410397,1020506,comexstat,2026-10-08
2025,12,2516,"Granito, pórfiro, basalto, arenito e outras pedras de cantaria ou de construção, mesmo desbastados ou simplesmente cortados à serra ou por outro meio, em blocos ou placas de forma quadrada ou rectangular",Rio Grande do Norte,410243,1445253,comexstat,2026-10-08
2025,01,6802,"Pedras de cantaria ou de construção (exceto de ardósia) trabalhadas e obras destas pedras, exceto as da posição 6801; cubos, pastilhas e artigos semelhantes, para mosaicos, de pedra natural (incluída a ardósia), mesmo com suporte; grânulos, fragmentos e",Paraná,400802,158000,comexstat,2026-10-08
2025,03,6802,"Pedras de cantaria ou de construção (exceto de ardósia) trabalhadas e obras destas pedras, exceto as da posição 6801; cubos, pastilhas e artigos semelhantes, para mosaicos, de pedra natural (incluída a ardósia), mesmo com suporte; grânulos, fragmentos e",Rio Grande do Norte,377616,342725,comexstat,2026-10-08
2025,08,6802,"Pedras de cantaria ou de construção (exceto de ardósia) trabalhadas e obras destas pedras, exceto as da posição 6801; cubos, pastilhas e artigos semelhantes, para mosaicos, de pedra natural (incluída a ardósia), mesmo com suporte; grânulos, fragmentos e",Paraná,376100,165647,comexstat,2026-10-08
2025,05,6802,"Pedras de cantaria ou de construção (exceto de ardósia) trabalhadas e obras destas pedras, exceto as da posição 6801; cubos, pastilhas e artigos semelhantes, para mosaicos, de pedra natural (incluída a ardósia), mesmo com suporte; grânulos, fragmentos e",São Paulo,360579,39299,comexstat,2026-10-08
2025,01,2516,"Granito, pórfiro, basalto, arenito e outras pedras de cantaria ou de construção, mesmo desbastados ou simplesmente cortados à serra ou por outro meio, em blocos ou placas de forma quadrada ou rectangular",Bahia,350927,1121655,comexstat,2026-10-08
2025,04,6802,"Pedras de cantaria ou de construção (exceto de ardósia) trabalhadas e obras destas pedras, exceto as da posição 6801; cubos, pastilhas e artigos semelhantes, para mosaicos, de pedra natural (incluída a ardósia), mesmo com suporte; grânulos, fragmentos e",Paraná,350619,219146,comexstat,2026-10-08
2025,04,2515,"Mármores, travertinos, granitos belgas e outras pedras calcárias de cantaria ou de construção, de densidade aparente igual ou superior a 2,5, e alabastro, mesmo desbastados ou simplesmente cortados à serra ou por outro meio, em blocos ou placas de forma q",Bahia,337889,997870,comexstat,2026-10-08
2025,11,6802,"Pedras de cantaria ou de construção (exceto de ardósia) trabalhadas e obras destas pedras, exceto as da posição 6801; cubos, pastilhas e artigos semelhantes, para mosaicos, de pedra natural (incluída a ardósia), mesmo com suporte; grânulos, fragmentos e",Rio Grande do Norte,334999,342732,comexstat,2026-10-08
2025,12,2516,"Granito, pórfiro, basalto, arenito e outras pedras de cantaria ou de construção, mesmo desbastados ou simplesmente cortados à serra ou por outro meio, em blocos ou placas de forma quadrada ou rectangular",Rio de Janeiro,320591,257074,comexstat,2026-10-08
2025,11,6802,"Pedras de cantaria ou de construção (exceto de ardósia) trabalhadas e obras destas pedras, exceto as da posição 6801; cubos, pastilhas e artigos semelhantes, para mosaicos, de pedra natural (incluída a ardósia), mesmo com suporte; grânulos, fragmentos e",São Paulo,320499,93329,comexstat,2026-10-08
2025,12,6801,"Pedras para calcetar, meios-fios e placas (lajes) para pavimentação, de pedra natural (exceto a ardósia)",Minas Gerais,306391,1210700,comexstat,2026-10-08
2025,10,6802,"Pedras de cantaria ou de construção (exceto de ardósia) trabalhadas e obras destas pedras, exceto as da posição 6801; cubos, pastilhas e artigos semelhantes, para mosaicos, de pedra natural (incluída a ardósia), mesmo com suporte; grânulos, fragmentos e",Rio de Janeiro,285420,483275,comexstat,2026-10-08
2025,01,2515,"Mármores, travertinos, granitos belgas e outras pedras calcárias de cantaria ou de construção, de densidade aparente igual ou superior a 2,5, e alabastro, mesmo desbastados ou simplesmente cortados à serra ou por outro meio, em blocos ou placas de forma q",Bahia,278820,850460,comexstat,2026-10-08
2025,04,2516,"Granito, pórfiro, basalto, arenito e outras pedras de cantaria ou de construção, mesmo desbastados ou simplesmente cortados à serra ou por outro meio, em blocos ou placas de forma quadrada ou rectangular",Rio Grande do Sul,276475,1103136,comexstat,2026-10-08
2025,08,2515,"Mármores, travertinos, granitos belgas e outras pedras calcárias de cantaria ou de construção, de densidade aparente igual ou superior a 2,5, e alabastro, mesmo desbastados ou simplesmente cortados à serra ou por outro meio, em blocos ou placas de forma q",Paraná,272218,381979,comexstat,2026-10-08
2025,10,2516,"Granito, pórfiro, basalto, arenito e outras pedras de cantaria ou de construção, mesmo desbastados ou simplesmente cortados à serra ou por outro meio, em blocos ou placas de forma quadrada ou rectangular",Ceará,268769,991297,comexstat,2026-10-08
2025,03,2516,"Granito, pórfiro, basalto, arenito e outras pedras de cantaria ou de construção, mesmo desbastados ou simplesmente cortados à serra ou por outro meio, em blocos ou placas de forma quadrada ou rectangular",Rio Grande do Norte,268224,1371607,comexstat,2026-10-08
2025,06,2516,"Granito, pórfiro, basalto, arenito e outras pedras de cantaria ou de construção, mesmo desbastados ou simplesmente cortados à serra ou por outro meio, em blocos ou placas de forma quadrada ou rectangular",Rio Grande do Norte,260749,1285109,comexstat,2026-10-08
2025,06,6801,"Pedras para calcetar, meios-fios e placas (lajes) para pavimentação, de pedra natural (exceto a ardósia)",Minas Gerais,255414,852790,comexstat,2026-10-08
2025,10,6802,"Pedras de cantaria ou de construção (exceto de ardósia) trabalhadas e obras destas pedras, exceto as da posição 6801; cubos, pastilhas e artigos semelhantes, para mosaicos, de pedra natural (incluída a ardósia), mesmo com suporte; grânulos, fragmentos e",Paraná,245866,90521,comexstat,2026-10-08
2025,11,2516,"Granito, pórfiro, basalto, arenito e outras pedras de cantaria ou de construção, mesmo desbastados ou simplesmente cortados à serra ou por outro meio, em blocos ou placas de forma quadrada ou rectangular",Rio de Janeiro,244241,167280,comexstat,2026-10-08
2025,04,2516,"Granito, pórfiro, basalto, arenito e outras pedras de cantaria ou de construção, mesmo desbastados ou simplesmente cortados à serra ou por outro meio, em blocos ou placas de forma quadrada ou rectangular",Paraíba,239033,263725,comexstat,2026-10-08
2025,04,6801,"Pedras para calcetar, meios-fios e placas (lajes) para pavimentação, de pedra natural (exceto a ardósia)",Minas Gerais,235367,822278,comexstat,2026-10-08
2025,06,6802,"Pedras de cantaria ou de construção (exceto de ardósia) trabalhadas e obras destas pedras, exceto as da posição 6801; cubos, pastilhas e artigos semelhantes, para mosaicos, de pedra natural (incluída a ardósia), mesmo com suporte; grânulos, fragmentos e",São Paulo,225476,77361,comexstat,2026-10-08
2025,05,2515,"Mármores, travertinos, granitos belgas e outras pedras calcárias de cantaria ou de construção, de densidade aparente igual ou superior a 2,5, e alabastro, mesmo desbastados ou simplesmente cortados à serra ou por outro meio, em blocos ou placas de forma q",Paraná,216351,147290,comexstat,2026-10-08
2025,01,2516,"Granito, pórfiro, basalto, arenito e outras pedras de cantaria ou de construção, mesmo desbastados ou simplesmente cortados à serra ou por outro meio, em blocos ou placas de forma quadrada ou rectangular",Piauí,211696,840018,comexstat,2026-10-08
2025,09,6802,"Pedras de cantaria ou de construção (exceto de ardósia) trabalhadas e obras destas pedras, exceto as da posição 6801; cubos, pastilhas e artigos semelhantes, para mosaicos, de pedra natural (incluída a ardósia), mesmo com suporte; grânulos, fragmentos e",Rio de Janeiro,210608,263716,comexstat,2026-10-08
2025,09,2516,"Granito, pórfiro, basalto, arenito e outras pedras de cantaria ou de construção, mesmo desbastados ou simplesmente cortados à serra ou por outro meio, em blocos ou placas de forma quadrada ou rectangular",Rio Grande do Norte,209693,759067,comexstat,2026-10-08
2025,07,2516,"Granito, pórfiro, basalto, arenito e outras pedras de cantaria ou de construção, mesmo desbastados ou simplesmente cortados à serra ou por outro meio, em blocos ou placas de forma quadrada ou rectangular",Pernambuco,209125,701000,comexstat,2026-10-08
2025,11,6802,"Pedras de cantaria ou de construção (exceto de ardósia) trabalhadas e obras destas pedras, exceto as da posição 6801; cubos, pastilhas e artigos semelhantes, para mosaicos, de pedra natural (incluída a ardósia), mesmo com suporte; grânulos, fragmentos e",Paraná,205040,82130,comexstat,2026-10-08
2025,05,6802,"Pedras de cantaria ou de construção (exceto de ardósia) trabalhadas e obras destas pedras, exceto as da posição 6801; cubos, pastilhas e artigos semelhantes, para mosaicos, de pedra natural (incluída a ardósia), mesmo com suporte; grânulos, fragmentos e",Rio de Janeiro,199090,255323,comexstat,2026-10-08
2025,12,2516,"Granito, pórfiro, basalto, arenito e outras pedras de cantaria ou de construção, mesmo desbastados ou simplesmente cortados à serra ou por outro meio, em blocos ou placas de forma quadrada ou rectangular",Pernambuco,198799,663800,comexstat,2026-10-08
2025,06,2516,"Granito, pórfiro, basalto, arenito e outras pedras de cantaria ou de construção, mesmo desbastados ou simplesmente cortados à serra ou por outro meio, em blocos ou placas de forma quadrada ou rectangular",Pernambuco,197536,673700,comexstat,2026-10-08
2025,09,6802,"Pedras de cantaria ou de construção (exceto de ardósia) trabalhadas e obras destas pedras, exceto as da posição 6801; cubos, pastilhas e artigos semelhantes, para mosaicos, de pedra natural (incluída a ardósia), mesmo com suporte; grânulos, fragmentos e",Paraná,195982,59571,comexstat,2026-10-08
2025,03,2516,"Granito, pórfiro, basalto, arenito e outras pedras de cantaria ou de construção, mesmo desbastados ou simplesmente cortados à serra ou por outro meio, em blocos ou placas de forma quadrada ou rectangular",Pernambuco,194486,690800,comexstat,2026-10-08
2025,03,2515,"Mármores, travertinos, granitos belgas e outras pedras calcárias de cantaria ou de construção, de densidade aparente igual ou superior a 2,5, e alabastro, mesmo desbastados ou simplesmente cortados à serra ou por outro meio, em blocos ou placas de forma q",Bahia,194231,602600,comexstat,2026-10-08
2025,09,6801,"Pedras para calcetar, meios-fios e placas (lajes) para pavimentação, de pedra natural (exceto a ardósia)",Minas Gerais,193375,791331,comexstat,2026-10-08
2025,01,2516,"Granito, pórfiro, basalto, arenito e outras pedras de cantaria ou de construção, mesmo desbastados ou simplesmente cortados à serra ou por outro meio, em blocos ou placas de forma quadrada ou rectangular",Pernambuco,184382,787850,comexstat,2026-10-08
2025,09,2516,"Granito, pórfiro, basalto, arenito e outras pedras de cantaria ou de construção, mesmo desbastados ou simplesmente cortados à serra ou por outro meio, em blocos ou placas de forma quadrada ou rectangular",Rio de Janeiro,183835,145010,comexstat,2026-10-08
2025,05,6801,"Pedras para calcetar, meios-fios e placas (lajes) para pavimentação, de pedra natural (exceto a ardósia)",Minas Gerais,182019,667627,comexstat,2026-10-08
2025,01,6801,"Pedras para calcetar, meios-fios e placas (lajes) para pavimentação, de pedra natural (exceto a ardósia)",Minas Gerais,181737,979730,comexstat,2026-10-08
2025,08,6802,"Pedras de cantaria ou de construção (exceto de ardósia) trabalhadas e obras destas pedras, exceto as da posição 6801; cubos, pastilhas e artigos semelhantes, para mosaicos, de pedra natural (incluída a ardósia), mesmo com suporte; grânulos, fragmentos e",São Paulo,180989,84412,comexstat,2026-10-08
2025,02,2515,"Mármores, travertinos, granitos belgas e outras pedras calcárias de cantaria ou de construção, de densidade aparente igual ou superior a 2,5, e alabastro, mesmo desbastados ou simplesmente cortados à serra ou por outro meio, em blocos ou placas de forma q",Bahia,179719,538700,comexstat,2026-10-08
2025,11,6802,"Pedras de cantaria ou de construção (exceto de ardósia) trabalhadas e obras destas pedras, exceto as da posição 6801; cubos, pastilhas e artigos semelhantes, para mosaicos, de pedra natural (incluída a ardósia), mesmo com suporte; grânulos, fragmentos e",Rio de Janeiro,178246,306906,comexstat,2026-10-08
2025,04,6802,"Pedras de cantaria ou de construção (exceto de ardósia) trabalhadas e obras destas pedras, exceto as da posição 6801; cubos, pastilhas e artigos semelhantes, para mosaicos, de pedra natural (incluída a ardósia), mesmo com suporte; grânulos, fragmentos e",São Paulo,174547,88015,comexstat,2026-10-08
2025,12,2516,"Granito, pórfiro, basalto, arenito e outras pedras de cantaria ou de construção, mesmo desbastados ou simplesmente cortados à serra ou por outro meio, em blocos ou placas de forma quadrada ou rectangular",Rio Grande do Sul,172918,630935,comexstat,2026-10-08
2025,02,2515,"Mármores, travertinos, granitos belgas e outras pedras calcárias de cantaria ou de construção, de densidade aparente igual ou superior a 2,5, e alabastro, mesmo desbastados ou simplesmente cortados à serra ou por outro meio, em blocos ou placas de forma q",Paraná,169609,181741,comexstat,2026-10-08
2025,06,2516,"Granito, pórfiro, basalto, arenito e outras pedras de cantaria ou de construção, mesmo desbastados ou simplesmente cortados à serra ou por outro meio, em blocos ou placas de forma quadrada ou rectangular",Rio de Janeiro,169380,412170,comexstat,2026-10-08
2025,07,2515,"Mármores, travertinos, granitos belgas e outras pedras calcárias de cantaria ou de construção, de densidade aparente igual ou superior a 2,5, e alabastro, mesmo desbastados ou simplesmente cortados à serra ou por outro meio, em blocos ou placas de forma q",Paraná,168302,131060,comexstat,2026-10-08
2025,02,6802,"Pedras de cantaria ou de construção (exceto de ardósia) trabalhadas e obras destas pedras, exceto as da posição 6801; cubos, pastilhas e artigos semelhantes, para mosaicos, de pedra natural (incluída a ardósia), mesmo com suporte; grânulos, fragmentos e",Paraná,167089,54763,comexstat,2026-10-08
2025,03,6801,"Pedras para calcetar, meios-fios e placas (lajes) para pavimentação, de pedra natural (exceto a ardósia)",Minas Gerais,164966,768130,comexstat,2026-10-08
2025,07,2516,"Granito, pórfiro, basalto, arenito e outras pedras de cantaria ou de construção, mesmo desbastados ou simplesmente cortados à serra ou por outro meio, em blocos ou placas de forma quadrada ou rectangular",Goiás,163917,710260,comexstat,2026-10-08
2025,10,6801,"Pedras para calcetar, meios-fios e placas (lajes) para pavimentação, de pedra natural (exceto a ardósia)",Minas Gerais,160527,521933,comexstat,2026-10-08
2025,12,6802,"Pedras de cantaria ou de construção (exceto de ardósia) trabalhadas e obras destas pedras, exceto as da posição 6801; cubos, pastilhas e artigos semelhantes, para mosaicos, de pedra natural (incluída a ardósia), mesmo com suporte; grânulos, fragmentos e",Rio de Janeiro,155769,346561,comexstat,2026-10-08
2025,05,2516,"Granito, pórfiro, basalto, arenito e outras pedras de cantaria ou de construção, mesmo desbastados ou simplesmente cortados à serra ou por outro meio, em blocos ou placas de forma quadrada ou rectangular",Rio de Janeiro,153759,110430,comexstat,2026-10-08
2025,11,2516,"Granito, pórfiro, basalto, arenito e outras pedras de cantaria ou de construção, mesmo desbastados ou simplesmente cortados à serra ou por outro meio, em blocos ou placas de forma quadrada ou rectangular",Piauí,151148,589961,comexstat,2026-10-08
2025,02,2516,"Granito, pórfiro, basalto, arenito e outras pedras de cantaria ou de construção, mesmo desbastados ou simplesmente cortados à serra ou por outro meio, em blocos ou placas de forma quadrada ou rectangular",Rio de Janeiro,148116,80340,comexstat,2026-10-08
2025,05,2515,"Mármores, travertinos, granitos belgas e outras pedras calcárias de cantaria ou de construção, de densidade aparente igual ou superior a 2,5, e alabastro, mesmo desbastados ou simplesmente cortados à serra ou por outro meio, em blocos ou placas de forma q",Bahia,146783,343512,comexstat,2026-10-08
2025,02,6801,"Pedras para calcetar, meios-fios e placas (lajes) para pavimentação, de pedra natural (exceto a ardósia)",Minas Gerais,145374,757800,comexstat,2026-10-08
2025,10,6802,"Pedras de cantaria ou de construção (exceto de ardósia) trabalhadas e obras destas pedras, exceto as da posição 6801; cubos, pastilhas e artigos semelhantes, para mosaicos, de pedra natural (incluída a ardósia), mesmo com suporte; grânulos, fragmentos e",São Paulo,135138,53072,comexstat,2026-10-08
2025,08,6801,"Pedras para calcetar, meios-fios e placas (lajes) para pavimentação, de pedra natural (exceto a ardósia)",Minas Gerais,132808,308239,comexstat,2026-10-08
2025,02,6802,"Pedras de cantaria ou de construção (exceto de ardósia) trabalhadas e obras destas pedras, exceto as da posição 6801; cubos, pastilhas e artigos semelhantes, para mosaicos, de pedra natural (incluída a ardósia), mesmo com suporte; grânulos, fragmentos e",Rio de Janeiro,132427,219199,comexstat,2026-10-08
2025,11,6801,"Pedras para calcetar, meios-fios e placas (lajes) para pavimentação, de pedra natural (exceto a ardósia)",Minas Gerais,129962,232579,comexstat,2026-10-08
2025,11,2515,"Mármores, travertinos, granitos belgas e outras pedras calcárias de cantaria ou de construção, de densidade aparente igual ou superior a 2,5, e alabastro, mesmo desbastados ou simplesmente cortados à serra ou por outro meio, em blocos ou placas de forma q",Bahia,128760,189720,comexstat,2026-10-08
2025,10,2516,"Granito, pórfiro, basalto, arenito e outras pedras de cantaria ou de construção, mesmo desbastados ou simplesmente cortados à serra ou por outro meio, em blocos ou placas de forma quadrada ou rectangular",Pernambuco,128029,448500,comexstat,2026-10-08
2025,09,2516,"Granito, pórfiro, basalto, arenito e outras pedras de cantaria ou de construção, mesmo desbastados ou simplesmente cortados à serra ou por outro meio, em blocos ou placas de forma quadrada ou rectangular",Goiás,126366,305940,comexstat,2026-10-08
2025,07,2516,"Granito, pórfiro, basalto, arenito e outras pedras de cantaria ou de construção, mesmo desbastados ou simplesmente cortados à serra ou por outro meio, em blocos ou placas de forma quadrada ou rectangular",Piauí,123750,514480,comexstat,2026-10-08
2025,07,6801,"Pedras para calcetar, meios-fios e placas (lajes) para pavimentação, de pedra natural (exceto a ardósia)",Minas Gerais,122219,548550,comexstat,2026-10-08
2025,01,6802,"Pedras de cantaria ou de construção (exceto de ardósia) trabalhadas e obras destas pedras, exceto as da posição 6801; cubos, pastilhas e artigos semelhantes, para mosaicos, de pedra natural (incluída a ardósia), mesmo com suporte; grânulos, fragmentos e",Rio de Janeiro,119365,117354,comexstat,2026-10-08
2025,06,2515,"Mármores, travertinos, granitos belgas e outras pedras calcárias de cantaria ou de construção, de densidade aparente igual ou superior a 2,5, e alabastro, mesmo desbastados ou simplesmente cortados à serra ou por outro meio, em blocos ou placas de forma q",Bahia,114756,291220,comexstat,2026-10-08
2025,03,6802,"Pedras de cantaria ou de construção (exceto de ardósia) trabalhadas e obras destas pedras, exceto as da posição 6801; cubos, pastilhas e artigos semelhantes, para mosaicos, de pedra natural (incluída a ardósia), mesmo com suporte; grânulos, fragmentos e",Rio de Janeiro,114118,276951,comexstat,2026-10-08
2025,06,6802,"Pedras de cantaria ou de construção (exceto de ardósia) trabalhadas e obras destas pedras, exceto as da posição 6801; cubos, pastilhas e artigos semelhantes, para mosaicos, de pedra natural (incluída a ardósia), mesmo com suporte; grânulos, fragmentos e",Rio de Janeiro,111192,249311,comexstat,2026-10-08
2025,02,6802,"Pedras de cantaria ou de construção (exceto de ardósia) trabalhadas e obras destas pedras, exceto as da posição 6801; cubos, pastilhas e artigos semelhantes, para mosaicos, de pedra natural (incluída a ardósia), mesmo com suporte; grânulos, fragmentos e",São Paulo,110972,63396,comexstat,2026-10-08
2025,07,6802,"Pedras de cantaria ou de construção (exceto de ardósia) trabalhadas e obras destas pedras, exceto as da posição 6801; cubos, pastilhas e artigos semelhantes, para mosaicos, de pedra natural (incluída a ardósia), mesmo com suporte; grânulos, fragmentos e",Rio de Janeiro,108899,127818,comexstat,2026-10-08
2025,07,6802,"Pedras de cantaria ou de construção (exceto de ardósia) trabalhadas e obras destas pedras, exceto as da posição 6801; cubos, pastilhas e artigos semelhantes, para mosaicos, de pedra natural (incluída a ardósia), mesmo com suporte; grânulos, fragmentos e",Santa Catarina,106775,28352,comexstat,2026-10-08
2025,08,6802,"Pedras de cantaria ou de construção (exceto de ardósia) trabalhadas e obras destas pedras, exceto as da posição 6801; cubos, pastilhas e artigos semelhantes, para mosaicos, de pedra natural (incluída a ardósia), mesmo com suporte; grânulos, fragmentos e",Bahia,106627,69862,comexstat,2026-10-08
2025,03,6802,"Pedras de cantaria ou de construção (exceto de ardósia) trabalhadas e obras destas pedras, exceto as da posição 6801; cubos, pastilhas e artigos semelhantes, para mosaicos, de pedra natural (incluída a ardósia), mesmo com suporte; grânulos, fragmentos e",Paraíba,105126,158396,comexstat,2026-10-08
2025,03,2516,"Granito, pórfiro, basalto, arenito e outras pedras de cantaria ou de construção, mesmo desbastados ou simplesmente cortados à serra ou por outro meio, em blocos ou placas de forma quadrada ou rectangular",Rio de Janeiro,105053,68980,comexstat,2026-10-08
2025,08,6802,"Pedras de cantaria ou de construção (exceto de ardósia) trabalhadas e obras destas pedras, exceto as da posição 6801; cubos, pastilhas e artigos semelhantes, para mosaicos, de pedra natural (incluída a ardósia), mesmo com suporte; grânulos, fragmentos e",Rio de Janeiro,99130,203969,comexstat,2026-10-08
2025,12,6802,"Pedras de cantaria ou de construção (exceto de ardósia) trabalhadas e obras destas pedras, exceto as da posição 6801; cubos, pastilhas e artigos semelhantes, para mosaicos, de pedra natural (incluída a ardósia), mesmo com suporte; grânulos, fragmentos e",Pernambuco,91186,40566,comexstat,2026-10-08
2025,02,2516,"Granito, pórfiro, basalto, arenito e outras pedras de cantaria ou de construção, mesmo desbastados ou simplesmente cortados à serra ou por outro meio, em blocos ou placas de forma quadrada ou rectangular",Pernambuco,90905,289760,comexstat,2026-10-08
2025,08,2516,"Granito, pórfiro, basalto, arenito e outras pedras de cantaria ou de construção, mesmo desbastados ou simplesmente cortados à serra ou por outro meio, em blocos ou placas de forma quadrada ou rectangular",Rio de Janeiro,90534,113990,comexstat,2026-10-08
2025,09,2516,"Granito, pórfiro, basalto, arenito e outras pedras de cantaria ou de construção, mesmo desbastados ou simplesmente cortados à serra ou por outro meio, em blocos ou placas de forma quadrada ou rectangular",Pernambuco,84038,320300,comexstat,2026-10-08
2025,11,2516,"Granito, pórfiro, basalto, arenito e outras pedras de cantaria ou de construção, mesmo desbastados ou simplesmente cortados à serra ou por outro meio, em blocos ou placas de forma quadrada ou rectangular",Ceará,82114,186706,comexstat,2026-10-08
2025,09,2515,"Mármores, travertinos, granitos belgas e outras pedras calcárias de cantaria ou de construção, de densidade aparente igual ou superior a 2,5, e alabastro, mesmo desbastados ou simplesmente cortados à serra ou por outro meio, em blocos ou placas de forma q",Paraná,80491,129443,comexstat,2026-10-08
2025,04,2516,"Granito, pórfiro, basalto, arenito e outras pedras de cantaria ou de construção, mesmo desbastados ou simplesmente cortados à serra ou por outro meio, em blocos ou placas de forma quadrada ou rectangular",Ceará,80035,184706,comexstat,2026-10-08
2025,07,6802,"Pedras de cantaria ou de construção (exceto de ardósia) trabalhadas e obras destas pedras, exceto as da posição 6801; cubos, pastilhas e artigos semelhantes, para mosaicos, de pedra natural (incluída a ardósia), mesmo com suporte; grânulos, fragmentos e",São Paulo,80019,25971,comexstat,2026-10-08
2025,01,6802,"Pedras de cantaria ou de construção (exceto de ardósia) trabalhadas e obras destas pedras, exceto as da posição 6801; cubos, pastilhas e artigos semelhantes, para mosaicos, de pedra natural (incluída a ardósia), mesmo com suporte; grânulos, fragmentos e",Paraíba,79413,125472,comexstat,2026-10-08
2025,06,2514,"Ardósia, mesmo desbastada ou simplesmente cortada a serra ou por outro meio, em blocos ou placas de forma quadrada ou retangular",Paraíba,77500,200000,comexstat,2026-10-08
2025,01,2516,"Granito, pórfiro, basalto, arenito e outras pedras de cantaria ou de construção, mesmo desbastados ou simplesmente cortados à serra ou por outro meio, em blocos ou placas de forma quadrada ou rectangular",Rio de Janeiro,77154,48270,comexstat,2026-10-08
2025,08,2516,"Granito, pórfiro, basalto, arenito e outras pedras de cantaria ou de construção, mesmo desbastados ou simplesmente cortados à serra ou por outro meio, em blocos ou placas de forma quadrada ou rectangular",Pernambuco,75740,239400,comexstat,2026-10-08
2025,04,6802,"Pedras de cantaria ou de construção (exceto de ardósia) trabalhadas e obras destas pedras, exceto as da posição 6801; cubos, pastilhas e artigos semelhantes, para mosaicos, de pedra natural (incluída a ardósia), mesmo com suporte; grânulos, fragmentos e",Paraíba,74451,114792,comexstat,2026-10-08
2025,10,2516,"Granito, pórfiro, basalto, arenito e outras pedras de cantaria ou de construção, mesmo desbastados ou simplesmente cortados à serra ou por outro meio, em blocos ou placas de forma quadrada ou rectangular",Piauí,73935,281374,comexstat,2026-10-08
2025,03,6802,"Pedras de cantaria ou de construção (exceto de ardósia) trabalhadas e obras destas pedras, exceto as da posição 6801; cubos, pastilhas e artigos semelhantes, para mosaicos, de pedra natural (incluída a ardósia), mesmo com suporte; grânulos, fragmentos e",São Paulo,71604,26451,comexstat,2026-10-08
2025,12,6802,"Pedras de cantaria ou de construção (exceto de ardósia) trabalhadas e obras destas pedras, exceto as da posição 6801; cubos, pastilhas e artigos semelhantes, para mosaicos, de pedra natural (incluída a ardósia), mesmo com suporte; grânulos, fragmentos e",São Paulo,70980,35464,comexstat,2026-10-08
2025,03,6802,"Pedras de cantaria ou de construção (exceto de ardósia) trabalhadas e obras destas pedras, exceto as da posição 6801; cubos, pastilhas e artigos semelhantes, para mosaicos, de pedra natural (incluída a ardósia), mesmo com suporte; grânulos, fragmentos e",Bahia,68140,50932,comexstat,2026-10-08
2025,12,6802,"Pedras de cantaria ou de construção (exceto de ardósia) trabalhadas e obras destas pedras, exceto as da posição 6801; cubos, pastilhas e artigos semelhantes, para mosaicos, de pedra natural (incluída a ardósia), mesmo com suporte; grânulos, fragmentos e",Paraíba,67132,69404,comexstat,2026-10-08
2025,12,2515,"Mármores, travertinos, granitos belgas e outras pedras calcárias de cantaria ou de construção, de densidade aparente igual ou superior a 2,5, e alabastro, mesmo desbastados ou simplesmente cortados à serra ou por outro meio, em blocos ou placas de forma q",Paraná,66647,114426,comexstat,2026-10-08
2025,10,6802,"Pedras de cantaria ou de construção (exceto de ardósia) trabalhadas e obras destas pedras, exceto as da posição 6801; cubos, pastilhas e artigos semelhantes, para mosaicos, de pedra natural (incluída a ardósia), mesmo com suporte; grânulos, fragmentos e",Pernambuco,65529,23757,comexstat,2026-10-08
2025,06,2516,"Granito, pórfiro, basalto, arenito e outras pedras de cantaria ou de construção, mesmo desbastados ou simplesmente cortados à serra ou por outro meio, em blocos ou placas de forma quadrada ou rectangular",Ceará,64194,147489,comexstat,2026-10-08
2025,02,2514,"Ardósia, mesmo desbastada ou simplesmente cortada a serra ou por outro meio, em blocos ou placas de forma quadrada ou retangular",Santa Catarina,64108,86240,comexstat,2026-10-08
2025,04,6802,"Pedras de cantaria ou de construção (exceto de ardósia) trabalhadas e obras destas pedras, exceto as da posição 6801; cubos, pastilhas e artigos semelhantes, para mosaicos, de pedra natural (incluída a ardósia), mesmo com suporte; grânulos, fragmentos e",Rio de Janeiro,63339,134626,comexstat,2026-10-08
2025,04,6802,"Pedras de cantaria ou de construção (exceto de ardósia) trabalhadas e obras destas pedras, exceto as da posição 6801; cubos, pastilhas e artigos semelhantes, para mosaicos, de pedra natural (incluída a ardósia), mesmo com suporte; grânulos, fragmentos e",Rio Grande do Sul,61822,26374,comexstat,2026-10-08
2025,11,6802,"Pedras de cantaria ou de construção (exceto de ardósia) trabalhadas e obras destas pedras, exceto as da posição 6801; cubos, pastilhas e artigos semelhantes, para mosaicos, de pedra natural (incluída a ardósia), mesmo com suporte; grânulos, fragmentos e",Bahia,60606,42632,comexstat,2026-10-08
2025,02,2516,"Granito, pórfiro, basalto, arenito e outras pedras de cantaria ou de construção, mesmo desbastados ou simplesmente cortados à serra ou por outro meio, em blocos ou placas de forma quadrada ou rectangular",Piauí,59595,268723,comexstat,2026-10-08
2025,09,6801,"Pedras para calcetar, meios-fios e placas (lajes) para pavimentação, de pedra natural (exceto a ardósia)",Piauí,58794,157375,comexstat,2026-10-08
2025,08,6802,"Pedras de cantaria ou de construção (exceto de ardósia) trabalhadas e obras destas pedras, exceto as da posição 6801; cubos, pastilhas e artigos semelhantes, para mosaicos, de pedra natural (incluída a ardósia), mesmo com suporte; grânulos, fragmentos e",Pernambuco,57744,20567,comexstat,2026-10-08
2025,01,2514,"Ardósia, mesmo desbastada ou simplesmente cortada a serra ou por outro meio, em blocos ou placas de forma quadrada ou retangular",Paraíba,57000,100000,comexstat,2026-10-08
2025,08,2516,"Granito, pórfiro, basalto, arenito e outras pedras de cantaria ou de construção, mesmo desbastados ou simplesmente cortados à serra ou por outro meio, em blocos ou placas de forma quadrada ou rectangular",Piauí,52659,203238,comexstat,2026-10-08
2025,05,6802,"Pedras de cantaria ou de construção (exceto de ardósia) trabalhadas e obras destas pedras, exceto as da posição 6801; cubos, pastilhas e artigos semelhantes, para mosaicos, de pedra natural (incluída a ardósia), mesmo com suporte; grânulos, fragmentos e",Pernambuco,50013,40702,comexstat,2026-10-08
2025,06,6802,"Pedras de cantaria ou de construção (exceto de ardósia) trabalhadas e obras destas pedras, exceto as da posição 6801; cubos, pastilhas e artigos semelhantes, para mosaicos, de pedra natural (incluída a ardósia), mesmo com suporte; grânulos, fragmentos e",Pernambuco,49362,20357,comexstat,2026-10-08
2025,04,6802,"Pedras de cantaria ou de construção (exceto de ardósia) trabalhadas e obras destas pedras, exceto as da posição 6801; cubos, pastilhas e artigos semelhantes, para mosaicos, de pedra natural (incluída a ardósia), mesmo com suporte; grânulos, fragmentos e",Pernambuco,48760,20445,comexstat,2026-10-08
2025,04,2516,"Granito, pórfiro, basalto, arenito e outras pedras de cantaria ou de construção, mesmo desbastados ou simplesmente cortados à serra ou por outro meio, em blocos ou placas de forma quadrada ou rectangular",Rio de Janeiro,46874,32140,comexstat,2026-10-08
2025,09,6802,"Pedras de cantaria ou de construção (exceto de ardósia) trabalhadas e obras destas pedras, exceto as da posição 6801; cubos, pastilhas e artigos semelhantes, para mosaicos, de pedra natural (incluída a ardósia), mesmo com suporte; grânulos, fragmentos e",Bahia,45852,50535,comexstat,2026-10-08
2025,09,2514,"Ardósia, mesmo desbastada ou simplesmente cortada a serra ou por outro meio, em blocos ou placas de forma quadrada ou retangular",Minas Gerais,45649,96727,comexstat,2026-10-08
2025,06,2514,"Ardósia, mesmo desbastada ou simplesmente cortada a serra ou por outro meio, em blocos ou placas de forma quadrada ou retangular",Minas Gerais,44286,98211,comexstat,2026-10-08
2025,07,6802,"Pedras de cantaria ou de construção (exceto de ardósia) trabalhadas e obras destas pedras, exceto as da posição 6801; cubos, pastilhas e artigos semelhantes, para mosaicos, de pedra natural (incluída a ardósia), mesmo com suporte; grânulos, fragmentos e",Pernambuco,42132,19629,comexstat,2026-10-08
2025,12,2514,"Ardósia, mesmo desbastada ou simplesmente cortada a serra ou por outro meio, em blocos ou placas de forma quadrada ou retangular",Minas Gerais,41936,67624,comexstat,2026-10-08
2025,06,2515,"Mármores, travertinos, granitos belgas e outras pedras calcárias de cantaria ou de construção, de densidade aparente igual ou superior a 2,5, e alabastro, mesmo desbastados ou simplesmente cortados à serra ou por outro meio, em blocos ou placas de forma q",São Paulo,40691,39577,comexstat,2026-10-08
2025,05,6802,"Pedras de cantaria ou de construção (exceto de ardósia) trabalhadas e obras destas pedras, exceto as da posição 6801; cubos, pastilhas e artigos semelhantes, para mosaicos, de pedra natural (incluída a ardósia), mesmo com suporte; grânulos, fragmentos e",Bahia,39793,60562,comexstat,2026-10-08
2025,10,6802,"Pedras de cantaria ou de construção (exceto de ardósia) trabalhadas e obras destas pedras, exceto as da posição 6801; cubos, pastilhas e artigos semelhantes, para mosaicos, de pedra natural (incluída a ardósia), mesmo com suporte; grânulos, fragmentos e",Paraíba,38571,24371,comexstat,2026-10-08
2025,06,6802,"Pedras de cantaria ou de construção (exceto de ardósia) trabalhadas e obras destas pedras, exceto as da posição 6801; cubos, pastilhas e artigos semelhantes, para mosaicos, de pedra natural (incluída a ardósia), mesmo com suporte; grânulos, fragmentos e",Santa Catarina,37116,12929,comexstat,2026-10-08
2025,11,6802,"Pedras de cantaria ou de construção (exceto de ardósia) trabalhadas e obras destas pedras, exceto as da posição 6801; cubos, pastilhas e artigos semelhantes, para mosaicos, de pedra natural (incluída a ardósia), mesmo com suporte; grânulos, fragmentos e",Paraíba,36612,22971,comexstat,2026-10-08
2025,06,6803,Ardósia natural trabalhada e obras de ardósia natural ou aglomerada,Santa Catarina,35773,57776,comexstat,2026-10-08
2025,10,6803,Ardósia natural trabalhada e obras de ardósia natural ou aglomerada,São Paulo,35192,66721,comexstat,2026-10-08
2025,07,6802,"Pedras de cantaria ou de construção (exceto de ardósia) trabalhadas e obras destas pedras, exceto as da posição 6801; cubos, pastilhas e artigos semelhantes, para mosaicos, de pedra natural (incluída a ardósia), mesmo com suporte; grânulos, fragmentos e",Paraíba,33691,47511,comexstat,2026-10-08
2025,06,6802,"Pedras de cantaria ou de construção (exceto de ardósia) trabalhadas e obras destas pedras, exceto as da posição 6801; cubos, pastilhas e artigos semelhantes, para mosaicos, de pedra natural (incluída a ardósia), mesmo com suporte; grânulos, fragmentos e",Bahia,32924,49924,comexstat,2026-10-08
2025,01,6801,"Pedras para calcetar, meios-fios e placas (lajes) para pavimentação, de pedra natural (exceto a ardósia)",Piauí,32125,103199,comexstat,2026-10-08
2025,08,6802,"Pedras de cantaria ou de construção (exceto de ardósia) trabalhadas e obras destas pedras, exceto as da posição 6801; cubos, pastilhas e artigos semelhantes, para mosaicos, de pedra natural (incluída a ardósia), mesmo com suporte; grânulos, fragmentos e",Paraíba,32002,46169,comexstat,2026-10-08
2025,05,6801,"Pedras para calcetar, meios-fios e placas (lajes) para pavimentação, de pedra natural (exceto a ardósia)",Piauí,31070,104900,comexstat,2026-10-08
2025,03,2515,"Mármores, travertinos, granitos belgas e outras pedras calcárias de cantaria ou de construção, de densidade aparente igual ou superior a 2,5, e alabastro, mesmo desbastados ou simplesmente cortados à serra ou por outro meio, em blocos ou placas de forma q",Paraná,30816,83815,comexstat,2026-10-08
2025,01,6802,"Pedras de cantaria ou de construção (exceto de ardósia) trabalhadas e obras destas pedras, exceto as da posição 6801; cubos, pastilhas e artigos semelhantes, para mosaicos, de pedra natural (incluída a ardósia), mesmo com suporte; grânulos, fragmentos e",Pernambuco,30254,10473,comexstat,2026-10-08
2025,07,2514,"Ardósia, mesmo desbastada ou simplesmente cortada a serra ou por outro meio, em blocos ou placas de forma quadrada ou retangular",Paraíba,30000,100000,comexstat,2026-10-08
2025,04,6802,"Pedras de cantaria ou de construção (exceto de ardósia) trabalhadas e obras destas pedras, exceto as da posição 6801; cubos, pastilhas e artigos semelhantes, para mosaicos, de pedra natural (incluída a ardósia), mesmo com suporte; grânulos, fragmentos e",Santa Catarina,29612,3579,comexstat,2026-10-08
2025,01,6802,"Pedras de cantaria ou de construção (exceto de ardósia) trabalhadas e obras destas pedras, exceto as da posição 6801; cubos, pastilhas e artigos semelhantes, para mosaicos, de pedra natural (incluída a ardósia), mesmo com suporte; grânulos, fragmentos e",Santa Catarina,28950,60384,comexstat,2026-10-08
2025,04,2515,"Mármores, travertinos, granitos belgas e outras pedras calcárias de cantaria ou de construção, de densidade aparente igual ou superior a 2,5, e alabastro, mesmo desbastados ou simplesmente cortados à serra ou por outro meio, em blocos ou placas de forma q",São Paulo,28157,928,comexstat,2026-10-08
2025,04,6803,Ardósia natural trabalhada e obras de ardósia natural ou aglomerada,São Paulo,27919,54310,comexstat,2026-10-08
2025,05,6803,Ardósia natural trabalhada e obras de ardósia natural ou aglomerada,Rio de Janeiro,26701,50229,comexstat,2026-10-08
2025,02,6802,"Pedras de cantaria ou de construção (exceto de ardósia) trabalhadas e obras destas pedras, exceto as da posição 6801; cubos, pastilhas e artigos semelhantes, para mosaicos, de pedra natural (incluída a ardósia), mesmo com suporte; grânulos, fragmentos e",Paraíba,25127,39932,comexstat,2026-10-08
2025,07,6802,"Pedras de cantaria ou de construção (exceto de ardósia) trabalhadas e obras destas pedras, exceto as da posição 6801; cubos, pastilhas e artigos semelhantes, para mosaicos, de pedra natural (incluída a ardósia), mesmo com suporte; grânulos, fragmentos e",Bahia,24952,59253,comexstat,2026-10-08
2025,01,6803,Ardósia natural trabalhada e obras de ardósia natural ou aglomerada,Santa Catarina,24342,55490,comexstat,2026-10-08
2025,08,6803,Ardósia natural trabalhada e obras de ardósia natural ou aglomerada,Rio de Janeiro,23203,33716,comexstat,2026-10-08
2025,06,6802,"Pedras de cantaria ou de construção (exceto de ardósia) trabalhadas e obras destas pedras, exceto as da posição 6801; cubos, pastilhas e artigos semelhantes, para mosaicos, de pedra natural (incluída a ardósia), mesmo com suporte; grânulos, fragmentos e",Rio Grande do Sul,23170,69767,comexstat,2026-10-08
2025,05,2515,"Mármores, travertinos, granitos belgas e outras pedras calcárias de cantaria ou de construção, de densidade aparente igual ou superior a 2,5, e alabastro, mesmo desbastados ou simplesmente cortados à serra ou por outro meio, em blocos ou placas de forma q",São Paulo,23130,875,comexstat,2026-10-08
2025,04,6802,"Pedras de cantaria ou de construção (exceto de ardósia) trabalhadas e obras destas pedras, exceto as da posição 6801; cubos, pastilhas e artigos semelhantes, para mosaicos, de pedra natural (incluída a ardósia), mesmo com suporte; grânulos, fragmentos e",Bahia,23053,54800,comexstat,2026-10-08
2025,03,2514,"Ardósia, mesmo desbastada ou simplesmente cortada a serra ou por outro meio, em blocos ou placas de forma quadrada ou retangular",Minas Gerais,23023,41178,comexstat,2026-10-08
2025,09,6802,"Pedras de cantaria ou de construção (exceto de ardósia) trabalhadas e obras destas pedras, exceto as da posição 6801; cubos, pastilhas e artigos semelhantes, para mosaicos, de pedra natural (incluída a ardósia), mesmo com suporte; grânulos, fragmentos e",Roraima,23002,11820,comexstat,2026-10-08
2025,05,2515,"Mármores, travertinos, granitos belgas e outras pedras calcárias de cantaria ou de construção, de densidade aparente igual ou superior a 2,5, e alabastro, mesmo desbastados ou simplesmente cortados à serra ou por outro meio, em blocos ou placas de forma q",Não Declarada,21768,72560,comexstat,2026-10-08
2025,10,6802,"Pedras de cantaria ou de construção (exceto de ardósia) trabalhadas e obras destas pedras, exceto as da posição 6801; cubos, pastilhas e artigos semelhantes, para mosaicos, de pedra natural (incluída a ardósia), mesmo com suporte; grânulos, fragmentos e",Mato Grosso do Sul,21362,80760,comexstat,2026-10-08
2025,11,6801,"Pedras para calcetar, meios-fios e placas (lajes) para pavimentação, de pedra natural (exceto a ardósia)",Piauí,19311,52490,comexstat,2026-10-08
2025,07,2514,"Ardósia, mesmo desbastada ou simplesmente cortada a serra ou por outro meio, em blocos ou placas de forma quadrada ou retangular",Minas Gerais,19253,49605,comexstat,2026-10-08
2025,04,2515,"Mármores, travertinos, granitos belgas e outras pedras calcárias de cantaria ou de construção, de densidade aparente igual ou superior a 2,5, e alabastro, mesmo desbastados ou simplesmente cortados à serra ou por outro meio, em blocos ou placas de forma q",Paraná,19113,13600,comexstat,2026-10-08
2025,10,6801,"Pedras para calcetar, meios-fios e placas (lajes) para pavimentação, de pedra natural (exceto a ardósia)",Piauí,18991,52720,comexstat,2026-10-08
2025,03,6802,"Pedras de cantaria ou de construção (exceto de ardósia) trabalhadas e obras destas pedras, exceto as da posição 6801; cubos, pastilhas e artigos semelhantes, para mosaicos, de pedra natural (incluída a ardósia), mesmo com suporte; grânulos, fragmentos e",Goiás,18664,29982,comexstat,2026-10-08
2025,10,2514,"Ardósia, mesmo desbastada ou simplesmente cortada a serra ou por outro meio, em blocos ou placas de forma quadrada ou retangular",Minas Gerais,18403,50997,comexstat,2026-10-08
2025,06,2516,"Granito, pórfiro, basalto, arenito e outras pedras de cantaria ou de construção, mesmo desbastados ou simplesmente cortados à serra ou por outro meio, em blocos ou placas de forma quadrada ou rectangular",São Paulo,18255,9790,comexstat,2026-10-08
2025,10,2514,"Ardósia, mesmo desbastada ou simplesmente cortada a serra ou por outro meio, em blocos ou placas de forma quadrada ou retangular",Paraíba,18000,60000,comexstat,2026-10-08
2025,04,2515,"Mármores, travertinos, granitos belgas e outras pedras calcárias de cantaria ou de construção, de densidade aparente igual ou superior a 2,5, e alabastro, mesmo desbastados ou simplesmente cortados à serra ou por outro meio, em blocos ou placas de forma q",Mato Grosso do Sul,17553,43860,comexstat,2026-10-08
2025,04,6801,"Pedras para calcetar, meios-fios e placas (lajes) para pavimentação, de pedra natural (exceto a ardósia)",Piauí,17517,50390,comexstat,2026-10-08
2025,03,6801,"Pedras para calcetar, meios-fios e placas (lajes) para pavimentação, de pedra natural (exceto a ardósia)",Piauí,17445,51896,comexstat,2026-10-08
2025,06,6801,"Pedras para calcetar, meios-fios e placas (lajes) para pavimentação, de pedra natural (exceto a ardósia)",Piauí,17341,51821,comexstat,2026-10-08
2025,02,2516,"Granito, pórfiro, basalto, arenito e outras pedras de cantaria ou de construção, mesmo desbastados ou simplesmente cortados à serra ou por outro meio, em blocos ou placas de forma quadrada ou rectangular",Ceará,16978,41000,comexstat,2026-10-08
2025,05,2516,"Granito, pórfiro, basalto, arenito e outras pedras de cantaria ou de construção, mesmo desbastados ou simplesmente cortados à serra ou por outro meio, em blocos ou placas de forma quadrada ou rectangular",Goiás,16930,81890,comexstat,2026-10-08
2025,05,2516,"Granito, pórfiro, basalto, arenito e outras pedras de cantaria ou de construção, mesmo desbastados ou simplesmente cortados à serra ou por outro meio, em blocos ou placas de forma quadrada ou rectangular",São Paulo,16848,38880,comexstat,2026-10-08
2025,04,2514,"Ardósia, mesmo desbastada ou simplesmente cortada a serra ou por outro meio, em blocos ou placas de forma quadrada ou retangular",Minas Gerais,16795,24130,comexstat,2026-10-08
2025,07,6802,"Pedras de cantaria ou de construção (exceto de ardósia) trabalhadas e obras destas pedras, exceto as da posição 6801; cubos, pastilhas e artigos semelhantes, para mosaicos, de pedra natural (incluída a ardósia), mesmo com suporte; grânulos, fragmentos e",Piauí,16760,48625,comexstat,2026-10-08
2025,05,6802,"Pedras de cantaria ou de construção (exceto de ardósia) trabalhadas e obras destas pedras, exceto as da posição 6801; cubos, pastilhas e artigos semelhantes, para mosaicos, de pedra natural (incluída a ardósia), mesmo com suporte; grânulos, fragmentos e",Paraíba,16252,24202,comexstat,2026-10-08
2025,06,6802,"Pedras de cantaria ou de construção (exceto de ardósia) trabalhadas e obras destas pedras, exceto as da posição 6801; cubos, pastilhas e artigos semelhantes, para mosaicos, de pedra natural (incluída a ardósia), mesmo com suporte; grânulos, fragmentos e",Paraíba,16139,24034,comexstat,2026-10-08
2025,10,2515,"Mármores, travertinos, granitos belgas e outras pedras calcárias de cantaria ou de construção, de densidade aparente igual ou superior a 2,5, e alabastro, mesmo desbastados ou simplesmente cortados à serra ou por outro meio, em blocos ou placas de forma q",São Paulo,15787,583,comexstat,2026-10-08
2025,02,6802,"Pedras de cantaria ou de construção (exceto de ardósia) trabalhadas e obras destas pedras, exceto as da posição 6801; cubos, pastilhas e artigos semelhantes, para mosaicos, de pedra natural (incluída a ardósia), mesmo com suporte; grânulos, fragmentos e",Rio Grande do Sul,15692,9558,comexstat,2026-10-08
2025,08,6801,"Pedras para calcetar, meios-fios e placas (lajes) para pavimentação, de pedra natural (exceto a ardósia)",Piauí,14935,50502,comexstat,2026-10-08
2025,04,2516,"Granito, pórfiro, basalto, arenito e outras pedras de cantaria ou de construção, mesmo desbastados ou simplesmente cortados à serra ou por outro meio, em blocos ou placas de forma quadrada ou rectangular",São Paulo,14843,37720,comexstat,2026-10-08
2025,07,6802,"Pedras de cantaria ou de construção (exceto de ardósia) trabalhadas e obras destas pedras, exceto as da posição 6801; cubos, pastilhas e artigos semelhantes, para mosaicos, de pedra natural (incluída a ardósia), mesmo com suporte; grânulos, fragmentos e",Rio Grande do Sul,14417,30837,comexstat,2026-10-08
2025,05,2514,"Ardósia, mesmo desbastada ou simplesmente cortada a serra ou por outro meio, em blocos ou placas de forma quadrada ou retangular",Minas Gerais,14382,40601,comexstat,2026-10-08
2025,05,6803,Ardósia natural trabalhada e obras de ardósia natural ou aglomerada,São Paulo,13984,26910,comexstat,2026-10-08
2025,10,2516,"Granito, pórfiro, basalto, arenito e outras pedras de cantaria ou de construção, mesmo desbastados ou simplesmente cortados à serra ou por outro meio, em blocos ou placas de forma quadrada ou rectangular",Goiás,13932,52320,comexstat,2026-10-08
2025,10,6803,Ardósia natural trabalhada e obras de ardósia natural ou aglomerada,Rio de Janeiro,13775,15186,comexstat,2026-10-08
2025,08,2515,"Mármores, travertinos, granitos belgas e outras pedras calcárias de cantaria ou de construção, de densidade aparente igual ou superior a 2,5, e alabastro, mesmo desbastados ou simplesmente cortados à serra ou por outro meio, em blocos ou placas de forma q",Ceará,12899,37620,comexstat,2026-10-08
2025,03,6803,Ardósia natural trabalhada e obras de ardósia natural ou aglomerada,Rio de Janeiro,12492,25186,comexstat,2026-10-08
2025,12,2514,"Ardósia, mesmo desbastada ou simplesmente cortada a serra ou por outro meio, em blocos ou placas de forma quadrada ou retangular",Piauí,12266,25500,comexstat,2026-10-08
2025,12,6801,"Pedras para calcetar, meios-fios e placas (lajes) para pavimentação, de pedra natural (exceto a ardósia)",Goiás,11880,54000,comexstat,2026-10-08
2025,02,2516,"Granito, pórfiro, basalto, arenito e outras pedras de cantaria ou de construção, mesmo desbastados ou simplesmente cortados à serra ou por outro meio, em blocos ou placas de forma quadrada ou rectangular",Rio Grande do Sul,11873,12135,comexstat,2026-10-08
2025,01,2516,"Granito, pórfiro, basalto, arenito e outras pedras de cantaria ou de construção, mesmo desbastados ou simplesmente cortados à serra ou por outro meio, em blocos ou placas de forma quadrada ou rectangular",São Paulo,11795,23590,comexstat,2026-10-08
2025,01,6802,"Pedras de cantaria ou de construção (exceto de ardósia) trabalhadas e obras destas pedras, exceto as da posição 6801; cubos, pastilhas e artigos semelhantes, para mosaicos, de pedra natural (incluída a ardósia), mesmo com suporte; grânulos, fragmentos e",Bahia,11256,45613,comexstat,2026-10-08
2025,11,6802,"Pedras de cantaria ou de construção (exceto de ardósia) trabalhadas e obras destas pedras, exceto as da posição 6801; cubos, pastilhas e artigos semelhantes, para mosaicos, de pedra natural (incluída a ardósia), mesmo com suporte; grânulos, fragmentos e",Mato Grosso do Sul,11229,62700,comexstat,2026-10-08
2025,10,6802,"Pedras de cantaria ou de construção (exceto de ardósia) trabalhadas e obras destas pedras, exceto as da posição 6801; cubos, pastilhas e artigos semelhantes, para mosaicos, de pedra natural (incluída a ardósia), mesmo com suporte; grânulos, fragmentos e",Santa Catarina,11192,1685,comexstat,2026-10-08
2025,10,6802,"Pedras de cantaria ou de construção (exceto de ardósia) trabalhadas e obras destas pedras, exceto as da posição 6801; cubos, pastilhas e artigos semelhantes, para mosaicos, de pedra natural (incluída a ardósia), mesmo com suporte; grânulos, fragmentos e",Bahia,11182,26594,comexstat,2026-10-08
2025,06,2516,"Granito, pórfiro, basalto, arenito e outras pedras de cantaria ou de construção, mesmo desbastados ou simplesmente cortados à serra ou por outro meio, em blocos ou placas de forma quadrada ou rectangular",Paraná,11171,78160,comexstat,2026-10-08
2025,09,6801,"Pedras para calcetar, meios-fios e placas (lajes) para pavimentação, de pedra natural (exceto a ardósia)",Rio de Janeiro,10904,23262,comexstat,2026-10-08
2025,01,2514,"Ardósia, mesmo desbastada ou simplesmente cortada a serra ou por outro meio, em blocos ou placas de forma quadrada ou retangular",Minas Gerais,10690,35566,comexstat,2026-10-08
2025,11,2514,"Ardósia, mesmo desbastada ou simplesmente cortada a serra ou por outro meio, em blocos ou placas de forma quadrada ou retangular",Minas Gerais,10647,19308,comexstat,2026-10-08
2025,09,6802,"Pedras de cantaria ou de construção (exceto de ardósia) trabalhadas e obras destas pedras, exceto as da posição 6801; cubos, pastilhas e artigos semelhantes, para mosaicos, de pedra natural (incluída a ardósia), mesmo com suporte; grânulos, fragmentos e",Rio Grande do Sul,10303,75969,comexstat,2026-10-08
2025,09,2516,"Granito, pórfiro, basalto, arenito e outras pedras de cantaria ou de construção, mesmo desbastados ou simplesmente cortados à serra ou por outro meio, em blocos ou placas de forma quadrada ou rectangular",Rio Grande do Sul,10208,6141,comexstat,2026-10-08
2025,12,6801,"Pedras para calcetar, meios-fios e placas (lajes) para pavimentação, de pedra natural (exceto a ardósia)",Piauí,9991,25450,comexstat,2026-10-08
2025,01,6802,"Pedras de cantaria ou de construção (exceto de ardósia) trabalhadas e obras destas pedras, exceto as da posição 6801; cubos, pastilhas e artigos semelhantes, para mosaicos, de pedra natural (incluída a ardósia), mesmo com suporte; grânulos, fragmentos e",São Paulo,9501,590,comexstat,2026-10-08
2025,08,2514,"Ardósia, mesmo desbastada ou simplesmente cortada a serra ou por outro meio, em blocos ou placas de forma quadrada ou retangular",Minas Gerais,9461,25280,comexstat,2026-10-08
2025,12,6802,"Pedras de cantaria ou de construção (exceto de ardósia) trabalhadas e obras destas pedras, exceto as da posição 6801; cubos, pastilhas e artigos semelhantes, para mosaicos, de pedra natural (incluída a ardósia), mesmo com suporte; grânulos, fragmentos e",Santa Catarina,9153,1221,comexstat,2026-10-08
2025,02,6802,"Pedras de cantaria ou de construção (exceto de ardósia) trabalhadas e obras destas pedras, exceto as da posição 6801; cubos, pastilhas e artigos semelhantes, para mosaicos, de pedra natural (incluída a ardósia), mesmo com suporte; grânulos, fragmentos e",Mato Grosso do Sul,9047,39518,comexstat,2026-10-08
2025,05,6801,"Pedras para calcetar, meios-fios e placas (lajes) para pavimentação, de pedra natural (exceto a ardósia)",Rio de Janeiro,8731,23894,comexstat,2026-10-08
2025,08,2516,"Granito, pórfiro, basalto, arenito e outras pedras de cantaria ou de construção, mesmo desbastados ou simplesmente cortados à serra ou por outro meio, em blocos ou placas de forma quadrada ou rectangular",Rio Grande do Sul,8622,9780,comexstat,2026-10-08
2025,10,2516,"Granito, pórfiro, basalto, arenito e outras pedras de cantaria ou de construção, mesmo desbastados ou simplesmente cortados à serra ou por outro meio, em blocos ou placas de forma quadrada ou rectangular",Rio de Janeiro,8497,14650,comexstat,2026-10-08
2025,12,6802,"Pedras de cantaria ou de construção (exceto de ardósia) trabalhadas e obras destas pedras, exceto as da posição 6801; cubos, pastilhas e artigos semelhantes, para mosaicos, de pedra natural (incluída a ardósia), mesmo com suporte; grânulos, fragmentos e",Mato Grosso do Sul,8495,31349,comexstat,2026-10-08
2025,09,6802,"Pedras de cantaria ou de construção (exceto de ardósia) trabalhadas e obras destas pedras, exceto as da posição 6801; cubos, pastilhas e artigos semelhantes, para mosaicos, de pedra natural (incluída a ardósia), mesmo com suporte; grânulos, fragmentos e",Santa Catarina,8119,812,comexstat,2026-10-08
2025,06,2515,"Mármores, travertinos, granitos belgas e outras pedras calcárias de cantaria ou de construção, de densidade aparente igual ou superior a 2,5, e alabastro, mesmo desbastados ou simplesmente cortados à serra ou por outro meio, em blocos ou placas de forma q",Minas Gerais,7970,24160,comexstat,2026-10-08
2025,02,2515,"Mármores, travertinos, granitos belgas e outras pedras calcárias de cantaria ou de construção, de densidade aparente igual ou superior a 2,5, e alabastro, mesmo desbastados ou simplesmente cortados à serra ou por outro meio, em blocos ou placas de forma q",Rondônia,7956,54516,comexstat,2026-10-08
2025,02,6801,"Pedras para calcetar, meios-fios e placas (lajes) para pavimentação, de pedra natural (exceto a ardósia)",Rio Grande do Sul,7672,26940,comexstat,2026-10-08
2025,05,6802,"Pedras de cantaria ou de construção (exceto de ardósia) trabalhadas e obras destas pedras, exceto as da posição 6801; cubos, pastilhas e artigos semelhantes, para mosaicos, de pedra natural (incluída a ardósia), mesmo com suporte; grânulos, fragmentos e",Rio Grande do Sul,7664,39943,comexstat,2026-10-08
2025,12,6803,Ardósia natural trabalhada e obras de ardósia natural ou aglomerada,Rio de Janeiro,7388,6510,comexstat,2026-10-08
2025,04,6801,"Pedras para calcetar, meios-fios e placas (lajes) para pavimentação, de pedra natural (exceto a ardósia)",Goiás,7290,27000,comexstat,2026-10-08
2025,07,6801,"Pedras para calcetar, meios-fios e placas (lajes) para pavimentação, de pedra natural (exceto a ardósia)",Goiás,7290,27000,comexstat,2026-10-08
2025,12,2514,"Ardósia, mesmo desbastada ou simplesmente cortada a serra ou por outro meio, em blocos ou placas de forma quadrada ou retangular",São Paulo,7200,17000,comexstat,2026-10-08
2025,10,6802,"Pedras de cantaria ou de construção (exceto de ardósia) trabalhadas e obras destas pedras, exceto as da posição 6801; cubos, pastilhas e artigos semelhantes, para mosaicos, de pedra natural (incluída a ardósia), mesmo com suporte; grânulos, fragmentos e",Rio Grande do Sul,7159,77886,comexstat,2026-10-08
2025,03,6802,"Pedras de cantaria ou de construção (exceto de ardósia) trabalhadas e obras destas pedras, exceto as da posição 6801; cubos, pastilhas e artigos semelhantes, para mosaicos, de pedra natural (incluída a ardósia), mesmo com suporte; grânulos, fragmentos e",Santa Catarina,7088,812,comexstat,2026-10-08
2025,03,2516,"Granito, pórfiro, basalto, arenito e outras pedras de cantaria ou de construção, mesmo desbastados ou simplesmente cortados à serra ou por outro meio, em blocos ou placas de forma quadrada ou rectangular",Paraná,7019,54270,comexstat,2026-10-08
2025,11,6803,Ardósia natural trabalhada e obras de ardósia natural ou aglomerada,Santa Catarina,6702,8538,comexstat,2026-10-08
2025,05,6802,"Pedras de cantaria ou de construção (exceto de ardósia) trabalhadas e obras destas pedras, exceto as da posição 6801; cubos, pastilhas e artigos semelhantes, para mosaicos, de pedra natural (incluída a ardósia), mesmo com suporte; grânulos, fragmentos e",Santa Catarina,6428,1047,comexstat,2026-10-08
2025,07,2515,"Mármores, travertinos, granitos belgas e outras pedras calcárias de cantaria ou de construção, de densidade aparente igual ou superior a 2,5, e alabastro, mesmo desbastados ou simplesmente cortados à serra ou por outro meio, em blocos ou placas de forma q",São Paulo,6406,422,comexstat,2026-10-08
2025,03,6801,"Pedras para calcetar, meios-fios e placas (lajes) para pavimentação, de pedra natural (exceto a ardósia)",Goiás,6390,27000,comexstat,2026-10-08
2025,12,6802,"Pedras de cantaria ou de construção (exceto de ardósia) trabalhadas e obras destas pedras, exceto as da posição 6801; cubos, pastilhas e artigos semelhantes, para mosaicos, de pedra natural (incluída a ardósia), mesmo com suporte; grânulos, fragmentos e",Rio Grande do Sul,6346,40623,comexstat,2026-10-08
2025,09,2516,"Granito, pórfiro, basalto, arenito e outras pedras de cantaria ou de construção, mesmo desbastados ou simplesmente cortados à serra ou por outro meio, em blocos ou placas de forma quadrada ou rectangular",Piauí,6325,27543,comexstat,2026-10-08
2025,10,2516,"Granito, pórfiro, basalto, arenito e outras pedras de cantaria ou de construção, mesmo desbastados ou simplesmente cortados à serra ou por outro meio, em blocos ou placas de forma quadrada ou rectangular",Rio Grande do Sul,6260,3638,comexstat,2026-10-08
2025,12,2516,"Granito, pórfiro, basalto, arenito e outras pedras de cantaria ou de construção, mesmo desbastados ou simplesmente cortados à serra ou por outro meio, em blocos ou placas de forma quadrada ou rectangular",Paraná,6152,45260,comexstat,2026-10-08
2025,08,2515,"Mármores, travertinos, granitos belgas e outras pedras calcárias de cantaria ou de construção, de densidade aparente igual ou superior a 2,5, e alabastro, mesmo desbastados ou simplesmente cortados à serra ou por outro meio, em blocos ou placas de forma q",São Paulo,5369,752,comexstat,2026-10-08
2025,12,6802,"Pedras de cantaria ou de construção (exceto de ardósia) trabalhadas e obras destas pedras, exceto as da posição 6801; cubos, pastilhas e artigos semelhantes, para mosaicos, de pedra natural (incluída a ardósia), mesmo com suporte; grânulos, fragmentos e",Bahia,5183,14110,comexstat,2026-10-08
2025,04,6802,"Pedras de cantaria ou de construção (exceto de ardósia) trabalhadas e obras destas pedras, exceto as da posição 6801; cubos, pastilhas e artigos semelhantes, para mosaicos, de pedra natural (incluída a ardósia), mesmo com suporte; grânulos, fragmentos e",Mato Grosso do Sul,5145,31352,comexstat,2026-10-08
2025,10,6802,"Pedras de cantaria ou de construção (exceto de ardósia) trabalhadas e obras destas pedras, exceto as da posição 6801; cubos, pastilhas e artigos semelhantes, para mosaicos, de pedra natural (incluída a ardósia), mesmo com suporte; grânulos, fragmentos e",Goiás,4959,26360,comexstat,2026-10-08
2025,02,2514,"Ardósia, mesmo desbastada ou simplesmente cortada a serra ou por outro meio, em blocos ou placas de forma quadrada ou retangular",Minas Gerais,4571,11004,comexstat,2026-10-08
2025,01,2516,"Granito, pórfiro, basalto, arenito e outras pedras de cantaria ou de construção, mesmo desbastados ou simplesmente cortados à serra ou por outro meio, em blocos ou placas de forma quadrada ou rectangular",Paraná,4146,9516,comexstat,2026-10-08
2025,04,6801,"Pedras para calcetar, meios-fios e placas (lajes) para pavimentação, de pedra natural (exceto a ardósia)",Rio de Janeiro,4089,10895,comexstat,2026-10-08
2025,11,6803,Ardósia natural trabalhada e obras de ardósia natural ou aglomerada,Rio de Janeiro,3850,12000,comexstat,2026-10-08
2025,08,6802,"Pedras de cantaria ou de construção (exceto de ardósia) trabalhadas e obras destas pedras, exceto as da posição 6801; cubos, pastilhas e artigos semelhantes, para mosaicos, de pedra natural (incluída a ardósia), mesmo com suporte; grânulos, fragmentos e",Rio Grande do Sul,3823,13348,comexstat,2026-10-08
2025,07,2515,"Mármores, travertinos, granitos belgas e outras pedras calcárias de cantaria ou de construção, de densidade aparente igual ou superior a 2,5, e alabastro, mesmo desbastados ou simplesmente cortados à serra ou por outro meio, em blocos ou placas de forma q",Rio Grande do Sul,3761,2750,comexstat,2026-10-08
2025,09,6802,"Pedras de cantaria ou de construção (exceto de ardósia) trabalhadas e obras destas pedras, exceto as da posição 6801; cubos, pastilhas e artigos semelhantes, para mosaicos, de pedra natural (incluída a ardósia), mesmo com suporte; grânulos, fragmentos e",Mato Grosso do Sul,3420,13528,comexstat,2026-10-08
2025,02,2515,"Mármores, travertinos, granitos belgas e outras pedras calcárias de cantaria ou de construção, de densidade aparente igual ou superior a 2,5, e alabastro, mesmo desbastados ou simplesmente cortados à serra ou por outro meio, em blocos ou placas de forma q",Não Declarada,3213,24096,comexstat,2026-10-08
2025,10,6801,"Pedras para calcetar, meios-fios e placas (lajes) para pavimentação, de pedra natural (exceto a ardósia)",São Paulo,2790,10380,comexstat,2026-10-08
2025,08,6802,"Pedras de cantaria ou de construção (exceto de ardósia) trabalhadas e obras destas pedras, exceto as da posição 6801; cubos, pastilhas e artigos semelhantes, para mosaicos, de pedra natural (incluída a ardósia), mesmo com suporte; grânulos, fragmentos e",Mato Grosso do Sul,2730,20823,comexstat,2026-10-08
2025,09,2515,"Mármores, travertinos, granitos belgas e outras pedras calcárias de cantaria ou de construção, de densidade aparente igual ou superior a 2,5, e alabastro, mesmo desbastados ou simplesmente cortados à serra ou por outro meio, em blocos ou placas de forma q",Rio Grande do Sul,2439,2320,comexstat,2026-10-08
2025,09,2516,"Granito, pórfiro, basalto, arenito e outras pedras de cantaria ou de construção, mesmo desbastados ou simplesmente cortados à serra ou por outro meio, em blocos ou placas de forma quadrada ou rectangular",Roraima,2403,2104,comexstat,2026-10-08
2025,10,2516,"Granito, pórfiro, basalto, arenito e outras pedras de cantaria ou de construção, mesmo desbastados ou simplesmente cortados à serra ou por outro meio, em blocos ou placas de forma quadrada ou rectangular",São Paulo,2395,54140,comexstat,2026-10-08
2025,11,6802,"Pedras de cantaria ou de construção (exceto de ardósia) trabalhadas e obras destas pedras, exceto as da posição 6801; cubos, pastilhas e artigos semelhantes, para mosaicos, de pedra natural (incluída a ardósia), mesmo com suporte; grânulos, fragmentos e",Rio Grande do Sul,2200,35273,comexstat,2026-10-08
2025,11,6801,"Pedras para calcetar, meios-fios e placas (lajes) para pavimentação, de pedra natural (exceto a ardósia)",São Paulo,1824,130,comexstat,2026-10-08
2025,12,2516,"Granito, pórfiro, basalto, arenito e outras pedras de cantaria ou de construção, mesmo desbastados ou simplesmente cortados à serra ou por outro meio, em blocos ou placas de forma quadrada ou rectangular",São Paulo,1789,38260,comexstat,2026-10-08
2025,02,6802,"Pedras de cantaria ou de construção (exceto de ardósia) trabalhadas e obras destas pedras, exceto as da posição 6801; cubos, pastilhas e artigos semelhantes, para mosaicos, de pedra natural (incluída a ardósia), mesmo com suporte; grânulos, fragmentos e",Bahia,1770,20713,comexstat,2026-10-08
2025,04,6802,"Pedras de cantaria ou de construção (exceto de ardósia) trabalhadas e obras destas pedras, exceto as da posição 6801; cubos, pastilhas e artigos semelhantes, para mosaicos, de pedra natural (incluída a ardósia), mesmo com suporte; grânulos, fragmentos e",Roraima,1748,1062,comexstat,2026-10-08
2025,12,2515,"Mármores, travertinos, granitos belgas e outras pedras calcárias de cantaria ou de construção, de densidade aparente igual ou superior a 2,5, e alabastro, mesmo desbastados ou simplesmente cortados à serra ou por outro meio, em blocos ou placas de forma q",São Paulo,1728,92,comexstat,2026-10-08
2025,03,6802,"Pedras de cantaria ou de construção (exceto de ardósia) trabalhadas e obras destas pedras, exceto as da posição 6801; cubos, pastilhas e artigos semelhantes, para mosaicos, de pedra natural (incluída a ardósia), mesmo com suporte; grânulos, fragmentos e",Rio Grande do Sul,1717,33848,comexstat,2026-10-08
2025,06,2516,"Granito, pórfiro, basalto, arenito e outras pedras de cantaria ou de construção, mesmo desbastados ou simplesmente cortados à serra ou por outro meio, em blocos ou placas de forma quadrada ou rectangular",Rio Grande do Sul,1668,1097,comexstat,2026-10-08
2025,09,2515,"Mármores, travertinos, granitos belgas e outras pedras calcárias de cantaria ou de construção, de densidade aparente igual ou superior a 2,5, e alabastro, mesmo desbastados ou simplesmente cortados à serra ou por outro meio, em blocos ou placas de forma q",Ceará,1579,10179,comexstat,2026-10-08
2025,11,2516,"Granito, pórfiro, basalto, arenito e outras pedras de cantaria ou de construção, mesmo desbastados ou simplesmente cortados à serra ou por outro meio, em blocos ou placas de forma quadrada ou rectangular",Rio Grande do Sul,1404,752,comexstat,2026-10-08
2025,07,6802,"Pedras de cantaria ou de construção (exceto de ardósia) trabalhadas e obras destas pedras, exceto as da posição 6801; cubos, pastilhas e artigos semelhantes, para mosaicos, de pedra natural (incluída a ardósia), mesmo com suporte; grânulos, fragmentos e",Amapá,1283,6075,comexstat,2026-10-08
2025,11,6802,"Pedras de cantaria ou de construção (exceto de ardósia) trabalhadas e obras destas pedras, exceto as da posição 6801; cubos, pastilhas e artigos semelhantes, para mosaicos, de pedra natural (incluída a ardósia), mesmo com suporte; grânulos, fragmentos e",Pará,1228,189,comexstat,2026-10-08
2025,07,2516,"Granito, pórfiro, basalto, arenito e outras pedras de cantaria ou de construção, mesmo desbastados ou simplesmente cortados à serra ou por outro meio, em blocos ou placas de forma quadrada ou rectangular",Rio Grande do Sul,1165,910,comexstat,2026-10-08
2025,03,6803,Ardósia natural trabalhada e obras de ardósia natural ou aglomerada,Espírito Santo,1150,495,comexstat,2026-10-08
2025,01,6802,"Pedras de cantaria ou de construção (exceto de ardósia) trabalhadas e obras destas pedras, exceto as da posição 6801; cubos, pastilhas e artigos semelhantes, para mosaicos, de pedra natural (incluída a ardósia), mesmo com suporte; grânulos, fragmentos e",Roraima,1097,2837,comexstat,2026-10-08
2025,11,2515,"Mármores, travertinos, granitos belgas e outras pedras calcárias de cantaria ou de construção, de densidade aparente igual ou superior a 2,5, e alabastro, mesmo desbastados ou simplesmente cortados à serra ou por outro meio, em blocos ou placas de forma q",Rio Grande do Sul,1096,1010,comexstat,2026-10-08
2025,03,6802,"Pedras de cantaria ou de construção (exceto de ardósia) trabalhadas e obras destas pedras, exceto as da posição 6801; cubos, pastilhas e artigos semelhantes, para mosaicos, de pedra natural (incluída a ardósia), mesmo com suporte; grânulos, fragmentos e",Não Declarada,990,57,comexstat,2026-10-08
2025,03,2516,"Granito, pórfiro, basalto, arenito e outras pedras de cantaria ou de construção, mesmo desbastados ou simplesmente cortados à serra ou por outro meio, em blocos ou placas de forma quadrada ou rectangular",Rio Grande do Sul,918,655,comexstat,2026-10-08
2025,07,6802,"Pedras de cantaria ou de construção (exceto de ardósia) trabalhadas e obras destas pedras, exceto as da posição 6801; cubos, pastilhas e artigos semelhantes, para mosaicos, de pedra natural (incluída a ardósia), mesmo com suporte; grânulos, fragmentos e",Pará,877,133,comexstat,2026-10-08
2025,08,6803,Ardósia natural trabalhada e obras de ardósia natural ou aglomerada,Paraná,839,3736,comexstat,2026-10-08
2025,03,6802,"Pedras de cantaria ou de construção (exceto de ardósia) trabalhadas e obras destas pedras, exceto as da posição 6801; cubos, pastilhas e artigos semelhantes, para mosaicos, de pedra natural (incluída a ardósia), mesmo com suporte; grânulos, fragmentos e",Roraima,806,3180,comexstat,2026-10-08
2025,03,6802,"Pedras de cantaria ou de construção (exceto de ardósia) trabalhadas e obras destas pedras, exceto as da posição 6801; cubos, pastilhas e artigos semelhantes, para mosaicos, de pedra natural (incluída a ardósia), mesmo com suporte; grânulos, fragmentos e",Mato Grosso do Sul,789,50,comexstat,2026-10-08
2025,09,6802,"Pedras de cantaria ou de construção (exceto de ardósia) trabalhadas e obras destas pedras, exceto as da posição 6801; cubos, pastilhas e artigos semelhantes, para mosaicos, de pedra natural (incluída a ardósia), mesmo com suporte; grânulos, fragmentos e",Amapá,773,5,comexstat,2026-10-08
2025,02,6803,Ardósia natural trabalhada e obras de ardósia natural ou aglomerada,Paraná,674,3172,comexstat,2026-10-08
2025,05,2516,"Granito, pórfiro, basalto, arenito e outras pedras de cantaria ou de construção, mesmo desbastados ou simplesmente cortados à serra ou por outro meio, em blocos ou placas de forma quadrada ou rectangular",Rio Grande do Sul,587,445,comexstat,2026-10-08
2025,10,2516,"Granito, pórfiro, basalto, arenito e outras pedras de cantaria ou de construção, mesmo desbastados ou simplesmente cortados à serra ou por outro meio, em blocos ou placas de forma quadrada ou rectangular",Não Declarada,500,170,comexstat,2026-10-08
2025,02,2516,"Granito, pórfiro, basalto, arenito e outras pedras de cantaria ou de construção, mesmo desbastados ou simplesmente cortados à serra ou por outro meio, em blocos ou placas de forma quadrada ou rectangular",Santa Catarina,500,125,comexstat,2026-10-08
2025,12,6802,"Pedras de cantaria ou de construção (exceto de ardósia) trabalhadas e obras destas pedras, exceto as da posição 6801; cubos, pastilhas e artigos semelhantes, para mosaicos, de pedra natural (incluída a ardósia), mesmo com suporte; grânulos, fragmentos e",Pará,489,64,comexstat,2026-10-08
2025,07,6803,Ardósia natural trabalhada e obras de ardósia natural ou aglomerada,Espírito Santo,320,323,comexstat,2026-10-08
2025,08,6802,"Pedras de cantaria ou de construção (exceto de ardósia) trabalhadas e obras destas pedras, exceto as da posição 6801; cubos, pastilhas e artigos semelhantes, para mosaicos, de pedra natural (incluída a ardósia), mesmo com suporte; grânulos, fragmentos e",Santa Catarina,305,99,comexstat,2026-10-08
2025,02,6802,"Pedras de cantaria ou de construção (exceto de ardósia) trabalhadas e obras destas pedras, exceto as da posição 6801; cubos, pastilhas e artigos semelhantes, para mosaicos, de pedra natural (incluída a ardósia), mesmo com suporte; grânulos, fragmentos e",Pará,277,42,comexstat,2026-10-08
2025,03,6802,"Pedras de cantaria ou de construção (exceto de ardósia) trabalhadas e obras destas pedras, exceto as da posição 6801; cubos, pastilhas e artigos semelhantes, para mosaicos, de pedra natural (incluída a ardósia), mesmo com suporte; grânulos, fragmentos e",Amapá,253,1600,comexstat,2026-10-08
2025,05,2514,"Ardósia, mesmo desbastada ou simplesmente cortada a serra ou por outro meio, em blocos ou placas de forma quadrada ou retangular",Rio Grande do Sul,247,86,comexstat,2026-10-08
2025,05,6802,"Pedras de cantaria ou de construção (exceto de ardósia) trabalhadas e obras destas pedras, exceto as da posição 6801; cubos, pastilhas e artigos semelhantes, para mosaicos, de pedra natural (incluída a ardósia), mesmo com suporte; grânulos, fragmentos e",Pará,236,38,comexstat,2026-10-08
2025,06,6802,"Pedras de cantaria ou de construção (exceto de ardósia) trabalhadas e obras destas pedras, exceto as da posição 6801; cubos, pastilhas e artigos semelhantes, para mosaicos, de pedra natural (incluída a ardósia), mesmo com suporte; grânulos, fragmentos e",Pará,161,23,comexstat,2026-10-08
2025,06,6803,Ardósia natural trabalhada e obras de ardósia natural ou aglomerada,São Paulo,146,95,comexstat,2026-10-08
2025,12,2514,"Ardósia, mesmo desbastada ou simplesmente cortada a serra ou por outro meio, em blocos ou placas de forma quadrada ou retangular",Rio Grande do Sul,143,33,comexstat,2026-10-08
2025,11,6802,"Pedras de cantaria ou de construção (exceto de ardósia) trabalhadas e obras destas pedras, exceto as da posição 6801; cubos, pastilhas e artigos semelhantes, para mosaicos, de pedra natural (incluída a ardósia), mesmo com suporte; grânulos, fragmentos e",Não Declarada,140,2,comexstat,2026-10-08
2025,09,2515,"Mármores, travertinos, granitos belgas e outras pedras calcárias de cantaria ou de construção, de densidade aparente igual ou superior a 2,5, e alabastro, mesmo desbastados ou simplesmente cortados à serra ou por outro meio, em blocos ou placas de forma q",São Paulo,111,12,comexstat,2026-10-08
2025,07,6802,"Pedras de cantaria ou de construção (exceto de ardósia) trabalhadas e obras destas pedras, exceto as da posição 6801; cubos, pastilhas e artigos semelhantes, para mosaicos, de pedra natural (incluída a ardósia), mesmo com suporte; grânulos, fragmentos e",Mato Grosso do Sul,86,6,comexstat,2026-10-08
2025,11,6802,"Pedras de cantaria ou de construção (exceto de ardósia) trabalhadas e obras destas pedras, exceto as da posição 6801; cubos, pastilhas e artigos semelhantes, para mosaicos, de pedra natural (incluída a ardósia), mesmo com suporte; grânulos, fragmentos e",Amapá,65,20,comexstat,2026-10-08
2025,09,6802,"Pedras de cantaria ou de construção (exceto de ardósia) trabalhadas e obras destas pedras, exceto as da posição 6801; cubos, pastilhas e artigos semelhantes, para mosaicos, de pedra natural (incluída a ardósia), mesmo com suporte; grânulos, fragmentos e",Pará,54,8,comexstat,2026-10-08
2025,09,2516,"Granito, pórfiro, basalto, arenito e outras pedras de cantaria ou de construção, mesmo desbastados ou simplesmente cortados à serra ou por outro meio, em blocos ou placas de forma quadrada ou rectangular",Amazonas,28,25,comexstat,2026-10-08
2025,06,6802,"Pedras de cantaria ou de construção (exceto de ardósia) trabalhadas e obras destas pedras, exceto as da posição 6801; cubos, pastilhas e artigos semelhantes, para mosaicos, de pedra natural (incluída a ardósia), mesmo com suporte; grânulos, fragmentos e",Mato Grosso do Sul,20,1,comexstat,2026-10-08
2025,08,6803,Ardósia natural trabalhada e obras de ardósia natural ou aglomerada,Espírito Santo,11,302,comexstat,2026-10-08
