year,monthNumber,headingCode,heading,country,metricFOB,metricKG,fonte,coletado_em
2025,05,6802,"Pedras de cantaria ou de construção (exceto de ardósia) trabalhadas e obras destas pedras, exceto as da posição 6801; cubos, pastilhas e artigos semelhantes, para mosaicos, de pedra natural (incluída a ardósia), mesmo com suporte; grânulos, fragmentos e",Estados Unidos,95793607,67380917,comexstat,2026-10-08
2025,07,6802,"Pedras de cantaria ou de construção (exceto de ardósia) trabalhadas e obras destas pedras, exceto as da posição 6801; cubos, pastilhas e artigos semelhantes, para mosaicos, de pedra natural (incluída a ardósia), mesmo com suporte; grânulos, fragmentos e",Estados Unidos,84595894,60358144,comexstat,2026-10-08
2025,01,6802,"Pedras de cantaria ou de construção (exceto de ardósia) trabalhadas e obras destas pedras, exceto as da posição 6801; cubos, pastilhas e artigos semelhantes, para mosaicos, de pedra natural (incluída a ardósia), mesmo com suporte; grânulos, fragmentos e",Estados Unidos,74346394,57941288,comexstat,2026-10-08
2025,10,6802,"Pedras de cantaria ou de construção (exceto de ardósia) trabalhadas e obras destas pedras, exceto as da posição 6801; cubos, pastilhas e artigos semelhantes, para mosaicos, de pedra natural (incluída a ardósia), mesmo com suporte; grânulos, fragmentos e",Estados Unidos,71036138,48567753,comexstat,2026-10-08
2025,03,6802,"Pedras de cantaria ou de construção (exceto de ardósia) trabalhadas e obras destas pedras, exceto as da posição 6801; cubos, pastilhas e artigos semelhantes, para mosaicos, de pedra natural (incluída a ardósia), mesmo com suporte; grânulos, fragmentos e",Estados Unidos,65513700,49883668,comexstat,2026-10-08
2025,11,6802,"Pedras de cantaria ou de construção (exceto de ardósia) trabalhadas e obras destas pedras, exceto as da posição 6801; cubos, pastilhas e artigos semelhantes, para mosaicos, de pedra natural (incluída a ardósia), mesmo com suporte; grânulos, fragmentos e",Estados Unidos,63891242,42435998,comexstat,2026-10-08
2025,06,6802,"Pedras de cantaria ou de construção (exceto de ardósia) trabalhadas e obras destas pedras, exceto as da posição 6801; cubos, pastilhas e artigos semelhantes, para mosaicos, de pedra natural (incluída a ardósia), mesmo com suporte; grânulos, fragmentos e",Estados Unidos,63416158,47205892,comexstat,2026-10-08
2025,02,6802,"Pedras de cantaria ou de construção (exceto de ardósia) trabalhadas e obras destas pedras, exceto as da posição 6801; cubos, pastilhas e artigos semelhantes, para mosaicos, de pedra natural (incluída a ardósia), mesmo com suporte; grânulos, fragmentos e",Estados Unidos,62298663,47955825,comexstat,2026-10-08
2025,04,6802,"Pedras de cantaria ou de construção (exceto de ardósia) trabalhadas e obras destas pedras, exceto as da posição 6801; cubos, pastilhas e artigos semelhantes, para mosaicos, de pedra natural (incluída a ardósia), mesmo com suporte; grânulos, fragmentos e",Estados Unidos,59117942,46275880,comexstat,2026-10-08
2025,12,6802,"Pedras de cantaria ou de construção (exceto de ardósia) trabalhadas e obras destas pedras, exceto as da posição 6801; cubos, pastilhas e artigos semelhantes, para mosaicos, de pedra natural (incluída a ardósia), mesmo com suporte; grânulos, fragmentos e",Estados Unidos,58951228,37858080,comexstat,2026-10-08
2025,09,6802,"Pedras de cantaria ou de construção (exceto de ardósia) trabalhadas e obras destas pedras, exceto as da posição 6801; cubos, pastilhas e artigos semelhantes, para mosaicos, de pedra natural (incluída a ardósia), mesmo com suporte; grânulos, fragmentos e",Estados Unidos,51331552,32262386,comexstat,2026-10-08
2025,08,6802,"Pedras de cantaria ou de construção (exceto de ardósia) trabalhadas e obras destas pedras, exceto as da posição 6801; cubos, pastilhas e artigos semelhantes, para mosaicos, de pedra natural (incluída a ardósia), mesmo com suporte; grânulos, fragmentos e",Estados Unidos,34925913,29878725,comexstat,2026-10-08
2025,12,2516,"Granito, pórfiro, basalto, arenito e outras pedras de cantaria ou de construção, mesmo desbastados ou simplesmente cortados à serra ou por outro meio, em blocos ou placas de forma quadrada ou rectangular",China,20854668,107373738,comexstat,2026-10-08
2025,09,2516,"Granito, pórfiro, basalto, arenito e outras pedras de cantaria ou de construção, mesmo desbastados ou simplesmente cortados à serra ou por outro meio, em blocos ou placas de forma quadrada ou rectangular",China,17262105,77304518,comexstat,2026-10-08
2025,06,2516,"Granito, pórfiro, basalto, arenito e outras pedras de cantaria ou de construção, mesmo desbastados ou simplesmente cortados à serra ou por outro meio, em blocos ou placas de forma quadrada ou rectangular",China,13910646,56788203,comexstat,2026-10-08
2025,03,2516,"Granito, pórfiro, basalto, arenito e outras pedras de cantaria ou de construção, mesmo desbastados ou simplesmente cortados à serra ou por outro meio, em blocos ou placas de forma quadrada ou rectangular",China,13558543,80541390,comexstat,2026-10-08
2025,10,2516,"Granito, pórfiro, basalto, arenito e outras pedras de cantaria ou de construção, mesmo desbastados ou simplesmente cortados à serra ou por outro meio, em blocos ou placas de forma quadrada ou rectangular",China,13234067,53931028,comexstat,2026-10-08
2025,08,2516,"Granito, pórfiro, basalto, arenito e outras pedras de cantaria ou de construção, mesmo desbastados ou simplesmente cortados à serra ou por outro meio, em blocos ou placas de forma quadrada ou rectangular",China,13178214,61410699,comexstat,2026-10-08
2025,07,2516,"Granito, pórfiro, basalto, arenito e outras pedras de cantaria ou de construção, mesmo desbastados ou simplesmente cortados à serra ou por outro meio, em blocos ou placas de forma quadrada ou rectangular",China,11777204,55368791,comexstat,2026-10-08
2025,01,2516,"Granito, pórfiro, basalto, arenito e outras pedras de cantaria ou de construção, mesmo desbastados ou simplesmente cortados à serra ou por outro meio, em blocos ou placas de forma quadrada ou rectangular",China,11774996,52224024,comexstat,2026-10-08
2025,05,2516,"Granito, pórfiro, basalto, arenito e outras pedras de cantaria ou de construção, mesmo desbastados ou simplesmente cortados à serra ou por outro meio, em blocos ou placas de forma quadrada ou rectangular",China,11137234,58451317,comexstat,2026-10-08
2025,02,2516,"Granito, pórfiro, basalto, arenito e outras pedras de cantaria ou de construção, mesmo desbastados ou simplesmente cortados à serra ou por outro meio, em blocos ou placas de forma quadrada ou rectangular",China,8265485,57523545,comexstat,2026-10-08
2025,04,2516,"Granito, pórfiro, basalto, arenito e outras pedras de cantaria ou de construção, mesmo desbastados ou simplesmente cortados à serra ou por outro meio, em blocos ou placas de forma quadrada ou rectangular",China,8135763,43948921,comexstat,2026-10-08
2025,11,2516,"Granito, pórfiro, basalto, arenito e outras pedras de cantaria ou de construção, mesmo desbastados ou simplesmente cortados à serra ou por outro meio, em blocos ou placas de forma quadrada ou rectangular",China,7192115,23024824,comexstat,2026-10-08
2025,05,6802,"Pedras de cantaria ou de construção (exceto de ardósia) trabalhadas e obras destas pedras, exceto as da posição 6801; cubos, pastilhas e artigos semelhantes, para mosaicos, de pedra natural (incluída a ardósia), mesmo com suporte; grânulos, fragmentos e",México,6425546,8774210,comexstat,2026-10-08
2025,10,6802,"Pedras de cantaria ou de construção (exceto de ardósia) trabalhadas e obras destas pedras, exceto as da posição 6801; cubos, pastilhas e artigos semelhantes, para mosaicos, de pedra natural (incluída a ardósia), mesmo com suporte; grânulos, fragmentos e",México,6138911,8012571,comexstat,2026-10-08
2025,03,6802,"Pedras de cantaria ou de construção (exceto de ardósia) trabalhadas e obras destas pedras, exceto as da posição 6801; cubos, pastilhas e artigos semelhantes, para mosaicos, de pedra natural (incluída a ardósia), mesmo com suporte; grânulos, fragmentos e",México,5856418,8699654,comexstat,2026-10-08
2025,07,6802,"Pedras de cantaria ou de construção (exceto de ardósia) trabalhadas e obras destas pedras, exceto as da posição 6801; cubos, pastilhas e artigos semelhantes, para mosaicos, de pedra natural (incluída a ardósia), mesmo com suporte; grânulos, fragmentos e",México,4766824,6782304,comexstat,2026-10-08
2025,11,6802,"Pedras de cantaria ou de construção (exceto de ardósia) trabalhadas e obras destas pedras, exceto as da posição 6801; cubos, pastilhas e artigos semelhantes, para mosaicos, de pedra natural (incluída a ardósia), mesmo com suporte; grânulos, fragmentos e",México,4717724,6731848,comexstat,2026-10-08
2025,09,6802,"Pedras de cantaria ou de construção (exceto de ardósia) trabalhadas e obras destas pedras, exceto as da posição 6801; cubos, pastilhas e artigos semelhantes, para mosaicos, de pedra natural (incluída a ardósia), mesmo com suporte; grânulos, fragmentos e",México,4449324,5972267,comexstat,2026-10-08
2025,06,2515,"Mármores, travertinos, granitos belgas e outras pedras calcárias de cantaria ou de construção, de densidade aparente igual ou superior a 2,5, e alabastro, mesmo desbastados ou simplesmente cortados à serra ou por outro meio, em blocos ou placas de forma q",China,3888236,10131175,comexstat,2026-10-08
2025,01,6802,"Pedras de cantaria ou de construção (exceto de ardósia) trabalhadas e obras destas pedras, exceto as da posição 6801; cubos, pastilhas e artigos semelhantes, para mosaicos, de pedra natural (incluída a ardósia), mesmo com suporte; grânulos, fragmentos e",México,3814608,5658704,comexstat,2026-10-08
2025,09,2515,"Mármores, travertinos, granitos belgas e outras pedras calcárias de cantaria ou de construção, de densidade aparente igual ou superior a 2,5, e alabastro, mesmo desbastados ou simplesmente cortados à serra ou por outro meio, em blocos ou placas de forma q",China,3791626,13043202,comexstat,2026-10-08
2025,06,6802,"Pedras de cantaria ou de construção (exceto de ardósia) trabalhadas e obras destas pedras, exceto as da posição 6801; cubos, pastilhas e artigos semelhantes, para mosaicos, de pedra natural (incluída a ardósia), mesmo com suporte; grânulos, fragmentos e",México,3735255,4935414,comexstat,2026-10-08
2025,02,6802,"Pedras de cantaria ou de construção (exceto de ardósia) trabalhadas e obras destas pedras, exceto as da posição 6801; cubos, pastilhas e artigos semelhantes, para mosaicos, de pedra natural (incluída a ardósia), mesmo com suporte; grânulos, fragmentos e",México,3731714,5631842,comexstat,2026-10-08
2025,08,6802,"Pedras de cantaria ou de construção (exceto de ardósia) trabalhadas e obras destas pedras, exceto as da posição 6801; cubos, pastilhas e artigos semelhantes, para mosaicos, de pedra natural (incluída a ardósia), mesmo com suporte; grânulos, fragmentos e",México,3590728,4543516,comexstat,2026-10-08
2025,12,2515,"Mármores, travertinos, granitos belgas e outras pedras calcárias de cantaria ou de construção, de densidade aparente igual ou superior a 2,5, e alabastro, mesmo desbastados ou simplesmente cortados à serra ou por outro meio, em blocos ou placas de forma q",China,3531675,10401802,comexstat,2026-10-08
2025,12,6802,"Pedras de cantaria ou de construção (exceto de ardósia) trabalhadas e obras destas pedras, exceto as da posição 6801; cubos, pastilhas e artigos semelhantes, para mosaicos, de pedra natural (incluída a ardósia), mesmo com suporte; grânulos, fragmentos e",México,3528856,4693885,comexstat,2026-10-08
2025,07,2515,"Mármores, travertinos, granitos belgas e outras pedras calcárias de cantaria ou de construção, de densidade aparente igual ou superior a 2,5, e alabastro, mesmo desbastados ou simplesmente cortados à serra ou por outro meio, em blocos ou placas de forma q",China,3505732,10517070,comexstat,2026-10-08
2025,10,2515,"Mármores, travertinos, granitos belgas e outras pedras calcárias de cantaria ou de construção, de densidade aparente igual ou superior a 2,5, e alabastro, mesmo desbastados ou simplesmente cortados à serra ou por outro meio, em blocos ou placas de forma q",China,3152760,8307055,comexstat,2026-10-08
2025,07,2516,"Granito, pórfiro, basalto, arenito e outras pedras de cantaria ou de construção, mesmo desbastados ou simplesmente cortados à serra ou por outro meio, em blocos ou placas de forma quadrada ou rectangular",Itália,2949641,6463831,comexstat,2026-10-08
2025,04,6802,"Pedras de cantaria ou de construção (exceto de ardósia) trabalhadas e obras destas pedras, exceto as da posição 6801; cubos, pastilhas e artigos semelhantes, para mosaicos, de pedra natural (incluída a ardósia), mesmo com suporte; grânulos, fragmentos e",México,2933390,4236968,comexstat,2026-10-08
2025,03,6803,Ardósia natural trabalhada e obras de ardósia natural ou aglomerada,Reino Unido,2925674,7157451,comexstat,2026-10-08
2025,10,6802,"Pedras de cantaria ou de construção (exceto de ardósia) trabalhadas e obras destas pedras, exceto as da posição 6801; cubos, pastilhas e artigos semelhantes, para mosaicos, de pedra natural (incluída a ardósia), mesmo com suporte; grânulos, fragmentos e",Canadá,2905290,1224656,comexstat,2026-10-08
2025,05,6802,"Pedras de cantaria ou de construção (exceto de ardósia) trabalhadas e obras destas pedras, exceto as da posição 6801; cubos, pastilhas e artigos semelhantes, para mosaicos, de pedra natural (incluída a ardósia), mesmo com suporte; grânulos, fragmentos e",Emirados Árabes Unidos,2796201,1676719,comexstat,2026-10-08
2025,03,2515,"Mármores, travertinos, granitos belgas e outras pedras calcárias de cantaria ou de construção, de densidade aparente igual ou superior a 2,5, e alabastro, mesmo desbastados ou simplesmente cortados à serra ou por outro meio, em blocos ou placas de forma q",China,2653605,7766730,comexstat,2026-10-08
2025,02,6802,"Pedras de cantaria ou de construção (exceto de ardósia) trabalhadas e obras destas pedras, exceto as da posição 6801; cubos, pastilhas e artigos semelhantes, para mosaicos, de pedra natural (incluída a ardósia), mesmo com suporte; grânulos, fragmentos e",Itália,2649762,1646292,comexstat,2026-10-08
2025,04,2515,"Mármores, travertinos, granitos belgas e outras pedras calcárias de cantaria ou de construção, de densidade aparente igual ou superior a 2,5, e alabastro, mesmo desbastados ou simplesmente cortados à serra ou por outro meio, em blocos ou placas de forma q",China,2601455,4953550,comexstat,2026-10-08
2025,11,6802,"Pedras de cantaria ou de construção (exceto de ardósia) trabalhadas e obras destas pedras, exceto as da posição 6801; cubos, pastilhas e artigos semelhantes, para mosaicos, de pedra natural (incluída a ardósia), mesmo com suporte; grânulos, fragmentos e",Espanha,2583906,1323951,comexstat,2026-10-08
2025,12,6802,"Pedras de cantaria ou de construção (exceto de ardósia) trabalhadas e obras destas pedras, exceto as da posição 6801; cubos, pastilhas e artigos semelhantes, para mosaicos, de pedra natural (incluída a ardósia), mesmo com suporte; grânulos, fragmentos e",Austrália,2546214,946647,comexstat,2026-10-08
2025,10,6802,"Pedras de cantaria ou de construção (exceto de ardósia) trabalhadas e obras destas pedras, exceto as da posição 6801; cubos, pastilhas e artigos semelhantes, para mosaicos, de pedra natural (incluída a ardósia), mesmo com suporte; grânulos, fragmentos e",Austrália,2504993,1049681,comexstat,2026-10-08
2025,06,6803,Ardósia natural trabalhada e obras de ardósia natural ou aglomerada,Reino Unido,2483194,6312729,comexstat,2026-10-08
2025,12,6803,Ardósia natural trabalhada e obras de ardósia natural ou aglomerada,Reino Unido,2462976,5992032,comexstat,2026-10-08
2025,07,6802,"Pedras de cantaria ou de construção (exceto de ardósia) trabalhadas e obras destas pedras, exceto as da posição 6801; cubos, pastilhas e artigos semelhantes, para mosaicos, de pedra natural (incluída a ardósia), mesmo com suporte; grânulos, fragmentos e",Canadá,2450468,1184102,comexstat,2026-10-08
2025,10,6802,"Pedras de cantaria ou de construção (exceto de ardósia) trabalhadas e obras destas pedras, exceto as da posição 6801; cubos, pastilhas e artigos semelhantes, para mosaicos, de pedra natural (incluída a ardósia), mesmo com suporte; grânulos, fragmentos e",Espanha,2438317,1224784,comexstat,2026-10-08
2025,04,6802,"Pedras de cantaria ou de construção (exceto de ardósia) trabalhadas e obras destas pedras, exceto as da posição 6801; cubos, pastilhas e artigos semelhantes, para mosaicos, de pedra natural (incluída a ardósia), mesmo com suporte; grânulos, fragmentos e",Espanha,2387265,1482433,comexstat,2026-10-08
2025,05,2515,"Mármores, travertinos, granitos belgas e outras pedras calcárias de cantaria ou de construção, de densidade aparente igual ou superior a 2,5, e alabastro, mesmo desbastados ou simplesmente cortados à serra ou por outro meio, em blocos ou placas de forma q",China,2367465,7076770,comexstat,2026-10-08
2025,09,6802,"Pedras de cantaria ou de construção (exceto de ardósia) trabalhadas e obras destas pedras, exceto as da posição 6801; cubos, pastilhas e artigos semelhantes, para mosaicos, de pedra natural (incluída a ardósia), mesmo com suporte; grânulos, fragmentos e",Canadá,2354550,1187340,comexstat,2026-10-08
2025,05,6802,"Pedras de cantaria ou de construção (exceto de ardósia) trabalhadas e obras destas pedras, exceto as da posição 6801; cubos, pastilhas e artigos semelhantes, para mosaicos, de pedra natural (incluída a ardósia), mesmo com suporte; grânulos, fragmentos e",Canadá,2283209,1191302,comexstat,2026-10-08
2025,05,6802,"Pedras de cantaria ou de construção (exceto de ardósia) trabalhadas e obras destas pedras, exceto as da posição 6801; cubos, pastilhas e artigos semelhantes, para mosaicos, de pedra natural (incluída a ardósia), mesmo com suporte; grânulos, fragmentos e",Austrália,2280505,912552,comexstat,2026-10-08
2025,04,6803,Ardósia natural trabalhada e obras de ardósia natural ou aglomerada,Reino Unido,2274581,5456254,comexstat,2026-10-08
2025,04,6802,"Pedras de cantaria ou de construção (exceto de ardósia) trabalhadas e obras destas pedras, exceto as da posição 6801; cubos, pastilhas e artigos semelhantes, para mosaicos, de pedra natural (incluída a ardósia), mesmo com suporte; grânulos, fragmentos e",Itália,2210455,818782,comexstat,2026-10-08
2025,08,6802,"Pedras de cantaria ou de construção (exceto de ardósia) trabalhadas e obras destas pedras, exceto as da posição 6801; cubos, pastilhas e artigos semelhantes, para mosaicos, de pedra natural (incluída a ardósia), mesmo com suporte; grânulos, fragmentos e",Canadá,2202510,998813,comexstat,2026-10-08
2025,09,6803,Ardósia natural trabalhada e obras de ardósia natural ou aglomerada,Reino Unido,2145911,5064738,comexstat,2026-10-08
2025,04,2516,"Granito, pórfiro, basalto, arenito e outras pedras de cantaria ou de construção, mesmo desbastados ou simplesmente cortados à serra ou por outro meio, em blocos ou placas de forma quadrada ou rectangular",Itália,2122118,5116423,comexstat,2026-10-08
2025,11,6803,Ardósia natural trabalhada e obras de ardósia natural ou aglomerada,Reino Unido,2116928,5003432,comexstat,2026-10-08
2025,08,2515,"Mármores, travertinos, granitos belgas e outras pedras calcárias de cantaria ou de construção, de densidade aparente igual ou superior a 2,5, e alabastro, mesmo desbastados ou simplesmente cortados à serra ou por outro meio, em blocos ou placas de forma q",China,1980243,6962955,comexstat,2026-10-08
2025,02,6802,"Pedras de cantaria ou de construção (exceto de ardósia) trabalhadas e obras destas pedras, exceto as da posição 6801; cubos, pastilhas e artigos semelhantes, para mosaicos, de pedra natural (incluída a ardósia), mesmo com suporte; grânulos, fragmentos e",Austrália,1980098,808291,comexstat,2026-10-08
2025,09,6802,"Pedras de cantaria ou de construção (exceto de ardósia) trabalhadas e obras destas pedras, exceto as da posição 6801; cubos, pastilhas e artigos semelhantes, para mosaicos, de pedra natural (incluída a ardósia), mesmo com suporte; grânulos, fragmentos e",Emirados Árabes Unidos,1973902,1388357,comexstat,2026-10-08
2025,08,6802,"Pedras de cantaria ou de construção (exceto de ardósia) trabalhadas e obras destas pedras, exceto as da posição 6801; cubos, pastilhas e artigos semelhantes, para mosaicos, de pedra natural (incluída a ardósia), mesmo com suporte; grânulos, fragmentos e",Itália,1973601,1233561,comexstat,2026-10-08
2025,02,6803,Ardósia natural trabalhada e obras de ardósia natural ou aglomerada,Reino Unido,1894755,5037493,comexstat,2026-10-08
2025,08,6802,"Pedras de cantaria ou de construção (exceto de ardósia) trabalhadas e obras destas pedras, exceto as da posição 6801; cubos, pastilhas e artigos semelhantes, para mosaicos, de pedra natural (incluída a ardósia), mesmo com suporte; grânulos, fragmentos e",Espanha,1856447,886356,comexstat,2026-10-08
2025,01,6802,"Pedras de cantaria ou de construção (exceto de ardósia) trabalhadas e obras destas pedras, exceto as da posição 6801; cubos, pastilhas e artigos semelhantes, para mosaicos, de pedra natural (incluída a ardósia), mesmo com suporte; grânulos, fragmentos e",Austrália,1842615,723660,comexstat,2026-10-08
2025,05,2516,"Granito, pórfiro, basalto, arenito e outras pedras de cantaria ou de construção, mesmo desbastados ou simplesmente cortados à serra ou por outro meio, em blocos ou placas de forma quadrada ou rectangular",Itália,1830969,5561056,comexstat,2026-10-08
2025,12,6802,"Pedras de cantaria ou de construção (exceto de ardósia) trabalhadas e obras destas pedras, exceto as da posição 6801; cubos, pastilhas e artigos semelhantes, para mosaicos, de pedra natural (incluída a ardósia), mesmo com suporte; grânulos, fragmentos e",Itália,1825372,720035,comexstat,2026-10-08
2025,03,6802,"Pedras de cantaria ou de construção (exceto de ardósia) trabalhadas e obras destas pedras, exceto as da posição 6801; cubos, pastilhas e artigos semelhantes, para mosaicos, de pedra natural (incluída a ardósia), mesmo com suporte; grânulos, fragmentos e",Canadá,1818644,836552,comexstat,2026-10-08
2025,12,6802,"Pedras de cantaria ou de construção (exceto de ardósia) trabalhadas e obras destas pedras, exceto as da posição 6801; cubos, pastilhas e artigos semelhantes, para mosaicos, de pedra natural (incluída a ardósia), mesmo com suporte; grânulos, fragmentos e",Canadá,1773206,794130,comexstat,2026-10-08
2025,06,6802,"Pedras de cantaria ou de construção (exceto de ardósia) trabalhadas e obras destas pedras, exceto as da posição 6801; cubos, pastilhas e artigos semelhantes, para mosaicos, de pedra natural (incluída a ardósia), mesmo com suporte; grânulos, fragmentos e",Itália,1738140,735731,comexstat,2026-10-08
2025,08,6803,Ardósia natural trabalhada e obras de ardósia natural ou aglomerada,Reino Unido,1733954,4083075,comexstat,2026-10-08
2025,07,6803,Ardósia natural trabalhada e obras de ardósia natural ou aglomerada,Reino Unido,1724974,4218023,comexstat,2026-10-08
2025,10,6803,Ardósia natural trabalhada e obras de ardósia natural ou aglomerada,Reino Unido,1720790,4346209,comexstat,2026-10-08
2025,04,6802,"Pedras de cantaria ou de construção (exceto de ardósia) trabalhadas e obras destas pedras, exceto as da posição 6801; cubos, pastilhas e artigos semelhantes, para mosaicos, de pedra natural (incluída a ardósia), mesmo com suporte; grânulos, fragmentos e",Polônia,1715378,1486030,comexstat,2026-10-08
2025,08,2516,"Granito, pórfiro, basalto, arenito e outras pedras de cantaria ou de construção, mesmo desbastados ou simplesmente cortados à serra ou por outro meio, em blocos ou placas de forma quadrada ou rectangular",Itália,1671250,4739648,comexstat,2026-10-08
2025,06,6802,"Pedras de cantaria ou de construção (exceto de ardósia) trabalhadas e obras destas pedras, exceto as da posição 6801; cubos, pastilhas e artigos semelhantes, para mosaicos, de pedra natural (incluída a ardósia), mesmo com suporte; grânulos, fragmentos e",Espanha,1658906,916955,comexstat,2026-10-08
2025,08,6802,"Pedras de cantaria ou de construção (exceto de ardósia) trabalhadas e obras destas pedras, exceto as da posição 6801; cubos, pastilhas e artigos semelhantes, para mosaicos, de pedra natural (incluída a ardósia), mesmo com suporte; grânulos, fragmentos e",Austrália,1654293,649503,comexstat,2026-10-08
2025,01,6802,"Pedras de cantaria ou de construção (exceto de ardósia) trabalhadas e obras destas pedras, exceto as da posição 6801; cubos, pastilhas e artigos semelhantes, para mosaicos, de pedra natural (incluída a ardósia), mesmo com suporte; grânulos, fragmentos e",Itália,1640252,812242,comexstat,2026-10-08
2025,01,6802,"Pedras de cantaria ou de construção (exceto de ardósia) trabalhadas e obras destas pedras, exceto as da posição 6801; cubos, pastilhas e artigos semelhantes, para mosaicos, de pedra natural (incluída a ardósia), mesmo com suporte; grânulos, fragmentos e",Canadá,1582978,823814,comexstat,2026-10-08
2025,07,6802,"Pedras de cantaria ou de construção (exceto de ardósia) trabalhadas e obras destas pedras, exceto as da posição 6801; cubos, pastilhas e artigos semelhantes, para mosaicos, de pedra natural (incluída a ardósia), mesmo com suporte; grânulos, fragmentos e",Emirados Árabes Unidos,1572498,1324403,comexstat,2026-10-08
2025,05,6803,Ardósia natural trabalhada e obras de ardósia natural ou aglomerada,Reino Unido,1543511,3728075,comexstat,2026-10-08
2025,07,6802,"Pedras de cantaria ou de construção (exceto de ardósia) trabalhadas e obras destas pedras, exceto as da posição 6801; cubos, pastilhas e artigos semelhantes, para mosaicos, de pedra natural (incluída a ardósia), mesmo com suporte; grânulos, fragmentos e",Espanha,1543015,806513,comexstat,2026-10-08
2025,03,6802,"Pedras de cantaria ou de construção (exceto de ardósia) trabalhadas e obras destas pedras, exceto as da posição 6801; cubos, pastilhas e artigos semelhantes, para mosaicos, de pedra natural (incluída a ardósia), mesmo com suporte; grânulos, fragmentos e",Austrália,1534336,652630,comexstat,2026-10-08
2025,11,6802,"Pedras de cantaria ou de construção (exceto de ardósia) trabalhadas e obras destas pedras, exceto as da posição 6801; cubos, pastilhas e artigos semelhantes, para mosaicos, de pedra natural (incluída a ardósia), mesmo com suporte; grânulos, fragmentos e",Itália,1523292,977017,comexstat,2026-10-08
2025,01,2515,"Mármores, travertinos, granitos belgas e outras pedras calcárias de cantaria ou de construção, de densidade aparente igual ou superior a 2,5, e alabastro, mesmo desbastados ou simplesmente cortados à serra ou por outro meio, em blocos ou placas de forma q",China,1499086,5966329,comexstat,2026-10-08
2025,01,6802,"Pedras de cantaria ou de construção (exceto de ardósia) trabalhadas e obras destas pedras, exceto as da posição 6801; cubos, pastilhas e artigos semelhantes, para mosaicos, de pedra natural (incluída a ardósia), mesmo com suporte; grânulos, fragmentos e",China,1491307,583154,comexstat,2026-10-08
2025,09,6802,"Pedras de cantaria ou de construção (exceto de ardósia) trabalhadas e obras destas pedras, exceto as da posição 6801; cubos, pastilhas e artigos semelhantes, para mosaicos, de pedra natural (incluída a ardósia), mesmo com suporte; grânulos, fragmentos e",Itália,1481731,678791,comexstat,2026-10-08
2025,01,6802,"Pedras de cantaria ou de construção (exceto de ardósia) trabalhadas e obras destas pedras, exceto as da posição 6801; cubos, pastilhas e artigos semelhantes, para mosaicos, de pedra natural (incluída a ardósia), mesmo com suporte; grânulos, fragmentos e",Espanha,1462648,913804,comexstat,2026-10-08
2025,01,6803,Ardósia natural trabalhada e obras de ardósia natural ou aglomerada,Reino Unido,1454187,3711315,comexstat,2026-10-08
2025,07,6802,"Pedras de cantaria ou de construção (exceto de ardósia) trabalhadas e obras destas pedras, exceto as da posição 6801; cubos, pastilhas e artigos semelhantes, para mosaicos, de pedra natural (incluída a ardósia), mesmo com suporte; grânulos, fragmentos e",Austrália,1440185,579271,comexstat,2026-10-08
2025,03,6802,"Pedras de cantaria ou de construção (exceto de ardósia) trabalhadas e obras destas pedras, exceto as da posição 6801; cubos, pastilhas e artigos semelhantes, para mosaicos, de pedra natural (incluída a ardósia), mesmo com suporte; grânulos, fragmentos e",Itália,1420414,854828,comexstat,2026-10-08
2025,04,6802,"Pedras de cantaria ou de construção (exceto de ardósia) trabalhadas e obras destas pedras, exceto as da posição 6801; cubos, pastilhas e artigos semelhantes, para mosaicos, de pedra natural (incluída a ardósia), mesmo com suporte; grânulos, fragmentos e",Emirados Árabes Unidos,1387183,887358,comexstat,2026-10-08
2025,07,6802,"Pedras de cantaria ou de construção (exceto de ardósia) trabalhadas e obras destas pedras, exceto as da posição 6801; cubos, pastilhas e artigos semelhantes, para mosaicos, de pedra natural (incluída a ardósia), mesmo com suporte; grânulos, fragmentos e",Itália,1382534,645666,comexstat,2026-10-08
2025,06,6802,"Pedras de cantaria ou de construção (exceto de ardósia) trabalhadas e obras destas pedras, exceto as da posição 6801; cubos, pastilhas e artigos semelhantes, para mosaicos, de pedra natural (incluída a ardósia), mesmo com suporte; grânulos, fragmentos e",Emirados Árabes Unidos,1351785,890464,comexstat,2026-10-08
2025,12,6802,"Pedras de cantaria ou de construção (exceto de ardósia) trabalhadas e obras destas pedras, exceto as da posição 6801; cubos, pastilhas e artigos semelhantes, para mosaicos, de pedra natural (incluída a ardósia), mesmo com suporte; grânulos, fragmentos e",Espanha,1339978,727487,comexstat,2026-10-08
2025,04,6802,"Pedras de cantaria ou de construção (exceto de ardósia) trabalhadas e obras destas pedras, exceto as da posição 6801; cubos, pastilhas e artigos semelhantes, para mosaicos, de pedra natural (incluída a ardósia), mesmo com suporte; grânulos, fragmentos e",Austrália,1336804,544841,comexstat,2026-10-08
2025,02,6802,"Pedras de cantaria ou de construção (exceto de ardósia) trabalhadas e obras destas pedras, exceto as da posição 6801; cubos, pastilhas e artigos semelhantes, para mosaicos, de pedra natural (incluída a ardósia), mesmo com suporte; grânulos, fragmentos e",Espanha,1335661,590885,comexstat,2026-10-08
2025,09,2516,"Granito, pórfiro, basalto, arenito e outras pedras de cantaria ou de construção, mesmo desbastados ou simplesmente cortados à serra ou por outro meio, em blocos ou placas de forma quadrada ou rectangular",Itália,1332391,3045749,comexstat,2026-10-08
2025,09,6802,"Pedras de cantaria ou de construção (exceto de ardósia) trabalhadas e obras destas pedras, exceto as da posição 6801; cubos, pastilhas e artigos semelhantes, para mosaicos, de pedra natural (incluída a ardósia), mesmo com suporte; grânulos, fragmentos e",Austrália,1296741,545610,comexstat,2026-10-08
2025,06,2516,"Granito, pórfiro, basalto, arenito e outras pedras de cantaria ou de construção, mesmo desbastados ou simplesmente cortados à serra ou por outro meio, em blocos ou placas de forma quadrada ou rectangular",Itália,1295810,3509342,comexstat,2026-10-08
2025,10,6802,"Pedras de cantaria ou de construção (exceto de ardósia) trabalhadas e obras destas pedras, exceto as da posição 6801; cubos, pastilhas e artigos semelhantes, para mosaicos, de pedra natural (incluída a ardósia), mesmo com suporte; grânulos, fragmentos e",China,1280793,509932,comexstat,2026-10-08
2025,05,6802,"Pedras de cantaria ou de construção (exceto de ardósia) trabalhadas e obras destas pedras, exceto as da posição 6801; cubos, pastilhas e artigos semelhantes, para mosaicos, de pedra natural (incluída a ardósia), mesmo com suporte; grânulos, fragmentos e",Espanha,1269618,805694,comexstat,2026-10-08
2025,03,2516,"Granito, pórfiro, basalto, arenito e outras pedras de cantaria ou de construção, mesmo desbastados ou simplesmente cortados à serra ou por outro meio, em blocos ou placas de forma quadrada ou rectangular",Itália,1241060,4068464,comexstat,2026-10-08
2025,11,6802,"Pedras de cantaria ou de construção (exceto de ardósia) trabalhadas e obras destas pedras, exceto as da posição 6801; cubos, pastilhas e artigos semelhantes, para mosaicos, de pedra natural (incluída a ardósia), mesmo com suporte; grânulos, fragmentos e",Canadá,1233926,587558,comexstat,2026-10-08
2025,09,6802,"Pedras de cantaria ou de construção (exceto de ardósia) trabalhadas e obras destas pedras, exceto as da posição 6801; cubos, pastilhas e artigos semelhantes, para mosaicos, de pedra natural (incluída a ardósia), mesmo com suporte; grânulos, fragmentos e",Espanha,1220275,616459,comexstat,2026-10-08
2025,05,6802,"Pedras de cantaria ou de construção (exceto de ardósia) trabalhadas e obras destas pedras, exceto as da posição 6801; cubos, pastilhas e artigos semelhantes, para mosaicos, de pedra natural (incluída a ardósia), mesmo com suporte; grânulos, fragmentos e",Itália,1181581,527735,comexstat,2026-10-08
2025,02,6802,"Pedras de cantaria ou de construção (exceto de ardósia) trabalhadas e obras destas pedras, exceto as da posição 6801; cubos, pastilhas e artigos semelhantes, para mosaicos, de pedra natural (incluída a ardósia), mesmo com suporte; grânulos, fragmentos e",Canadá,1159937,752380,comexstat,2026-10-08
2025,09,6802,"Pedras de cantaria ou de construção (exceto de ardósia) trabalhadas e obras destas pedras, exceto as da posição 6801; cubos, pastilhas e artigos semelhantes, para mosaicos, de pedra natural (incluída a ardósia), mesmo com suporte; grânulos, fragmentos e",China,1156628,447973,comexstat,2026-10-08
2025,06,6802,"Pedras de cantaria ou de construção (exceto de ardósia) trabalhadas e obras destas pedras, exceto as da posição 6801; cubos, pastilhas e artigos semelhantes, para mosaicos, de pedra natural (incluída a ardósia), mesmo com suporte; grânulos, fragmentos e",Polônia,1141055,590033,comexstat,2026-10-08
2025,12,6802,"Pedras de cantaria ou de construção (exceto de ardósia) trabalhadas e obras destas pedras, exceto as da posição 6801; cubos, pastilhas e artigos semelhantes, para mosaicos, de pedra natural (incluída a ardósia), mesmo com suporte; grânulos, fragmentos e",China,1138475,351980,comexstat,2026-10-08
2025,10,6802,"Pedras de cantaria ou de construção (exceto de ardósia) trabalhadas e obras destas pedras, exceto as da posição 6801; cubos, pastilhas e artigos semelhantes, para mosaicos, de pedra natural (incluída a ardósia), mesmo com suporte; grânulos, fragmentos e",Argentina,1135130,1360020,comexstat,2026-10-08
2025,01,2516,"Granito, pórfiro, basalto, arenito e outras pedras de cantaria ou de construção, mesmo desbastados ou simplesmente cortados à serra ou por outro meio, em blocos ou placas de forma quadrada ou rectangular",Itália,1132767,3292527,comexstat,2026-10-08
2025,03,6802,"Pedras de cantaria ou de construção (exceto de ardósia) trabalhadas e obras destas pedras, exceto as da posição 6801; cubos, pastilhas e artigos semelhantes, para mosaicos, de pedra natural (incluída a ardósia), mesmo com suporte; grânulos, fragmentos e",Espanha,1130530,646398,comexstat,2026-10-08
2025,03,6802,"Pedras de cantaria ou de construção (exceto de ardósia) trabalhadas e obras destas pedras, exceto as da posição 6801; cubos, pastilhas e artigos semelhantes, para mosaicos, de pedra natural (incluída a ardósia), mesmo com suporte; grânulos, fragmentos e",Emirados Árabes Unidos,1082703,665502,comexstat,2026-10-08
2025,02,6802,"Pedras de cantaria ou de construção (exceto de ardósia) trabalhadas e obras destas pedras, exceto as da posição 6801; cubos, pastilhas e artigos semelhantes, para mosaicos, de pedra natural (incluída a ardósia), mesmo com suporte; grânulos, fragmentos e",Israel,1071794,531524,comexstat,2026-10-08
2025,05,6803,Ardósia natural trabalhada e obras de ardósia natural ou aglomerada,Estados Unidos,1027838,1940840,comexstat,2026-10-08
2025,12,6802,"Pedras de cantaria ou de construção (exceto de ardósia) trabalhadas e obras destas pedras, exceto as da posição 6801; cubos, pastilhas e artigos semelhantes, para mosaicos, de pedra natural (incluída a ardósia), mesmo com suporte; grânulos, fragmentos e",Polônia,1017403,790027,comexstat,2026-10-08
2025,01,6802,"Pedras de cantaria ou de construção (exceto de ardósia) trabalhadas e obras destas pedras, exceto as da posição 6801; cubos, pastilhas e artigos semelhantes, para mosaicos, de pedra natural (incluída a ardósia), mesmo com suporte; grânulos, fragmentos e",Polônia,992392,573368,comexstat,2026-10-08
2025,11,2515,"Mármores, travertinos, granitos belgas e outras pedras calcárias de cantaria ou de construção, de densidade aparente igual ou superior a 2,5, e alabastro, mesmo desbastados ou simplesmente cortados à serra ou por outro meio, em blocos ou placas de forma q",China,978624,1943340,comexstat,2026-10-08
2025,05,6802,"Pedras de cantaria ou de construção (exceto de ardósia) trabalhadas e obras destas pedras, exceto as da posição 6801; cubos, pastilhas e artigos semelhantes, para mosaicos, de pedra natural (incluída a ardósia), mesmo com suporte; grânulos, fragmentos e",Colômbia,955086,1870075,comexstat,2026-10-08
2025,03,6802,"Pedras de cantaria ou de construção (exceto de ardósia) trabalhadas e obras destas pedras, exceto as da posição 6801; cubos, pastilhas e artigos semelhantes, para mosaicos, de pedra natural (incluída a ardósia), mesmo com suporte; grânulos, fragmentos e",Argentina,924123,1519409,comexstat,2026-10-08
2025,03,6802,"Pedras de cantaria ou de construção (exceto de ardósia) trabalhadas e obras destas pedras, exceto as da posição 6801; cubos, pastilhas e artigos semelhantes, para mosaicos, de pedra natural (incluída a ardósia), mesmo com suporte; grânulos, fragmentos e",Colômbia,922429,2186867,comexstat,2026-10-08
2025,10,2516,"Granito, pórfiro, basalto, arenito e outras pedras de cantaria ou de construção, mesmo desbastados ou simplesmente cortados à serra ou por outro meio, em blocos ou placas de forma quadrada ou rectangular",Itália,919637,2919071,comexstat,2026-10-08
2025,11,6802,"Pedras de cantaria ou de construção (exceto de ardósia) trabalhadas e obras destas pedras, exceto as da posição 6801; cubos, pastilhas e artigos semelhantes, para mosaicos, de pedra natural (incluída a ardósia), mesmo com suporte; grânulos, fragmentos e",China,919322,374865,comexstat,2026-10-08
2025,12,6802,"Pedras de cantaria ou de construção (exceto de ardósia) trabalhadas e obras destas pedras, exceto as da posição 6801; cubos, pastilhas e artigos semelhantes, para mosaicos, de pedra natural (incluída a ardósia), mesmo com suporte; grânulos, fragmentos e",Vietnã,915499,902422,comexstat,2026-10-08
2025,07,2515,"Mármores, travertinos, granitos belgas e outras pedras calcárias de cantaria ou de construção, de densidade aparente igual ou superior a 2,5, e alabastro, mesmo desbastados ou simplesmente cortados à serra ou por outro meio, em blocos ou placas de forma q",Itália,900707,1245071,comexstat,2026-10-08
2025,12,6802,"Pedras de cantaria ou de construção (exceto de ardósia) trabalhadas e obras destas pedras, exceto as da posição 6801; cubos, pastilhas e artigos semelhantes, para mosaicos, de pedra natural (incluída a ardósia), mesmo com suporte; grânulos, fragmentos e",Alemanha,882455,391849,comexstat,2026-10-08
2025,04,6802,"Pedras de cantaria ou de construção (exceto de ardósia) trabalhadas e obras destas pedras, exceto as da posição 6801; cubos, pastilhas e artigos semelhantes, para mosaicos, de pedra natural (incluída a ardósia), mesmo com suporte; grânulos, fragmentos e",Alemanha,872244,597117,comexstat,2026-10-08
2025,06,6802,"Pedras de cantaria ou de construção (exceto de ardósia) trabalhadas e obras destas pedras, exceto as da posição 6801; cubos, pastilhas e artigos semelhantes, para mosaicos, de pedra natural (incluída a ardósia), mesmo com suporte; grânulos, fragmentos e",Austrália,868730,364608,comexstat,2026-10-08
2025,08,6803,Ardósia natural trabalhada e obras de ardósia natural ou aglomerada,Estados Unidos,868499,1696833,comexstat,2026-10-08
2025,07,6802,"Pedras de cantaria ou de construção (exceto de ardósia) trabalhadas e obras destas pedras, exceto as da posição 6801; cubos, pastilhas e artigos semelhantes, para mosaicos, de pedra natural (incluída a ardósia), mesmo com suporte; grânulos, fragmentos e",China,865922,304375,comexstat,2026-10-08
2025,08,6802,"Pedras de cantaria ou de construção (exceto de ardósia) trabalhadas e obras destas pedras, exceto as da posição 6801; cubos, pastilhas e artigos semelhantes, para mosaicos, de pedra natural (incluída a ardósia), mesmo com suporte; grânulos, fragmentos e",Emirados Árabes Unidos,864379,393342,comexstat,2026-10-08
2025,12,2516,"Granito, pórfiro, basalto, arenito e outras pedras de cantaria ou de construção, mesmo desbastados ou simplesmente cortados à serra ou por outro meio, em blocos ou placas de forma quadrada ou rectangular",Itália,849970,2424001,comexstat,2026-10-08
2025,10,6802,"Pedras de cantaria ou de construção (exceto de ardósia) trabalhadas e obras destas pedras, exceto as da posição 6801; cubos, pastilhas e artigos semelhantes, para mosaicos, de pedra natural (incluída a ardósia), mesmo com suporte; grânulos, fragmentos e",Rússia,844856,390043,comexstat,2026-10-08
2025,01,6803,Ardósia natural trabalhada e obras de ardósia natural ou aglomerada,Estados Unidos,839402,1479756,comexstat,2026-10-08
2025,10,6802,"Pedras de cantaria ou de construção (exceto de ardósia) trabalhadas e obras destas pedras, exceto as da posição 6801; cubos, pastilhas e artigos semelhantes, para mosaicos, de pedra natural (incluída a ardósia), mesmo com suporte; grânulos, fragmentos e",Emirados Árabes Unidos,837420,530074,comexstat,2026-10-08
2025,04,6802,"Pedras de cantaria ou de construção (exceto de ardósia) trabalhadas e obras destas pedras, exceto as da posição 6801; cubos, pastilhas e artigos semelhantes, para mosaicos, de pedra natural (incluída a ardósia), mesmo com suporte; grânulos, fragmentos e",Israel,824097,345873,comexstat,2026-10-08
2025,12,6802,"Pedras de cantaria ou de construção (exceto de ardósia) trabalhadas e obras destas pedras, exceto as da posição 6801; cubos, pastilhas e artigos semelhantes, para mosaicos, de pedra natural (incluída a ardósia), mesmo com suporte; grânulos, fragmentos e",Bélgica,823718,367811,comexstat,2026-10-08
2025,02,6802,"Pedras de cantaria ou de construção (exceto de ardósia) trabalhadas e obras destas pedras, exceto as da posição 6801; cubos, pastilhas e artigos semelhantes, para mosaicos, de pedra natural (incluída a ardósia), mesmo com suporte; grânulos, fragmentos e",Alemanha,822496,455737,comexstat,2026-10-08
2025,04,6802,"Pedras de cantaria ou de construção (exceto de ardósia) trabalhadas e obras destas pedras, exceto as da posição 6801; cubos, pastilhas e artigos semelhantes, para mosaicos, de pedra natural (incluída a ardósia), mesmo com suporte; grânulos, fragmentos e",Canadá,821204,420547,comexstat,2026-10-08
2025,03,6802,"Pedras de cantaria ou de construção (exceto de ardósia) trabalhadas e obras destas pedras, exceto as da posição 6801; cubos, pastilhas e artigos semelhantes, para mosaicos, de pedra natural (incluída a ardósia), mesmo com suporte; grânulos, fragmentos e",Índia,820339,314851,comexstat,2026-10-08
2025,08,6802,"Pedras de cantaria ou de construção (exceto de ardósia) trabalhadas e obras destas pedras, exceto as da posição 6801; cubos, pastilhas e artigos semelhantes, para mosaicos, de pedra natural (incluída a ardósia), mesmo com suporte; grânulos, fragmentos e",China,817800,352780,comexstat,2026-10-08
2025,01,6802,"Pedras de cantaria ou de construção (exceto de ardósia) trabalhadas e obras destas pedras, exceto as da posição 6801; cubos, pastilhas e artigos semelhantes, para mosaicos, de pedra natural (incluída a ardósia), mesmo com suporte; grânulos, fragmentos e",Vietnã,813125,666421,comexstat,2026-10-08
2025,10,6802,"Pedras de cantaria ou de construção (exceto de ardósia) trabalhadas e obras destas pedras, exceto as da posição 6801; cubos, pastilhas e artigos semelhantes, para mosaicos, de pedra natural (incluída a ardósia), mesmo com suporte; grânulos, fragmentos e",Vietnã,812662,827794,comexstat,2026-10-08
2025,03,6802,"Pedras de cantaria ou de construção (exceto de ardósia) trabalhadas e obras destas pedras, exceto as da posição 6801; cubos, pastilhas e artigos semelhantes, para mosaicos, de pedra natural (incluída a ardósia), mesmo com suporte; grânulos, fragmentos e",Alemanha,811800,474478,comexstat,2026-10-08
2025,02,6802,"Pedras de cantaria ou de construção (exceto de ardósia) trabalhadas e obras destas pedras, exceto as da posição 6801; cubos, pastilhas e artigos semelhantes, para mosaicos, de pedra natural (incluída a ardósia), mesmo com suporte; grânulos, fragmentos e",Emirados Árabes Unidos,799207,557114,comexstat,2026-10-08
2025,06,6802,"Pedras de cantaria ou de construção (exceto de ardósia) trabalhadas e obras destas pedras, exceto as da posição 6801; cubos, pastilhas e artigos semelhantes, para mosaicos, de pedra natural (incluída a ardósia), mesmo com suporte; grânulos, fragmentos e",Canadá,798848,495711,comexstat,2026-10-08
2025,06,6802,"Pedras de cantaria ou de construção (exceto de ardósia) trabalhadas e obras destas pedras, exceto as da posição 6801; cubos, pastilhas e artigos semelhantes, para mosaicos, de pedra natural (incluída a ardósia), mesmo com suporte; grânulos, fragmentos e",Argentina,798143,917127,comexstat,2026-10-08
2025,01,6802,"Pedras de cantaria ou de construção (exceto de ardósia) trabalhadas e obras destas pedras, exceto as da posição 6801; cubos, pastilhas e artigos semelhantes, para mosaicos, de pedra natural (incluída a ardósia), mesmo com suporte; grânulos, fragmentos e",Emirados Árabes Unidos,792567,337450,comexstat,2026-10-08
2025,09,6802,"Pedras de cantaria ou de construção (exceto de ardósia) trabalhadas e obras destas pedras, exceto as da posição 6801; cubos, pastilhas e artigos semelhantes, para mosaicos, de pedra natural (incluída a ardósia), mesmo com suporte; grânulos, fragmentos e",Vietnã,792287,685864,comexstat,2026-10-08
2025,05,6802,"Pedras de cantaria ou de construção (exceto de ardósia) trabalhadas e obras destas pedras, exceto as da posição 6801; cubos, pastilhas e artigos semelhantes, para mosaicos, de pedra natural (incluída a ardósia), mesmo com suporte; grânulos, fragmentos e",Polônia,786709,618987,comexstat,2026-10-08
2025,05,2515,"Mármores, travertinos, granitos belgas e outras pedras calcárias de cantaria ou de construção, de densidade aparente igual ou superior a 2,5, e alabastro, mesmo desbastados ou simplesmente cortados à serra ou por outro meio, em blocos ou placas de forma q",Itália,785629,907200,comexstat,2026-10-08
2025,10,2515,"Mármores, travertinos, granitos belgas e outras pedras calcárias de cantaria ou de construção, de densidade aparente igual ou superior a 2,5, e alabastro, mesmo desbastados ou simplesmente cortados à serra ou por outro meio, em blocos ou placas de forma q",Itália,766810,815555,comexstat,2026-10-08
2025,02,6802,"Pedras de cantaria ou de construção (exceto de ardósia) trabalhadas e obras destas pedras, exceto as da posição 6801; cubos, pastilhas e artigos semelhantes, para mosaicos, de pedra natural (incluída a ardósia), mesmo com suporte; grânulos, fragmentos e",China,765123,300177,comexstat,2026-10-08
2025,11,6803,Ardósia natural trabalhada e obras de ardósia natural ou aglomerada,Estados Unidos,752485,1402298,comexstat,2026-10-08
2025,03,6803,Ardósia natural trabalhada e obras de ardósia natural ou aglomerada,Estados Unidos,751668,1398885,comexstat,2026-10-08
2025,09,6802,"Pedras de cantaria ou de construção (exceto de ardósia) trabalhadas e obras destas pedras, exceto as da posição 6801; cubos, pastilhas e artigos semelhantes, para mosaicos, de pedra natural (incluída a ardósia), mesmo com suporte; grânulos, fragmentos e",Polônia,743482,552670,comexstat,2026-10-08
2025,02,2515,"Mármores, travertinos, granitos belgas e outras pedras calcárias de cantaria ou de construção, de densidade aparente igual ou superior a 2,5, e alabastro, mesmo desbastados ou simplesmente cortados à serra ou por outro meio, em blocos ou placas de forma q",China,743360,2000270,comexstat,2026-10-08
2025,12,6802,"Pedras de cantaria ou de construção (exceto de ardósia) trabalhadas e obras destas pedras, exceto as da posição 6801; cubos, pastilhas e artigos semelhantes, para mosaicos, de pedra natural (incluída a ardósia), mesmo com suporte; grânulos, fragmentos e",Argentina,742751,773711,comexstat,2026-10-08
2025,07,6802,"Pedras de cantaria ou de construção (exceto de ardósia) trabalhadas e obras destas pedras, exceto as da posição 6801; cubos, pastilhas e artigos semelhantes, para mosaicos, de pedra natural (incluída a ardósia), mesmo com suporte; grânulos, fragmentos e",Argentina,733213,1056881,comexstat,2026-10-08
2025,01,6802,"Pedras de cantaria ou de construção (exceto de ardósia) trabalhadas e obras destas pedras, exceto as da posição 6801; cubos, pastilhas e artigos semelhantes, para mosaicos, de pedra natural (incluída a ardósia), mesmo com suporte; grânulos, fragmentos e",Argentina,726904,933175,comexstat,2026-10-08
2025,07,6802,"Pedras de cantaria ou de construção (exceto de ardósia) trabalhadas e obras destas pedras, exceto as da posição 6801; cubos, pastilhas e artigos semelhantes, para mosaicos, de pedra natural (incluída a ardósia), mesmo com suporte; grânulos, fragmentos e",Alemanha,721041,398982,comexstat,2026-10-08
2025,07,6802,"Pedras de cantaria ou de construção (exceto de ardósia) trabalhadas e obras destas pedras, exceto as da posição 6801; cubos, pastilhas e artigos semelhantes, para mosaicos, de pedra natural (incluída a ardósia), mesmo com suporte; grânulos, fragmentos e",Polônia,719770,411620,comexstat,2026-10-08
2025,04,6803,Ardósia natural trabalhada e obras de ardósia natural ou aglomerada,Estados Unidos,712129,1145216,comexstat,2026-10-08
2025,10,6802,"Pedras de cantaria ou de construção (exceto de ardósia) trabalhadas e obras destas pedras, exceto as da posição 6801; cubos, pastilhas e artigos semelhantes, para mosaicos, de pedra natural (incluída a ardósia), mesmo com suporte; grânulos, fragmentos e",Índia,702380,367887,comexstat,2026-10-08
2025,08,2516,"Granito, pórfiro, basalto, arenito e outras pedras de cantaria ou de construção, mesmo desbastados ou simplesmente cortados à serra ou por outro meio, em blocos ou placas de forma quadrada ou rectangular",Taiwan (Formosa),696682,4704520,comexstat,2026-10-08
2025,09,6803,Ardósia natural trabalhada e obras de ardósia natural ou aglomerada,Irlanda,692694,1588355,comexstat,2026-10-08
2025,10,2516,"Granito, pórfiro, basalto, arenito e outras pedras de cantaria ou de construção, mesmo desbastados ou simplesmente cortados à serra ou por outro meio, em blocos ou placas de forma quadrada ou rectangular",Taiwan (Formosa),692561,5298410,comexstat,2026-10-08
2025,10,6802,"Pedras de cantaria ou de construção (exceto de ardósia) trabalhadas e obras destas pedras, exceto as da posição 6801; cubos, pastilhas e artigos semelhantes, para mosaicos, de pedra natural (incluída a ardósia), mesmo com suporte; grânulos, fragmentos e",Alemanha,675463,343382,comexstat,2026-10-08
2025,09,6803,Ardósia natural trabalhada e obras de ardósia natural ou aglomerada,Estados Unidos,673619,1356578,comexstat,2026-10-08
2025,06,6803,Ardósia natural trabalhada e obras de ardósia natural ou aglomerada,Estados Unidos,666314,1244979,comexstat,2026-10-08
2025,02,6802,"Pedras de cantaria ou de construção (exceto de ardósia) trabalhadas e obras destas pedras, exceto as da posição 6801; cubos, pastilhas e artigos semelhantes, para mosaicos, de pedra natural (incluída a ardósia), mesmo com suporte; grânulos, fragmentos e",Vietnã,665655,550103,comexstat,2026-10-08
2025,08,6802,"Pedras de cantaria ou de construção (exceto de ardósia) trabalhadas e obras destas pedras, exceto as da posição 6801; cubos, pastilhas e artigos semelhantes, para mosaicos, de pedra natural (incluída a ardósia), mesmo com suporte; grânulos, fragmentos e",Vietnã,664263,484836,comexstat,2026-10-08
2025,10,6803,Ardósia natural trabalhada e obras de ardósia natural ou aglomerada,Estados Unidos,664130,1278835,comexstat,2026-10-08
2025,11,6802,"Pedras de cantaria ou de construção (exceto de ardósia) trabalhadas e obras destas pedras, exceto as da posição 6801; cubos, pastilhas e artigos semelhantes, para mosaicos, de pedra natural (incluída a ardósia), mesmo com suporte; grânulos, fragmentos e",Polônia,653631,292392,comexstat,2026-10-08
2025,12,6803,Ardósia natural trabalhada e obras de ardósia natural ou aglomerada,Estados Unidos,649173,1229116,comexstat,2026-10-08
2025,04,6802,"Pedras de cantaria ou de construção (exceto de ardósia) trabalhadas e obras destas pedras, exceto as da posição 6801; cubos, pastilhas e artigos semelhantes, para mosaicos, de pedra natural (incluída a ardósia), mesmo com suporte; grânulos, fragmentos e",Vietnã,646464,661986,comexstat,2026-10-08
2025,03,2515,"Mármores, travertinos, granitos belgas e outras pedras calcárias de cantaria ou de construção, de densidade aparente igual ou superior a 2,5, e alabastro, mesmo desbastados ou simplesmente cortados à serra ou por outro meio, em blocos ou placas de forma q",Itália,645496,930540,comexstat,2026-10-08
2025,02,6803,Ardósia natural trabalhada e obras de ardósia natural ou aglomerada,Estados Unidos,641399,1248605,comexstat,2026-10-08
2025,03,6802,"Pedras de cantaria ou de construção (exceto de ardósia) trabalhadas e obras destas pedras, exceto as da posição 6801; cubos, pastilhas e artigos semelhantes, para mosaicos, de pedra natural (incluída a ardósia), mesmo com suporte; grânulos, fragmentos e",Reino Unido,637154,314682,comexstat,2026-10-08
2025,11,6802,"Pedras de cantaria ou de construção (exceto de ardósia) trabalhadas e obras destas pedras, exceto as da posição 6801; cubos, pastilhas e artigos semelhantes, para mosaicos, de pedra natural (incluída a ardósia), mesmo com suporte; grânulos, fragmentos e",Austrália,631278,245294,comexstat,2026-10-08
2025,02,2516,"Granito, pórfiro, basalto, arenito e outras pedras de cantaria ou de construção, mesmo desbastados ou simplesmente cortados à serra ou por outro meio, em blocos ou placas de forma quadrada ou rectangular",Itália,625759,442970,comexstat,2026-10-08
2025,11,6802,"Pedras de cantaria ou de construção (exceto de ardósia) trabalhadas e obras destas pedras, exceto as da posição 6801; cubos, pastilhas e artigos semelhantes, para mosaicos, de pedra natural (incluída a ardósia), mesmo com suporte; grânulos, fragmentos e",República Dominicana,617135,1269486,comexstat,2026-10-08
2025,05,6802,"Pedras de cantaria ou de construção (exceto de ardósia) trabalhadas e obras destas pedras, exceto as da posição 6801; cubos, pastilhas e artigos semelhantes, para mosaicos, de pedra natural (incluída a ardósia), mesmo com suporte; grânulos, fragmentos e",Vietnã,612973,745533,comexstat,2026-10-08
2025,10,6802,"Pedras de cantaria ou de construção (exceto de ardósia) trabalhadas e obras destas pedras, exceto as da posição 6801; cubos, pastilhas e artigos semelhantes, para mosaicos, de pedra natural (incluída a ardósia), mesmo com suporte; grânulos, fragmentos e",Colômbia,605515,1282668,comexstat,2026-10-08
2025,11,6802,"Pedras de cantaria ou de construção (exceto de ardósia) trabalhadas e obras destas pedras, exceto as da posição 6801; cubos, pastilhas e artigos semelhantes, para mosaicos, de pedra natural (incluída a ardósia), mesmo com suporte; grânulos, fragmentos e",Colômbia,605499,1210784,comexstat,2026-10-08
2025,10,6802,"Pedras de cantaria ou de construção (exceto de ardósia) trabalhadas e obras destas pedras, exceto as da posição 6801; cubos, pastilhas e artigos semelhantes, para mosaicos, de pedra natural (incluída a ardósia), mesmo com suporte; grânulos, fragmentos e",Itália,600851,386163,comexstat,2026-10-08
2025,07,6803,Ardósia natural trabalhada e obras de ardósia natural ou aglomerada,Estados Unidos,600285,1270253,comexstat,2026-10-08
2025,12,6802,"Pedras de cantaria ou de construção (exceto de ardósia) trabalhadas e obras destas pedras, exceto as da posição 6801; cubos, pastilhas e artigos semelhantes, para mosaicos, de pedra natural (incluída a ardósia), mesmo com suporte; grânulos, fragmentos e",Países Baixos (Holanda),597200,221373,comexstat,2026-10-08
2025,06,6802,"Pedras de cantaria ou de construção (exceto de ardósia) trabalhadas e obras destas pedras, exceto as da posição 6801; cubos, pastilhas e artigos semelhantes, para mosaicos, de pedra natural (incluída a ardósia), mesmo com suporte; grânulos, fragmentos e",França,592085,373169,comexstat,2026-10-08
2025,05,6802,"Pedras de cantaria ou de construção (exceto de ardósia) trabalhadas e obras destas pedras, exceto as da posição 6801; cubos, pastilhas e artigos semelhantes, para mosaicos, de pedra natural (incluída a ardósia), mesmo com suporte; grânulos, fragmentos e",Alemanha,585444,349843,comexstat,2026-10-08
2025,05,6802,"Pedras de cantaria ou de construção (exceto de ardósia) trabalhadas e obras destas pedras, exceto as da posição 6801; cubos, pastilhas e artigos semelhantes, para mosaicos, de pedra natural (incluída a ardósia), mesmo com suporte; grânulos, fragmentos e",Rússia,579907,239631,comexstat,2026-10-08
2025,06,6802,"Pedras de cantaria ou de construção (exceto de ardósia) trabalhadas e obras destas pedras, exceto as da posição 6801; cubos, pastilhas e artigos semelhantes, para mosaicos, de pedra natural (incluída a ardósia), mesmo com suporte; grânulos, fragmentos e",China,572388,262050,comexstat,2026-10-08
2025,12,6802,"Pedras de cantaria ou de construção (exceto de ardósia) trabalhadas e obras destas pedras, exceto as da posição 6801; cubos, pastilhas e artigos semelhantes, para mosaicos, de pedra natural (incluída a ardósia), mesmo com suporte; grânulos, fragmentos e",Turquia,566583,255725,comexstat,2026-10-08
2025,03,6802,"Pedras de cantaria ou de construção (exceto de ardósia) trabalhadas e obras destas pedras, exceto as da posição 6801; cubos, pastilhas e artigos semelhantes, para mosaicos, de pedra natural (incluída a ardósia), mesmo com suporte; grânulos, fragmentos e",Portugal,564556,378324,comexstat,2026-10-08
2025,08,2515,"Mármores, travertinos, granitos belgas e outras pedras calcárias de cantaria ou de construção, de densidade aparente igual ou superior a 2,5, e alabastro, mesmo desbastados ou simplesmente cortados à serra ou por outro meio, em blocos ou placas de forma q",Itália,555431,1014890,comexstat,2026-10-08
2025,12,2516,"Granito, pórfiro, basalto, arenito e outras pedras de cantaria ou de construção, mesmo desbastados ou simplesmente cortados à serra ou por outro meio, em blocos ou placas de forma quadrada ou rectangular",Coreia do Sul,555367,120870,comexstat,2026-10-08
2025,08,6802,"Pedras de cantaria ou de construção (exceto de ardósia) trabalhadas e obras destas pedras, exceto as da posição 6801; cubos, pastilhas e artigos semelhantes, para mosaicos, de pedra natural (incluída a ardósia), mesmo com suporte; grânulos, fragmentos e",Israel,544358,203784,comexstat,2026-10-08
2025,05,6802,"Pedras de cantaria ou de construção (exceto de ardósia) trabalhadas e obras destas pedras, exceto as da posição 6801; cubos, pastilhas e artigos semelhantes, para mosaicos, de pedra natural (incluída a ardósia), mesmo com suporte; grânulos, fragmentos e",China,543873,146665,comexstat,2026-10-08
2025,11,6802,"Pedras de cantaria ou de construção (exceto de ardósia) trabalhadas e obras destas pedras, exceto as da posição 6801; cubos, pastilhas e artigos semelhantes, para mosaicos, de pedra natural (incluída a ardósia), mesmo com suporte; grânulos, fragmentos e",Vietnã,541905,498124,comexstat,2026-10-08
2025,05,6802,"Pedras de cantaria ou de construção (exceto de ardósia) trabalhadas e obras destas pedras, exceto as da posição 6801; cubos, pastilhas e artigos semelhantes, para mosaicos, de pedra natural (incluída a ardósia), mesmo com suporte; grânulos, fragmentos e",Argentina,540513,943185,comexstat,2026-10-08
2025,07,6802,"Pedras de cantaria ou de construção (exceto de ardósia) trabalhadas e obras destas pedras, exceto as da posição 6801; cubos, pastilhas e artigos semelhantes, para mosaicos, de pedra natural (incluída a ardósia), mesmo com suporte; grânulos, fragmentos e",República Dominicana,535370,920402,comexstat,2026-10-08
2025,10,6802,"Pedras de cantaria ou de construção (exceto de ardósia) trabalhadas e obras destas pedras, exceto as da posição 6801; cubos, pastilhas e artigos semelhantes, para mosaicos, de pedra natural (incluída a ardósia), mesmo com suporte; grânulos, fragmentos e",Polônia,534341,303060,comexstat,2026-10-08
2025,12,6802,"Pedras de cantaria ou de construção (exceto de ardósia) trabalhadas e obras destas pedras, exceto as da posição 6801; cubos, pastilhas e artigos semelhantes, para mosaicos, de pedra natural (incluída a ardósia), mesmo com suporte; grânulos, fragmentos e",Emirados Árabes Unidos,533284,346968,comexstat,2026-10-08
2025,08,6802,"Pedras de cantaria ou de construção (exceto de ardósia) trabalhadas e obras destas pedras, exceto as da posição 6801; cubos, pastilhas e artigos semelhantes, para mosaicos, de pedra natural (incluída a ardósia), mesmo com suporte; grânulos, fragmentos e",Polônia,530469,345778,comexstat,2026-10-08
2025,02,6802,"Pedras de cantaria ou de construção (exceto de ardósia) trabalhadas e obras destas pedras, exceto as da posição 6801; cubos, pastilhas e artigos semelhantes, para mosaicos, de pedra natural (incluída a ardósia), mesmo com suporte; grânulos, fragmentos e",Bélgica,528452,248932,comexstat,2026-10-08
2025,06,6802,"Pedras de cantaria ou de construção (exceto de ardósia) trabalhadas e obras destas pedras, exceto as da posição 6801; cubos, pastilhas e artigos semelhantes, para mosaicos, de pedra natural (incluída a ardósia), mesmo com suporte; grânulos, fragmentos e",República Dominicana,506302,1103536,comexstat,2026-10-08
2025,11,6802,"Pedras de cantaria ou de construção (exceto de ardósia) trabalhadas e obras destas pedras, exceto as da posição 6801; cubos, pastilhas e artigos semelhantes, para mosaicos, de pedra natural (incluída a ardósia), mesmo com suporte; grânulos, fragmentos e",Argentina,505741,657782,comexstat,2026-10-08
2025,05,2516,"Granito, pórfiro, basalto, arenito e outras pedras de cantaria ou de construção, mesmo desbastados ou simplesmente cortados à serra ou por outro meio, em blocos ou placas de forma quadrada ou rectangular",Índia,505419,68459,comexstat,2026-10-08
2025,05,6802,"Pedras de cantaria ou de construção (exceto de ardósia) trabalhadas e obras destas pedras, exceto as da posição 6801; cubos, pastilhas e artigos semelhantes, para mosaicos, de pedra natural (incluída a ardósia), mesmo com suporte; grânulos, fragmentos e",França,505117,200969,comexstat,2026-10-08
2025,11,6802,"Pedras de cantaria ou de construção (exceto de ardósia) trabalhadas e obras destas pedras, exceto as da posição 6801; cubos, pastilhas e artigos semelhantes, para mosaicos, de pedra natural (incluída a ardósia), mesmo com suporte; grânulos, fragmentos e",Bélgica,498046,222524,comexstat,2026-10-08
2025,05,6802,"Pedras de cantaria ou de construção (exceto de ardósia) trabalhadas e obras destas pedras, exceto as da posição 6801; cubos, pastilhas e artigos semelhantes, para mosaicos, de pedra natural (incluída a ardósia), mesmo com suporte; grânulos, fragmentos e",República Dominicana,495610,1050981,comexstat,2026-10-08
2025,01,6802,"Pedras de cantaria ou de construção (exceto de ardósia) trabalhadas e obras destas pedras, exceto as da posição 6801; cubos, pastilhas e artigos semelhantes, para mosaicos, de pedra natural (incluída a ardósia), mesmo com suporte; grânulos, fragmentos e",Alemanha,492534,281324,comexstat,2026-10-08
2025,03,6802,"Pedras de cantaria ou de construção (exceto de ardósia) trabalhadas e obras destas pedras, exceto as da posição 6801; cubos, pastilhas e artigos semelhantes, para mosaicos, de pedra natural (incluída a ardósia), mesmo com suporte; grânulos, fragmentos e",Polônia,492405,352722,comexstat,2026-10-08
2025,03,6802,"Pedras de cantaria ou de construção (exceto de ardósia) trabalhadas e obras destas pedras, exceto as da posição 6801; cubos, pastilhas e artigos semelhantes, para mosaicos, de pedra natural (incluída a ardósia), mesmo com suporte; grânulos, fragmentos e",República Dominicana,491962,994108,comexstat,2026-10-08
2025,11,6802,"Pedras de cantaria ou de construção (exceto de ardósia) trabalhadas e obras destas pedras, exceto as da posição 6801; cubos, pastilhas e artigos semelhantes, para mosaicos, de pedra natural (incluída a ardósia), mesmo com suporte; grânulos, fragmentos e",Portugal,489983,230264,comexstat,2026-10-08
2025,01,6802,"Pedras de cantaria ou de construção (exceto de ardósia) trabalhadas e obras destas pedras, exceto as da posição 6801; cubos, pastilhas e artigos semelhantes, para mosaicos, de pedra natural (incluída a ardósia), mesmo com suporte; grânulos, fragmentos e",Colômbia,486043,1131798,comexstat,2026-10-08
2025,05,6802,"Pedras de cantaria ou de construção (exceto de ardósia) trabalhadas e obras destas pedras, exceto as da posição 6801; cubos, pastilhas e artigos semelhantes, para mosaicos, de pedra natural (incluída a ardósia), mesmo com suporte; grânulos, fragmentos e",Bélgica,482893,188821,comexstat,2026-10-08
2025,01,2516,"Granito, pórfiro, basalto, arenito e outras pedras de cantaria ou de construção, mesmo desbastados ou simplesmente cortados à serra ou por outro meio, em blocos ou placas de forma quadrada ou rectangular",Taiwan (Formosa),482791,3043360,comexstat,2026-10-08
2025,04,6802,"Pedras de cantaria ou de construção (exceto de ardósia) trabalhadas e obras destas pedras, exceto as da posição 6801; cubos, pastilhas e artigos semelhantes, para mosaicos, de pedra natural (incluída a ardósia), mesmo com suporte; grânulos, fragmentos e",Argentina,475064,783349,comexstat,2026-10-08
2025,11,6802,"Pedras de cantaria ou de construção (exceto de ardósia) trabalhadas e obras destas pedras, exceto as da posição 6801; cubos, pastilhas e artigos semelhantes, para mosaicos, de pedra natural (incluída a ardósia), mesmo com suporte; grânulos, fragmentos e",Países Baixos (Holanda),474378,262626,comexstat,2026-10-08
2025,03,6802,"Pedras de cantaria ou de construção (exceto de ardósia) trabalhadas e obras destas pedras, exceto as da posição 6801; cubos, pastilhas e artigos semelhantes, para mosaicos, de pedra natural (incluída a ardósia), mesmo com suporte; grânulos, fragmentos e",Rússia,474117,235095,comexstat,2026-10-08
2025,12,6803,Ardósia natural trabalhada e obras de ardósia natural ou aglomerada,Irlanda,469008,1093612,comexstat,2026-10-08
2025,04,6802,"Pedras de cantaria ou de construção (exceto de ardósia) trabalhadas e obras destas pedras, exceto as da posição 6801; cubos, pastilhas e artigos semelhantes, para mosaicos, de pedra natural (incluída a ardósia), mesmo com suporte; grânulos, fragmentos e",Colômbia,461261,1077632,comexstat,2026-10-08
2025,01,6802,"Pedras de cantaria ou de construção (exceto de ardósia) trabalhadas e obras destas pedras, exceto as da posição 6801; cubos, pastilhas e artigos semelhantes, para mosaicos, de pedra natural (incluída a ardósia), mesmo com suporte; grânulos, fragmentos e",Bélgica,456047,173917,comexstat,2026-10-08
2025,01,6802,"Pedras de cantaria ou de construção (exceto de ardósia) trabalhadas e obras destas pedras, exceto as da posição 6801; cubos, pastilhas e artigos semelhantes, para mosaicos, de pedra natural (incluída a ardósia), mesmo com suporte; grânulos, fragmentos e",República Dominicana,453216,809486,comexstat,2026-10-08
2025,09,2516,"Granito, pórfiro, basalto, arenito e outras pedras de cantaria ou de construção, mesmo desbastados ou simplesmente cortados à serra ou por outro meio, em blocos ou placas de forma quadrada ou rectangular",Taiwan (Formosa),447441,2964140,comexstat,2026-10-08
2025,07,6802,"Pedras de cantaria ou de construção (exceto de ardósia) trabalhadas e obras destas pedras, exceto as da posição 6801; cubos, pastilhas e artigos semelhantes, para mosaicos, de pedra natural (incluída a ardósia), mesmo com suporte; grânulos, fragmentos e",Vietnã,443698,435886,comexstat,2026-10-08
2025,06,2516,"Granito, pórfiro, basalto, arenito e outras pedras de cantaria ou de construção, mesmo desbastados ou simplesmente cortados à serra ou por outro meio, em blocos ou placas de forma quadrada ou rectangular",Taiwan (Formosa),439184,2940850,comexstat,2026-10-08
2025,07,6802,"Pedras de cantaria ou de construção (exceto de ardósia) trabalhadas e obras destas pedras, exceto as da posição 6801; cubos, pastilhas e artigos semelhantes, para mosaicos, de pedra natural (incluída a ardósia), mesmo com suporte; grânulos, fragmentos e",Turquia,436392,287557,comexstat,2026-10-08
2025,11,6803,Ardósia natural trabalhada e obras de ardósia natural ou aglomerada,Irlanda,433091,1042244,comexstat,2026-10-08
2025,09,6802,"Pedras de cantaria ou de construção (exceto de ardósia) trabalhadas e obras destas pedras, exceto as da posição 6801; cubos, pastilhas e artigos semelhantes, para mosaicos, de pedra natural (incluída a ardósia), mesmo com suporte; grânulos, fragmentos e",República Dominicana,432173,871102,comexstat,2026-10-08
2025,08,6802,"Pedras de cantaria ou de construção (exceto de ardósia) trabalhadas e obras destas pedras, exceto as da posição 6801; cubos, pastilhas e artigos semelhantes, para mosaicos, de pedra natural (incluída a ardósia), mesmo com suporte; grânulos, fragmentos e",Alemanha,430519,299614,comexstat,2026-10-08
2025,05,6802,"Pedras de cantaria ou de construção (exceto de ardósia) trabalhadas e obras destas pedras, exceto as da posição 6801; cubos, pastilhas e artigos semelhantes, para mosaicos, de pedra natural (incluída a ardósia), mesmo com suporte; grânulos, fragmentos e",Reino Unido,429742,198130,comexstat,2026-10-08
2025,06,6802,"Pedras de cantaria ou de construção (exceto de ardósia) trabalhadas e obras destas pedras, exceto as da posição 6801; cubos, pastilhas e artigos semelhantes, para mosaicos, de pedra natural (incluída a ardósia), mesmo com suporte; grânulos, fragmentos e",Bélgica,427019,232407,comexstat,2026-10-08
2025,08,6802,"Pedras de cantaria ou de construção (exceto de ardósia) trabalhadas e obras destas pedras, exceto as da posição 6801; cubos, pastilhas e artigos semelhantes, para mosaicos, de pedra natural (incluída a ardósia), mesmo com suporte; grânulos, fragmentos e",República Dominicana,423134,787719,comexstat,2026-10-08
2025,09,6802,"Pedras de cantaria ou de construção (exceto de ardósia) trabalhadas e obras destas pedras, exceto as da posição 6801; cubos, pastilhas e artigos semelhantes, para mosaicos, de pedra natural (incluída a ardósia), mesmo com suporte; grânulos, fragmentos e",França,422823,221510,comexstat,2026-10-08
2025,06,6802,"Pedras de cantaria ou de construção (exceto de ardósia) trabalhadas e obras destas pedras, exceto as da posição 6801; cubos, pastilhas e artigos semelhantes, para mosaicos, de pedra natural (incluída a ardósia), mesmo com suporte; grânulos, fragmentos e",Israel,417783,177304,comexstat,2026-10-08
2025,09,6802,"Pedras de cantaria ou de construção (exceto de ardósia) trabalhadas e obras destas pedras, exceto as da posição 6801; cubos, pastilhas e artigos semelhantes, para mosaicos, de pedra natural (incluída a ardósia), mesmo com suporte; grânulos, fragmentos e",Argentina,415928,679800,comexstat,2026-10-08
2025,09,6802,"Pedras de cantaria ou de construção (exceto de ardósia) trabalhadas e obras destas pedras, exceto as da posição 6801; cubos, pastilhas e artigos semelhantes, para mosaicos, de pedra natural (incluída a ardósia), mesmo com suporte; grânulos, fragmentos e",Reino Unido,413991,244229,comexstat,2026-10-08
2025,11,6802,"Pedras de cantaria ou de construção (exceto de ardósia) trabalhadas e obras destas pedras, exceto as da posição 6801; cubos, pastilhas e artigos semelhantes, para mosaicos, de pedra natural (incluída a ardósia), mesmo com suporte; grânulos, fragmentos e",Turquia,411431,321229,comexstat,2026-10-08
2025,11,6802,"Pedras de cantaria ou de construção (exceto de ardósia) trabalhadas e obras destas pedras, exceto as da posição 6801; cubos, pastilhas e artigos semelhantes, para mosaicos, de pedra natural (incluída a ardósia), mesmo com suporte; grânulos, fragmentos e",França,404933,171711,comexstat,2026-10-08
2025,07,6802,"Pedras de cantaria ou de construção (exceto de ardósia) trabalhadas e obras destas pedras, exceto as da posição 6801; cubos, pastilhas e artigos semelhantes, para mosaicos, de pedra natural (incluída a ardósia), mesmo com suporte; grânulos, fragmentos e",Colômbia,401623,973301,comexstat,2026-10-08
2025,05,6802,"Pedras de cantaria ou de construção (exceto de ardósia) trabalhadas e obras destas pedras, exceto as da posição 6801; cubos, pastilhas e artigos semelhantes, para mosaicos, de pedra natural (incluída a ardósia), mesmo com suporte; grânulos, fragmentos e",Países Baixos (Holanda),399031,156976,comexstat,2026-10-08
2025,01,6802,"Pedras de cantaria ou de construção (exceto de ardósia) trabalhadas e obras destas pedras, exceto as da posição 6801; cubos, pastilhas e artigos semelhantes, para mosaicos, de pedra natural (incluída a ardósia), mesmo com suporte; grânulos, fragmentos e",Países Baixos (Holanda),395824,156993,comexstat,2026-10-08
2025,02,6802,"Pedras de cantaria ou de construção (exceto de ardósia) trabalhadas e obras destas pedras, exceto as da posição 6801; cubos, pastilhas e artigos semelhantes, para mosaicos, de pedra natural (incluída a ardósia), mesmo com suporte; grânulos, fragmentos e",Reino Unido,395188,202915,comexstat,2026-10-08
2025,11,6802,"Pedras de cantaria ou de construção (exceto de ardósia) trabalhadas e obras destas pedras, exceto as da posição 6801; cubos, pastilhas e artigos semelhantes, para mosaicos, de pedra natural (incluída a ardósia), mesmo com suporte; grânulos, fragmentos e",Arábia Saudita,395113,70935,comexstat,2026-10-08
2025,02,6802,"Pedras de cantaria ou de construção (exceto de ardósia) trabalhadas e obras destas pedras, exceto as da posição 6801; cubos, pastilhas e artigos semelhantes, para mosaicos, de pedra natural (incluída a ardósia), mesmo com suporte; grânulos, fragmentos e",Turquia,389059,255698,comexstat,2026-10-08
2025,07,6802,"Pedras de cantaria ou de construção (exceto de ardósia) trabalhadas e obras destas pedras, exceto as da posição 6801; cubos, pastilhas e artigos semelhantes, para mosaicos, de pedra natural (incluída a ardósia), mesmo com suporte; grânulos, fragmentos e",Bélgica,385406,147460,comexstat,2026-10-08
2025,08,6802,"Pedras de cantaria ou de construção (exceto de ardósia) trabalhadas e obras destas pedras, exceto as da posição 6801; cubos, pastilhas e artigos semelhantes, para mosaicos, de pedra natural (incluída a ardósia), mesmo com suporte; grânulos, fragmentos e",Argentina,383075,545370,comexstat,2026-10-08
2025,01,2516,"Granito, pórfiro, basalto, arenito e outras pedras de cantaria ou de construção, mesmo desbastados ou simplesmente cortados à serra ou por outro meio, em blocos ou placas de forma quadrada ou rectangular",Argentina,377662,1507819,comexstat,2026-10-08
2025,03,6802,"Pedras de cantaria ou de construção (exceto de ardósia) trabalhadas e obras destas pedras, exceto as da posição 6801; cubos, pastilhas e artigos semelhantes, para mosaicos, de pedra natural (incluída a ardósia), mesmo com suporte; grânulos, fragmentos e",Paraguai,377352,756850,comexstat,2026-10-08
2025,05,2516,"Granito, pórfiro, basalto, arenito e outras pedras de cantaria ou de construção, mesmo desbastados ou simplesmente cortados à serra ou por outro meio, em blocos ou placas de forma quadrada ou rectangular",Taiwan (Formosa),377318,2546310,comexstat,2026-10-08
2025,06,6802,"Pedras de cantaria ou de construção (exceto de ardósia) trabalhadas e obras destas pedras, exceto as da posição 6801; cubos, pastilhas e artigos semelhantes, para mosaicos, de pedra natural (incluída a ardósia), mesmo com suporte; grânulos, fragmentos e",Portugal,374333,253343,comexstat,2026-10-08
2025,08,6802,"Pedras de cantaria ou de construção (exceto de ardósia) trabalhadas e obras destas pedras, exceto as da posição 6801; cubos, pastilhas e artigos semelhantes, para mosaicos, de pedra natural (incluída a ardósia), mesmo com suporte; grânulos, fragmentos e",Colômbia,374097,898152,comexstat,2026-10-08
2025,07,6802,"Pedras de cantaria ou de construção (exceto de ardósia) trabalhadas e obras destas pedras, exceto as da posição 6801; cubos, pastilhas e artigos semelhantes, para mosaicos, de pedra natural (incluída a ardósia), mesmo com suporte; grânulos, fragmentos e",Costa Rica,372082,201797,comexstat,2026-10-08
2025,02,6802,"Pedras de cantaria ou de construção (exceto de ardósia) trabalhadas e obras destas pedras, exceto as da posição 6801; cubos, pastilhas e artigos semelhantes, para mosaicos, de pedra natural (incluída a ardósia), mesmo com suporte; grânulos, fragmentos e",Países Baixos (Holanda),371972,205424,comexstat,2026-10-08
2025,10,6802,"Pedras de cantaria ou de construção (exceto de ardósia) trabalhadas e obras destas pedras, exceto as da posição 6801; cubos, pastilhas e artigos semelhantes, para mosaicos, de pedra natural (incluída a ardósia), mesmo com suporte; grânulos, fragmentos e",Portugal,365672,224764,comexstat,2026-10-08
2025,03,6802,"Pedras de cantaria ou de construção (exceto de ardósia) trabalhadas e obras destas pedras, exceto as da posição 6801; cubos, pastilhas e artigos semelhantes, para mosaicos, de pedra natural (incluída a ardósia), mesmo com suporte; grânulos, fragmentos e",França,365606,221043,comexstat,2026-10-08
2025,11,6802,"Pedras de cantaria ou de construção (exceto de ardósia) trabalhadas e obras destas pedras, exceto as da posição 6801; cubos, pastilhas e artigos semelhantes, para mosaicos, de pedra natural (incluída a ardósia), mesmo com suporte; grânulos, fragmentos e",Emirados Árabes Unidos,361743,327832,comexstat,2026-10-08
2025,11,6802,"Pedras de cantaria ou de construção (exceto de ardósia) trabalhadas e obras destas pedras, exceto as da posição 6801; cubos, pastilhas e artigos semelhantes, para mosaicos, de pedra natural (incluída a ardósia), mesmo com suporte; grânulos, fragmentos e",Equador,360916,494626,comexstat,2026-10-08
2025,02,6802,"Pedras de cantaria ou de construção (exceto de ardósia) trabalhadas e obras destas pedras, exceto as da posição 6801; cubos, pastilhas e artigos semelhantes, para mosaicos, de pedra natural (incluída a ardósia), mesmo com suporte; grânulos, fragmentos e",Colômbia,360866,819575,comexstat,2026-10-08
2025,12,2516,"Granito, pórfiro, basalto, arenito e outras pedras de cantaria ou de construção, mesmo desbastados ou simplesmente cortados à serra ou por outro meio, em blocos ou placas de forma quadrada ou rectangular",Vietnã,360233,982410,comexstat,2026-10-08
2025,06,6802,"Pedras de cantaria ou de construção (exceto de ardósia) trabalhadas e obras destas pedras, exceto as da posição 6801; cubos, pastilhas e artigos semelhantes, para mosaicos, de pedra natural (incluída a ardósia), mesmo com suporte; grânulos, fragmentos e",Colômbia,357452,819803,comexstat,2026-10-08
2025,10,6802,"Pedras de cantaria ou de construção (exceto de ardósia) trabalhadas e obras destas pedras, exceto as da posição 6801; cubos, pastilhas e artigos semelhantes, para mosaicos, de pedra natural (incluída a ardósia), mesmo com suporte; grânulos, fragmentos e",Turquia,356375,304857,comexstat,2026-10-08
2025,08,6803,Ardósia natural trabalhada e obras de ardósia natural ou aglomerada,Irlanda,354068,836944,comexstat,2026-10-08
2025,04,6802,"Pedras de cantaria ou de construção (exceto de ardósia) trabalhadas e obras destas pedras, exceto as da posição 6801; cubos, pastilhas e artigos semelhantes, para mosaicos, de pedra natural (incluída a ardósia), mesmo com suporte; grânulos, fragmentos e",República Dominicana,352179,762003,comexstat,2026-10-08
2025,07,2516,"Granito, pórfiro, basalto, arenito e outras pedras de cantaria ou de construção, mesmo desbastados ou simplesmente cortados à serra ou por outro meio, em blocos ou placas de forma quadrada ou rectangular",Taiwan (Formosa),348520,2040813,comexstat,2026-10-08
2025,04,6802,"Pedras de cantaria ou de construção (exceto de ardósia) trabalhadas e obras destas pedras, exceto as da posição 6801; cubos, pastilhas e artigos semelhantes, para mosaicos, de pedra natural (incluída a ardósia), mesmo com suporte; grânulos, fragmentos e",Reino Unido,348191,260503,comexstat,2026-10-08
2025,03,6802,"Pedras de cantaria ou de construção (exceto de ardósia) trabalhadas e obras destas pedras, exceto as da posição 6801; cubos, pastilhas e artigos semelhantes, para mosaicos, de pedra natural (incluída a ardósia), mesmo com suporte; grânulos, fragmentos e",Israel,347694,119229,comexstat,2026-10-08
2025,01,6802,"Pedras de cantaria ou de construção (exceto de ardósia) trabalhadas e obras destas pedras, exceto as da posição 6801; cubos, pastilhas e artigos semelhantes, para mosaicos, de pedra natural (incluída a ardósia), mesmo com suporte; grânulos, fragmentos e",Arábia Saudita,347429,118775,comexstat,2026-10-08
2025,10,6802,"Pedras de cantaria ou de construção (exceto de ardósia) trabalhadas e obras destas pedras, exceto as da posição 6801; cubos, pastilhas e artigos semelhantes, para mosaicos, de pedra natural (incluída a ardósia), mesmo com suporte; grânulos, fragmentos e",República Dominicana,347281,679749,comexstat,2026-10-08
2025,11,6802,"Pedras de cantaria ou de construção (exceto de ardósia) trabalhadas e obras destas pedras, exceto as da posição 6801; cubos, pastilhas e artigos semelhantes, para mosaicos, de pedra natural (incluída a ardósia), mesmo com suporte; grânulos, fragmentos e",Suécia,347252,146707,comexstat,2026-10-08
2025,07,2516,"Granito, pórfiro, basalto, arenito e outras pedras de cantaria ou de construção, mesmo desbastados ou simplesmente cortados à serra ou por outro meio, em blocos ou placas de forma quadrada ou rectangular",Polônia,344484,885990,comexstat,2026-10-08
2025,03,6802,"Pedras de cantaria ou de construção (exceto de ardósia) trabalhadas e obras destas pedras, exceto as da posição 6801; cubos, pastilhas e artigos semelhantes, para mosaicos, de pedra natural (incluída a ardósia), mesmo com suporte; grânulos, fragmentos e",Costa Rica,340438,177775,comexstat,2026-10-08
2025,04,6802,"Pedras de cantaria ou de construção (exceto de ardósia) trabalhadas e obras destas pedras, exceto as da posição 6801; cubos, pastilhas e artigos semelhantes, para mosaicos, de pedra natural (incluída a ardósia), mesmo com suporte; grânulos, fragmentos e",Bélgica,336788,154357,comexstat,2026-10-08
2025,02,6802,"Pedras de cantaria ou de construção (exceto de ardósia) trabalhadas e obras destas pedras, exceto as da posição 6801; cubos, pastilhas e artigos semelhantes, para mosaicos, de pedra natural (incluída a ardósia), mesmo com suporte; grânulos, fragmentos e",Portugal,334661,269268,comexstat,2026-10-08
2025,07,6802,"Pedras de cantaria ou de construção (exceto de ardósia) trabalhadas e obras destas pedras, exceto as da posição 6801; cubos, pastilhas e artigos semelhantes, para mosaicos, de pedra natural (incluída a ardósia), mesmo com suporte; grânulos, fragmentos e",Rússia,334595,180409,comexstat,2026-10-08
2025,07,6803,Ardósia natural trabalhada e obras de ardósia natural ou aglomerada,Irlanda,334344,757269,comexstat,2026-10-08
2025,12,2515,"Mármores, travertinos, granitos belgas e outras pedras calcárias de cantaria ou de construção, de densidade aparente igual ou superior a 2,5, e alabastro, mesmo desbastados ou simplesmente cortados à serra ou por outro meio, em blocos ou placas de forma q",Itália,333677,776682,comexstat,2026-10-08
2025,08,6802,"Pedras de cantaria ou de construção (exceto de ardósia) trabalhadas e obras destas pedras, exceto as da posição 6801; cubos, pastilhas e artigos semelhantes, para mosaicos, de pedra natural (incluída a ardósia), mesmo com suporte; grânulos, fragmentos e",Reino Unido,332994,197186,comexstat,2026-10-08
2025,06,6802,"Pedras de cantaria ou de construção (exceto de ardósia) trabalhadas e obras destas pedras, exceto as da posição 6801; cubos, pastilhas e artigos semelhantes, para mosaicos, de pedra natural (incluída a ardósia), mesmo com suporte; grânulos, fragmentos e",Países Baixos (Holanda),331686,122538,comexstat,2026-10-08
2025,12,6802,"Pedras de cantaria ou de construção (exceto de ardósia) trabalhadas e obras destas pedras, exceto as da posição 6801; cubos, pastilhas e artigos semelhantes, para mosaicos, de pedra natural (incluída a ardósia), mesmo com suporte; grânulos, fragmentos e",Colômbia,331657,737828,comexstat,2026-10-08
2025,02,6802,"Pedras de cantaria ou de construção (exceto de ardósia) trabalhadas e obras destas pedras, exceto as da posição 6801; cubos, pastilhas e artigos semelhantes, para mosaicos, de pedra natural (incluída a ardósia), mesmo com suporte; grânulos, fragmentos e",Polônia,331596,252979,comexstat,2026-10-08
2025,03,6802,"Pedras de cantaria ou de construção (exceto de ardósia) trabalhadas e obras destas pedras, exceto as da posição 6801; cubos, pastilhas e artigos semelhantes, para mosaicos, de pedra natural (incluída a ardósia), mesmo com suporte; grânulos, fragmentos e",China,330622,124580,comexstat,2026-10-08
2025,04,6802,"Pedras de cantaria ou de construção (exceto de ardósia) trabalhadas e obras destas pedras, exceto as da posição 6801; cubos, pastilhas e artigos semelhantes, para mosaicos, de pedra natural (incluída a ardósia), mesmo com suporte; grânulos, fragmentos e",Geórgia,330485,253809,comexstat,2026-10-08
2025,05,6802,"Pedras de cantaria ou de construção (exceto de ardósia) trabalhadas e obras destas pedras, exceto as da posição 6801; cubos, pastilhas e artigos semelhantes, para mosaicos, de pedra natural (incluída a ardósia), mesmo com suporte; grânulos, fragmentos e",Turquia,325863,256918,comexstat,2026-10-08
2025,07,6802,"Pedras de cantaria ou de construção (exceto de ardósia) trabalhadas e obras destas pedras, exceto as da posição 6801; cubos, pastilhas e artigos semelhantes, para mosaicos, de pedra natural (incluída a ardósia), mesmo com suporte; grânulos, fragmentos e",Equador,323518,337213,comexstat,2026-10-08
2025,06,6802,"Pedras de cantaria ou de construção (exceto de ardósia) trabalhadas e obras destas pedras, exceto as da posição 6801; cubos, pastilhas e artigos semelhantes, para mosaicos, de pedra natural (incluída a ardósia), mesmo com suporte; grânulos, fragmentos e",Reino Unido,322579,203699,comexstat,2026-10-08
2025,10,6802,"Pedras de cantaria ou de construção (exceto de ardósia) trabalhadas e obras destas pedras, exceto as da posição 6801; cubos, pastilhas e artigos semelhantes, para mosaicos, de pedra natural (incluída a ardósia), mesmo com suporte; grânulos, fragmentos e",Israel,320314,140782,comexstat,2026-10-08
2025,10,2516,"Granito, pórfiro, basalto, arenito e outras pedras de cantaria ou de construção, mesmo desbastados ou simplesmente cortados à serra ou por outro meio, em blocos ou placas de forma quadrada ou rectangular",Polônia,319480,719000,comexstat,2026-10-08
2025,06,6802,"Pedras de cantaria ou de construção (exceto de ardósia) trabalhadas e obras destas pedras, exceto as da posição 6801; cubos, pastilhas e artigos semelhantes, para mosaicos, de pedra natural (incluída a ardósia), mesmo com suporte; grânulos, fragmentos e",Rússia,316578,144568,comexstat,2026-10-08
2025,06,6802,"Pedras de cantaria ou de construção (exceto de ardósia) trabalhadas e obras destas pedras, exceto as da posição 6801; cubos, pastilhas e artigos semelhantes, para mosaicos, de pedra natural (incluída a ardósia), mesmo com suporte; grânulos, fragmentos e",Alemanha,313464,182342,comexstat,2026-10-08
2025,08,2516,"Granito, pórfiro, basalto, arenito e outras pedras de cantaria ou de construção, mesmo desbastados ou simplesmente cortados à serra ou por outro meio, em blocos ou placas de forma quadrada ou rectangular",Polônia,312996,769310,comexstat,2026-10-08
2025,09,6802,"Pedras de cantaria ou de construção (exceto de ardósia) trabalhadas e obras destas pedras, exceto as da posição 6801; cubos, pastilhas e artigos semelhantes, para mosaicos, de pedra natural (incluída a ardósia), mesmo com suporte; grânulos, fragmentos e",Israel,312751,103610,comexstat,2026-10-08
2025,09,2515,"Mármores, travertinos, granitos belgas e outras pedras calcárias de cantaria ou de construção, de densidade aparente igual ou superior a 2,5, e alabastro, mesmo desbastados ou simplesmente cortados à serra ou por outro meio, em blocos ou placas de forma q",Itália,312174,426250,comexstat,2026-10-08
2025,06,6802,"Pedras de cantaria ou de construção (exceto de ardósia) trabalhadas e obras destas pedras, exceto as da posição 6801; cubos, pastilhas e artigos semelhantes, para mosaicos, de pedra natural (incluída a ardósia), mesmo com suporte; grânulos, fragmentos e",Equador,306089,447208,comexstat,2026-10-08
2025,11,6802,"Pedras de cantaria ou de construção (exceto de ardósia) trabalhadas e obras destas pedras, exceto as da posição 6801; cubos, pastilhas e artigos semelhantes, para mosaicos, de pedra natural (incluída a ardósia), mesmo com suporte; grânulos, fragmentos e",Alemanha,305331,189789,comexstat,2026-10-08
2025,03,6802,"Pedras de cantaria ou de construção (exceto de ardósia) trabalhadas e obras destas pedras, exceto as da posição 6801; cubos, pastilhas e artigos semelhantes, para mosaicos, de pedra natural (incluída a ardósia), mesmo com suporte; grânulos, fragmentos e",Turquia,304613,212541,comexstat,2026-10-08
2025,07,6802,"Pedras de cantaria ou de construção (exceto de ardósia) trabalhadas e obras destas pedras, exceto as da posição 6801; cubos, pastilhas e artigos semelhantes, para mosaicos, de pedra natural (incluída a ardósia), mesmo com suporte; grânulos, fragmentos e",Países Baixos (Holanda),303021,131817,comexstat,2026-10-08
2025,07,6802,"Pedras de cantaria ou de construção (exceto de ardósia) trabalhadas e obras destas pedras, exceto as da posição 6801; cubos, pastilhas e artigos semelhantes, para mosaicos, de pedra natural (incluída a ardósia), mesmo com suporte; grânulos, fragmentos e",Porto Rico,301142,123419,comexstat,2026-10-08
2025,04,6802,"Pedras de cantaria ou de construção (exceto de ardósia) trabalhadas e obras destas pedras, exceto as da posição 6801; cubos, pastilhas e artigos semelhantes, para mosaicos, de pedra natural (incluída a ardósia), mesmo com suporte; grânulos, fragmentos e",Turquia,300926,246289,comexstat,2026-10-08
2025,08,6802,"Pedras de cantaria ou de construção (exceto de ardósia) trabalhadas e obras destas pedras, exceto as da posição 6801; cubos, pastilhas e artigos semelhantes, para mosaicos, de pedra natural (incluída a ardósia), mesmo com suporte; grânulos, fragmentos e",Nova Zelândia,300153,122979,comexstat,2026-10-08
2025,04,6802,"Pedras de cantaria ou de construção (exceto de ardósia) trabalhadas e obras destas pedras, exceto as da posição 6801; cubos, pastilhas e artigos semelhantes, para mosaicos, de pedra natural (incluída a ardósia), mesmo com suporte; grânulos, fragmentos e",Portugal,297930,297425,comexstat,2026-10-08
2025,04,6802,"Pedras de cantaria ou de construção (exceto de ardósia) trabalhadas e obras destas pedras, exceto as da posição 6801; cubos, pastilhas e artigos semelhantes, para mosaicos, de pedra natural (incluída a ardósia), mesmo com suporte; grânulos, fragmentos e",França,297706,177490,comexstat,2026-10-08
2025,01,6802,"Pedras de cantaria ou de construção (exceto de ardósia) trabalhadas e obras destas pedras, exceto as da posição 6801; cubos, pastilhas e artigos semelhantes, para mosaicos, de pedra natural (incluída a ardósia), mesmo com suporte; grânulos, fragmentos e",Nova Zelândia,290870,104372,comexstat,2026-10-08
2025,10,2516,"Granito, pórfiro, basalto, arenito e outras pedras de cantaria ou de construção, mesmo desbastados ou simplesmente cortados à serra ou por outro meio, em blocos ou placas de forma quadrada ou rectangular",Índia,289653,471864,comexstat,2026-10-08
2025,11,6802,"Pedras de cantaria ou de construção (exceto de ardósia) trabalhadas e obras destas pedras, exceto as da posição 6801; cubos, pastilhas e artigos semelhantes, para mosaicos, de pedra natural (incluída a ardósia), mesmo com suporte; grânulos, fragmentos e",Rússia,287447,153528,comexstat,2026-10-08
2025,12,6802,"Pedras de cantaria ou de construção (exceto de ardósia) trabalhadas e obras destas pedras, exceto as da posição 6801; cubos, pastilhas e artigos semelhantes, para mosaicos, de pedra natural (incluída a ardósia), mesmo com suporte; grânulos, fragmentos e",Índia,287243,153439,comexstat,2026-10-08
2025,10,6802,"Pedras de cantaria ou de construção (exceto de ardósia) trabalhadas e obras destas pedras, exceto as da posição 6801; cubos, pastilhas e artigos semelhantes, para mosaicos, de pedra natural (incluída a ardósia), mesmo com suporte; grânulos, fragmentos e",Uruguai,285896,574433,comexstat,2026-10-08
2025,05,6802,"Pedras de cantaria ou de construção (exceto de ardósia) trabalhadas e obras destas pedras, exceto as da posição 6801; cubos, pastilhas e artigos semelhantes, para mosaicos, de pedra natural (incluída a ardósia), mesmo com suporte; grânulos, fragmentos e",Costa Rica,283786,201521,comexstat,2026-10-08
2025,10,6802,"Pedras de cantaria ou de construção (exceto de ardósia) trabalhadas e obras destas pedras, exceto as da posição 6801; cubos, pastilhas e artigos semelhantes, para mosaicos, de pedra natural (incluída a ardósia), mesmo com suporte; grânulos, fragmentos e",França,281211,119772,comexstat,2026-10-08
2025,01,2516,"Granito, pórfiro, basalto, arenito e outras pedras de cantaria ou de construção, mesmo desbastados ou simplesmente cortados à serra ou por outro meio, em blocos ou placas de forma quadrada ou rectangular",Índia,278632,408365,comexstat,2026-10-08
2025,02,6802,"Pedras de cantaria ou de construção (exceto de ardósia) trabalhadas e obras destas pedras, exceto as da posição 6801; cubos, pastilhas e artigos semelhantes, para mosaicos, de pedra natural (incluída a ardósia), mesmo com suporte; grânulos, fragmentos e",República Dominicana,277867,557398,comexstat,2026-10-08
2025,11,6802,"Pedras de cantaria ou de construção (exceto de ardósia) trabalhadas e obras destas pedras, exceto as da posição 6801; cubos, pastilhas e artigos semelhantes, para mosaicos, de pedra natural (incluída a ardósia), mesmo com suporte; grânulos, fragmentos e",Paraguai,277823,581315,comexstat,2026-10-08
2025,06,6802,"Pedras de cantaria ou de construção (exceto de ardósia) trabalhadas e obras destas pedras, exceto as da posição 6801; cubos, pastilhas e artigos semelhantes, para mosaicos, de pedra natural (incluída a ardósia), mesmo com suporte; grânulos, fragmentos e",Vietnã,276790,236168,comexstat,2026-10-08
2025,11,6802,"Pedras de cantaria ou de construção (exceto de ardósia) trabalhadas e obras destas pedras, exceto as da posição 6801; cubos, pastilhas e artigos semelhantes, para mosaicos, de pedra natural (incluída a ardósia), mesmo com suporte; grânulos, fragmentos e",Uruguai,276225,493542,comexstat,2026-10-08
2025,09,6802,"Pedras de cantaria ou de construção (exceto de ardósia) trabalhadas e obras destas pedras, exceto as da posição 6801; cubos, pastilhas e artigos semelhantes, para mosaicos, de pedra natural (incluída a ardósia), mesmo com suporte; grânulos, fragmentos e",Colômbia,272920,633565,comexstat,2026-10-08
2025,09,6802,"Pedras de cantaria ou de construção (exceto de ardósia) trabalhadas e obras destas pedras, exceto as da posição 6801; cubos, pastilhas e artigos semelhantes, para mosaicos, de pedra natural (incluída a ardósia), mesmo com suporte; grânulos, fragmentos e",Rússia,272320,117349,comexstat,2026-10-08
2025,12,6802,"Pedras de cantaria ou de construção (exceto de ardósia) trabalhadas e obras destas pedras, exceto as da posição 6801; cubos, pastilhas e artigos semelhantes, para mosaicos, de pedra natural (incluída a ardósia), mesmo com suporte; grânulos, fragmentos e",França,266662,144072,comexstat,2026-10-08
2025,06,6803,Ardósia natural trabalhada e obras de ardósia natural ou aglomerada,Irlanda,263385,646890,comexstat,2026-10-08
2025,06,2516,"Granito, pórfiro, basalto, arenito e outras pedras de cantaria ou de construção, mesmo desbastados ou simplesmente cortados à serra ou por outro meio, em blocos ou placas de forma quadrada ou rectangular",Polônia,259861,592460,comexstat,2026-10-08
2025,10,6802,"Pedras de cantaria ou de construção (exceto de ardósia) trabalhadas e obras destas pedras, exceto as da posição 6801; cubos, pastilhas e artigos semelhantes, para mosaicos, de pedra natural (incluída a ardósia), mesmo com suporte; grânulos, fragmentos e",Coveite (Kuweit),259709,416882,comexstat,2026-10-08
2025,12,6802,"Pedras de cantaria ou de construção (exceto de ardósia) trabalhadas e obras destas pedras, exceto as da posição 6801; cubos, pastilhas e artigos semelhantes, para mosaicos, de pedra natural (incluída a ardósia), mesmo com suporte; grânulos, fragmentos e",Portugal,258873,225876,comexstat,2026-10-08
2025,04,6802,"Pedras de cantaria ou de construção (exceto de ardósia) trabalhadas e obras destas pedras, exceto as da posição 6801; cubos, pastilhas e artigos semelhantes, para mosaicos, de pedra natural (incluída a ardósia), mesmo com suporte; grânulos, fragmentos e",Peru,258805,392658,comexstat,2026-10-08
2025,03,6802,"Pedras de cantaria ou de construção (exceto de ardósia) trabalhadas e obras destas pedras, exceto as da posição 6801; cubos, pastilhas e artigos semelhantes, para mosaicos, de pedra natural (incluída a ardósia), mesmo com suporte; grânulos, fragmentos e",Indonésia,257874,204376,comexstat,2026-10-08
2025,03,6802,"Pedras de cantaria ou de construção (exceto de ardósia) trabalhadas e obras destas pedras, exceto as da posição 6801; cubos, pastilhas e artigos semelhantes, para mosaicos, de pedra natural (incluída a ardósia), mesmo com suporte; grânulos, fragmentos e",Bélgica,257851,99982,comexstat,2026-10-08
2025,04,2516,"Granito, pórfiro, basalto, arenito e outras pedras de cantaria ou de construção, mesmo desbastados ou simplesmente cortados à serra ou por outro meio, em blocos ou placas de forma quadrada ou rectangular",Polônia,257615,536753,comexstat,2026-10-08
2025,09,6802,"Pedras de cantaria ou de construção (exceto de ardósia) trabalhadas e obras destas pedras, exceto as da posição 6801; cubos, pastilhas e artigos semelhantes, para mosaicos, de pedra natural (incluída a ardósia), mesmo com suporte; grânulos, fragmentos e",Paraguai,257304,558263,comexstat,2026-10-08
2025,05,6803,Ardósia natural trabalhada e obras de ardósia natural ou aglomerada,Irlanda,255269,657623,comexstat,2026-10-08
2025,02,6802,"Pedras de cantaria ou de construção (exceto de ardósia) trabalhadas e obras destas pedras, exceto as da posição 6801; cubos, pastilhas e artigos semelhantes, para mosaicos, de pedra natural (incluída a ardósia), mesmo com suporte; grânulos, fragmentos e",França,254011,126308,comexstat,2026-10-08
2025,06,6802,"Pedras de cantaria ou de construção (exceto de ardósia) trabalhadas e obras destas pedras, exceto as da posição 6801; cubos, pastilhas e artigos semelhantes, para mosaicos, de pedra natural (incluída a ardósia), mesmo com suporte; grânulos, fragmentos e",Paraguai,252484,525100,comexstat,2026-10-08
2025,06,6803,Ardósia natural trabalhada e obras de ardósia natural ou aglomerada,Itália,251535,573495,comexstat,2026-10-08
2025,11,6802,"Pedras de cantaria ou de construção (exceto de ardósia) trabalhadas e obras destas pedras, exceto as da posição 6801; cubos, pastilhas e artigos semelhantes, para mosaicos, de pedra natural (incluída a ardósia), mesmo com suporte; grânulos, fragmentos e",Indonésia,248277,127658,comexstat,2026-10-08
2025,06,6802,"Pedras de cantaria ou de construção (exceto de ardósia) trabalhadas e obras destas pedras, exceto as da posição 6801; cubos, pastilhas e artigos semelhantes, para mosaicos, de pedra natural (incluída a ardósia), mesmo com suporte; grânulos, fragmentos e",Índia,247631,194418,comexstat,2026-10-08
2025,08,2516,"Granito, pórfiro, basalto, arenito e outras pedras de cantaria ou de construção, mesmo desbastados ou simplesmente cortados à serra ou por outro meio, em blocos ou placas de forma quadrada ou rectangular",Vietnã,245729,671120,comexstat,2026-10-08
2025,07,6802,"Pedras de cantaria ou de construção (exceto de ardósia) trabalhadas e obras destas pedras, exceto as da posição 6801; cubos, pastilhas e artigos semelhantes, para mosaicos, de pedra natural (incluída a ardósia), mesmo com suporte; grânulos, fragmentos e",Paraguai,244970,578754,comexstat,2026-10-08
2025,03,6802,"Pedras de cantaria ou de construção (exceto de ardósia) trabalhadas e obras destas pedras, exceto as da posição 6801; cubos, pastilhas e artigos semelhantes, para mosaicos, de pedra natural (incluída a ardósia), mesmo com suporte; grânulos, fragmentos e",Vietnã,244902,184550,comexstat,2026-10-08
2025,02,6803,Ardósia natural trabalhada e obras de ardósia natural ou aglomerada,Itália,243903,599659,comexstat,2026-10-08
2025,09,6802,"Pedras de cantaria ou de construção (exceto de ardósia) trabalhadas e obras destas pedras, exceto as da posição 6801; cubos, pastilhas e artigos semelhantes, para mosaicos, de pedra natural (incluída a ardósia), mesmo com suporte; grânulos, fragmentos e",Equador,243454,286170,comexstat,2026-10-08
2025,10,6802,"Pedras de cantaria ou de construção (exceto de ardósia) trabalhadas e obras destas pedras, exceto as da posição 6801; cubos, pastilhas e artigos semelhantes, para mosaicos, de pedra natural (incluída a ardósia), mesmo com suporte; grânulos, fragmentos e",Paraguai,239488,609574,comexstat,2026-10-08
2025,12,6802,"Pedras de cantaria ou de construção (exceto de ardósia) trabalhadas e obras destas pedras, exceto as da posição 6801; cubos, pastilhas e artigos semelhantes, para mosaicos, de pedra natural (incluída a ardósia), mesmo com suporte; grânulos, fragmentos e",Israel,237859,130563,comexstat,2026-10-08
2025,02,6802,"Pedras de cantaria ou de construção (exceto de ardósia) trabalhadas e obras destas pedras, exceto as da posição 6801; cubos, pastilhas e artigos semelhantes, para mosaicos, de pedra natural (incluída a ardósia), mesmo com suporte; grânulos, fragmentos e",Argentina,236191,353400,comexstat,2026-10-08
2025,05,2516,"Granito, pórfiro, basalto, arenito e outras pedras de cantaria ou de construção, mesmo desbastados ou simplesmente cortados à serra ou por outro meio, em blocos ou placas de forma quadrada ou rectangular",França,233554,942830,comexstat,2026-10-08
2025,06,6802,"Pedras de cantaria ou de construção (exceto de ardósia) trabalhadas e obras destas pedras, exceto as da posição 6801; cubos, pastilhas e artigos semelhantes, para mosaicos, de pedra natural (incluída a ardósia), mesmo com suporte; grânulos, fragmentos e",Turquia,231962,149614,comexstat,2026-10-08
2025,07,6802,"Pedras de cantaria ou de construção (exceto de ardósia) trabalhadas e obras destas pedras, exceto as da posição 6801; cubos, pastilhas e artigos semelhantes, para mosaicos, de pedra natural (incluída a ardósia), mesmo com suporte; grânulos, fragmentos e",Uruguai,229278,418591,comexstat,2026-10-08
2025,08,6802,"Pedras de cantaria ou de construção (exceto de ardósia) trabalhadas e obras destas pedras, exceto as da posição 6801; cubos, pastilhas e artigos semelhantes, para mosaicos, de pedra natural (incluída a ardósia), mesmo com suporte; grânulos, fragmentos e",Equador,228819,362922,comexstat,2026-10-08
2025,08,6803,Ardósia natural trabalhada e obras de ardósia natural ou aglomerada,Itália,227913,489681,comexstat,2026-10-08
2025,12,6802,"Pedras de cantaria ou de construção (exceto de ardósia) trabalhadas e obras destas pedras, exceto as da posição 6801; cubos, pastilhas e artigos semelhantes, para mosaicos, de pedra natural (incluída a ardósia), mesmo com suporte; grânulos, fragmentos e",Reino Unido,226847,127680,comexstat,2026-10-08
2025,09,6802,"Pedras de cantaria ou de construção (exceto de ardósia) trabalhadas e obras destas pedras, exceto as da posição 6801; cubos, pastilhas e artigos semelhantes, para mosaicos, de pedra natural (incluída a ardósia), mesmo com suporte; grânulos, fragmentos e",Indonésia,225943,176848,comexstat,2026-10-08
2025,05,2516,"Granito, pórfiro, basalto, arenito e outras pedras de cantaria ou de construção, mesmo desbastados ou simplesmente cortados à serra ou por outro meio, em blocos ou placas de forma quadrada ou rectangular",Polônia,225570,474480,comexstat,2026-10-08
2025,09,6802,"Pedras de cantaria ou de construção (exceto de ardósia) trabalhadas e obras destas pedras, exceto as da posição 6801; cubos, pastilhas e artigos semelhantes, para mosaicos, de pedra natural (incluída a ardósia), mesmo com suporte; grânulos, fragmentos e",Suécia,225366,98368,comexstat,2026-10-08
2025,12,6802,"Pedras de cantaria ou de construção (exceto de ardósia) trabalhadas e obras destas pedras, exceto as da posição 6801; cubos, pastilhas e artigos semelhantes, para mosaicos, de pedra natural (incluída a ardósia), mesmo com suporte; grânulos, fragmentos e",Arábia Saudita,224429,105412,comexstat,2026-10-08
2025,10,6802,"Pedras de cantaria ou de construção (exceto de ardósia) trabalhadas e obras destas pedras, exceto as da posição 6801; cubos, pastilhas e artigos semelhantes, para mosaicos, de pedra natural (incluída a ardósia), mesmo com suporte; grânulos, fragmentos e",Jamaica,223955,128812,comexstat,2026-10-08
2025,04,6802,"Pedras de cantaria ou de construção (exceto de ardósia) trabalhadas e obras destas pedras, exceto as da posição 6801; cubos, pastilhas e artigos semelhantes, para mosaicos, de pedra natural (incluída a ardósia), mesmo com suporte; grânulos, fragmentos e",China,221650,103707,comexstat,2026-10-08
2025,07,6803,Ardósia natural trabalhada e obras de ardósia natural ou aglomerada,França,220328,473281,comexstat,2026-10-08
2025,08,6802,"Pedras de cantaria ou de construção (exceto de ardósia) trabalhadas e obras destas pedras, exceto as da posição 6801; cubos, pastilhas e artigos semelhantes, para mosaicos, de pedra natural (incluída a ardósia), mesmo com suporte; grânulos, fragmentos e",Portugal,219986,147876,comexstat,2026-10-08
2025,04,6802,"Pedras de cantaria ou de construção (exceto de ardósia) trabalhadas e obras destas pedras, exceto as da posição 6801; cubos, pastilhas e artigos semelhantes, para mosaicos, de pedra natural (incluída a ardósia), mesmo com suporte; grânulos, fragmentos e",Áustria,219470,55293,comexstat,2026-10-08
2025,12,6802,"Pedras de cantaria ou de construção (exceto de ardósia) trabalhadas e obras destas pedras, exceto as da posição 6801; cubos, pastilhas e artigos semelhantes, para mosaicos, de pedra natural (incluída a ardósia), mesmo com suporte; grânulos, fragmentos e",Indonésia,219243,130273,comexstat,2026-10-08
2025,10,6802,"Pedras de cantaria ou de construção (exceto de ardósia) trabalhadas e obras destas pedras, exceto as da posição 6801; cubos, pastilhas e artigos semelhantes, para mosaicos, de pedra natural (incluída a ardósia), mesmo com suporte; grânulos, fragmentos e",Reino Unido,218831,126760,comexstat,2026-10-08
2025,04,6802,"Pedras de cantaria ou de construção (exceto de ardósia) trabalhadas e obras destas pedras, exceto as da posição 6801; cubos, pastilhas e artigos semelhantes, para mosaicos, de pedra natural (incluída a ardósia), mesmo com suporte; grânulos, fragmentos e",Rússia,218484,111657,comexstat,2026-10-08
2025,08,6802,"Pedras de cantaria ou de construção (exceto de ardósia) trabalhadas e obras destas pedras, exceto as da posição 6801; cubos, pastilhas e artigos semelhantes, para mosaicos, de pedra natural (incluída a ardósia), mesmo com suporte; grânulos, fragmentos e",Paraguai,218366,461639,comexstat,2026-10-08
2025,10,6802,"Pedras de cantaria ou de construção (exceto de ardósia) trabalhadas e obras destas pedras, exceto as da posição 6801; cubos, pastilhas e artigos semelhantes, para mosaicos, de pedra natural (incluída a ardósia), mesmo com suporte; grânulos, fragmentos e",Equador,218125,312864,comexstat,2026-10-08
2025,05,6802,"Pedras de cantaria ou de construção (exceto de ardósia) trabalhadas e obras destas pedras, exceto as da posição 6801; cubos, pastilhas e artigos semelhantes, para mosaicos, de pedra natural (incluída a ardósia), mesmo com suporte; grânulos, fragmentos e",Israel,214916,93501,comexstat,2026-10-08
2025,05,6802,"Pedras de cantaria ou de construção (exceto de ardósia) trabalhadas e obras destas pedras, exceto as da posição 6801; cubos, pastilhas e artigos semelhantes, para mosaicos, de pedra natural (incluída a ardósia), mesmo com suporte; grânulos, fragmentos e",Portugal,214173,104731,comexstat,2026-10-08
2025,04,6802,"Pedras de cantaria ou de construção (exceto de ardósia) trabalhadas e obras destas pedras, exceto as da posição 6801; cubos, pastilhas e artigos semelhantes, para mosaicos, de pedra natural (incluída a ardósia), mesmo com suporte; grânulos, fragmentos e",Países Baixos (Holanda),214063,81880,comexstat,2026-10-08
2025,10,6802,"Pedras de cantaria ou de construção (exceto de ardósia) trabalhadas e obras destas pedras, exceto as da posição 6801; cubos, pastilhas e artigos semelhantes, para mosaicos, de pedra natural (incluída a ardósia), mesmo com suporte; grânulos, fragmentos e",Indonésia,212983,176660,comexstat,2026-10-08
2025,12,6802,"Pedras de cantaria ou de construção (exceto de ardósia) trabalhadas e obras destas pedras, exceto as da posição 6801; cubos, pastilhas e artigos semelhantes, para mosaicos, de pedra natural (incluída a ardósia), mesmo com suporte; grânulos, fragmentos e",República Dominicana,210211,365454,comexstat,2026-10-08
2025,11,2516,"Granito, pórfiro, basalto, arenito e outras pedras de cantaria ou de construção, mesmo desbastados ou simplesmente cortados à serra ou por outro meio, em blocos ou placas de forma quadrada ou rectangular",Polônia,209804,484780,comexstat,2026-10-08
2025,01,6802,"Pedras de cantaria ou de construção (exceto de ardósia) trabalhadas e obras destas pedras, exceto as da posição 6801; cubos, pastilhas e artigos semelhantes, para mosaicos, de pedra natural (incluída a ardósia), mesmo com suporte; grânulos, fragmentos e",Portugal,207288,194989,comexstat,2026-10-08
2025,08,6802,"Pedras de cantaria ou de construção (exceto de ardósia) trabalhadas e obras destas pedras, exceto as da posição 6801; cubos, pastilhas e artigos semelhantes, para mosaicos, de pedra natural (incluída a ardósia), mesmo com suporte; grânulos, fragmentos e",Países Baixos (Holanda),206853,78909,comexstat,2026-10-08
2025,09,6803,Ardósia natural trabalhada e obras de ardósia natural ou aglomerada,França,206347,423856,comexstat,2026-10-08
2025,04,6803,Ardósia natural trabalhada e obras de ardósia natural ou aglomerada,Irlanda,205943,542428,comexstat,2026-10-08
2025,12,6802,"Pedras de cantaria ou de construção (exceto de ardósia) trabalhadas e obras destas pedras, exceto as da posição 6801; cubos, pastilhas e artigos semelhantes, para mosaicos, de pedra natural (incluída a ardósia), mesmo com suporte; grânulos, fragmentos e",Taiwan (Formosa),205895,64182,comexstat,2026-10-08
2025,05,6802,"Pedras de cantaria ou de construção (exceto de ardósia) trabalhadas e obras destas pedras, exceto as da posição 6801; cubos, pastilhas e artigos semelhantes, para mosaicos, de pedra natural (incluída a ardósia), mesmo com suporte; grânulos, fragmentos e",Indonésia,203201,125511,comexstat,2026-10-08
2025,12,6802,"Pedras de cantaria ou de construção (exceto de ardósia) trabalhadas e obras destas pedras, exceto as da posição 6801; cubos, pastilhas e artigos semelhantes, para mosaicos, de pedra natural (incluída a ardósia), mesmo com suporte; grânulos, fragmentos e",Uruguai,202096,359610,comexstat,2026-10-08
2025,11,2516,"Granito, pórfiro, basalto, arenito e outras pedras de cantaria ou de construção, mesmo desbastados ou simplesmente cortados à serra ou por outro meio, em blocos ou placas de forma quadrada ou rectangular",Argentina,201935,729249,comexstat,2026-10-08
2025,08,6802,"Pedras de cantaria ou de construção (exceto de ardósia) trabalhadas e obras destas pedras, exceto as da posição 6801; cubos, pastilhas e artigos semelhantes, para mosaicos, de pedra natural (incluída a ardósia), mesmo com suporte; grânulos, fragmentos e",França,201163,105980,comexstat,2026-10-08
2025,07,6802,"Pedras de cantaria ou de construção (exceto de ardósia) trabalhadas e obras destas pedras, exceto as da posição 6801; cubos, pastilhas e artigos semelhantes, para mosaicos, de pedra natural (incluída a ardósia), mesmo com suporte; grânulos, fragmentos e",Suécia,200000,97875,comexstat,2026-10-08
2025,11,6802,"Pedras de cantaria ou de construção (exceto de ardósia) trabalhadas e obras destas pedras, exceto as da posição 6801; cubos, pastilhas e artigos semelhantes, para mosaicos, de pedra natural (incluída a ardósia), mesmo com suporte; grânulos, fragmentos e",Costa Rica,199469,163300,comexstat,2026-10-08
2025,08,6802,"Pedras de cantaria ou de construção (exceto de ardósia) trabalhadas e obras destas pedras, exceto as da posição 6801; cubos, pastilhas e artigos semelhantes, para mosaicos, de pedra natural (incluída a ardósia), mesmo com suporte; grânulos, fragmentos e",Rússia,198903,74822,comexstat,2026-10-08
2025,04,6802,"Pedras de cantaria ou de construção (exceto de ardósia) trabalhadas e obras destas pedras, exceto as da posição 6801; cubos, pastilhas e artigos semelhantes, para mosaicos, de pedra natural (incluída a ardósia), mesmo com suporte; grânulos, fragmentos e",Singapura,198066,73380,comexstat,2026-10-08
2025,04,2515,"Mármores, travertinos, granitos belgas e outras pedras calcárias de cantaria ou de construção, de densidade aparente igual ou superior a 2,5, e alabastro, mesmo desbastados ou simplesmente cortados à serra ou por outro meio, em blocos ou placas de forma q",Itália,196592,403580,comexstat,2026-10-08
2025,05,6803,Ardósia natural trabalhada e obras de ardósia natural ou aglomerada,Itália,196514,392124,comexstat,2026-10-08
2025,11,6802,"Pedras de cantaria ou de construção (exceto de ardósia) trabalhadas e obras destas pedras, exceto as da posição 6801; cubos, pastilhas e artigos semelhantes, para mosaicos, de pedra natural (incluída a ardósia), mesmo com suporte; grânulos, fragmentos e",Reino Unido,196490,121370,comexstat,2026-10-08
2025,02,6802,"Pedras de cantaria ou de construção (exceto de ardósia) trabalhadas e obras destas pedras, exceto as da posição 6801; cubos, pastilhas e artigos semelhantes, para mosaicos, de pedra natural (incluída a ardósia), mesmo com suporte; grânulos, fragmentos e",Índia,196072,153894,comexstat,2026-10-08
2025,04,6802,"Pedras de cantaria ou de construção (exceto de ardósia) trabalhadas e obras destas pedras, exceto as da posição 6801; cubos, pastilhas e artigos semelhantes, para mosaicos, de pedra natural (incluída a ardósia), mesmo com suporte; grânulos, fragmentos e",Lituânia,195781,102665,comexstat,2026-10-08
2025,03,2516,"Granito, pórfiro, basalto, arenito e outras pedras de cantaria ou de construção, mesmo desbastados ou simplesmente cortados à serra ou por outro meio, em blocos ou placas de forma quadrada ou rectangular",Polônia,195529,495643,comexstat,2026-10-08
2025,12,2516,"Granito, pórfiro, basalto, arenito e outras pedras de cantaria ou de construção, mesmo desbastados ou simplesmente cortados à serra ou por outro meio, em blocos ou placas de forma quadrada ou rectangular",Taiwan (Formosa),195366,866420,comexstat,2026-10-08
2025,01,6802,"Pedras de cantaria ou de construção (exceto de ardósia) trabalhadas e obras destas pedras, exceto as da posição 6801; cubos, pastilhas e artigos semelhantes, para mosaicos, de pedra natural (incluída a ardósia), mesmo com suporte; grânulos, fragmentos e",Costa Rica,194326,127015,comexstat,2026-10-08
2025,09,6802,"Pedras de cantaria ou de construção (exceto de ardósia) trabalhadas e obras destas pedras, exceto as da posição 6801; cubos, pastilhas e artigos semelhantes, para mosaicos, de pedra natural (incluída a ardósia), mesmo com suporte; grânulos, fragmentos e",Taiwan (Formosa),193757,98474,comexstat,2026-10-08
2025,04,6802,"Pedras de cantaria ou de construção (exceto de ardósia) trabalhadas e obras destas pedras, exceto as da posição 6801; cubos, pastilhas e artigos semelhantes, para mosaicos, de pedra natural (incluída a ardósia), mesmo com suporte; grânulos, fragmentos e",Paraguai,192575,558874,comexstat,2026-10-08
2025,03,6802,"Pedras de cantaria ou de construção (exceto de ardósia) trabalhadas e obras destas pedras, exceto as da posição 6801; cubos, pastilhas e artigos semelhantes, para mosaicos, de pedra natural (incluída a ardósia), mesmo com suporte; grânulos, fragmentos e",Equador,190586,285527,comexstat,2026-10-08
2025,12,6802,"Pedras de cantaria ou de construção (exceto de ardósia) trabalhadas e obras destas pedras, exceto as da posição 6801; cubos, pastilhas e artigos semelhantes, para mosaicos, de pedra natural (incluída a ardósia), mesmo com suporte; grânulos, fragmentos e",Paraguai,189658,473569,comexstat,2026-10-08
2025,03,6802,"Pedras de cantaria ou de construção (exceto de ardósia) trabalhadas e obras destas pedras, exceto as da posição 6801; cubos, pastilhas e artigos semelhantes, para mosaicos, de pedra natural (incluída a ardósia), mesmo com suporte; grânulos, fragmentos e",Países Baixos (Holanda),188540,78874,comexstat,2026-10-08
2025,01,6802,"Pedras de cantaria ou de construção (exceto de ardósia) trabalhadas e obras destas pedras, exceto as da posição 6801; cubos, pastilhas e artigos semelhantes, para mosaicos, de pedra natural (incluída a ardósia), mesmo com suporte; grânulos, fragmentos e",Indonésia,188414,261909,comexstat,2026-10-08
2025,08,6802,"Pedras de cantaria ou de construção (exceto de ardósia) trabalhadas e obras destas pedras, exceto as da posição 6801; cubos, pastilhas e artigos semelhantes, para mosaicos, de pedra natural (incluída a ardósia), mesmo com suporte; grânulos, fragmentos e",Turquia,187172,143577,comexstat,2026-10-08
2025,12,6802,"Pedras de cantaria ou de construção (exceto de ardósia) trabalhadas e obras destas pedras, exceto as da posição 6801; cubos, pastilhas e artigos semelhantes, para mosaicos, de pedra natural (incluída a ardósia), mesmo com suporte; grânulos, fragmentos e",Equador,186333,239460,comexstat,2026-10-08
2025,02,6802,"Pedras de cantaria ou de construção (exceto de ardósia) trabalhadas e obras destas pedras, exceto as da posição 6801; cubos, pastilhas e artigos semelhantes, para mosaicos, de pedra natural (incluída a ardósia), mesmo com suporte; grânulos, fragmentos e",Rússia,185249,106351,comexstat,2026-10-08
2025,06,6803,Ardósia natural trabalhada e obras de ardósia natural ou aglomerada,França,182214,440416,comexstat,2026-10-08
2025,09,6802,"Pedras de cantaria ou de construção (exceto de ardósia) trabalhadas e obras destas pedras, exceto as da posição 6801; cubos, pastilhas e artigos semelhantes, para mosaicos, de pedra natural (incluída a ardósia), mesmo com suporte; grânulos, fragmentos e",Alemanha,182167,147681,comexstat,2026-10-08
2025,01,6802,"Pedras de cantaria ou de construção (exceto de ardósia) trabalhadas e obras destas pedras, exceto as da posição 6801; cubos, pastilhas e artigos semelhantes, para mosaicos, de pedra natural (incluída a ardósia), mesmo com suporte; grânulos, fragmentos e",França,182003,105776,comexstat,2026-10-08
2025,09,6802,"Pedras de cantaria ou de construção (exceto de ardósia) trabalhadas e obras destas pedras, exceto as da posição 6801; cubos, pastilhas e artigos semelhantes, para mosaicos, de pedra natural (incluída a ardósia), mesmo com suporte; grânulos, fragmentos e",Turquia,181641,125572,comexstat,2026-10-08
2025,11,6802,"Pedras de cantaria ou de construção (exceto de ardósia) trabalhadas e obras destas pedras, exceto as da posição 6801; cubos, pastilhas e artigos semelhantes, para mosaicos, de pedra natural (incluída a ardósia), mesmo com suporte; grânulos, fragmentos e",Dinamarca,180950,70850,comexstat,2026-10-08
2025,05,6802,"Pedras de cantaria ou de construção (exceto de ardósia) trabalhadas e obras destas pedras, exceto as da posição 6801; cubos, pastilhas e artigos semelhantes, para mosaicos, de pedra natural (incluída a ardósia), mesmo com suporte; grânulos, fragmentos e",Singapura,180858,76924,comexstat,2026-10-08
2025,09,6802,"Pedras de cantaria ou de construção (exceto de ardósia) trabalhadas e obras destas pedras, exceto as da posição 6801; cubos, pastilhas e artigos semelhantes, para mosaicos, de pedra natural (incluída a ardósia), mesmo com suporte; grânulos, fragmentos e",Romênia,179840,271974,comexstat,2026-10-08
2025,06,6802,"Pedras de cantaria ou de construção (exceto de ardósia) trabalhadas e obras destas pedras, exceto as da posição 6801; cubos, pastilhas e artigos semelhantes, para mosaicos, de pedra natural (incluída a ardósia), mesmo com suporte; grânulos, fragmentos e",Catar,177026,157941,comexstat,2026-10-08
2025,10,6802,"Pedras de cantaria ou de construção (exceto de ardósia) trabalhadas e obras destas pedras, exceto as da posição 6801; cubos, pastilhas e artigos semelhantes, para mosaicos, de pedra natural (incluída a ardósia), mesmo com suporte; grânulos, fragmentos e",Dinamarca,175201,71804,comexstat,2026-10-08
2025,10,2516,"Granito, pórfiro, basalto, arenito e outras pedras de cantaria ou de construção, mesmo desbastados ou simplesmente cortados à serra ou por outro meio, em blocos ou placas de forma quadrada ou rectangular",Vietnã,173519,492890,comexstat,2026-10-08
2025,12,6802,"Pedras de cantaria ou de construção (exceto de ardósia) trabalhadas e obras destas pedras, exceto as da posição 6801; cubos, pastilhas e artigos semelhantes, para mosaicos, de pedra natural (incluída a ardósia), mesmo com suporte; grânulos, fragmentos e",Rússia,171781,75088,comexstat,2026-10-08
2025,01,6803,Ardósia natural trabalhada e obras de ardósia natural ou aglomerada,Itália,171398,505207,comexstat,2026-10-08
2025,02,2516,"Granito, pórfiro, basalto, arenito e outras pedras de cantaria ou de construção, mesmo desbastados ou simplesmente cortados à serra ou por outro meio, em blocos ou placas de forma quadrada ou rectangular",Polônia,170502,435775,comexstat,2026-10-08
2025,03,6803,Ardósia natural trabalhada e obras de ardósia natural ou aglomerada,Irlanda,168348,441977,comexstat,2026-10-08
2025,02,2515,"Mármores, travertinos, granitos belgas e outras pedras calcárias de cantaria ou de construção, de densidade aparente igual ou superior a 2,5, e alabastro, mesmo desbastados ou simplesmente cortados à serra ou por outro meio, em blocos ou placas de forma q",Itália,168289,168140,comexstat,2026-10-08
2025,02,6802,"Pedras de cantaria ou de construção (exceto de ardósia) trabalhadas e obras destas pedras, exceto as da posição 6801; cubos, pastilhas e artigos semelhantes, para mosaicos, de pedra natural (incluída a ardósia), mesmo com suporte; grânulos, fragmentos e",Paraguai,167412,509262,comexstat,2026-10-08
2025,09,6802,"Pedras de cantaria ou de construção (exceto de ardósia) trabalhadas e obras destas pedras, exceto as da posição 6801; cubos, pastilhas e artigos semelhantes, para mosaicos, de pedra natural (incluída a ardósia), mesmo com suporte; grânulos, fragmentos e",Costa Rica,165677,122114,comexstat,2026-10-08
2025,07,6803,Ardósia natural trabalhada e obras de ardósia natural ou aglomerada,Colômbia,165029,284720,comexstat,2026-10-08
2025,10,6802,"Pedras de cantaria ou de construção (exceto de ardósia) trabalhadas e obras destas pedras, exceto as da posição 6801; cubos, pastilhas e artigos semelhantes, para mosaicos, de pedra natural (incluída a ardósia), mesmo com suporte; grânulos, fragmentos e",Costa Rica,164462,125949,comexstat,2026-10-08
2025,12,6803,Ardósia natural trabalhada e obras de ardósia natural ou aglomerada,Itália,164328,430213,comexstat,2026-10-08
2025,08,6802,"Pedras de cantaria ou de construção (exceto de ardósia) trabalhadas e obras destas pedras, exceto as da posição 6801; cubos, pastilhas e artigos semelhantes, para mosaicos, de pedra natural (incluída a ardósia), mesmo com suporte; grânulos, fragmentos e",Bélgica,164155,69829,comexstat,2026-10-08
2025,09,2516,"Granito, pórfiro, basalto, arenito e outras pedras de cantaria ou de construção, mesmo desbastados ou simplesmente cortados à serra ou por outro meio, em blocos ou placas de forma quadrada ou rectangular",Polônia,163339,375520,comexstat,2026-10-08
2025,02,6802,"Pedras de cantaria ou de construção (exceto de ardósia) trabalhadas e obras destas pedras, exceto as da posição 6801; cubos, pastilhas e artigos semelhantes, para mosaicos, de pedra natural (incluída a ardósia), mesmo com suporte; grânulos, fragmentos e",Peru,163290,290773,comexstat,2026-10-08
2025,04,6803,Ardósia natural trabalhada e obras de ardósia natural ou aglomerada,França,162977,365451,comexstat,2026-10-08
2025,07,2516,"Granito, pórfiro, basalto, arenito e outras pedras de cantaria ou de construção, mesmo desbastados ou simplesmente cortados à serra ou por outro meio, em blocos ou placas de forma quadrada ou rectangular",Argentina,162189,656446,comexstat,2026-10-08
2025,11,6802,"Pedras de cantaria ou de construção (exceto de ardósia) trabalhadas e obras destas pedras, exceto as da posição 6801; cubos, pastilhas e artigos semelhantes, para mosaicos, de pedra natural (incluída a ardósia), mesmo com suporte; grânulos, fragmentos e",Panamá,161246,126562,comexstat,2026-10-08
2025,01,6802,"Pedras de cantaria ou de construção (exceto de ardósia) trabalhadas e obras destas pedras, exceto as da posição 6801; cubos, pastilhas e artigos semelhantes, para mosaicos, de pedra natural (incluída a ardósia), mesmo com suporte; grânulos, fragmentos e",Guatemala,161076,155706,comexstat,2026-10-08
2025,06,2516,"Granito, pórfiro, basalto, arenito e outras pedras de cantaria ou de construção, mesmo desbastados ou simplesmente cortados à serra ou por outro meio, em blocos ou placas de forma quadrada ou rectangular",Vietnã,160740,414310,comexstat,2026-10-08
2025,11,2516,"Granito, pórfiro, basalto, arenito e outras pedras de cantaria ou de construção, mesmo desbastados ou simplesmente cortados à serra ou por outro meio, em blocos ou placas de forma quadrada ou rectangular",Vietnã,160099,318630,comexstat,2026-10-08
2025,01,6802,"Pedras de cantaria ou de construção (exceto de ardósia) trabalhadas e obras destas pedras, exceto as da posição 6801; cubos, pastilhas e artigos semelhantes, para mosaicos, de pedra natural (incluída a ardósia), mesmo com suporte; grânulos, fragmentos e",Índia,157769,108537,comexstat,2026-10-08
2025,03,6803,Ardósia natural trabalhada e obras de ardósia natural ou aglomerada,Dinamarca,156668,278302,comexstat,2026-10-08
2025,10,6802,"Pedras de cantaria ou de construção (exceto de ardósia) trabalhadas e obras destas pedras, exceto as da posição 6801; cubos, pastilhas e artigos semelhantes, para mosaicos, de pedra natural (incluída a ardósia), mesmo com suporte; grânulos, fragmentos e",Bolívia,156635,176430,comexstat,2026-10-08
2025,11,6803,Ardósia natural trabalhada e obras de ardósia natural ou aglomerada,Espanha,155472,324851,comexstat,2026-10-08
2025,03,6802,"Pedras de cantaria ou de construção (exceto de ardósia) trabalhadas e obras destas pedras, exceto as da posição 6801; cubos, pastilhas e artigos semelhantes, para mosaicos, de pedra natural (incluída a ardósia), mesmo com suporte; grânulos, fragmentos e",Honduras,155379,284309,comexstat,2026-10-08
2025,03,6803,Ardósia natural trabalhada e obras de ardósia natural ou aglomerada,Itália,154959,459517,comexstat,2026-10-08
2025,12,6802,"Pedras de cantaria ou de construção (exceto de ardósia) trabalhadas e obras destas pedras, exceto as da posição 6801; cubos, pastilhas e artigos semelhantes, para mosaicos, de pedra natural (incluída a ardósia), mesmo com suporte; grânulos, fragmentos e",Nova Zelândia,154246,51761,comexstat,2026-10-08
2025,06,6802,"Pedras de cantaria ou de construção (exceto de ardósia) trabalhadas e obras destas pedras, exceto as da posição 6801; cubos, pastilhas e artigos semelhantes, para mosaicos, de pedra natural (incluída a ardósia), mesmo com suporte; grânulos, fragmentos e",Costa Rica,154082,72247,comexstat,2026-10-08
2025,06,6802,"Pedras de cantaria ou de construção (exceto de ardósia) trabalhadas e obras destas pedras, exceto as da posição 6801; cubos, pastilhas e artigos semelhantes, para mosaicos, de pedra natural (incluída a ardósia), mesmo com suporte; grânulos, fragmentos e",Uruguai,153665,335570,comexstat,2026-10-08
2025,10,6802,"Pedras de cantaria ou de construção (exceto de ardósia) trabalhadas e obras destas pedras, exceto as da posição 6801; cubos, pastilhas e artigos semelhantes, para mosaicos, de pedra natural (incluída a ardósia), mesmo com suporte; grânulos, fragmentos e",Honduras,151753,184446,comexstat,2026-10-08
2025,02,6803,Ardósia natural trabalhada e obras de ardósia natural ou aglomerada,Chile,150900,356306,comexstat,2026-10-08
2025,05,6802,"Pedras de cantaria ou de construção (exceto de ardósia) trabalhadas e obras destas pedras, exceto as da posição 6801; cubos, pastilhas e artigos semelhantes, para mosaicos, de pedra natural (incluída a ardósia), mesmo com suporte; grânulos, fragmentos e",Uruguai,150632,352806,comexstat,2026-10-08
2025,09,6802,"Pedras de cantaria ou de construção (exceto de ardósia) trabalhadas e obras destas pedras, exceto as da posição 6801; cubos, pastilhas e artigos semelhantes, para mosaicos, de pedra natural (incluída a ardósia), mesmo com suporte; grânulos, fragmentos e",Uruguai,150140,412095,comexstat,2026-10-08
2025,01,6802,"Pedras de cantaria ou de construção (exceto de ardósia) trabalhadas e obras destas pedras, exceto as da posição 6801; cubos, pastilhas e artigos semelhantes, para mosaicos, de pedra natural (incluída a ardósia), mesmo com suporte; grânulos, fragmentos e",Turquia,150091,140568,comexstat,2026-10-08
2025,07,6802,"Pedras de cantaria ou de construção (exceto de ardósia) trabalhadas e obras destas pedras, exceto as da posição 6801; cubos, pastilhas e artigos semelhantes, para mosaicos, de pedra natural (incluída a ardósia), mesmo com suporte; grânulos, fragmentos e",Catar,150080,129219,comexstat,2026-10-08
2025,07,6802,"Pedras de cantaria ou de construção (exceto de ardósia) trabalhadas e obras destas pedras, exceto as da posição 6801; cubos, pastilhas e artigos semelhantes, para mosaicos, de pedra natural (incluída a ardósia), mesmo com suporte; grânulos, fragmentos e",Dinamarca,149814,92810,comexstat,2026-10-08
2025,12,6803,Ardósia natural trabalhada e obras de ardósia natural ou aglomerada,França,149738,242487,comexstat,2026-10-08
2025,07,6802,"Pedras de cantaria ou de construção (exceto de ardósia) trabalhadas e obras destas pedras, exceto as da posição 6801; cubos, pastilhas e artigos semelhantes, para mosaicos, de pedra natural (incluída a ardósia), mesmo com suporte; grânulos, fragmentos e",Portugal,149550,115732,comexstat,2026-10-08
2025,05,6803,Ardósia natural trabalhada e obras de ardósia natural ou aglomerada,França,148792,374543,comexstat,2026-10-08
2025,08,6802,"Pedras de cantaria ou de construção (exceto de ardósia) trabalhadas e obras destas pedras, exceto as da posição 6801; cubos, pastilhas e artigos semelhantes, para mosaicos, de pedra natural (incluída a ardósia), mesmo com suporte; grânulos, fragmentos e",Porto Rico,148162,70065,comexstat,2026-10-08
2025,02,2516,"Granito, pórfiro, basalto, arenito e outras pedras de cantaria ou de construção, mesmo desbastados ou simplesmente cortados à serra ou por outro meio, em blocos ou placas de forma quadrada ou rectangular",Uzbequistão,148116,80340,comexstat,2026-10-08
2025,04,6802,"Pedras de cantaria ou de construção (exceto de ardósia) trabalhadas e obras destas pedras, exceto as da posição 6801; cubos, pastilhas e artigos semelhantes, para mosaicos, de pedra natural (incluída a ardósia), mesmo com suporte; grânulos, fragmentos e",Índia,147943,101705,comexstat,2026-10-08
2025,10,6803,Ardósia natural trabalhada e obras de ardósia natural ou aglomerada,Irlanda,147714,365188,comexstat,2026-10-08
2025,09,6802,"Pedras de cantaria ou de construção (exceto de ardósia) trabalhadas e obras destas pedras, exceto as da posição 6801; cubos, pastilhas e artigos semelhantes, para mosaicos, de pedra natural (incluída a ardósia), mesmo com suporte; grânulos, fragmentos e",Países Baixos (Holanda),147693,135769,comexstat,2026-10-08
2025,02,6802,"Pedras de cantaria ou de construção (exceto de ardósia) trabalhadas e obras destas pedras, exceto as da posição 6801; cubos, pastilhas e artigos semelhantes, para mosaicos, de pedra natural (incluída a ardósia), mesmo com suporte; grânulos, fragmentos e",Equador,146939,237696,comexstat,2026-10-08
2025,10,6802,"Pedras de cantaria ou de construção (exceto de ardósia) trabalhadas e obras destas pedras, exceto as da posição 6801; cubos, pastilhas e artigos semelhantes, para mosaicos, de pedra natural (incluída a ardósia), mesmo com suporte; grânulos, fragmentos e",Panamá,146905,127119,comexstat,2026-10-08
2025,05,6802,"Pedras de cantaria ou de construção (exceto de ardósia) trabalhadas e obras destas pedras, exceto as da posição 6801; cubos, pastilhas e artigos semelhantes, para mosaicos, de pedra natural (incluída a ardósia), mesmo com suporte; grânulos, fragmentos e",Equador,144946,236007,comexstat,2026-10-08
2025,02,2516,"Granito, pórfiro, basalto, arenito e outras pedras de cantaria ou de construção, mesmo desbastados ou simplesmente cortados à serra ou por outro meio, em blocos ou placas de forma quadrada ou rectangular",Índia,144871,133310,comexstat,2026-10-08
2025,11,2516,"Granito, pórfiro, basalto, arenito e outras pedras de cantaria ou de construção, mesmo desbastados ou simplesmente cortados à serra ou por outro meio, em blocos ou placas de forma quadrada ou rectangular",Itália,144270,102560,comexstat,2026-10-08
2025,03,6802,"Pedras de cantaria ou de construção (exceto de ardósia) trabalhadas e obras destas pedras, exceto as da posição 6801; cubos, pastilhas e artigos semelhantes, para mosaicos, de pedra natural (incluída a ardósia), mesmo com suporte; grânulos, fragmentos e",Uruguai,142797,395934,comexstat,2026-10-08
2025,04,6802,"Pedras de cantaria ou de construção (exceto de ardósia) trabalhadas e obras destas pedras, exceto as da posição 6801; cubos, pastilhas e artigos semelhantes, para mosaicos, de pedra natural (incluída a ardósia), mesmo com suporte; grânulos, fragmentos e",Honduras,140166,258678,comexstat,2026-10-08
2025,09,6802,"Pedras de cantaria ou de construção (exceto de ardósia) trabalhadas e obras destas pedras, exceto as da posição 6801; cubos, pastilhas e artigos semelhantes, para mosaicos, de pedra natural (incluída a ardósia), mesmo com suporte; grânulos, fragmentos e",Bélgica,139615,48022,comexstat,2026-10-08
2025,05,6802,"Pedras de cantaria ou de construção (exceto de ardósia) trabalhadas e obras destas pedras, exceto as da posição 6801; cubos, pastilhas e artigos semelhantes, para mosaicos, de pedra natural (incluída a ardósia), mesmo com suporte; grânulos, fragmentos e",Taiwan (Formosa),138764,46234,comexstat,2026-10-08
2025,04,6803,Ardósia natural trabalhada e obras de ardósia natural ou aglomerada,Itália,138457,330463,comexstat,2026-10-08
2025,11,2516,"Granito, pórfiro, basalto, arenito e outras pedras de cantaria ou de construção, mesmo desbastados ou simplesmente cortados à serra ou por outro meio, em blocos ou placas de forma quadrada ou rectangular",França,138401,515150,comexstat,2026-10-08
2025,09,6802,"Pedras de cantaria ou de construção (exceto de ardósia) trabalhadas e obras destas pedras, exceto as da posição 6801; cubos, pastilhas e artigos semelhantes, para mosaicos, de pedra natural (incluída a ardósia), mesmo com suporte; grânulos, fragmentos e",Peru,138351,197963,comexstat,2026-10-08
2025,03,6803,Ardósia natural trabalhada e obras de ardósia natural ou aglomerada,França,137989,302353,comexstat,2026-10-08
2025,11,6802,"Pedras de cantaria ou de construção (exceto de ardósia) trabalhadas e obras destas pedras, exceto as da posição 6801; cubos, pastilhas e artigos semelhantes, para mosaicos, de pedra natural (incluída a ardósia), mesmo com suporte; grânulos, fragmentos e",Nova Zelândia,137649,76605,comexstat,2026-10-08
2025,09,6803,Ardósia natural trabalhada e obras de ardósia natural ou aglomerada,Chile,135817,312001,comexstat,2026-10-08
2025,01,6802,"Pedras de cantaria ou de construção (exceto de ardósia) trabalhadas e obras destas pedras, exceto as da posição 6801; cubos, pastilhas e artigos semelhantes, para mosaicos, de pedra natural (incluída a ardósia), mesmo com suporte; grânulos, fragmentos e",Paraguai,135736,457743,comexstat,2026-10-08
2025,03,6802,"Pedras de cantaria ou de construção (exceto de ardósia) trabalhadas e obras destas pedras, exceto as da posição 6801; cubos, pastilhas e artigos semelhantes, para mosaicos, de pedra natural (incluída a ardósia), mesmo com suporte; grânulos, fragmentos e",Peru,135421,238083,comexstat,2026-10-08
2025,07,6802,"Pedras de cantaria ou de construção (exceto de ardósia) trabalhadas e obras destas pedras, exceto as da posição 6801; cubos, pastilhas e artigos semelhantes, para mosaicos, de pedra natural (incluída a ardósia), mesmo com suporte; grânulos, fragmentos e",Arábia Saudita,135108,76425,comexstat,2026-10-08
2025,08,6802,"Pedras de cantaria ou de construção (exceto de ardósia) trabalhadas e obras destas pedras, exceto as da posição 6801; cubos, pastilhas e artigos semelhantes, para mosaicos, de pedra natural (incluída a ardósia), mesmo com suporte; grânulos, fragmentos e",Indonésia,134289,159056,comexstat,2026-10-08
2025,02,6802,"Pedras de cantaria ou de construção (exceto de ardósia) trabalhadas e obras destas pedras, exceto as da posição 6801; cubos, pastilhas e artigos semelhantes, para mosaicos, de pedra natural (incluída a ardósia), mesmo com suporte; grânulos, fragmentos e",Costa Rica,133604,124694,comexstat,2026-10-08
2025,07,6803,Ardósia natural trabalhada e obras de ardósia natural ou aglomerada,Dinamarca,132918,217994,comexstat,2026-10-08
2025,12,6803,Ardósia natural trabalhada e obras de ardósia natural ou aglomerada,Colômbia,132721,233587,comexstat,2026-10-08
2025,05,6803,Ardósia natural trabalhada e obras de ardósia natural ou aglomerada,Colômbia,132084,254857,comexstat,2026-10-08
2025,10,2515,"Mármores, travertinos, granitos belgas e outras pedras calcárias de cantaria ou de construção, de densidade aparente igual ou superior a 2,5, e alabastro, mesmo desbastados ou simplesmente cortados à serra ou por outro meio, em blocos ou placas de forma q",Índia,131858,650286,comexstat,2026-10-08
2025,08,6802,"Pedras de cantaria ou de construção (exceto de ardósia) trabalhadas e obras destas pedras, exceto as da posição 6801; cubos, pastilhas e artigos semelhantes, para mosaicos, de pedra natural (incluída a ardósia), mesmo com suporte; grânulos, fragmentos e",Catar,131435,106635,comexstat,2026-10-08
2025,05,6802,"Pedras de cantaria ou de construção (exceto de ardósia) trabalhadas e obras destas pedras, exceto as da posição 6801; cubos, pastilhas e artigos semelhantes, para mosaicos, de pedra natural (incluída a ardósia), mesmo com suporte; grânulos, fragmentos e",Peru,130829,238406,comexstat,2026-10-08
2025,12,2516,"Granito, pórfiro, basalto, arenito e outras pedras de cantaria ou de construção, mesmo desbastados ou simplesmente cortados à serra ou por outro meio, em blocos ou placas de forma quadrada ou rectangular",França,130726,426870,comexstat,2026-10-08
2025,10,6803,Ardósia natural trabalhada e obras de ardósia natural ou aglomerada,Colômbia,130563,225278,comexstat,2026-10-08
2025,02,6803,Ardósia natural trabalhada e obras de ardósia natural ou aglomerada,Dinamarca,129286,230331,comexstat,2026-10-08
2025,12,6802,"Pedras de cantaria ou de construção (exceto de ardósia) trabalhadas e obras destas pedras, exceto as da posição 6801; cubos, pastilhas e artigos semelhantes, para mosaicos, de pedra natural (incluída a ardósia), mesmo com suporte; grânulos, fragmentos e",Suécia,129128,48476,comexstat,2026-10-08
2025,08,2516,"Granito, pórfiro, basalto, arenito e outras pedras de cantaria ou de construção, mesmo desbastados ou simplesmente cortados à serra ou por outro meio, em blocos ou placas de forma quadrada ou rectangular",França,128948,497480,comexstat,2026-10-08
2025,02,6802,"Pedras de cantaria ou de construção (exceto de ardósia) trabalhadas e obras destas pedras, exceto as da posição 6801; cubos, pastilhas e artigos semelhantes, para mosaicos, de pedra natural (incluída a ardósia), mesmo com suporte; grânulos, fragmentos e",Uruguai,128541,302128,comexstat,2026-10-08
2025,11,6802,"Pedras de cantaria ou de construção (exceto de ardósia) trabalhadas e obras destas pedras, exceto as da posição 6801; cubos, pastilhas e artigos semelhantes, para mosaicos, de pedra natural (incluída a ardósia), mesmo com suporte; grânulos, fragmentos e",Israel,128088,50697,comexstat,2026-10-08
2025,06,6802,"Pedras de cantaria ou de construção (exceto de ardósia) trabalhadas e obras destas pedras, exceto as da posição 6801; cubos, pastilhas e artigos semelhantes, para mosaicos, de pedra natural (incluída a ardósia), mesmo com suporte; grânulos, fragmentos e",Romênia,127982,205015,comexstat,2026-10-08
2025,04,6802,"Pedras de cantaria ou de construção (exceto de ardósia) trabalhadas e obras destas pedras, exceto as da posição 6801; cubos, pastilhas e artigos semelhantes, para mosaicos, de pedra natural (incluída a ardósia), mesmo com suporte; grânulos, fragmentos e",Uruguai,127475,286504,comexstat,2026-10-08
2025,11,6803,Ardósia natural trabalhada e obras de ardósia natural ou aglomerada,Dinamarca,127198,223539,comexstat,2026-10-08
2025,05,6802,"Pedras de cantaria ou de construção (exceto de ardósia) trabalhadas e obras destas pedras, exceto as da posição 6801; cubos, pastilhas e artigos semelhantes, para mosaicos, de pedra natural (incluída a ardósia), mesmo com suporte; grânulos, fragmentos e",Suécia,126561,96577,comexstat,2026-10-08
2025,08,6802,"Pedras de cantaria ou de construção (exceto de ardósia) trabalhadas e obras destas pedras, exceto as da posição 6801; cubos, pastilhas e artigos semelhantes, para mosaicos, de pedra natural (incluída a ardósia), mesmo com suporte; grânulos, fragmentos e",Panamá,126270,70179,comexstat,2026-10-08
2025,05,6802,"Pedras de cantaria ou de construção (exceto de ardósia) trabalhadas e obras destas pedras, exceto as da posição 6801; cubos, pastilhas e artigos semelhantes, para mosaicos, de pedra natural (incluída a ardósia), mesmo com suporte; grânulos, fragmentos e",Paraguai,125059,366200,comexstat,2026-10-08
2025,07,6802,"Pedras de cantaria ou de construção (exceto de ardósia) trabalhadas e obras destas pedras, exceto as da posição 6801; cubos, pastilhas e artigos semelhantes, para mosaicos, de pedra natural (incluída a ardósia), mesmo com suporte; grânulos, fragmentos e",África do Sul,124908,49101,comexstat,2026-10-08
2025,03,2516,"Granito, pórfiro, basalto, arenito e outras pedras de cantaria ou de construção, mesmo desbastados ou simplesmente cortados à serra ou por outro meio, em blocos ou placas de forma quadrada ou rectangular",França,124826,531050,comexstat,2026-10-08
2025,03,6803,Ardósia natural trabalhada e obras de ardósia natural ou aglomerada,Espanha,123965,231544,comexstat,2026-10-08
2025,05,6802,"Pedras de cantaria ou de construção (exceto de ardósia) trabalhadas e obras destas pedras, exceto as da posição 6801; cubos, pastilhas e artigos semelhantes, para mosaicos, de pedra natural (incluída a ardósia), mesmo com suporte; grânulos, fragmentos e",Honduras,123613,180057,comexstat,2026-10-08
2025,12,2516,"Granito, pórfiro, basalto, arenito e outras pedras de cantaria ou de construção, mesmo desbastados ou simplesmente cortados à serra ou por outro meio, em blocos ou placas de forma quadrada ou rectangular",Índia,123608,178820,comexstat,2026-10-08
2025,01,6802,"Pedras de cantaria ou de construção (exceto de ardósia) trabalhadas e obras destas pedras, exceto as da posição 6801; cubos, pastilhas e artigos semelhantes, para mosaicos, de pedra natural (incluída a ardósia), mesmo com suporte; grânulos, fragmentos e",Honduras,123093,158757,comexstat,2026-10-08
2025,02,6802,"Pedras de cantaria ou de construção (exceto de ardósia) trabalhadas e obras destas pedras, exceto as da posição 6801; cubos, pastilhas e artigos semelhantes, para mosaicos, de pedra natural (incluída a ardósia), mesmo com suporte; grânulos, fragmentos e",Coveite (Kuweit),122865,49776,comexstat,2026-10-08
2025,10,6802,"Pedras de cantaria ou de construção (exceto de ardósia) trabalhadas e obras destas pedras, exceto as da posição 6801; cubos, pastilhas e artigos semelhantes, para mosaicos, de pedra natural (incluída a ardósia), mesmo com suporte; grânulos, fragmentos e",Irlanda,122254,50807,comexstat,2026-10-08
2025,01,6803,Ardósia natural trabalhada e obras de ardósia natural ou aglomerada,Irlanda,121884,338498,comexstat,2026-10-08
2025,02,6802,"Pedras de cantaria ou de construção (exceto de ardósia) trabalhadas e obras destas pedras, exceto as da posição 6801; cubos, pastilhas e artigos semelhantes, para mosaicos, de pedra natural (incluída a ardósia), mesmo com suporte; grânulos, fragmentos e",Arábia Saudita,121841,47300,comexstat,2026-10-08
2025,08,6802,"Pedras de cantaria ou de construção (exceto de ardósia) trabalhadas e obras destas pedras, exceto as da posição 6801; cubos, pastilhas e artigos semelhantes, para mosaicos, de pedra natural (incluída a ardósia), mesmo com suporte; grânulos, fragmentos e",Dinamarca,121689,49660,comexstat,2026-10-08
2025,08,6802,"Pedras de cantaria ou de construção (exceto de ardósia) trabalhadas e obras destas pedras, exceto as da posição 6801; cubos, pastilhas e artigos semelhantes, para mosaicos, de pedra natural (incluída a ardósia), mesmo com suporte; grânulos, fragmentos e",Índia,121535,106881,comexstat,2026-10-08
2025,06,6802,"Pedras de cantaria ou de construção (exceto de ardósia) trabalhadas e obras destas pedras, exceto as da posição 6801; cubos, pastilhas e artigos semelhantes, para mosaicos, de pedra natural (incluída a ardósia), mesmo com suporte; grânulos, fragmentos e",Honduras,121319,207942,comexstat,2026-10-08
2025,09,2516,"Granito, pórfiro, basalto, arenito e outras pedras de cantaria ou de construção, mesmo desbastados ou simplesmente cortados à serra ou por outro meio, em blocos ou placas de forma quadrada ou rectangular",Singapura,120039,81690,comexstat,2026-10-08
2025,09,6802,"Pedras de cantaria ou de construção (exceto de ardósia) trabalhadas e obras destas pedras, exceto as da posição 6801; cubos, pastilhas e artigos semelhantes, para mosaicos, de pedra natural (incluída a ardósia), mesmo com suporte; grânulos, fragmentos e",Portugal,119691,79840,comexstat,2026-10-08
2025,05,6802,"Pedras de cantaria ou de construção (exceto de ardósia) trabalhadas e obras destas pedras, exceto as da posição 6801; cubos, pastilhas e artigos semelhantes, para mosaicos, de pedra natural (incluída a ardósia), mesmo com suporte; grânulos, fragmentos e","Tcheca, República",119577,79723,comexstat,2026-10-08
2025,10,6803,Ardósia natural trabalhada e obras de ardósia natural ou aglomerada,Chile,119295,288981,comexstat,2026-10-08
2025,02,6802,"Pedras de cantaria ou de construção (exceto de ardósia) trabalhadas e obras destas pedras, exceto as da posição 6801; cubos, pastilhas e artigos semelhantes, para mosaicos, de pedra natural (incluída a ardósia), mesmo com suporte; grânulos, fragmentos e",Bolívia,119215,309746,comexstat,2026-10-08
2025,11,2516,"Granito, pórfiro, basalto, arenito e outras pedras de cantaria ou de construção, mesmo desbastados ou simplesmente cortados à serra ou por outro meio, em blocos ou placas de forma quadrada ou rectangular",Índia,118774,104365,comexstat,2026-10-08
2025,11,6802,"Pedras de cantaria ou de construção (exceto de ardósia) trabalhadas e obras destas pedras, exceto as da posição 6801; cubos, pastilhas e artigos semelhantes, para mosaicos, de pedra natural (incluída a ardósia), mesmo com suporte; grânulos, fragmentos e",Tailândia,117753,51725,comexstat,2026-10-08
2025,09,6802,"Pedras de cantaria ou de construção (exceto de ardósia) trabalhadas e obras destas pedras, exceto as da posição 6801; cubos, pastilhas e artigos semelhantes, para mosaicos, de pedra natural (incluída a ardósia), mesmo com suporte; grânulos, fragmentos e",Panamá,117497,122182,comexstat,2026-10-08
2025,10,6802,"Pedras de cantaria ou de construção (exceto de ardósia) trabalhadas e obras destas pedras, exceto as da posição 6801; cubos, pastilhas e artigos semelhantes, para mosaicos, de pedra natural (incluída a ardósia), mesmo com suporte; grânulos, fragmentos e",Países Baixos (Holanda),117382,55059,comexstat,2026-10-08
2025,06,2515,"Mármores, travertinos, granitos belgas e outras pedras calcárias de cantaria ou de construção, de densidade aparente igual ou superior a 2,5, e alabastro, mesmo desbastados ou simplesmente cortados à serra ou por outro meio, em blocos ou placas de forma q",Estados Unidos,116916,163522,comexstat,2026-10-08
2025,11,6803,Ardósia natural trabalhada e obras de ardósia natural ou aglomerada,Itália,116906,267596,comexstat,2026-10-08
2025,04,6802,"Pedras de cantaria ou de construção (exceto de ardósia) trabalhadas e obras destas pedras, exceto as da posição 6801; cubos, pastilhas e artigos semelhantes, para mosaicos, de pedra natural (incluída a ardósia), mesmo com suporte; grânulos, fragmentos e",Indonésia,116789,104615,comexstat,2026-10-08
2025,06,6802,"Pedras de cantaria ou de construção (exceto de ardósia) trabalhadas e obras destas pedras, exceto as da posição 6801; cubos, pastilhas e artigos semelhantes, para mosaicos, de pedra natural (incluída a ardósia), mesmo com suporte; grânulos, fragmentos e",Lituânia,116149,51854,comexstat,2026-10-08
2025,12,6802,"Pedras de cantaria ou de construção (exceto de ardósia) trabalhadas e obras destas pedras, exceto as da posição 6801; cubos, pastilhas e artigos semelhantes, para mosaicos, de pedra natural (incluída a ardósia), mesmo com suporte; grânulos, fragmentos e",Geórgia,116067,102354,comexstat,2026-10-08
2025,02,6802,"Pedras de cantaria ou de construção (exceto de ardósia) trabalhadas e obras destas pedras, exceto as da posição 6801; cubos, pastilhas e artigos semelhantes, para mosaicos, de pedra natural (incluída a ardósia), mesmo com suporte; grânulos, fragmentos e",Indonésia,115962,106979,comexstat,2026-10-08
2025,07,6802,"Pedras de cantaria ou de construção (exceto de ardósia) trabalhadas e obras destas pedras, exceto as da posição 6801; cubos, pastilhas e artigos semelhantes, para mosaicos, de pedra natural (incluída a ardósia), mesmo com suporte; grânulos, fragmentos e",Indonésia,115197,131359,comexstat,2026-10-08
2025,01,6802,"Pedras de cantaria ou de construção (exceto de ardósia) trabalhadas e obras destas pedras, exceto as da posição 6801; cubos, pastilhas e artigos semelhantes, para mosaicos, de pedra natural (incluída a ardósia), mesmo com suporte; grânulos, fragmentos e",Israel,115156,52111,comexstat,2026-10-08
2025,10,6802,"Pedras de cantaria ou de construção (exceto de ardósia) trabalhadas e obras destas pedras, exceto as da posição 6801; cubos, pastilhas e artigos semelhantes, para mosaicos, de pedra natural (incluída a ardósia), mesmo com suporte; grânulos, fragmentos e",Peru,115057,131481,comexstat,2026-10-08
2025,09,6803,Ardósia natural trabalhada e obras de ardósia natural ou aglomerada,Colômbia,113881,207510,comexstat,2026-10-08
2025,01,6802,"Pedras de cantaria ou de construção (exceto de ardósia) trabalhadas e obras destas pedras, exceto as da posição 6801; cubos, pastilhas e artigos semelhantes, para mosaicos, de pedra natural (incluída a ardósia), mesmo com suporte; grânulos, fragmentos e",Grécia,112970,129296,comexstat,2026-10-08
2025,06,6803,Ardósia natural trabalhada e obras de ardósia natural ou aglomerada,Espanha,112950,206692,comexstat,2026-10-08
2025,04,2516,"Granito, pórfiro, basalto, arenito e outras pedras de cantaria ou de construção, mesmo desbastados ou simplesmente cortados à serra ou por outro meio, em blocos ou placas de forma quadrada ou rectangular",Argentina,112005,445718,comexstat,2026-10-08
2025,02,6802,"Pedras de cantaria ou de construção (exceto de ardósia) trabalhadas e obras destas pedras, exceto as da posição 6801; cubos, pastilhas e artigos semelhantes, para mosaicos, de pedra natural (incluída a ardósia), mesmo com suporte; grânulos, fragmentos e",Nova Zelândia,111818,46165,comexstat,2026-10-08
2025,05,2516,"Granito, pórfiro, basalto, arenito e outras pedras de cantaria ou de construção, mesmo desbastados ou simplesmente cortados à serra ou por outro meio, em blocos ou placas de forma quadrada ou rectangular",Vietnã,111758,336680,comexstat,2026-10-08
2025,12,6802,"Pedras de cantaria ou de construção (exceto de ardósia) trabalhadas e obras destas pedras, exceto as da posição 6801; cubos, pastilhas e artigos semelhantes, para mosaicos, de pedra natural (incluída a ardósia), mesmo com suporte; grânulos, fragmentos e",Lituânia,111046,72599,comexstat,2026-10-08
2025,10,6803,Ardósia natural trabalhada e obras de ardósia natural ou aglomerada,Países Baixos (Holanda),111045,172552,comexstat,2026-10-08
2025,01,6802,"Pedras de cantaria ou de construção (exceto de ardósia) trabalhadas e obras destas pedras, exceto as da posição 6801; cubos, pastilhas e artigos semelhantes, para mosaicos, de pedra natural (incluída a ardósia), mesmo com suporte; grânulos, fragmentos e",África do Sul,111032,100317,comexstat,2026-10-08
2025,03,2516,"Granito, pórfiro, basalto, arenito e outras pedras de cantaria ou de construção, mesmo desbastados ou simplesmente cortados à serra ou por outro meio, em blocos ou placas de forma quadrada ou rectangular",Argentina,110829,422532,comexstat,2026-10-08
2025,11,6803,Ardósia natural trabalhada e obras de ardósia natural ou aglomerada,França,110778,216117,comexstat,2026-10-08
2025,01,2516,"Granito, pórfiro, basalto, arenito e outras pedras de cantaria ou de construção, mesmo desbastados ou simplesmente cortados à serra ou por outro meio, em blocos ou placas de forma quadrada ou rectangular",Indonésia,110714,300937,comexstat,2026-10-08
2025,11,6802,"Pedras de cantaria ou de construção (exceto de ardósia) trabalhadas e obras destas pedras, exceto as da posição 6801; cubos, pastilhas e artigos semelhantes, para mosaicos, de pedra natural (incluída a ardósia), mesmo com suporte; grânulos, fragmentos e",Líbano,110573,340737,comexstat,2026-10-08
2025,04,6803,Ardósia natural trabalhada e obras de ardósia natural ou aglomerada,Dinamarca,110410,172578,comexstat,2026-10-08
2025,10,6802,"Pedras de cantaria ou de construção (exceto de ardósia) trabalhadas e obras destas pedras, exceto as da posição 6801; cubos, pastilhas e artigos semelhantes, para mosaicos, de pedra natural (incluída a ardósia), mesmo com suporte; grânulos, fragmentos e",Malásia,110214,24110,comexstat,2026-10-08
2025,07,6802,"Pedras de cantaria ou de construção (exceto de ardósia) trabalhadas e obras destas pedras, exceto as da posição 6801; cubos, pastilhas e artigos semelhantes, para mosaicos, de pedra natural (incluída a ardósia), mesmo com suporte; grânulos, fragmentos e",Chile,110090,205226,comexstat,2026-10-08
2025,11,6802,"Pedras de cantaria ou de construção (exceto de ardósia) trabalhadas e obras destas pedras, exceto as da posição 6801; cubos, pastilhas e artigos semelhantes, para mosaicos, de pedra natural (incluída a ardósia), mesmo com suporte; grânulos, fragmentos e",Peru,108923,158274,comexstat,2026-10-08
2025,05,6802,"Pedras de cantaria ou de construção (exceto de ardósia) trabalhadas e obras destas pedras, exceto as da posição 6801; cubos, pastilhas e artigos semelhantes, para mosaicos, de pedra natural (incluída a ardósia), mesmo com suporte; grânulos, fragmentos e",Bolívia,108780,241923,comexstat,2026-10-08
2025,07,6802,"Pedras de cantaria ou de construção (exceto de ardósia) trabalhadas e obras destas pedras, exceto as da posição 6801; cubos, pastilhas e artigos semelhantes, para mosaicos, de pedra natural (incluída a ardósia), mesmo com suporte; grânulos, fragmentos e",Reino Unido,107755,69339,comexstat,2026-10-08
2025,06,6802,"Pedras de cantaria ou de construção (exceto de ardósia) trabalhadas e obras destas pedras, exceto as da posição 6801; cubos, pastilhas e artigos semelhantes, para mosaicos, de pedra natural (incluída a ardósia), mesmo com suporte; grânulos, fragmentos e",Porto Rico,107417,98938,comexstat,2026-10-08
2025,08,6802,"Pedras de cantaria ou de construção (exceto de ardósia) trabalhadas e obras destas pedras, exceto as da posição 6801; cubos, pastilhas e artigos semelhantes, para mosaicos, de pedra natural (incluída a ardósia), mesmo com suporte; grânulos, fragmentos e",Uruguai,106897,275722,comexstat,2026-10-08
2025,02,6803,Ardósia natural trabalhada e obras de ardósia natural ou aglomerada,África do Sul,106857,183441,comexstat,2026-10-08
2025,01,6803,Ardósia natural trabalhada e obras de ardósia natural ou aglomerada,França,106840,243560,comexstat,2026-10-08
2025,02,6802,"Pedras de cantaria ou de construção (exceto de ardósia) trabalhadas e obras destas pedras, exceto as da posição 6801; cubos, pastilhas e artigos semelhantes, para mosaicos, de pedra natural (incluída a ardósia), mesmo com suporte; grânulos, fragmentos e",Suíça,105765,47656,comexstat,2026-10-08
2025,03,6802,"Pedras de cantaria ou de construção (exceto de ardósia) trabalhadas e obras destas pedras, exceto as da posição 6801; cubos, pastilhas e artigos semelhantes, para mosaicos, de pedra natural (incluída a ardósia), mesmo com suporte; grânulos, fragmentos e",Catar,105710,132179,comexstat,2026-10-08
2025,08,6803,Ardósia natural trabalhada e obras de ardósia natural ou aglomerada,França,105136,182675,comexstat,2026-10-08
2025,02,6803,Ardósia natural trabalhada e obras de ardósia natural ou aglomerada,Alemanha,104593,225673,comexstat,2026-10-08
2025,11,6802,"Pedras de cantaria ou de construção (exceto de ardósia) trabalhadas e obras destas pedras, exceto as da posição 6801; cubos, pastilhas e artigos semelhantes, para mosaicos, de pedra natural (incluída a ardósia), mesmo com suporte; grânulos, fragmentos e",Singapura,104170,49943,comexstat,2026-10-08
2025,03,6803,Ardósia natural trabalhada e obras de ardósia natural ou aglomerada,Canadá,103824,163656,comexstat,2026-10-08
2025,01,2516,"Granito, pórfiro, basalto, arenito e outras pedras de cantaria ou de construção, mesmo desbastados ou simplesmente cortados à serra ou por outro meio, em blocos ou placas de forma quadrada ou rectangular",Polônia,103730,224811,comexstat,2026-10-08
2025,07,6802,"Pedras de cantaria ou de construção (exceto de ardósia) trabalhadas e obras destas pedras, exceto as da posição 6801; cubos, pastilhas e artigos semelhantes, para mosaicos, de pedra natural (incluída a ardósia), mesmo com suporte; grânulos, fragmentos e",Venezuela,103597,208952,comexstat,2026-10-08
2025,04,6802,"Pedras de cantaria ou de construção (exceto de ardósia) trabalhadas e obras destas pedras, exceto as da posição 6801; cubos, pastilhas e artigos semelhantes, para mosaicos, de pedra natural (incluída a ardósia), mesmo com suporte; grânulos, fragmentos e",Jamaica,103526,42583,comexstat,2026-10-08
2025,10,6802,"Pedras de cantaria ou de construção (exceto de ardósia) trabalhadas e obras destas pedras, exceto as da posição 6801; cubos, pastilhas e artigos semelhantes, para mosaicos, de pedra natural (incluída a ardósia), mesmo com suporte; grânulos, fragmentos e",Líbia,103356,609185,comexstat,2026-10-08
2025,04,2516,"Granito, pórfiro, basalto, arenito e outras pedras de cantaria ou de construção, mesmo desbastados ou simplesmente cortados à serra ou por outro meio, em blocos ou placas de forma quadrada ou rectangular",Vietnã,103188,283140,comexstat,2026-10-08
2025,09,6802,"Pedras de cantaria ou de construção (exceto de ardósia) trabalhadas e obras destas pedras, exceto as da posição 6801; cubos, pastilhas e artigos semelhantes, para mosaicos, de pedra natural (incluída a ardósia), mesmo com suporte; grânulos, fragmentos e",Honduras,102746,184873,comexstat,2026-10-08
2025,07,2516,"Granito, pórfiro, basalto, arenito e outras pedras de cantaria ou de construção, mesmo desbastados ou simplesmente cortados à serra ou por outro meio, em blocos ou placas de forma quadrada ou rectangular",Índia,102475,206240,comexstat,2026-10-08
2025,11,6802,"Pedras de cantaria ou de construção (exceto de ardósia) trabalhadas e obras destas pedras, exceto as da posição 6801; cubos, pastilhas e artigos semelhantes, para mosaicos, de pedra natural (incluída a ardósia), mesmo com suporte; grânulos, fragmentos e",Bolívia,102230,208490,comexstat,2026-10-08
2025,05,6802,"Pedras de cantaria ou de construção (exceto de ardósia) trabalhadas e obras destas pedras, exceto as da posição 6801; cubos, pastilhas e artigos semelhantes, para mosaicos, de pedra natural (incluída a ardósia), mesmo com suporte; grânulos, fragmentos e",Panamá,102211,207426,comexstat,2026-10-08
2025,07,6802,"Pedras de cantaria ou de construção (exceto de ardósia) trabalhadas e obras destas pedras, exceto as da posição 6801; cubos, pastilhas e artigos semelhantes, para mosaicos, de pedra natural (incluída a ardósia), mesmo com suporte; grânulos, fragmentos e",Geórgia,102123,48855,comexstat,2026-10-08
2025,09,6802,"Pedras de cantaria ou de construção (exceto de ardósia) trabalhadas e obras destas pedras, exceto as da posição 6801; cubos, pastilhas e artigos semelhantes, para mosaicos, de pedra natural (incluída a ardósia), mesmo com suporte; grânulos, fragmentos e",Coveite (Kuweit),102110,128269,comexstat,2026-10-08
2025,04,6802,"Pedras de cantaria ou de construção (exceto de ardósia) trabalhadas e obras destas pedras, exceto as da posição 6801; cubos, pastilhas e artigos semelhantes, para mosaicos, de pedra natural (incluída a ardósia), mesmo com suporte; grânulos, fragmentos e",Chile,101589,158400,comexstat,2026-10-08
2025,01,6803,Ardósia natural trabalhada e obras de ardósia natural ou aglomerada,Espanha,101532,169095,comexstat,2026-10-08
2025,04,2516,"Granito, pórfiro, basalto, arenito e outras pedras de cantaria ou de construção, mesmo desbastados ou simplesmente cortados à serra ou por outro meio, em blocos ou placas de forma quadrada ou rectangular",Taiwan (Formosa),100853,616460,comexstat,2026-10-08
2025,01,6802,"Pedras de cantaria ou de construção (exceto de ardósia) trabalhadas e obras destas pedras, exceto as da posição 6801; cubos, pastilhas e artigos semelhantes, para mosaicos, de pedra natural (incluída a ardósia), mesmo com suporte; grânulos, fragmentos e",Uruguai,100497,235636,comexstat,2026-10-08
2025,08,6802,"Pedras de cantaria ou de construção (exceto de ardósia) trabalhadas e obras destas pedras, exceto as da posição 6801; cubos, pastilhas e artigos semelhantes, para mosaicos, de pedra natural (incluída a ardósia), mesmo com suporte; grânulos, fragmentos e",Suécia,100000,48689,comexstat,2026-10-08
2025,08,6802,"Pedras de cantaria ou de construção (exceto de ardósia) trabalhadas e obras destas pedras, exceto as da posição 6801; cubos, pastilhas e artigos semelhantes, para mosaicos, de pedra natural (incluída a ardósia), mesmo com suporte; grânulos, fragmentos e","Tcheca, República",99598,47087,comexstat,2026-10-08
2025,09,6802,"Pedras de cantaria ou de construção (exceto de ardósia) trabalhadas e obras destas pedras, exceto as da posição 6801; cubos, pastilhas e artigos semelhantes, para mosaicos, de pedra natural (incluída a ardósia), mesmo com suporte; grânulos, fragmentos e",Índia,99466,77000,comexstat,2026-10-08
2025,12,6802,"Pedras de cantaria ou de construção (exceto de ardósia) trabalhadas e obras destas pedras, exceto as da posição 6801; cubos, pastilhas e artigos semelhantes, para mosaicos, de pedra natural (incluída a ardósia), mesmo com suporte; grânulos, fragmentos e",Porto Rico,99416,51800,comexstat,2026-10-08
2025,04,6803,Ardósia natural trabalhada e obras de ardósia natural ou aglomerada,Chile,98892,209415,comexstat,2026-10-08
2025,08,2515,"Mármores, travertinos, granitos belgas e outras pedras calcárias de cantaria ou de construção, de densidade aparente igual ou superior a 2,5, e alabastro, mesmo desbastados ou simplesmente cortados à serra ou por outro meio, em blocos ou placas de forma q",Taiwan (Formosa),98772,168440,comexstat,2026-10-08
2025,11,6802,"Pedras de cantaria ou de construção (exceto de ardósia) trabalhadas e obras destas pedras, exceto as da posição 6801; cubos, pastilhas e artigos semelhantes, para mosaicos, de pedra natural (incluída a ardósia), mesmo com suporte; grânulos, fragmentos e",Honduras,97563,158776,comexstat,2026-10-08
2025,01,6802,"Pedras de cantaria ou de construção (exceto de ardósia) trabalhadas e obras destas pedras, exceto as da posição 6801; cubos, pastilhas e artigos semelhantes, para mosaicos, de pedra natural (incluída a ardósia), mesmo com suporte; grânulos, fragmentos e",Reino Unido,96441,51199,comexstat,2026-10-08
2025,08,6802,"Pedras de cantaria ou de construção (exceto de ardósia) trabalhadas e obras destas pedras, exceto as da posição 6801; cubos, pastilhas e artigos semelhantes, para mosaicos, de pedra natural (incluída a ardósia), mesmo com suporte; grânulos, fragmentos e",Coreia do Sul,96279,99290,comexstat,2026-10-08
2025,03,6802,"Pedras de cantaria ou de construção (exceto de ardósia) trabalhadas e obras destas pedras, exceto as da posição 6801; cubos, pastilhas e artigos semelhantes, para mosaicos, de pedra natural (incluída a ardósia), mesmo com suporte; grânulos, fragmentos e",Porto Rico,95927,76987,comexstat,2026-10-08
2025,01,6802,"Pedras de cantaria ou de construção (exceto de ardósia) trabalhadas e obras destas pedras, exceto as da posição 6801; cubos, pastilhas e artigos semelhantes, para mosaicos, de pedra natural (incluída a ardósia), mesmo com suporte; grânulos, fragmentos e",Catar,95264,76465,comexstat,2026-10-08
2025,01,6802,"Pedras de cantaria ou de construção (exceto de ardósia) trabalhadas e obras destas pedras, exceto as da posição 6801; cubos, pastilhas e artigos semelhantes, para mosaicos, de pedra natural (incluída a ardósia), mesmo com suporte; grânulos, fragmentos e",Irlanda,93865,49675,comexstat,2026-10-08
2025,08,6802,"Pedras de cantaria ou de construção (exceto de ardósia) trabalhadas e obras destas pedras, exceto as da posição 6801; cubos, pastilhas e artigos semelhantes, para mosaicos, de pedra natural (incluída a ardósia), mesmo com suporte; grânulos, fragmentos e",Costa Rica,93251,74965,comexstat,2026-10-08
2025,01,6802,"Pedras de cantaria ou de construção (exceto de ardósia) trabalhadas e obras destas pedras, exceto as da posição 6801; cubos, pastilhas e artigos semelhantes, para mosaicos, de pedra natural (incluída a ardósia), mesmo com suporte; grânulos, fragmentos e",Rússia,93233,53429,comexstat,2026-10-08
2025,02,6803,Ardósia natural trabalhada e obras de ardósia natural ou aglomerada,França,93226,263161,comexstat,2026-10-08
2025,07,6802,"Pedras de cantaria ou de construção (exceto de ardósia) trabalhadas e obras destas pedras, exceto as da posição 6801; cubos, pastilhas e artigos semelhantes, para mosaicos, de pedra natural (incluída a ardósia), mesmo com suporte; grânulos, fragmentos e",Coreia do Sul,93219,73696,comexstat,2026-10-08
2025,03,6802,"Pedras de cantaria ou de construção (exceto de ardósia) trabalhadas e obras destas pedras, exceto as da posição 6801; cubos, pastilhas e artigos semelhantes, para mosaicos, de pedra natural (incluída a ardósia), mesmo com suporte; grânulos, fragmentos e","Tcheca, República",92632,93560,comexstat,2026-10-08
2025,07,6802,"Pedras de cantaria ou de construção (exceto de ardósia) trabalhadas e obras destas pedras, exceto as da posição 6801; cubos, pastilhas e artigos semelhantes, para mosaicos, de pedra natural (incluída a ardósia), mesmo com suporte; grânulos, fragmentos e",Peru,92372,51983,comexstat,2026-10-08
2025,01,6802,"Pedras de cantaria ou de construção (exceto de ardósia) trabalhadas e obras destas pedras, exceto as da posição 6801; cubos, pastilhas e artigos semelhantes, para mosaicos, de pedra natural (incluída a ardósia), mesmo com suporte; grânulos, fragmentos e",Gana,92056,77218,comexstat,2026-10-08
2025,10,6802,"Pedras de cantaria ou de construção (exceto de ardósia) trabalhadas e obras destas pedras, exceto as da posição 6801; cubos, pastilhas e artigos semelhantes, para mosaicos, de pedra natural (incluída a ardósia), mesmo com suporte; grânulos, fragmentos e",Guatemala,92012,105460,comexstat,2026-10-08
2025,02,6803,Ardósia natural trabalhada e obras de ardósia natural ou aglomerada,Espanha,91578,195142,comexstat,2026-10-08
2025,06,6803,Ardósia natural trabalhada e obras de ardósia natural ou aglomerada,Chile,91387,210286,comexstat,2026-10-08
2025,11,6802,"Pedras de cantaria ou de construção (exceto de ardósia) trabalhadas e obras destas pedras, exceto as da posição 6801; cubos, pastilhas e artigos semelhantes, para mosaicos, de pedra natural (incluída a ardósia), mesmo com suporte; grânulos, fragmentos e",Guatemala,91259,102968,comexstat,2026-10-08
2025,10,6802,"Pedras de cantaria ou de construção (exceto de ardósia) trabalhadas e obras destas pedras, exceto as da posição 6801; cubos, pastilhas e artigos semelhantes, para mosaicos, de pedra natural (incluída a ardósia), mesmo com suporte; grânulos, fragmentos e",Taiwan (Formosa),91058,29455,comexstat,2026-10-08
2025,11,2515,"Mármores, travertinos, granitos belgas e outras pedras calcárias de cantaria ou de construção, de densidade aparente igual ou superior a 2,5, e alabastro, mesmo desbastados ou simplesmente cortados à serra ou por outro meio, em blocos ou placas de forma q",Índia,90970,542420,comexstat,2026-10-08
2025,04,6802,"Pedras de cantaria ou de construção (exceto de ardósia) trabalhadas e obras destas pedras, exceto as da posição 6801; cubos, pastilhas e artigos semelhantes, para mosaicos, de pedra natural (incluída a ardósia), mesmo com suporte; grânulos, fragmentos e",Equador,90607,185152,comexstat,2026-10-08
2025,12,6803,Ardósia natural trabalhada e obras de ardósia natural ou aglomerada,Espanha,90274,137919,comexstat,2026-10-08
2025,02,6802,"Pedras de cantaria ou de construção (exceto de ardósia) trabalhadas e obras destas pedras, exceto as da posição 6801; cubos, pastilhas e artigos semelhantes, para mosaicos, de pedra natural (incluída a ardósia), mesmo com suporte; grânulos, fragmentos e",El Salvador,90258,155130,comexstat,2026-10-08
2025,04,2516,"Granito, pórfiro, basalto, arenito e outras pedras de cantaria ou de construção, mesmo desbastados ou simplesmente cortados à serra ou por outro meio, em blocos ou placas de forma quadrada ou rectangular",Bélgica,90251,279250,comexstat,2026-10-08
2025,06,2515,"Mármores, travertinos, granitos belgas e outras pedras calcárias de cantaria ou de construção, de densidade aparente igual ou superior a 2,5, e alabastro, mesmo desbastados ou simplesmente cortados à serra ou por outro meio, em blocos ou placas de forma q",Itália,89698,172700,comexstat,2026-10-08
2025,04,6803,Ardósia natural trabalhada e obras de ardósia natural ou aglomerada,África do Sul,89520,152343,comexstat,2026-10-08
2025,03,6803,Ardósia natural trabalhada e obras de ardósia natural ou aglomerada,Colômbia,89303,173751,comexstat,2026-10-08
2025,08,6802,"Pedras de cantaria ou de construção (exceto de ardósia) trabalhadas e obras destas pedras, exceto as da posição 6801; cubos, pastilhas e artigos semelhantes, para mosaicos, de pedra natural (incluída a ardósia), mesmo com suporte; grânulos, fragmentos e",Guatemala,89245,119127,comexstat,2026-10-08
2025,02,6802,"Pedras de cantaria ou de construção (exceto de ardósia) trabalhadas e obras destas pedras, exceto as da posição 6801; cubos, pastilhas e artigos semelhantes, para mosaicos, de pedra natural (incluída a ardósia), mesmo com suporte; grânulos, fragmentos e",Coreia do Sul,88857,79591,comexstat,2026-10-08
2025,03,6802,"Pedras de cantaria ou de construção (exceto de ardósia) trabalhadas e obras destas pedras, exceto as da posição 6801; cubos, pastilhas e artigos semelhantes, para mosaicos, de pedra natural (incluída a ardósia), mesmo com suporte; grânulos, fragmentos e",Dinamarca,88796,41531,comexstat,2026-10-08
2025,09,2516,"Granito, pórfiro, basalto, arenito e outras pedras de cantaria ou de construção, mesmo desbastados ou simplesmente cortados à serra ou por outro meio, em blocos ou placas de forma quadrada ou rectangular",Índia,87911,156353,comexstat,2026-10-08
2025,10,6801,"Pedras para calcetar, meios-fios e placas (lajes) para pavimentação, de pedra natural (exceto a ardósia)",Bélgica,87662,238135,comexstat,2026-10-08
2025,06,6802,"Pedras de cantaria ou de construção (exceto de ardósia) trabalhadas e obras destas pedras, exceto as da posição 6801; cubos, pastilhas e artigos semelhantes, para mosaicos, de pedra natural (incluída a ardósia), mesmo com suporte; grânulos, fragmentos e",Singapura,87384,49114,comexstat,2026-10-08
2025,12,6802,"Pedras de cantaria ou de construção (exceto de ardósia) trabalhadas e obras destas pedras, exceto as da posição 6801; cubos, pastilhas e artigos semelhantes, para mosaicos, de pedra natural (incluída a ardósia), mesmo com suporte; grânulos, fragmentos e",África do Sul,87331,53661,comexstat,2026-10-08
2025,12,6803,Ardósia natural trabalhada e obras de ardósia natural ou aglomerada,Alemanha,87005,147816,comexstat,2026-10-08
2025,07,6803,Ardósia natural trabalhada e obras de ardósia natural ou aglomerada,Canadá,86861,137922,comexstat,2026-10-08
2025,11,6802,"Pedras de cantaria ou de construção (exceto de ardósia) trabalhadas e obras destas pedras, exceto as da posição 6801; cubos, pastilhas e artigos semelhantes, para mosaicos, de pedra natural (incluída a ardósia), mesmo com suporte; grânulos, fragmentos e",Venezuela,86790,234979,comexstat,2026-10-08
2025,05,2516,"Granito, pórfiro, basalto, arenito e outras pedras de cantaria ou de construção, mesmo desbastados ou simplesmente cortados à serra ou por outro meio, em blocos ou placas de forma quadrada ou rectangular",Argentina,86327,314560,comexstat,2026-10-08
2025,12,2516,"Granito, pórfiro, basalto, arenito e outras pedras de cantaria ou de construção, mesmo desbastados ou simplesmente cortados à serra ou por outro meio, em blocos ou placas de forma quadrada ou rectangular",Polônia,85720,241925,comexstat,2026-10-08
2025,06,6802,"Pedras de cantaria ou de construção (exceto de ardósia) trabalhadas e obras destas pedras, exceto as da posição 6801; cubos, pastilhas e artigos semelhantes, para mosaicos, de pedra natural (incluída a ardósia), mesmo com suporte; grânulos, fragmentos e",Peru,85583,157817,comexstat,2026-10-08
2025,05,6802,"Pedras de cantaria ou de construção (exceto de ardósia) trabalhadas e obras destas pedras, exceto as da posição 6801; cubos, pastilhas e artigos semelhantes, para mosaicos, de pedra natural (incluída a ardósia), mesmo com suporte; grânulos, fragmentos e",Irlanda,85143,46503,comexstat,2026-10-08
2025,05,6801,"Pedras para calcetar, meios-fios e placas (lajes) para pavimentação, de pedra natural (exceto a ardósia)",Bélgica,84548,261847,comexstat,2026-10-08
2025,06,6803,Ardósia natural trabalhada e obras de ardósia natural ou aglomerada,Alemanha,83367,125358,comexstat,2026-10-08
2025,07,2516,"Granito, pórfiro, basalto, arenito e outras pedras de cantaria ou de construção, mesmo desbastados ou simplesmente cortados à serra ou por outro meio, em blocos ou placas de forma quadrada ou rectangular",França,83343,281650,comexstat,2026-10-08
2025,10,6803,Ardósia natural trabalhada e obras de ardósia natural ou aglomerada,França,83170,193826,comexstat,2026-10-08
2025,07,6802,"Pedras de cantaria ou de construção (exceto de ardósia) trabalhadas e obras destas pedras, exceto as da posição 6801; cubos, pastilhas e artigos semelhantes, para mosaicos, de pedra natural (incluída a ardósia), mesmo com suporte; grânulos, fragmentos e",Taiwan (Formosa),82623,46450,comexstat,2026-10-08
2025,10,6803,Ardósia natural trabalhada e obras de ardósia natural ou aglomerada,Dinamarca,82592,151345,comexstat,2026-10-08
2025,09,6801,"Pedras para calcetar, meios-fios e placas (lajes) para pavimentação, de pedra natural (exceto a ardósia)",Itália,82414,391960,comexstat,2026-10-08
2025,08,6802,"Pedras de cantaria ou de construção (exceto de ardósia) trabalhadas e obras destas pedras, exceto as da posição 6801; cubos, pastilhas e artigos semelhantes, para mosaicos, de pedra natural (incluída a ardósia), mesmo com suporte; grânulos, fragmentos e",Taiwan (Formosa),81914,22340,comexstat,2026-10-08
2025,12,2516,"Granito, pórfiro, basalto, arenito e outras pedras de cantaria ou de construção, mesmo desbastados ou simplesmente cortados à serra ou por outro meio, em blocos ou placas de forma quadrada ou rectangular",Argentina,81784,309339,comexstat,2026-10-08
2025,06,6802,"Pedras de cantaria ou de construção (exceto de ardósia) trabalhadas e obras destas pedras, exceto as da posição 6801; cubos, pastilhas e artigos semelhantes, para mosaicos, de pedra natural (incluída a ardósia), mesmo com suporte; grânulos, fragmentos e",Suécia,81710,48472,comexstat,2026-10-08
2025,09,2516,"Granito, pórfiro, basalto, arenito e outras pedras de cantaria ou de construção, mesmo desbastados ou simplesmente cortados à serra ou por outro meio, em blocos ou placas de forma quadrada ou rectangular",Argentina,81439,289967,comexstat,2026-10-08
2025,02,6802,"Pedras de cantaria ou de construção (exceto de ardósia) trabalhadas e obras destas pedras, exceto as da posição 6801; cubos, pastilhas e artigos semelhantes, para mosaicos, de pedra natural (incluída a ardósia), mesmo com suporte; grânulos, fragmentos e",Taiwan (Formosa),81380,45715,comexstat,2026-10-08
2025,01,6802,"Pedras de cantaria ou de construção (exceto de ardósia) trabalhadas e obras destas pedras, exceto as da posição 6801; cubos, pastilhas e artigos semelhantes, para mosaicos, de pedra natural (incluída a ardósia), mesmo com suporte; grânulos, fragmentos e",Coveite (Kuweit),81154,130524,comexstat,2026-10-08
2025,04,6803,Ardósia natural trabalhada e obras de ardósia natural ou aglomerada,Vietnã,80850,132300,comexstat,2026-10-08
2025,03,2516,"Granito, pórfiro, basalto, arenito e outras pedras de cantaria ou de construção, mesmo desbastados ou simplesmente cortados à serra ou por outro meio, em blocos ou placas de forma quadrada ou rectangular",Vietnã,80818,199360,comexstat,2026-10-08
2025,01,6802,"Pedras de cantaria ou de construção (exceto de ardósia) trabalhadas e obras destas pedras, exceto as da posição 6801; cubos, pastilhas e artigos semelhantes, para mosaicos, de pedra natural (incluída a ardósia), mesmo com suporte; grânulos, fragmentos e",Venezuela,80070,131776,comexstat,2026-10-08
2025,09,6803,Ardósia natural trabalhada e obras de ardósia natural ou aglomerada,Alemanha,80044,126202,comexstat,2026-10-08
2025,04,6802,"Pedras de cantaria ou de construção (exceto de ardósia) trabalhadas e obras destas pedras, exceto as da posição 6801; cubos, pastilhas e artigos semelhantes, para mosaicos, de pedra natural (incluída a ardósia), mesmo com suporte; grânulos, fragmentos e",Bolívia,80007,178826,comexstat,2026-10-08
2025,06,6802,"Pedras de cantaria ou de construção (exceto de ardósia) trabalhadas e obras destas pedras, exceto as da posição 6801; cubos, pastilhas e artigos semelhantes, para mosaicos, de pedra natural (incluída a ardósia), mesmo com suporte; grânulos, fragmentos e",Taiwan (Formosa),79962,20638,comexstat,2026-10-08
2025,10,6802,"Pedras de cantaria ou de construção (exceto de ardósia) trabalhadas e obras destas pedras, exceto as da posição 6801; cubos, pastilhas e artigos semelhantes, para mosaicos, de pedra natural (incluída a ardósia), mesmo com suporte; grânulos, fragmentos e",Singapura,79224,23800,comexstat,2026-10-08
2025,11,6803,Ardósia natural trabalhada e obras de ardósia natural ou aglomerada,Alemanha,78937,121178,comexstat,2026-10-08
2025,05,6802,"Pedras de cantaria ou de construção (exceto de ardósia) trabalhadas e obras destas pedras, exceto as da posição 6801; cubos, pastilhas e artigos semelhantes, para mosaicos, de pedra natural (incluída a ardósia), mesmo com suporte; grânulos, fragmentos e",África do Sul,78861,74756,comexstat,2026-10-08
2025,05,6802,"Pedras de cantaria ou de construção (exceto de ardósia) trabalhadas e obras destas pedras, exceto as da posição 6801; cubos, pastilhas e artigos semelhantes, para mosaicos, de pedra natural (incluída a ardósia), mesmo com suporte; grânulos, fragmentos e",Porto Rico,78427,25399,comexstat,2026-10-08
2025,08,6803,Ardósia natural trabalhada e obras de ardósia natural ou aglomerada,Espanha,78390,125155,comexstat,2026-10-08
2025,05,6803,Ardósia natural trabalhada e obras de ardósia natural ou aglomerada,Alemanha,77996,123601,comexstat,2026-10-08
2025,03,6802,"Pedras de cantaria ou de construção (exceto de ardósia) trabalhadas e obras destas pedras, exceto as da posição 6801; cubos, pastilhas e artigos semelhantes, para mosaicos, de pedra natural (incluída a ardósia), mesmo com suporte; grânulos, fragmentos e",Geórgia,77994,51937,comexstat,2026-10-08
2025,06,2514,"Ardósia, mesmo desbastada ou simplesmente cortada a serra ou por outro meio, em blocos ou placas de forma quadrada ou retangular",Estados Unidos,77500,200000,comexstat,2026-10-08
2025,06,6802,"Pedras de cantaria ou de construção (exceto de ardósia) trabalhadas e obras destas pedras, exceto as da posição 6801; cubos, pastilhas e artigos semelhantes, para mosaicos, de pedra natural (incluída a ardósia), mesmo com suporte; grânulos, fragmentos e",Panamá,77340,88255,comexstat,2026-10-08
2025,02,6803,Ardósia natural trabalhada e obras de ardósia natural ou aglomerada,Países Baixos (Holanda),77136,133444,comexstat,2026-10-08
2025,04,2516,"Granito, pórfiro, basalto, arenito e outras pedras de cantaria ou de construção, mesmo desbastados ou simplesmente cortados à serra ou por outro meio, em blocos ou placas de forma quadrada ou rectangular",Índia,77073,308730,comexstat,2026-10-08
2025,12,6802,"Pedras de cantaria ou de construção (exceto de ardósia) trabalhadas e obras destas pedras, exceto as da posição 6801; cubos, pastilhas e artigos semelhantes, para mosaicos, de pedra natural (incluída a ardósia), mesmo com suporte; grânulos, fragmentos e",Bolívia,76943,147763,comexstat,2026-10-08
2025,12,6803,Ardósia natural trabalhada e obras de ardósia natural ou aglomerada,África do Sul,76807,130822,comexstat,2026-10-08
2025,02,6802,"Pedras de cantaria ou de construção (exceto de ardósia) trabalhadas e obras destas pedras, exceto as da posição 6801; cubos, pastilhas e artigos semelhantes, para mosaicos, de pedra natural (incluída a ardósia), mesmo com suporte; grânulos, fragmentos e",Panamá,76738,124660,comexstat,2026-10-08
2025,05,6802,"Pedras de cantaria ou de construção (exceto de ardósia) trabalhadas e obras destas pedras, exceto as da posição 6801; cubos, pastilhas e artigos semelhantes, para mosaicos, de pedra natural (incluída a ardósia), mesmo com suporte; grânulos, fragmentos e",Grécia,76605,95810,comexstat,2026-10-08
2025,10,6802,"Pedras de cantaria ou de construção (exceto de ardósia) trabalhadas e obras destas pedras, exceto as da posição 6801; cubos, pastilhas e artigos semelhantes, para mosaicos, de pedra natural (incluída a ardósia), mesmo com suporte; grânulos, fragmentos e","Cayman, Ilhas",76507,21855,comexstat,2026-10-08
2025,07,6802,"Pedras de cantaria ou de construção (exceto de ardósia) trabalhadas e obras destas pedras, exceto as da posição 6801; cubos, pastilhas e artigos semelhantes, para mosaicos, de pedra natural (incluída a ardósia), mesmo com suporte; grânulos, fragmentos e",Tailândia,76305,25400,comexstat,2026-10-08
2025,12,6802,"Pedras de cantaria ou de construção (exceto de ardósia) trabalhadas e obras destas pedras, exceto as da posição 6801; cubos, pastilhas e artigos semelhantes, para mosaicos, de pedra natural (incluída a ardósia), mesmo com suporte; grânulos, fragmentos e",Japão,76231,40950,comexstat,2026-10-08
2025,01,6802,"Pedras de cantaria ou de construção (exceto de ardósia) trabalhadas e obras destas pedras, exceto as da posição 6801; cubos, pastilhas e artigos semelhantes, para mosaicos, de pedra natural (incluída a ardósia), mesmo com suporte; grânulos, fragmentos e",Dinamarca,76159,39980,comexstat,2026-10-08
2025,03,6802,"Pedras de cantaria ou de construção (exceto de ardósia) trabalhadas e obras destas pedras, exceto as da posição 6801; cubos, pastilhas e artigos semelhantes, para mosaicos, de pedra natural (incluída a ardósia), mesmo com suporte; grânulos, fragmentos e",Panamá,75804,100996,comexstat,2026-10-08
2025,10,6802,"Pedras de cantaria ou de construção (exceto de ardósia) trabalhadas e obras destas pedras, exceto as da posição 6801; cubos, pastilhas e artigos semelhantes, para mosaicos, de pedra natural (incluída a ardósia), mesmo com suporte; grânulos, fragmentos e",Bulgária,75722,52674,comexstat,2026-10-08
2025,06,6802,"Pedras de cantaria ou de construção (exceto de ardósia) trabalhadas e obras destas pedras, exceto as da posição 6801; cubos, pastilhas e artigos semelhantes, para mosaicos, de pedra natural (incluída a ardósia), mesmo com suporte; grânulos, fragmentos e",Coveite (Kuweit),75514,103977,comexstat,2026-10-08
2025,12,6801,"Pedras para calcetar, meios-fios e placas (lajes) para pavimentação, de pedra natural (exceto a ardósia)",França,75424,292550,comexstat,2026-10-08
2025,06,6802,"Pedras de cantaria ou de construção (exceto de ardósia) trabalhadas e obras destas pedras, exceto as da posição 6801; cubos, pastilhas e artigos semelhantes, para mosaicos, de pedra natural (incluída a ardósia), mesmo com suporte; grânulos, fragmentos e",Indonésia,75381,53245,comexstat,2026-10-08
2025,05,6803,Ardósia natural trabalhada e obras de ardósia natural ou aglomerada,África do Sul,75302,128403,comexstat,2026-10-08
2025,05,2516,"Granito, pórfiro, basalto, arenito e outras pedras de cantaria ou de construção, mesmo desbastados ou simplesmente cortados à serra ou por outro meio, em blocos ou placas de forma quadrada ou rectangular",Alemanha,75000,70030,comexstat,2026-10-08
2025,02,6802,"Pedras de cantaria ou de construção (exceto de ardósia) trabalhadas e obras destas pedras, exceto as da posição 6801; cubos, pastilhas e artigos semelhantes, para mosaicos, de pedra natural (incluída a ardósia), mesmo com suporte; grânulos, fragmentos e",Japão,74639,45925,comexstat,2026-10-08
2025,09,6802,"Pedras de cantaria ou de construção (exceto de ardósia) trabalhadas e obras destas pedras, exceto as da posição 6801; cubos, pastilhas e artigos semelhantes, para mosaicos, de pedra natural (incluída a ardósia), mesmo com suporte; grânulos, fragmentos e",Belize,72809,53661,comexstat,2026-10-08
2025,10,6802,"Pedras de cantaria ou de construção (exceto de ardósia) trabalhadas e obras destas pedras, exceto as da posição 6801; cubos, pastilhas e artigos semelhantes, para mosaicos, de pedra natural (incluída a ardósia), mesmo com suporte; grânulos, fragmentos e",Grécia,72707,157767,comexstat,2026-10-08
2025,04,6802,"Pedras de cantaria ou de construção (exceto de ardósia) trabalhadas e obras destas pedras, exceto as da posição 6801; cubos, pastilhas e artigos semelhantes, para mosaicos, de pedra natural (incluída a ardósia), mesmo com suporte; grânulos, fragmentos e",Iraque,72345,182091,comexstat,2026-10-08
2025,10,6802,"Pedras de cantaria ou de construção (exceto de ardósia) trabalhadas e obras destas pedras, exceto as da posição 6801; cubos, pastilhas e artigos semelhantes, para mosaicos, de pedra natural (incluída a ardósia), mesmo com suporte; grânulos, fragmentos e",Suíça,71984,48375,comexstat,2026-10-08
2025,04,6801,"Pedras para calcetar, meios-fios e placas (lajes) para pavimentação, de pedra natural (exceto a ardósia)",Itália,71731,346685,comexstat,2026-10-08
2025,01,6803,Ardósia natural trabalhada e obras de ardósia natural ou aglomerada,Austrália,71208,102035,comexstat,2026-10-08
2025,10,6802,"Pedras de cantaria ou de construção (exceto de ardósia) trabalhadas e obras destas pedras, exceto as da posição 6801; cubos, pastilhas e artigos semelhantes, para mosaicos, de pedra natural (incluída a ardósia), mesmo com suporte; grânulos, fragmentos e",Romênia,71129,76960,comexstat,2026-10-08
2025,04,6803,Ardósia natural trabalhada e obras de ardósia natural ou aglomerada,Bélgica,71117,152424,comexstat,2026-10-08
2025,12,6802,"Pedras de cantaria ou de construção (exceto de ardósia) trabalhadas e obras destas pedras, exceto as da posição 6801; cubos, pastilhas e artigos semelhantes, para mosaicos, de pedra natural (incluída a ardósia), mesmo com suporte; grânulos, fragmentos e",Costa Rica,70966,77807,comexstat,2026-10-08
2025,04,6802,"Pedras de cantaria ou de construção (exceto de ardósia) trabalhadas e obras destas pedras, exceto as da posição 6801; cubos, pastilhas e artigos semelhantes, para mosaicos, de pedra natural (incluída a ardósia), mesmo com suporte; grânulos, fragmentos e",Suécia,70727,48224,comexstat,2026-10-08
2025,06,6803,Ardósia natural trabalhada e obras de ardósia natural ou aglomerada,Dinamarca,70639,124320,comexstat,2026-10-08
2025,03,6802,"Pedras de cantaria ou de construção (exceto de ardósia) trabalhadas e obras destas pedras, exceto as da posição 6801; cubos, pastilhas e artigos semelhantes, para mosaicos, de pedra natural (incluída a ardósia), mesmo com suporte; grânulos, fragmentos e",Moçambique,70417,104345,comexstat,2026-10-08
2025,02,6802,"Pedras de cantaria ou de construção (exceto de ardósia) trabalhadas e obras destas pedras, exceto as da posição 6801; cubos, pastilhas e artigos semelhantes, para mosaicos, de pedra natural (incluída a ardósia), mesmo com suporte; grânulos, fragmentos e",Porto Rico,70188,25042,comexstat,2026-10-08
2025,12,6802,"Pedras de cantaria ou de construção (exceto de ardósia) trabalhadas e obras destas pedras, exceto as da posição 6801; cubos, pastilhas e artigos semelhantes, para mosaicos, de pedra natural (incluída a ardósia), mesmo com suporte; grânulos, fragmentos e",Líbano,69949,26500,comexstat,2026-10-08
2025,08,6802,"Pedras de cantaria ou de construção (exceto de ardósia) trabalhadas e obras destas pedras, exceto as da posição 6801; cubos, pastilhas e artigos semelhantes, para mosaicos, de pedra natural (incluída a ardósia), mesmo com suporte; grânulos, fragmentos e",África do Sul,69573,52996,comexstat,2026-10-08
2025,04,2516,"Granito, pórfiro, basalto, arenito e outras pedras de cantaria ou de construção, mesmo desbastados ou simplesmente cortados à serra ou por outro meio, em blocos ou placas de forma quadrada ou rectangular",Argélia,69569,214036,comexstat,2026-10-08
2025,08,2516,"Granito, pórfiro, basalto, arenito e outras pedras de cantaria ou de construção, mesmo desbastados ou simplesmente cortados à serra ou por outro meio, em blocos ou placas de forma quadrada ou rectangular",Belize,69511,432600,comexstat,2026-10-08
2025,12,6801,"Pedras para calcetar, meios-fios e placas (lajes) para pavimentação, de pedra natural (exceto a ardósia)",Bélgica,69419,284770,comexstat,2026-10-08
2025,07,6802,"Pedras de cantaria ou de construção (exceto de ardósia) trabalhadas e obras destas pedras, exceto as da posição 6801; cubos, pastilhas e artigos semelhantes, para mosaicos, de pedra natural (incluída a ardósia), mesmo com suporte; grânulos, fragmentos e",Nova Zelândia,69298,51918,comexstat,2026-10-08
2025,04,6802,"Pedras de cantaria ou de construção (exceto de ardósia) trabalhadas e obras destas pedras, exceto as da posição 6801; cubos, pastilhas e artigos semelhantes, para mosaicos, de pedra natural (incluída a ardósia), mesmo com suporte; grânulos, fragmentos e",Costa Rica,69293,101270,comexstat,2026-10-08
2025,01,6803,Ardósia natural trabalhada e obras de ardósia natural ou aglomerada,Alemanha,69035,124954,comexstat,2026-10-08
2025,11,6802,"Pedras de cantaria ou de construção (exceto de ardósia) trabalhadas e obras destas pedras, exceto as da posição 6801; cubos, pastilhas e artigos semelhantes, para mosaicos, de pedra natural (incluída a ardósia), mesmo com suporte; grânulos, fragmentos e",África do Sul,68808,27222,comexstat,2026-10-08
2025,10,6802,"Pedras de cantaria ou de construção (exceto de ardósia) trabalhadas e obras destas pedras, exceto as da posição 6801; cubos, pastilhas e artigos semelhantes, para mosaicos, de pedra natural (incluída a ardósia), mesmo com suporte; grânulos, fragmentos e",Guiné Equatorial,68441,25811,comexstat,2026-10-08
2025,07,6802,"Pedras de cantaria ou de construção (exceto de ardósia) trabalhadas e obras destas pedras, exceto as da posição 6801; cubos, pastilhas e artigos semelhantes, para mosaicos, de pedra natural (incluída a ardósia), mesmo com suporte; grânulos, fragmentos e",Bolívia,68406,146746,comexstat,2026-10-08
2025,09,6802,"Pedras de cantaria ou de construção (exceto de ardósia) trabalhadas e obras destas pedras, exceto as da posição 6801; cubos, pastilhas e artigos semelhantes, para mosaicos, de pedra natural (incluída a ardósia), mesmo com suporte; grânulos, fragmentos e",Líbia,68085,651941,comexstat,2026-10-08
2025,07,6802,"Pedras de cantaria ou de construção (exceto de ardósia) trabalhadas e obras destas pedras, exceto as da posição 6801; cubos, pastilhas e artigos semelhantes, para mosaicos, de pedra natural (incluída a ardósia), mesmo com suporte; grânulos, fragmentos e",Líbia,67959,265878,comexstat,2026-10-08
2025,02,2516,"Granito, pórfiro, basalto, arenito e outras pedras de cantaria ou de construção, mesmo desbastados ou simplesmente cortados à serra ou por outro meio, em blocos ou placas de forma quadrada ou rectangular",Argentina,67909,316670,comexstat,2026-10-08
2025,04,6803,Ardósia natural trabalhada e obras de ardósia natural ou aglomerada,Países Baixos (Holanda),67768,144109,comexstat,2026-10-08
2025,12,6803,Ardósia natural trabalhada e obras de ardósia natural ou aglomerada,Austrália,67592,75574,comexstat,2026-10-08
2025,04,6802,"Pedras de cantaria ou de construção (exceto de ardósia) trabalhadas e obras destas pedras, exceto as da posição 6801; cubos, pastilhas e artigos semelhantes, para mosaicos, de pedra natural (incluída a ardósia), mesmo com suporte; grânulos, fragmentos e",Arábia Saudita,67428,54138,comexstat,2026-10-08
2025,07,6802,"Pedras de cantaria ou de construção (exceto de ardósia) trabalhadas e obras destas pedras, exceto as da posição 6801; cubos, pastilhas e artigos semelhantes, para mosaicos, de pedra natural (incluída a ardósia), mesmo com suporte; grânulos, fragmentos e",Panamá,67383,41194,comexstat,2026-10-08
2025,06,2516,"Granito, pórfiro, basalto, arenito e outras pedras de cantaria ou de construção, mesmo desbastados ou simplesmente cortados à serra ou por outro meio, em blocos ou placas de forma quadrada ou rectangular",Índia,67298,128420,comexstat,2026-10-08
2025,01,6802,"Pedras de cantaria ou de construção (exceto de ardósia) trabalhadas e obras destas pedras, exceto as da posição 6801; cubos, pastilhas e artigos semelhantes, para mosaicos, de pedra natural (incluída a ardósia), mesmo com suporte; grânulos, fragmentos e",Barein,67110,52699,comexstat,2026-10-08
2025,07,6802,"Pedras de cantaria ou de construção (exceto de ardósia) trabalhadas e obras destas pedras, exceto as da posição 6801; cubos, pastilhas e artigos semelhantes, para mosaicos, de pedra natural (incluída a ardósia), mesmo com suporte; grânulos, fragmentos e",Honduras,67051,130664,comexstat,2026-10-08
2025,11,6802,"Pedras de cantaria ou de construção (exceto de ardósia) trabalhadas e obras destas pedras, exceto as da posição 6801; cubos, pastilhas e artigos semelhantes, para mosaicos, de pedra natural (incluída a ardósia), mesmo com suporte; grânulos, fragmentos e",Hong Kong,66651,52305,comexstat,2026-10-08
2025,09,6803,Ardósia natural trabalhada e obras de ardósia natural ou aglomerada,Bélgica,66572,129129,comexstat,2026-10-08
2025,12,6802,"Pedras de cantaria ou de construção (exceto de ardósia) trabalhadas e obras destas pedras, exceto as da posição 6801; cubos, pastilhas e artigos semelhantes, para mosaicos, de pedra natural (incluída a ardósia), mesmo com suporte; grânulos, fragmentos e",Chipre,66552,25974,comexstat,2026-10-08
2025,07,6802,"Pedras de cantaria ou de construção (exceto de ardósia) trabalhadas e obras destas pedras, exceto as da posição 6801; cubos, pastilhas e artigos semelhantes, para mosaicos, de pedra natural (incluída a ardósia), mesmo com suporte; grânulos, fragmentos e",Nigéria,66551,128699,comexstat,2026-10-08
2025,03,6802,"Pedras de cantaria ou de construção (exceto de ardósia) trabalhadas e obras destas pedras, exceto as da posição 6801; cubos, pastilhas e artigos semelhantes, para mosaicos, de pedra natural (incluída a ardósia), mesmo com suporte; grânulos, fragmentos e",Bolívia,66115,123738,comexstat,2026-10-08
2025,11,6801,"Pedras para calcetar, meios-fios e placas (lajes) para pavimentação, de pedra natural (exceto a ardósia)",Suécia,65969,19534,comexstat,2026-10-08
2025,02,6803,Ardósia natural trabalhada e obras de ardósia natural ou aglomerada,Irlanda,65852,180905,comexstat,2026-10-08
2025,06,6802,"Pedras de cantaria ou de construção (exceto de ardósia) trabalhadas e obras destas pedras, exceto as da posição 6801; cubos, pastilhas e artigos semelhantes, para mosaicos, de pedra natural (incluída a ardósia), mesmo com suporte; grânulos, fragmentos e",Jordânia,65702,26079,comexstat,2026-10-08
2025,09,6802,"Pedras de cantaria ou de construção (exceto de ardósia) trabalhadas e obras destas pedras, exceto as da posição 6801; cubos, pastilhas e artigos semelhantes, para mosaicos, de pedra natural (incluída a ardósia), mesmo com suporte; grânulos, fragmentos e",Áustria,65647,89588,comexstat,2026-10-08
2025,08,6802,"Pedras de cantaria ou de construção (exceto de ardósia) trabalhadas e obras destas pedras, exceto as da posição 6801; cubos, pastilhas e artigos semelhantes, para mosaicos, de pedra natural (incluída a ardósia), mesmo com suporte; grânulos, fragmentos e",Peru,65641,93000,comexstat,2026-10-08
2025,03,6802,"Pedras de cantaria ou de construção (exceto de ardósia) trabalhadas e obras destas pedras, exceto as da posição 6801; cubos, pastilhas e artigos semelhantes, para mosaicos, de pedra natural (incluída a ardósia), mesmo com suporte; grânulos, fragmentos e",Chile,65192,127314,comexstat,2026-10-08
2025,01,6802,"Pedras de cantaria ou de construção (exceto de ardósia) trabalhadas e obras destas pedras, exceto as da posição 6801; cubos, pastilhas e artigos semelhantes, para mosaicos, de pedra natural (incluída a ardósia), mesmo com suporte; grânulos, fragmentos e",Panamá,65036,78811,comexstat,2026-10-08
2025,05,6803,Ardósia natural trabalhada e obras de ardósia natural ou aglomerada,Espanha,64821,126135,comexstat,2026-10-08
2025,07,6802,"Pedras de cantaria ou de construção (exceto de ardósia) trabalhadas e obras destas pedras, exceto as da posição 6801; cubos, pastilhas e artigos semelhantes, para mosaicos, de pedra natural (incluída a ardósia), mesmo com suporte; grânulos, fragmentos e",Áustria,64500,107965,comexstat,2026-10-08
2025,08,6802,"Pedras de cantaria ou de construção (exceto de ardósia) trabalhadas e obras destas pedras, exceto as da posição 6801; cubos, pastilhas e artigos semelhantes, para mosaicos, de pedra natural (incluída a ardósia), mesmo com suporte; grânulos, fragmentos e",Jordânia,64227,26455,comexstat,2026-10-08
2025,02,2514,"Ardósia, mesmo desbastada ou simplesmente cortada a serra ou por outro meio, em blocos ou placas de forma quadrada ou retangular",Canadá,64108,86240,comexstat,2026-10-08
2025,05,6802,"Pedras de cantaria ou de construção (exceto de ardósia) trabalhadas e obras destas pedras, exceto as da posição 6801; cubos, pastilhas e artigos semelhantes, para mosaicos, de pedra natural (incluída a ardósia), mesmo com suporte; grânulos, fragmentos e",Jordânia,63742,9968,comexstat,2026-10-08
2025,07,6803,Ardósia natural trabalhada e obras de ardósia natural ou aglomerada,Itália,63649,139011,comexstat,2026-10-08
2025,01,6801,"Pedras para calcetar, meios-fios e placas (lajes) para pavimentação, de pedra natural (exceto a ardósia)",Alemanha,63478,378370,comexstat,2026-10-08
2025,08,6803,Ardósia natural trabalhada e obras de ardósia natural ou aglomerada,Alemanha,63334,104185,comexstat,2026-10-08
2025,01,6802,"Pedras de cantaria ou de construção (exceto de ardósia) trabalhadas e obras destas pedras, exceto as da posição 6801; cubos, pastilhas e artigos semelhantes, para mosaicos, de pedra natural (incluída a ardósia), mesmo com suporte; grânulos, fragmentos e",Porto Rico,63328,25717,comexstat,2026-10-08
2025,04,6801,"Pedras para calcetar, meios-fios e placas (lajes) para pavimentação, de pedra natural (exceto a ardósia)",Suécia,63264,18078,comexstat,2026-10-08
2025,07,6802,"Pedras de cantaria ou de construção (exceto de ardósia) trabalhadas e obras destas pedras, exceto as da posição 6801; cubos, pastilhas e artigos semelhantes, para mosaicos, de pedra natural (incluída a ardósia), mesmo com suporte; grânulos, fragmentos e",El Salvador,63079,105829,comexstat,2026-10-08
2025,09,6802,"Pedras de cantaria ou de construção (exceto de ardósia) trabalhadas e obras destas pedras, exceto as da posição 6801; cubos, pastilhas e artigos semelhantes, para mosaicos, de pedra natural (incluída a ardósia), mesmo com suporte; grânulos, fragmentos e",Porto Rico,63036,86320,comexstat,2026-10-08
2025,10,6802,"Pedras de cantaria ou de construção (exceto de ardósia) trabalhadas e obras destas pedras, exceto as da posição 6801; cubos, pastilhas e artigos semelhantes, para mosaicos, de pedra natural (incluída a ardósia), mesmo com suporte; grânulos, fragmentos e",Arábia Saudita,62737,23183,comexstat,2026-10-08
2025,09,6802,"Pedras de cantaria ou de construção (exceto de ardósia) trabalhadas e obras destas pedras, exceto as da posição 6801; cubos, pastilhas e artigos semelhantes, para mosaicos, de pedra natural (incluída a ardósia), mesmo com suporte; grânulos, fragmentos e",Bolívia,62386,121723,comexstat,2026-10-08
2025,07,6802,"Pedras de cantaria ou de construção (exceto de ardósia) trabalhadas e obras destas pedras, exceto as da posição 6801; cubos, pastilhas e artigos semelhantes, para mosaicos, de pedra natural (incluída a ardósia), mesmo com suporte; grânulos, fragmentos e","Tcheca, República",62106,20573,comexstat,2026-10-08
2025,04,6801,"Pedras para calcetar, meios-fios e placas (lajes) para pavimentação, de pedra natural (exceto a ardósia)",Alemanha,62065,271735,comexstat,2026-10-08
2025,01,6802,"Pedras de cantaria ou de construção (exceto de ardósia) trabalhadas e obras destas pedras, exceto as da posição 6801; cubos, pastilhas e artigos semelhantes, para mosaicos, de pedra natural (incluída a ardósia), mesmo com suporte; grânulos, fragmentos e",Jordânia,62064,25264,comexstat,2026-10-08
2025,05,6802,"Pedras de cantaria ou de construção (exceto de ardósia) trabalhadas e obras destas pedras, exceto as da posição 6801; cubos, pastilhas e artigos semelhantes, para mosaicos, de pedra natural (incluída a ardósia), mesmo com suporte; grânulos, fragmentos e",Guiné Equatorial,61970,24601,comexstat,2026-10-08
2025,09,6803,Ardósia natural trabalhada e obras de ardósia natural ou aglomerada,África do Sul,61919,104764,comexstat,2026-10-08
2025,03,6802,"Pedras de cantaria ou de construção (exceto de ardósia) trabalhadas e obras destas pedras, exceto as da posição 6801; cubos, pastilhas e artigos semelhantes, para mosaicos, de pedra natural (incluída a ardósia), mesmo com suporte; grânulos, fragmentos e",Guatemala,61838,104251,comexstat,2026-10-08
2025,08,6803,Ardósia natural trabalhada e obras de ardósia natural ou aglomerada,Austrália,61802,73880,comexstat,2026-10-08
2025,03,6803,Ardósia natural trabalhada e obras de ardósia natural ou aglomerada,Chile,61482,124897,comexstat,2026-10-08
2025,12,6802,"Pedras de cantaria ou de construção (exceto de ardósia) trabalhadas e obras destas pedras, exceto as da posição 6801; cubos, pastilhas e artigos semelhantes, para mosaicos, de pedra natural (incluída a ardósia), mesmo com suporte; grânulos, fragmentos e",Áustria,61392,108010,comexstat,2026-10-08
2025,08,6802,"Pedras de cantaria ou de construção (exceto de ardósia) trabalhadas e obras destas pedras, exceto as da posição 6801; cubos, pastilhas e artigos semelhantes, para mosaicos, de pedra natural (incluída a ardósia), mesmo com suporte; grânulos, fragmentos e",Bolívia,61270,156664,comexstat,2026-10-08
2025,08,6803,Ardósia natural trabalhada e obras de ardósia natural ou aglomerada,África do Sul,61074,104769,comexstat,2026-10-08
2025,06,6801,"Pedras para calcetar, meios-fios e placas (lajes) para pavimentação, de pedra natural (exceto a ardósia)",Suécia,60780,25595,comexstat,2026-10-08
2025,11,6802,"Pedras de cantaria ou de construção (exceto de ardósia) trabalhadas e obras destas pedras, exceto as da posição 6801; cubos, pastilhas e artigos semelhantes, para mosaicos, de pedra natural (incluída a ardósia), mesmo com suporte; grânulos, fragmentos e",Guiana,60494,14400,comexstat,2026-10-08
2025,12,2516,"Granito, pórfiro, basalto, arenito e outras pedras de cantaria ou de construção, mesmo desbastados ou simplesmente cortados à serra ou por outro meio, em blocos ou placas de forma quadrada ou rectangular",Canadá,60190,714180,comexstat,2026-10-08
2025,03,2515,"Mármores, travertinos, granitos belgas e outras pedras calcárias de cantaria ou de construção, de densidade aparente igual ou superior a 2,5, e alabastro, mesmo desbastados ou simplesmente cortados à serra ou por outro meio, em blocos ou placas de forma q",Omã,59621,268410,comexstat,2026-10-08
2025,03,6802,"Pedras de cantaria ou de construção (exceto de ardósia) trabalhadas e obras destas pedras, exceto as da posição 6801; cubos, pastilhas e artigos semelhantes, para mosaicos, de pedra natural (incluída a ardósia), mesmo com suporte; grânulos, fragmentos e",Jamaica,59580,78540,comexstat,2026-10-08
2025,03,6802,"Pedras de cantaria ou de construção (exceto de ardósia) trabalhadas e obras destas pedras, exceto as da posição 6801; cubos, pastilhas e artigos semelhantes, para mosaicos, de pedra natural (incluída a ardósia), mesmo com suporte; grânulos, fragmentos e",África do Sul,59554,77373,comexstat,2026-10-08
2025,12,6801,"Pedras para calcetar, meios-fios e placas (lajes) para pavimentação, de pedra natural (exceto a ardósia)",Itália,59544,261870,comexstat,2026-10-08
2025,11,6802,"Pedras de cantaria ou de construção (exceto de ardósia) trabalhadas e obras destas pedras, exceto as da posição 6801; cubos, pastilhas e artigos semelhantes, para mosaicos, de pedra natural (incluída a ardósia), mesmo com suporte; grânulos, fragmentos e",Jamaica,59234,105904,comexstat,2026-10-08
2025,04,2516,"Granito, pórfiro, basalto, arenito e outras pedras de cantaria ou de construção, mesmo desbastados ou simplesmente cortados à serra ou por outro meio, em blocos ou placas de forma quadrada ou rectangular",França,58882,244900,comexstat,2026-10-08
2025,09,6802,"Pedras de cantaria ou de construção (exceto de ardósia) trabalhadas e obras destas pedras, exceto as da posição 6801; cubos, pastilhas e artigos semelhantes, para mosaicos, de pedra natural (incluída a ardósia), mesmo com suporte; grânulos, fragmentos e",Hungria,58858,21082,comexstat,2026-10-08
2025,08,6801,"Pedras para calcetar, meios-fios e placas (lajes) para pavimentação, de pedra natural (exceto a ardósia)",Suécia,58828,25516,comexstat,2026-10-08
2025,10,6803,Ardósia natural trabalhada e obras de ardósia natural ou aglomerada,Austrália,58238,71395,comexstat,2026-10-08
2025,06,6801,"Pedras para calcetar, meios-fios e placas (lajes) para pavimentação, de pedra natural (exceto a ardósia)",Itália,58200,266160,comexstat,2026-10-08
2025,12,2515,"Mármores, travertinos, granitos belgas e outras pedras calcárias de cantaria ou de construção, de densidade aparente igual ou superior a 2,5, e alabastro, mesmo desbastados ou simplesmente cortados à serra ou por outro meio, em blocos ou placas de forma q",Índia,58185,131720,comexstat,2026-10-08
2025,08,6802,"Pedras de cantaria ou de construção (exceto de ardósia) trabalhadas e obras destas pedras, exceto as da posição 6801; cubos, pastilhas e artigos semelhantes, para mosaicos, de pedra natural (incluída a ardósia), mesmo com suporte; grânulos, fragmentos e",Tailândia,58133,24106,comexstat,2026-10-08
2025,01,6802,"Pedras de cantaria ou de construção (exceto de ardósia) trabalhadas e obras destas pedras, exceto as da posição 6801; cubos, pastilhas e artigos semelhantes, para mosaicos, de pedra natural (incluída a ardósia), mesmo com suporte; grânulos, fragmentos e",Líbia,58086,322975,comexstat,2026-10-08
2025,08,6802,"Pedras de cantaria ou de construção (exceto de ardósia) trabalhadas e obras destas pedras, exceto as da posição 6801; cubos, pastilhas e artigos semelhantes, para mosaicos, de pedra natural (incluída a ardósia), mesmo com suporte; grânulos, fragmentos e",Honduras,57982,79042,comexstat,2026-10-08
2025,08,6802,"Pedras de cantaria ou de construção (exceto de ardósia) trabalhadas e obras destas pedras, exceto as da posição 6801; cubos, pastilhas e artigos semelhantes, para mosaicos, de pedra natural (incluída a ardósia), mesmo com suporte; grânulos, fragmentos e",Geórgia,57728,27250,comexstat,2026-10-08
2025,04,6803,Ardósia natural trabalhada e obras de ardósia natural ou aglomerada,Espanha,57679,130256,comexstat,2026-10-08
2025,02,6801,"Pedras para calcetar, meios-fios e placas (lajes) para pavimentação, de pedra natural (exceto a ardósia)",Itália,57408,293715,comexstat,2026-10-08
2025,12,6802,"Pedras de cantaria ou de construção (exceto de ardósia) trabalhadas e obras destas pedras, exceto as da posição 6801; cubos, pastilhas e artigos semelhantes, para mosaicos, de pedra natural (incluída a ardósia), mesmo com suporte; grânulos, fragmentos e",Irlanda,57339,23880,comexstat,2026-10-08
2025,12,6803,Ardósia natural trabalhada e obras de ardósia natural ou aglomerada,Chile,57253,114560,comexstat,2026-10-08
2025,11,6802,"Pedras de cantaria ou de construção (exceto de ardósia) trabalhadas e obras destas pedras, exceto as da posição 6801; cubos, pastilhas e artigos semelhantes, para mosaicos, de pedra natural (incluída a ardósia), mesmo com suporte; grânulos, fragmentos e",Catar,57114,53945,comexstat,2026-10-08
2025,08,6802,"Pedras de cantaria ou de construção (exceto de ardósia) trabalhadas e obras destas pedras, exceto as da posição 6801; cubos, pastilhas e artigos semelhantes, para mosaicos, de pedra natural (incluída a ardósia), mesmo com suporte; grânulos, fragmentos e",Romênia,57088,100968,comexstat,2026-10-08
2025,01,2514,"Ardósia, mesmo desbastada ou simplesmente cortada a serra ou por outro meio, em blocos ou placas de forma quadrada ou retangular",Estados Unidos,57000,100000,comexstat,2026-10-08
2025,07,6802,"Pedras de cantaria ou de construção (exceto de ardósia) trabalhadas e obras destas pedras, exceto as da posição 6801; cubos, pastilhas e artigos semelhantes, para mosaicos, de pedra natural (incluída a ardósia), mesmo com suporte; grânulos, fragmentos e",Hong Kong,56903,25630,comexstat,2026-10-08
2025,07,6803,Ardósia natural trabalhada e obras de ardósia natural ou aglomerada,Espanha,56668,103699,comexstat,2026-10-08
2025,07,6802,"Pedras de cantaria ou de construção (exceto de ardósia) trabalhadas e obras destas pedras, exceto as da posição 6801; cubos, pastilhas e artigos semelhantes, para mosaicos, de pedra natural (incluída a ardósia), mesmo com suporte; grânulos, fragmentos e",França,56369,23232,comexstat,2026-10-08
2025,12,6803,Ardósia natural trabalhada e obras de ardósia natural ou aglomerada,Países Baixos (Holanda),56096,112933,comexstat,2026-10-08
2025,07,6803,Ardósia natural trabalhada e obras de ardósia natural ou aglomerada,Uruguai,55433,155928,comexstat,2026-10-08
2025,08,6802,"Pedras de cantaria ou de construção (exceto de ardósia) trabalhadas e obras destas pedras, exceto as da posição 6801; cubos, pastilhas e artigos semelhantes, para mosaicos, de pedra natural (incluída a ardósia), mesmo com suporte; grânulos, fragmentos e",Guiné Equatorial,55383,23523,comexstat,2026-10-08
2025,06,6803,Ardósia natural trabalhada e obras de ardósia natural ou aglomerada,Lituânia,55290,91854,comexstat,2026-10-08
2025,12,6803,Ardósia natural trabalhada e obras de ardósia natural ou aglomerada,Canadá,55178,91054,comexstat,2026-10-08
2025,03,6801,"Pedras para calcetar, meios-fios e placas (lajes) para pavimentação, de pedra natural (exceto a ardósia)",França,54790,241695,comexstat,2026-10-08
2025,09,6802,"Pedras de cantaria ou de construção (exceto de ardósia) trabalhadas e obras destas pedras, exceto as da posição 6801; cubos, pastilhas e artigos semelhantes, para mosaicos, de pedra natural (incluída a ardósia), mesmo com suporte; grânulos, fragmentos e",Venezuela,54779,104550,comexstat,2026-10-08
2025,07,6802,"Pedras de cantaria ou de construção (exceto de ardósia) trabalhadas e obras destas pedras, exceto as da posição 6801; cubos, pastilhas e artigos semelhantes, para mosaicos, de pedra natural (incluída a ardósia), mesmo com suporte; grânulos, fragmentos e",Líbano,54723,25944,comexstat,2026-10-08
2025,04,6802,"Pedras de cantaria ou de construção (exceto de ardósia) trabalhadas e obras destas pedras, exceto as da posição 6801; cubos, pastilhas e artigos semelhantes, para mosaicos, de pedra natural (incluída a ardósia), mesmo com suporte; grânulos, fragmentos e",Grécia,54425,25520,comexstat,2026-10-08
2025,10,6803,Ardósia natural trabalhada e obras de ardósia natural ou aglomerada,Alemanha,53730,100046,comexstat,2026-10-08
2025,01,6803,Ardósia natural trabalhada e obras de ardósia natural ou aglomerada,Suécia,53679,115545,comexstat,2026-10-08
2025,12,6802,"Pedras de cantaria ou de construção (exceto de ardósia) trabalhadas e obras destas pedras, exceto as da posição 6801; cubos, pastilhas e artigos semelhantes, para mosaicos, de pedra natural (incluída a ardósia), mesmo com suporte; grânulos, fragmentos e",Chile,53678,78577,comexstat,2026-10-08
2025,08,6802,"Pedras de cantaria ou de construção (exceto de ardósia) trabalhadas e obras destas pedras, exceto as da posição 6801; cubos, pastilhas e artigos semelhantes, para mosaicos, de pedra natural (incluída a ardósia), mesmo com suporte; grânulos, fragmentos e",Arábia Saudita,53573,26618,comexstat,2026-10-08
2025,12,6802,"Pedras de cantaria ou de construção (exceto de ardósia) trabalhadas e obras destas pedras, exceto as da posição 6801; cubos, pastilhas e artigos semelhantes, para mosaicos, de pedra natural (incluída a ardósia), mesmo com suporte; grânulos, fragmentos e","Tcheca, República",53311,25065,comexstat,2026-10-08
2025,06,2516,"Granito, pórfiro, basalto, arenito e outras pedras de cantaria ou de construção, mesmo desbastados ou simplesmente cortados à serra ou por outro meio, em blocos ou placas de forma quadrada ou rectangular",Emirados Árabes Unidos,53256,142590,comexstat,2026-10-08
2025,11,6802,"Pedras de cantaria ou de construção (exceto de ardósia) trabalhadas e obras destas pedras, exceto as da posição 6801; cubos, pastilhas e artigos semelhantes, para mosaicos, de pedra natural (incluída a ardósia), mesmo com suporte; grânulos, fragmentos e",Barbados,52802,26417,comexstat,2026-10-08
2025,06,6802,"Pedras de cantaria ou de construção (exceto de ardósia) trabalhadas e obras destas pedras, exceto as da posição 6801; cubos, pastilhas e artigos semelhantes, para mosaicos, de pedra natural (incluída a ardósia), mesmo com suporte; grânulos, fragmentos e",Arábia Saudita,52468,26526,comexstat,2026-10-08
2025,12,6801,"Pedras para calcetar, meios-fios e placas (lajes) para pavimentação, de pedra natural (exceto a ardósia)",Países Baixos (Holanda),52451,180970,comexstat,2026-10-08
2025,10,6802,"Pedras de cantaria ou de construção (exceto de ardósia) trabalhadas e obras destas pedras, exceto as da posição 6801; cubos, pastilhas e artigos semelhantes, para mosaicos, de pedra natural (incluída a ardósia), mesmo com suporte; grânulos, fragmentos e",Malta,52437,23646,comexstat,2026-10-08
2025,11,2516,"Granito, pórfiro, basalto, arenito e outras pedras de cantaria ou de construção, mesmo desbastados ou simplesmente cortados à serra ou por outro meio, em blocos ou placas de forma quadrada ou rectangular",Bélgica,51881,179540,comexstat,2026-10-08
2025,09,2515,"Mármores, travertinos, granitos belgas e outras pedras calcárias de cantaria ou de construção, de densidade aparente igual ou superior a 2,5, e alabastro, mesmo desbastados ou simplesmente cortados à serra ou por outro meio, em blocos ou placas de forma q",Paraguai,51865,18758,comexstat,2026-10-08
2025,05,6803,Ardósia natural trabalhada e obras de ardósia natural ou aglomerada,Chile,51531,126331,comexstat,2026-10-08
2025,09,6802,"Pedras de cantaria ou de construção (exceto de ardósia) trabalhadas e obras destas pedras, exceto as da posição 6801; cubos, pastilhas e artigos semelhantes, para mosaicos, de pedra natural (incluída a ardósia), mesmo com suporte; grânulos, fragmentos e",Chipre,51396,26640,comexstat,2026-10-08
2025,07,6802,"Pedras de cantaria ou de construção (exceto de ardósia) trabalhadas e obras destas pedras, exceto as da posição 6801; cubos, pastilhas e artigos semelhantes, para mosaicos, de pedra natural (incluída a ardósia), mesmo com suporte; grânulos, fragmentos e",Jamaica,51194,52272,comexstat,2026-10-08
2025,09,6802,"Pedras de cantaria ou de construção (exceto de ardósia) trabalhadas e obras destas pedras, exceto as da posição 6801; cubos, pastilhas e artigos semelhantes, para mosaicos, de pedra natural (incluída a ardósia), mesmo com suporte; grânulos, fragmentos e",Bulgária,51160,105642,comexstat,2026-10-08
2025,06,6802,"Pedras de cantaria ou de construção (exceto de ardósia) trabalhadas e obras destas pedras, exceto as da posição 6801; cubos, pastilhas e artigos semelhantes, para mosaicos, de pedra natural (incluída a ardósia), mesmo com suporte; grânulos, fragmentos e",Marrocos,50565,25550,comexstat,2026-10-08
2025,12,6802,"Pedras de cantaria ou de construção (exceto de ardósia) trabalhadas e obras destas pedras, exceto as da posição 6801; cubos, pastilhas e artigos semelhantes, para mosaicos, de pedra natural (incluída a ardósia), mesmo com suporte; grânulos, fragmentos e",Bulgária,50467,52360,comexstat,2026-10-08
2025,01,6802,"Pedras de cantaria ou de construção (exceto de ardósia) trabalhadas e obras destas pedras, exceto as da posição 6801; cubos, pastilhas e artigos semelhantes, para mosaicos, de pedra natural (incluída a ardósia), mesmo com suporte; grânulos, fragmentos e",Bolívia,49980,112345,comexstat,2026-10-08
2025,11,6802,"Pedras de cantaria ou de construção (exceto de ardósia) trabalhadas e obras destas pedras, exceto as da posição 6801; cubos, pastilhas e artigos semelhantes, para mosaicos, de pedra natural (incluída a ardósia), mesmo com suporte; grânulos, fragmentos e",Porto Rico,49977,26302,comexstat,2026-10-08
2025,05,6802,"Pedras de cantaria ou de construção (exceto de ardósia) trabalhadas e obras destas pedras, exceto as da posição 6801; cubos, pastilhas e artigos semelhantes, para mosaicos, de pedra natural (incluída a ardósia), mesmo com suporte; grânulos, fragmentos e",Malásia,49769,24700,comexstat,2026-10-08
2025,05,6803,Ardósia natural trabalhada e obras de ardósia natural ou aglomerada,Austrália,49737,72055,comexstat,2026-10-08
2025,12,6802,"Pedras de cantaria ou de construção (exceto de ardósia) trabalhadas e obras destas pedras, exceto as da posição 6801; cubos, pastilhas e artigos semelhantes, para mosaicos, de pedra natural (incluída a ardósia), mesmo com suporte; grânulos, fragmentos e",Romênia,49712,51680,comexstat,2026-10-08
2025,02,6801,"Pedras para calcetar, meios-fios e placas (lajes) para pavimentação, de pedra natural (exceto a ardósia)",Alemanha,49445,257415,comexstat,2026-10-08
2025,08,6802,"Pedras de cantaria ou de construção (exceto de ardósia) trabalhadas e obras destas pedras, exceto as da posição 6801; cubos, pastilhas e artigos semelhantes, para mosaicos, de pedra natural (incluída a ardósia), mesmo com suporte; grânulos, fragmentos e",Belize,49296,53273,comexstat,2026-10-08
2025,05,6803,Ardósia natural trabalhada e obras de ardósia natural ou aglomerada,Uruguai,49112,102596,comexstat,2026-10-08
2025,09,6803,Ardósia natural trabalhada e obras de ardósia natural ou aglomerada,Espanha,48881,103484,comexstat,2026-10-08
2025,01,6801,"Pedras para calcetar, meios-fios e placas (lajes) para pavimentação, de pedra natural (exceto a ardósia)",Itália,48683,269405,comexstat,2026-10-08
2025,02,6802,"Pedras de cantaria ou de construção (exceto de ardósia) trabalhadas e obras destas pedras, exceto as da posição 6801; cubos, pastilhas e artigos semelhantes, para mosaicos, de pedra natural (incluída a ardósia), mesmo com suporte; grânulos, fragmentos e",Belize,48460,51840,comexstat,2026-10-08
2025,10,6802,"Pedras de cantaria ou de construção (exceto de ardósia) trabalhadas e obras destas pedras, exceto as da posição 6801; cubos, pastilhas e artigos semelhantes, para mosaicos, de pedra natural (incluída a ardósia), mesmo com suporte; grânulos, fragmentos e",Barbados,48130,26402,comexstat,2026-10-08
2025,09,6802,"Pedras de cantaria ou de construção (exceto de ardósia) trabalhadas e obras destas pedras, exceto as da posição 6801; cubos, pastilhas e artigos semelhantes, para mosaicos, de pedra natural (incluída a ardósia), mesmo com suporte; grânulos, fragmentos e",Coreia do Sul,48035,23358,comexstat,2026-10-08
2025,10,6802,"Pedras de cantaria ou de construção (exceto de ardósia) trabalhadas e obras destas pedras, exceto as da posição 6801; cubos, pastilhas e artigos semelhantes, para mosaicos, de pedra natural (incluída a ardósia), mesmo com suporte; grânulos, fragmentos e",Áustria,47845,81450,comexstat,2026-10-08
2025,07,6803,Ardósia natural trabalhada e obras de ardósia natural ou aglomerada,Alemanha,47797,74824,comexstat,2026-10-08
2025,05,6803,Ardósia natural trabalhada e obras de ardósia natural ou aglomerada,México,47651,95976,comexstat,2026-10-08
2025,08,2516,"Granito, pórfiro, basalto, arenito e outras pedras de cantaria ou de construção, mesmo desbastados ou simplesmente cortados à serra ou por outro meio, em blocos ou placas de forma quadrada ou rectangular",Estados Unidos,47388,142328,comexstat,2026-10-08
2025,05,6802,"Pedras de cantaria ou de construção (exceto de ardósia) trabalhadas e obras destas pedras, exceto as da posição 6801; cubos, pastilhas e artigos semelhantes, para mosaicos, de pedra natural (incluída a ardósia), mesmo com suporte; grânulos, fragmentos e",Guatemala,47273,52417,comexstat,2026-10-08
2025,11,6803,Ardósia natural trabalhada e obras de ardósia natural ou aglomerada,Colômbia,47246,75262,comexstat,2026-10-08
2025,09,6803,Ardósia natural trabalhada e obras de ardósia natural ou aglomerada,Países Baixos (Holanda),47225,79341,comexstat,2026-10-08
2025,03,6803,Ardósia natural trabalhada e obras de ardósia natural ou aglomerada,Bélgica,47103,96856,comexstat,2026-10-08
2025,11,2516,"Granito, pórfiro, basalto, arenito e outras pedras de cantaria ou de construção, mesmo desbastados ou simplesmente cortados à serra ou por outro meio, em blocos ou placas de forma quadrada ou rectangular",Estados Unidos,46962,191810,comexstat,2026-10-08
2025,05,6802,"Pedras de cantaria ou de construção (exceto de ardósia) trabalhadas e obras destas pedras, exceto as da posição 6801; cubos, pastilhas e artigos semelhantes, para mosaicos, de pedra natural (incluída a ardósia), mesmo com suporte; grânulos, fragmentos e",El Salvador,46816,99420,comexstat,2026-10-08
2025,03,6803,Ardósia natural trabalhada e obras de ardósia natural ou aglomerada,Alemanha,46747,77423,comexstat,2026-10-08
2025,11,6803,Ardósia natural trabalhada e obras de ardósia natural ou aglomerada,Chile,46363,114224,comexstat,2026-10-08
2025,03,6802,"Pedras de cantaria ou de construção (exceto de ardósia) trabalhadas e obras destas pedras, exceto as da posição 6801; cubos, pastilhas e artigos semelhantes, para mosaicos, de pedra natural (incluída a ardósia), mesmo com suporte; grânulos, fragmentos e",Suriname,45998,51250,comexstat,2026-10-08
2025,01,6802,"Pedras de cantaria ou de construção (exceto de ardósia) trabalhadas e obras destas pedras, exceto as da posição 6801; cubos, pastilhas e artigos semelhantes, para mosaicos, de pedra natural (incluída a ardósia), mesmo com suporte; grânulos, fragmentos e",Peru,45867,79582,comexstat,2026-10-08
2025,04,6803,Ardósia natural trabalhada e obras de ardósia natural ou aglomerada,Uruguai,45745,106368,comexstat,2026-10-08
2025,05,6802,"Pedras de cantaria ou de construção (exceto de ardósia) trabalhadas e obras destas pedras, exceto as da posição 6801; cubos, pastilhas e artigos semelhantes, para mosaicos, de pedra natural (incluída a ardósia), mesmo com suporte; grânulos, fragmentos e",Líbia,45557,292957,comexstat,2026-10-08
2025,05,6802,"Pedras de cantaria ou de construção (exceto de ardósia) trabalhadas e obras destas pedras, exceto as da posição 6801; cubos, pastilhas e artigos semelhantes, para mosaicos, de pedra natural (incluída a ardósia), mesmo com suporte; grânulos, fragmentos e",Índia,45430,52733,comexstat,2026-10-08
2025,08,6803,Ardósia natural trabalhada e obras de ardósia natural ou aglomerada,Canadá,45141,71208,comexstat,2026-10-08
2025,10,6803,Ardósia natural trabalhada e obras de ardósia natural ou aglomerada,Uruguai,44403,92831,comexstat,2026-10-08
2025,10,6803,Ardósia natural trabalhada e obras de ardósia natural ou aglomerada,Espanha,44327,78431,comexstat,2026-10-08
2025,09,6803,Ardósia natural trabalhada e obras de ardósia natural ou aglomerada,Lituânia,44004,74523,comexstat,2026-10-08
2025,12,6802,"Pedras de cantaria ou de construção (exceto de ardósia) trabalhadas e obras destas pedras, exceto as da posição 6801; cubos, pastilhas e artigos semelhantes, para mosaicos, de pedra natural (incluída a ardósia), mesmo com suporte; grânulos, fragmentos e",Peru,43942,79263,comexstat,2026-10-08
2025,10,6802,"Pedras de cantaria ou de construção (exceto de ardósia) trabalhadas e obras destas pedras, exceto as da posição 6801; cubos, pastilhas e artigos semelhantes, para mosaicos, de pedra natural (incluída a ardósia), mesmo com suporte; grânulos, fragmentos e",Bélgica,43874,26377,comexstat,2026-10-08
2025,08,6803,Ardósia natural trabalhada e obras de ardósia natural ou aglomerada,China,43500,97126,comexstat,2026-10-08
2025,03,6802,"Pedras de cantaria ou de construção (exceto de ardósia) trabalhadas e obras destas pedras, exceto as da posição 6801; cubos, pastilhas e artigos semelhantes, para mosaicos, de pedra natural (incluída a ardósia), mesmo com suporte; grânulos, fragmentos e",Coveite (Kuweit),43496,26792,comexstat,2026-10-08
2025,04,6802,"Pedras de cantaria ou de construção (exceto de ardósia) trabalhadas e obras destas pedras, exceto as da posição 6801; cubos, pastilhas e artigos semelhantes, para mosaicos, de pedra natural (incluída a ardósia), mesmo com suporte; grânulos, fragmentos e",Taiwan (Formosa),43326,20725,comexstat,2026-10-08
2025,11,6802,"Pedras de cantaria ou de construção (exceto de ardósia) trabalhadas e obras destas pedras, exceto as da posição 6801; cubos, pastilhas e artigos semelhantes, para mosaicos, de pedra natural (incluída a ardósia), mesmo com suporte; grânulos, fragmentos e",Índia,43209,24945,comexstat,2026-10-08
2025,11,6803,Ardósia natural trabalhada e obras de ardósia natural ou aglomerada,Austrália,43158,76848,comexstat,2026-10-08
2025,08,2516,"Granito, pórfiro, basalto, arenito e outras pedras de cantaria ou de construção, mesmo desbastados ou simplesmente cortados à serra ou por outro meio, em blocos ou placas de forma quadrada ou rectangular",Suíça,43045,176360,comexstat,2026-10-08
2025,06,6801,"Pedras para calcetar, meios-fios e placas (lajes) para pavimentação, de pedra natural (exceto a ardósia)",França,43023,187750,comexstat,2026-10-08
2025,09,6802,"Pedras de cantaria ou de construção (exceto de ardósia) trabalhadas e obras destas pedras, exceto as da posição 6801; cubos, pastilhas e artigos semelhantes, para mosaicos, de pedra natural (incluída a ardósia), mesmo com suporte; grânulos, fragmentos e",Guiana,42974,20820,comexstat,2026-10-08
2025,06,6802,"Pedras de cantaria ou de construção (exceto de ardósia) trabalhadas e obras destas pedras, exceto as da posição 6801; cubos, pastilhas e artigos semelhantes, para mosaicos, de pedra natural (incluída a ardósia), mesmo com suporte; grânulos, fragmentos e",Irlanda,42702,24760,comexstat,2026-10-08
2025,07,6802,"Pedras de cantaria ou de construção (exceto de ardósia) trabalhadas e obras destas pedras, exceto as da posição 6801; cubos, pastilhas e artigos semelhantes, para mosaicos, de pedra natural (incluída a ardósia), mesmo com suporte; grânulos, fragmentos e",Bulgária,42086,53664,comexstat,2026-10-08
2025,06,6803,Ardósia natural trabalhada e obras de ardósia natural ou aglomerada,Países Baixos (Holanda),42059,84281,comexstat,2026-10-08
2025,12,6802,"Pedras de cantaria ou de construção (exceto de ardósia) trabalhadas e obras destas pedras, exceto as da posição 6801; cubos, pastilhas e artigos semelhantes, para mosaicos, de pedra natural (incluída a ardósia), mesmo com suporte; grânulos, fragmentos e",Jamaica,42043,79663,comexstat,2026-10-08
2025,12,6803,Ardósia natural trabalhada e obras de ardósia natural ou aglomerada,Liechtenstein,41632,54090,comexstat,2026-10-08
2025,01,6802,"Pedras de cantaria ou de construção (exceto de ardósia) trabalhadas e obras destas pedras, exceto as da posição 6801; cubos, pastilhas e artigos semelhantes, para mosaicos, de pedra natural (incluída a ardósia), mesmo com suporte; grânulos, fragmentos e",Equador,41537,24934,comexstat,2026-10-08
2025,06,6803,Ardósia natural trabalhada e obras de ardósia natural ou aglomerada,Noruega,41411,51063,comexstat,2026-10-08
2025,05,2515,"Mármores, travertinos, granitos belgas e outras pedras calcárias de cantaria ou de construção, de densidade aparente igual ou superior a 2,5, e alabastro, mesmo desbastados ou simplesmente cortados à serra ou por outro meio, em blocos ou placas de forma q",Taiwan (Formosa),41364,36940,comexstat,2026-10-08
2025,06,6802,"Pedras de cantaria ou de construção (exceto de ardósia) trabalhadas e obras destas pedras, exceto as da posição 6801; cubos, pastilhas e artigos semelhantes, para mosaicos, de pedra natural (incluída a ardósia), mesmo com suporte; grânulos, fragmentos e",África do Sul,41105,23610,comexstat,2026-10-08
2025,01,6803,Ardósia natural trabalhada e obras de ardósia natural ou aglomerada,Chile,40793,112575,comexstat,2026-10-08
2025,01,6802,"Pedras de cantaria ou de construção (exceto de ardósia) trabalhadas e obras destas pedras, exceto as da posição 6801; cubos, pastilhas e artigos semelhantes, para mosaicos, de pedra natural (incluída a ardósia), mesmo com suporte; grânulos, fragmentos e",Uganda,40654,24133,comexstat,2026-10-08
2025,12,6802,"Pedras de cantaria ou de construção (exceto de ardósia) trabalhadas e obras destas pedras, exceto as da posição 6801; cubos, pastilhas e artigos semelhantes, para mosaicos, de pedra natural (incluída a ardósia), mesmo com suporte; grânulos, fragmentos e",Catar,40563,80185,comexstat,2026-10-08
2025,04,6802,"Pedras de cantaria ou de construção (exceto de ardósia) trabalhadas e obras destas pedras, exceto as da posição 6801; cubos, pastilhas e artigos semelhantes, para mosaicos, de pedra natural (incluída a ardósia), mesmo com suporte; grânulos, fragmentos e",Venezuela,40401,79471,comexstat,2026-10-08
2025,01,6802,"Pedras de cantaria ou de construção (exceto de ardósia) trabalhadas e obras destas pedras, exceto as da posição 6801; cubos, pastilhas e artigos semelhantes, para mosaicos, de pedra natural (incluída a ardósia), mesmo com suporte; grânulos, fragmentos e",Quênia,40268,26481,comexstat,2026-10-08
2025,02,6802,"Pedras de cantaria ou de construção (exceto de ardósia) trabalhadas e obras destas pedras, exceto as da posição 6801; cubos, pastilhas e artigos semelhantes, para mosaicos, de pedra natural (incluída a ardósia), mesmo com suporte; grânulos, fragmentos e",Honduras,39976,52774,comexstat,2026-10-08
2025,04,6803,Ardósia natural trabalhada e obras de ardósia natural ou aglomerada,Lituânia,39688,77690,comexstat,2026-10-08
2025,05,6802,"Pedras de cantaria ou de construção (exceto de ardósia) trabalhadas e obras destas pedras, exceto as da posição 6801; cubos, pastilhas e artigos semelhantes, para mosaicos, de pedra natural (incluída a ardósia), mesmo com suporte; grânulos, fragmentos e",Chile,39488,78987,comexstat,2026-10-08
2025,02,6802,"Pedras de cantaria ou de construção (exceto de ardósia) trabalhadas e obras destas pedras, exceto as da posição 6801; cubos, pastilhas e artigos semelhantes, para mosaicos, de pedra natural (incluída a ardósia), mesmo com suporte; grânulos, fragmentos e",Chile,39395,79693,comexstat,2026-10-08
2025,01,6803,Ardósia natural trabalhada e obras de ardósia natural ou aglomerada,Bélgica,39306,76898,comexstat,2026-10-08
2025,02,6802,"Pedras de cantaria ou de construção (exceto de ardósia) trabalhadas e obras destas pedras, exceto as da posição 6801; cubos, pastilhas e artigos semelhantes, para mosaicos, de pedra natural (incluída a ardósia), mesmo com suporte; grânulos, fragmentos e",Iraque,39273,54886,comexstat,2026-10-08
2025,10,2515,"Mármores, travertinos, granitos belgas e outras pedras calcárias de cantaria ou de construção, de densidade aparente igual ou superior a 2,5, e alabastro, mesmo desbastados ou simplesmente cortados à serra ou por outro meio, em blocos ou placas de forma q",Argélia,39214,168580,comexstat,2026-10-08
2025,09,2516,"Granito, pórfiro, basalto, arenito e outras pedras de cantaria ou de construção, mesmo desbastados ou simplesmente cortados à serra ou por outro meio, em blocos ou placas de forma quadrada ou rectangular",Espanha,39052,114138,comexstat,2026-10-08
2025,11,6802,"Pedras de cantaria ou de construção (exceto de ardósia) trabalhadas e obras destas pedras, exceto as da posição 6801; cubos, pastilhas e artigos semelhantes, para mosaicos, de pedra natural (incluída a ardósia), mesmo com suporte; grânulos, fragmentos e",Bulgária,38972,52498,comexstat,2026-10-08
2025,04,6802,"Pedras de cantaria ou de construção (exceto de ardósia) trabalhadas e obras destas pedras, exceto as da posição 6801; cubos, pastilhas e artigos semelhantes, para mosaicos, de pedra natural (incluída a ardósia), mesmo com suporte; grânulos, fragmentos e",Panamá,38799,51022,comexstat,2026-10-08
2025,07,6802,"Pedras de cantaria ou de construção (exceto de ardósia) trabalhadas e obras destas pedras, exceto as da posição 6801; cubos, pastilhas e artigos semelhantes, para mosaicos, de pedra natural (incluída a ardósia), mesmo com suporte; grânulos, fragmentos e",Gana,38656,50325,comexstat,2026-10-08
2025,06,6802,"Pedras de cantaria ou de construção (exceto de ardósia) trabalhadas e obras destas pedras, exceto as da posição 6801; cubos, pastilhas e artigos semelhantes, para mosaicos, de pedra natural (incluída a ardósia), mesmo com suporte; grânulos, fragmentos e",Venezuela,38635,79042,comexstat,2026-10-08
2025,05,6802,"Pedras de cantaria ou de construção (exceto de ardósia) trabalhadas e obras destas pedras, exceto as da posição 6801; cubos, pastilhas e artigos semelhantes, para mosaicos, de pedra natural (incluída a ardósia), mesmo com suporte; grânulos, fragmentos e",Ucrânia,38620,25810,comexstat,2026-10-08
2025,08,6802,"Pedras de cantaria ou de construção (exceto de ardósia) trabalhadas e obras destas pedras, exceto as da posição 6801; cubos, pastilhas e artigos semelhantes, para mosaicos, de pedra natural (incluída a ardósia), mesmo com suporte; grânulos, fragmentos e",Venezuela,38513,80064,comexstat,2026-10-08
2025,01,6802,"Pedras de cantaria ou de construção (exceto de ardósia) trabalhadas e obras destas pedras, exceto as da posição 6801; cubos, pastilhas e artigos semelhantes, para mosaicos, de pedra natural (incluída a ardósia), mesmo com suporte; grânulos, fragmentos e",Eritreia,38513,21149,comexstat,2026-10-08
2025,12,6803,Ardósia natural trabalhada e obras de ardósia natural ou aglomerada,Indonésia,38470,76105,comexstat,2026-10-08
2025,04,6802,"Pedras de cantaria ou de construção (exceto de ardósia) trabalhadas e obras destas pedras, exceto as da posição 6801; cubos, pastilhas e artigos semelhantes, para mosaicos, de pedra natural (incluída a ardósia), mesmo com suporte; grânulos, fragmentos e",Guatemala,38353,52538,comexstat,2026-10-08
2025,01,6803,Ardósia natural trabalhada e obras de ardósia natural ou aglomerada,Portugal,38256,81787,comexstat,2026-10-08
2025,02,2515,"Mármores, travertinos, granitos belgas e outras pedras calcárias de cantaria ou de construção, de densidade aparente igual ou superior a 2,5, e alabastro, mesmo desbastados ou simplesmente cortados à serra ou por outro meio, em blocos ou placas de forma q",Índia,37625,101370,comexstat,2026-10-08
2025,04,6803,Ardósia natural trabalhada e obras de ardósia natural ou aglomerada,Alemanha,37479,73285,comexstat,2026-10-08
2025,11,2516,"Granito, pórfiro, basalto, arenito e outras pedras de cantaria ou de construção, mesmo desbastados ou simplesmente cortados à serra ou por outro meio, em blocos ou placas de forma quadrada ou rectangular",Argélia,37311,258480,comexstat,2026-10-08
2025,08,6803,Ardósia natural trabalhada e obras de ardósia natural ou aglomerada,Suécia,37297,70715,comexstat,2026-10-08
2025,05,6802,"Pedras de cantaria ou de construção (exceto de ardósia) trabalhadas e obras destas pedras, exceto as da posição 6801; cubos, pastilhas e artigos semelhantes, para mosaicos, de pedra natural (incluída a ardósia), mesmo com suporte; grânulos, fragmentos e",Nicarágua,37239,79331,comexstat,2026-10-08
2025,06,2516,"Granito, pórfiro, basalto, arenito e outras pedras de cantaria ou de construção, mesmo desbastados ou simplesmente cortados à serra ou por outro meio, em blocos ou placas de forma quadrada ou rectangular",Argentina,37049,181800,comexstat,2026-10-08
2025,10,2516,"Granito, pórfiro, basalto, arenito e outras pedras de cantaria ou de construção, mesmo desbastados ou simplesmente cortados à serra ou por outro meio, em blocos ou placas de forma quadrada ou rectangular",Argentina,36737,180570,comexstat,2026-10-08
2025,11,6802,"Pedras de cantaria ou de construção (exceto de ardósia) trabalhadas e obras destas pedras, exceto as da posição 6801; cubos, pastilhas e artigos semelhantes, para mosaicos, de pedra natural (incluída a ardósia), mesmo com suporte; grânulos, fragmentos e",Coveite (Kuweit),36490,50008,comexstat,2026-10-08
2025,09,6801,"Pedras para calcetar, meios-fios e placas (lajes) para pavimentação, de pedra natural (exceto a ardósia)",Alemanha,36447,134300,comexstat,2026-10-08
2025,05,6803,Ardósia natural trabalhada e obras de ardósia natural ou aglomerada,Canadá,35803,59562,comexstat,2026-10-08
2025,09,6802,"Pedras de cantaria ou de construção (exceto de ardósia) trabalhadas e obras destas pedras, exceto as da posição 6801; cubos, pastilhas e artigos semelhantes, para mosaicos, de pedra natural (incluída a ardósia), mesmo com suporte; grânulos, fragmentos e",Chile,35611,26596,comexstat,2026-10-08
2025,05,6802,"Pedras de cantaria ou de construção (exceto de ardósia) trabalhadas e obras destas pedras, exceto as da posição 6801; cubos, pastilhas e artigos semelhantes, para mosaicos, de pedra natural (incluída a ardósia), mesmo com suporte; grânulos, fragmentos e",Guiana,35593,26470,comexstat,2026-10-08
2025,03,6801,"Pedras para calcetar, meios-fios e placas (lajes) para pavimentação, de pedra natural (exceto a ardósia)",Alemanha,35403,155840,comexstat,2026-10-08
2025,03,6803,Ardósia natural trabalhada e obras de ardósia natural ou aglomerada,México,35050,67619,comexstat,2026-10-08
2025,05,6801,"Pedras para calcetar, meios-fios e placas (lajes) para pavimentação, de pedra natural (exceto a ardósia)",França,34921,159000,comexstat,2026-10-08
2025,05,6803,Ardósia natural trabalhada e obras de ardósia natural ou aglomerada,Lituânia,34778,79735,comexstat,2026-10-08
2025,04,6802,"Pedras de cantaria ou de construção (exceto de ardósia) trabalhadas e obras destas pedras, exceto as da posição 6801; cubos, pastilhas e artigos semelhantes, para mosaicos, de pedra natural (incluída a ardósia), mesmo com suporte; grânulos, fragmentos e",Nicarágua,34591,52998,comexstat,2026-10-08
2025,06,6802,"Pedras de cantaria ou de construção (exceto de ardósia) trabalhadas e obras destas pedras, exceto as da posição 6801; cubos, pastilhas e artigos semelhantes, para mosaicos, de pedra natural (incluída a ardósia), mesmo com suporte; grânulos, fragmentos e",Bolívia,34467,90229,comexstat,2026-10-08
2025,03,6802,"Pedras de cantaria ou de construção (exceto de ardósia) trabalhadas e obras destas pedras, exceto as da posição 6801; cubos, pastilhas e artigos semelhantes, para mosaicos, de pedra natural (incluída a ardósia), mesmo com suporte; grânulos, fragmentos e",Coreia do Sul,34464,26580,comexstat,2026-10-08
2025,10,6801,"Pedras para calcetar, meios-fios e placas (lajes) para pavimentação, de pedra natural (exceto a ardósia)",França,34403,133230,comexstat,2026-10-08
2025,01,6802,"Pedras de cantaria ou de construção (exceto de ardósia) trabalhadas e obras destas pedras, exceto as da posição 6801; cubos, pastilhas e artigos semelhantes, para mosaicos, de pedra natural (incluída a ardósia), mesmo com suporte; grânulos, fragmentos e",Cabo Verde,34299,106350,comexstat,2026-10-08
2025,08,6803,Ardósia natural trabalhada e obras de ardósia natural ou aglomerada,Países Baixos (Holanda),34282,53076,comexstat,2026-10-08
2025,03,6803,Ardósia natural trabalhada e obras de ardósia natural ou aglomerada,Lituânia,34065,77550,comexstat,2026-10-08
2025,10,6802,"Pedras de cantaria ou de construção (exceto de ardósia) trabalhadas e obras destas pedras, exceto as da posição 6801; cubos, pastilhas e artigos semelhantes, para mosaicos, de pedra natural (incluída a ardósia), mesmo com suporte; grânulos, fragmentos e",Coreia do Sul,33957,23009,comexstat,2026-10-08
2025,10,6802,"Pedras de cantaria ou de construção (exceto de ardósia) trabalhadas e obras destas pedras, exceto as da posição 6801; cubos, pastilhas e artigos semelhantes, para mosaicos, de pedra natural (incluída a ardósia), mesmo com suporte; grânulos, fragmentos e",Chile,33570,70493,comexstat,2026-10-08
2025,06,6802,"Pedras de cantaria ou de construção (exceto de ardósia) trabalhadas e obras destas pedras, exceto as da posição 6801; cubos, pastilhas e artigos semelhantes, para mosaicos, de pedra natural (incluída a ardósia), mesmo com suporte; grânulos, fragmentos e",Coreia do Sul,33535,24602,comexstat,2026-10-08
2025,11,6803,Ardósia natural trabalhada e obras de ardósia natural ou aglomerada,Turquia,33440,52000,comexstat,2026-10-08
2025,04,6802,"Pedras de cantaria ou de construção (exceto de ardósia) trabalhadas e obras destas pedras, exceto as da posição 6801; cubos, pastilhas e artigos semelhantes, para mosaicos, de pedra natural (incluída a ardósia), mesmo com suporte; grânulos, fragmentos e",Suíça,33365,25800,comexstat,2026-10-08
2025,01,6802,"Pedras de cantaria ou de construção (exceto de ardósia) trabalhadas e obras destas pedras, exceto as da posição 6801; cubos, pastilhas e artigos semelhantes, para mosaicos, de pedra natural (incluída a ardósia), mesmo com suporte; grânulos, fragmentos e",Coreia do Sul,33319,52814,comexstat,2026-10-08
2025,09,6801,"Pedras para calcetar, meios-fios e placas (lajes) para pavimentação, de pedra natural (exceto a ardósia)",Países Baixos (Holanda),33311,130990,comexstat,2026-10-08
2025,05,2516,"Granito, pórfiro, basalto, arenito e outras pedras de cantaria ou de construção, mesmo desbastados ou simplesmente cortados à serra ou por outro meio, em blocos ou placas de forma quadrada ou rectangular",Belize,33071,193290,comexstat,2026-10-08
2025,12,6801,"Pedras para calcetar, meios-fios e placas (lajes) para pavimentação, de pedra natural (exceto a ardósia)",Alemanha,33051,153090,comexstat,2026-10-08
2025,02,6802,"Pedras de cantaria ou de construção (exceto de ardósia) trabalhadas e obras destas pedras, exceto as da posição 6801; cubos, pastilhas e artigos semelhantes, para mosaicos, de pedra natural (incluída a ardósia), mesmo com suporte; grânulos, fragmentos e",Guiana,32908,25550,comexstat,2026-10-08
2025,12,6802,"Pedras de cantaria ou de construção (exceto de ardósia) trabalhadas e obras destas pedras, exceto as da posição 6801; cubos, pastilhas e artigos semelhantes, para mosaicos, de pedra natural (incluída a ardósia), mesmo com suporte; grânulos, fragmentos e",Honduras,32886,38458,comexstat,2026-10-08
2025,08,6802,"Pedras de cantaria ou de construção (exceto de ardósia) trabalhadas e obras destas pedras, exceto as da posição 6801; cubos, pastilhas e artigos semelhantes, para mosaicos, de pedra natural (incluída a ardósia), mesmo com suporte; grânulos, fragmentos e",São Vicente e Granadinas,32653,51955,comexstat,2026-10-08
2025,02,6802,"Pedras de cantaria ou de construção (exceto de ardósia) trabalhadas e obras destas pedras, exceto as da posição 6801; cubos, pastilhas e artigos semelhantes, para mosaicos, de pedra natural (incluída a ardósia), mesmo com suporte; grânulos, fragmentos e",Armênia,32639,26590,comexstat,2026-10-08
2025,02,6802,"Pedras de cantaria ou de construção (exceto de ardósia) trabalhadas e obras destas pedras, exceto as da posição 6801; cubos, pastilhas e artigos semelhantes, para mosaicos, de pedra natural (incluída a ardósia), mesmo com suporte; grânulos, fragmentos e",Gana,32614,25650,comexstat,2026-10-08
2025,07,6801,"Pedras para calcetar, meios-fios e placas (lajes) para pavimentação, de pedra natural (exceto a ardósia)",Alemanha,32452,163830,comexstat,2026-10-08
2025,03,6803,Ardósia natural trabalhada e obras de ardósia natural ou aglomerada,Austrália,32390,43356,comexstat,2026-10-08
2025,03,6802,"Pedras de cantaria ou de construção (exceto de ardósia) trabalhadas e obras destas pedras, exceto as da posição 6801; cubos, pastilhas e artigos semelhantes, para mosaicos, de pedra natural (incluída a ardósia), mesmo com suporte; grânulos, fragmentos e",Suécia,32382,24112,comexstat,2026-10-08
2025,09,6802,"Pedras de cantaria ou de construção (exceto de ardósia) trabalhadas e obras destas pedras, exceto as da posição 6801; cubos, pastilhas e artigos semelhantes, para mosaicos, de pedra natural (incluída a ardósia), mesmo com suporte; grânulos, fragmentos e",Hong Kong,32361,52710,comexstat,2026-10-08
2025,05,6803,Ardósia natural trabalhada e obras de ardósia natural ou aglomerada,Dinamarca,32265,48702,comexstat,2026-10-08
2025,11,6802,"Pedras de cantaria ou de construção (exceto de ardósia) trabalhadas e obras destas pedras, exceto as da posição 6801; cubos, pastilhas e artigos semelhantes, para mosaicos, de pedra natural (incluída a ardósia), mesmo com suporte; grânulos, fragmentos e",Áustria,32242,54537,comexstat,2026-10-08
2025,03,6801,"Pedras para calcetar, meios-fios e placas (lajes) para pavimentação, de pedra natural (exceto a ardósia)",Itália,32220,159000,comexstat,2026-10-08
2025,11,6802,"Pedras de cantaria ou de construção (exceto de ardósia) trabalhadas e obras destas pedras, exceto as da posição 6801; cubos, pastilhas e artigos semelhantes, para mosaicos, de pedra natural (incluída a ardósia), mesmo com suporte; grânulos, fragmentos e",Grécia,31982,24440,comexstat,2026-10-08
2025,11,6803,Ardósia natural trabalhada e obras de ardósia natural ou aglomerada,Países Baixos (Holanda),31946,53256,comexstat,2026-10-08
2025,07,6801,"Pedras para calcetar, meios-fios e placas (lajes) para pavimentação, de pedra natural (exceto a ardósia)",Países Baixos (Holanda),31898,129825,comexstat,2026-10-08
2025,06,6803,Ardósia natural trabalhada e obras de ardósia natural ou aglomerada,Bélgica,31697,55898,comexstat,2026-10-08
2025,11,6803,Ardósia natural trabalhada e obras de ardósia natural ou aglomerada,Uruguai,31625,87367,comexstat,2026-10-08
2025,12,6803,Ardósia natural trabalhada e obras de ardósia natural ou aglomerada,Dinamarca,31447,49772,comexstat,2026-10-08
2025,05,6802,"Pedras de cantaria ou de construção (exceto de ardósia) trabalhadas e obras destas pedras, exceto as da posição 6801; cubos, pastilhas e artigos semelhantes, para mosaicos, de pedra natural (incluída a ardósia), mesmo com suporte; grânulos, fragmentos e",Coreia do Sul,31299,23490,comexstat,2026-10-08
2025,06,6802,"Pedras de cantaria ou de construção (exceto de ardósia) trabalhadas e obras destas pedras, exceto as da posição 6801; cubos, pastilhas e artigos semelhantes, para mosaicos, de pedra natural (incluída a ardósia), mesmo com suporte; grânulos, fragmentos e",Guiné Equatorial,31256,51332,comexstat,2026-10-08
2025,12,6803,Ardósia natural trabalhada e obras de ardósia natural ou aglomerada,Lituânia,31194,51462,comexstat,2026-10-08
2025,09,2515,"Mármores, travertinos, granitos belgas e outras pedras calcárias de cantaria ou de construção, de densidade aparente igual ou superior a 2,5, e alabastro, mesmo desbastados ou simplesmente cortados à serra ou por outro meio, em blocos ou placas de forma q",Estados Unidos,31176,113017,comexstat,2026-10-08
2025,04,6803,Ardósia natural trabalhada e obras de ardósia natural ou aglomerada,Colômbia,31156,50108,comexstat,2026-10-08
2025,05,6801,"Pedras para calcetar, meios-fios e placas (lajes) para pavimentação, de pedra natural (exceto a ardósia)",Espanha,31070,104900,comexstat,2026-10-08
2025,05,6802,"Pedras de cantaria ou de construção (exceto de ardósia) trabalhadas e obras destas pedras, exceto as da posição 6801; cubos, pastilhas e artigos semelhantes, para mosaicos, de pedra natural (incluída a ardósia), mesmo com suporte; grânulos, fragmentos e",Áustria,31042,54747,comexstat,2026-10-08
2025,11,6802,"Pedras de cantaria ou de construção (exceto de ardósia) trabalhadas e obras destas pedras, exceto as da posição 6801; cubos, pastilhas e artigos semelhantes, para mosaicos, de pedra natural (incluída a ardósia), mesmo com suporte; grânulos, fragmentos e","Norfolk, Ilha",30936,26010,comexstat,2026-10-08
2025,03,2515,"Mármores, travertinos, granitos belgas e outras pedras calcárias de cantaria ou de construção, de densidade aparente igual ou superior a 2,5, e alabastro, mesmo desbastados ou simplesmente cortados à serra ou por outro meio, em blocos ou placas de forma q",Argélia,30819,237075,comexstat,2026-10-08
2025,08,2515,"Mármores, travertinos, granitos belgas e outras pedras calcárias de cantaria ou de construção, de densidade aparente igual ou superior a 2,5, e alabastro, mesmo desbastados ou simplesmente cortados à serra ou por outro meio, em blocos ou placas de forma q",Austrália,30803,7088,comexstat,2026-10-08
2025,07,6803,Ardósia natural trabalhada e obras de ardósia natural ou aglomerada,África do Sul,30798,52134,comexstat,2026-10-08
2025,07,6802,"Pedras de cantaria ou de construção (exceto de ardósia) trabalhadas e obras destas pedras, exceto as da posição 6801; cubos, pastilhas e artigos semelhantes, para mosaicos, de pedra natural (incluída a ardósia), mesmo com suporte; grânulos, fragmentos e",Albânia,30647,26616,comexstat,2026-10-08
2025,06,2515,"Mármores, travertinos, granitos belgas e outras pedras calcárias de cantaria ou de construção, de densidade aparente igual ou superior a 2,5, e alabastro, mesmo desbastados ou simplesmente cortados à serra ou por outro meio, em blocos ou placas de forma q",Indonésia,30401,76168,comexstat,2026-10-08
2025,09,6803,Ardósia natural trabalhada e obras de ardósia natural ou aglomerada,Austrália,30397,44904,comexstat,2026-10-08
2025,05,6802,"Pedras de cantaria ou de construção (exceto de ardósia) trabalhadas e obras destas pedras, exceto as da posição 6801; cubos, pastilhas e artigos semelhantes, para mosaicos, de pedra natural (incluída a ardósia), mesmo com suporte; grânulos, fragmentos e",Trinidad e Tobago,30200,52306,comexstat,2026-10-08
2025,08,6803,Ardósia natural trabalhada e obras de ardósia natural ou aglomerada,Dinamarca,30150,48195,comexstat,2026-10-08
2025,07,6801,"Pedras para calcetar, meios-fios e placas (lajes) para pavimentação, de pedra natural (exceto a ardósia)",Japão,30086,124130,comexstat,2026-10-08
2025,07,2514,"Ardósia, mesmo desbastada ou simplesmente cortada a serra ou por outro meio, em blocos ou placas de forma quadrada ou retangular",Estados Unidos,30000,100000,comexstat,2026-10-08
2025,10,6802,"Pedras de cantaria ou de construção (exceto de ardósia) trabalhadas e obras destas pedras, exceto as da posição 6801; cubos, pastilhas e artigos semelhantes, para mosaicos, de pedra natural (incluída a ardósia), mesmo com suporte; grânulos, fragmentos e",Porto Rico,29996,23580,comexstat,2026-10-08
2025,06,6802,"Pedras de cantaria ou de construção (exceto de ardósia) trabalhadas e obras destas pedras, exceto as da posição 6801; cubos, pastilhas e artigos semelhantes, para mosaicos, de pedra natural (incluída a ardósia), mesmo com suporte; grânulos, fragmentos e",Letônia,29858,105029,comexstat,2026-10-08
2025,03,6802,"Pedras de cantaria ou de construção (exceto de ardósia) trabalhadas e obras destas pedras, exceto as da posição 6801; cubos, pastilhas e artigos semelhantes, para mosaicos, de pedra natural (incluída a ardósia), mesmo com suporte; grânulos, fragmentos e",Líbano,29753,210125,comexstat,2026-10-08
2025,04,6802,"Pedras de cantaria ou de construção (exceto de ardósia) trabalhadas e obras destas pedras, exceto as da posição 6801; cubos, pastilhas e artigos semelhantes, para mosaicos, de pedra natural (incluída a ardósia), mesmo com suporte; grânulos, fragmentos e",Coreia do Sul,29699,23644,comexstat,2026-10-08
2025,05,2516,"Granito, pórfiro, basalto, arenito e outras pedras de cantaria ou de construção, mesmo desbastados ou simplesmente cortados à serra ou por outro meio, em blocos ou placas de forma quadrada ou rectangular",Bélgica,29562,78650,comexstat,2026-10-08
2025,09,2515,"Mármores, travertinos, granitos belgas e outras pedras calcárias de cantaria ou de construção, de densidade aparente igual ou superior a 2,5, e alabastro, mesmo desbastados ou simplesmente cortados à serra ou por outro meio, em blocos ou placas de forma q",Índia,29479,115739,comexstat,2026-10-08
2025,05,2515,"Mármores, travertinos, granitos belgas e outras pedras calcárias de cantaria ou de construção, de densidade aparente igual ou superior a 2,5, e alabastro, mesmo desbastados ou simplesmente cortados à serra ou por outro meio, em blocos ou placas de forma q",Estados Unidos,29464,29635,comexstat,2026-10-08
2025,12,6803,Ardósia natural trabalhada e obras de ardósia natural ou aglomerada,México,29430,45119,comexstat,2026-10-08
2025,05,6803,Ardósia natural trabalhada e obras de ardósia natural ou aglomerada,Rússia,29375,51028,comexstat,2026-10-08
2025,02,6802,"Pedras de cantaria ou de construção (exceto de ardósia) trabalhadas e obras destas pedras, exceto as da posição 6801; cubos, pastilhas e artigos semelhantes, para mosaicos, de pedra natural (incluída a ardósia), mesmo com suporte; grânulos, fragmentos e",Nicarágua,29296,51021,comexstat,2026-10-08
2025,08,6802,"Pedras de cantaria ou de construção (exceto de ardósia) trabalhadas e obras destas pedras, exceto as da posição 6801; cubos, pastilhas e artigos semelhantes, para mosaicos, de pedra natural (incluída a ardósia), mesmo com suporte; grânulos, fragmentos e",Coveite (Kuweit),29290,54643,comexstat,2026-10-08
2025,05,6802,"Pedras de cantaria ou de construção (exceto de ardósia) trabalhadas e obras destas pedras, exceto as da posição 6801; cubos, pastilhas e artigos semelhantes, para mosaicos, de pedra natural (incluída a ardósia), mesmo com suporte; grânulos, fragmentos e",Romênia,28957,24929,comexstat,2026-10-08
2025,05,6802,"Pedras de cantaria ou de construção (exceto de ardósia) trabalhadas e obras destas pedras, exceto as da posição 6801; cubos, pastilhas e artigos semelhantes, para mosaicos, de pedra natural (incluída a ardósia), mesmo com suporte; grânulos, fragmentos e",Venezuela,28828,52639,comexstat,2026-10-08
2025,08,6803,Ardósia natural trabalhada e obras de ardósia natural ou aglomerada,Lituânia,28780,52920,comexstat,2026-10-08
2025,03,2516,"Granito, pórfiro, basalto, arenito e outras pedras de cantaria ou de construção, mesmo desbastados ou simplesmente cortados à serra ou por outro meio, em blocos ou placas de forma quadrada ou rectangular",Índia,28767,73180,comexstat,2026-10-08
2025,01,6803,Ardósia natural trabalhada e obras de ardósia natural ou aglomerada,Colômbia,28766,51165,comexstat,2026-10-08
2025,11,6802,"Pedras de cantaria ou de construção (exceto de ardósia) trabalhadas e obras destas pedras, exceto as da posição 6801; cubos, pastilhas e artigos semelhantes, para mosaicos, de pedra natural (incluída a ardósia), mesmo com suporte; grânulos, fragmentos e",Moçambique,28744,16860,comexstat,2026-10-08
2025,12,6802,"Pedras de cantaria ou de construção (exceto de ardósia) trabalhadas e obras destas pedras, exceto as da posição 6801; cubos, pastilhas e artigos semelhantes, para mosaicos, de pedra natural (incluída a ardósia), mesmo com suporte; grânulos, fragmentos e",Liechtenstein,28731,13331,comexstat,2026-10-08
2025,09,6802,"Pedras de cantaria ou de construção (exceto de ardósia) trabalhadas e obras destas pedras, exceto as da posição 6801; cubos, pastilhas e artigos semelhantes, para mosaicos, de pedra natural (incluída a ardósia), mesmo com suporte; grânulos, fragmentos e",Nicarágua,28718,26530,comexstat,2026-10-08
2025,04,6802,"Pedras de cantaria ou de construção (exceto de ardósia) trabalhadas e obras destas pedras, exceto as da posição 6801; cubos, pastilhas e artigos semelhantes, para mosaicos, de pedra natural (incluída a ardósia), mesmo com suporte; grânulos, fragmentos e",Cabo Verde,28701,79746,comexstat,2026-10-08
2025,05,6802,"Pedras de cantaria ou de construção (exceto de ardósia) trabalhadas e obras destas pedras, exceto as da posição 6801; cubos, pastilhas e artigos semelhantes, para mosaicos, de pedra natural (incluída a ardósia), mesmo com suporte; grânulos, fragmentos e",Arábia Saudita,28465,79597,comexstat,2026-10-08
2025,05,6801,"Pedras para calcetar, meios-fios e placas (lajes) para pavimentação, de pedra natural (exceto a ardósia)",Alemanha,28438,119400,comexstat,2026-10-08
2025,01,6801,"Pedras para calcetar, meios-fios e placas (lajes) para pavimentação, de pedra natural (exceto a ardósia)",França,28437,134010,comexstat,2026-10-08
2025,05,6803,Ardósia natural trabalhada e obras de ardósia natural ou aglomerada,República Dominicana,28329,42415,comexstat,2026-10-08
2025,04,2515,"Mármores, travertinos, granitos belgas e outras pedras calcárias de cantaria ou de construção, de densidade aparente igual ou superior a 2,5, e alabastro, mesmo desbastados ou simplesmente cortados à serra ou por outro meio, em blocos ou placas de forma q",Estados Unidos,28157,928,comexstat,2026-10-08
2025,05,6803,Ardósia natural trabalhada e obras de ardósia natural ou aglomerada,Bélgica,28047,53010,comexstat,2026-10-08
2025,10,6802,"Pedras de cantaria ou de construção (exceto de ardósia) trabalhadas e obras destas pedras, exceto as da posição 6801; cubos, pastilhas e artigos semelhantes, para mosaicos, de pedra natural (incluída a ardósia), mesmo com suporte; grânulos, fragmentos e",Bahamas,28038,26598,comexstat,2026-10-08
2025,12,6802,"Pedras de cantaria ou de construção (exceto de ardósia) trabalhadas e obras destas pedras, exceto as da posição 6801; cubos, pastilhas e artigos semelhantes, para mosaicos, de pedra natural (incluída a ardósia), mesmo com suporte; grânulos, fragmentos e",Iraque,27968,79994,comexstat,2026-10-08
2025,07,6801,"Pedras para calcetar, meios-fios e placas (lajes) para pavimentação, de pedra natural (exceto a ardósia)",Itália,27783,130765,comexstat,2026-10-08
2025,12,6802,"Pedras de cantaria ou de construção (exceto de ardósia) trabalhadas e obras destas pedras, exceto as da posição 6801; cubos, pastilhas e artigos semelhantes, para mosaicos, de pedra natural (incluída a ardósia), mesmo com suporte; grânulos, fragmentos e",Coreia do Sul,27783,22510,comexstat,2026-10-08
2025,09,6803,Ardósia natural trabalhada e obras de ardósia natural ou aglomerada,Itália,27708,55353,comexstat,2026-10-08
2025,02,6803,Ardósia natural trabalhada e obras de ardósia natural ou aglomerada,Bélgica,27657,52460,comexstat,2026-10-08
2025,12,6802,"Pedras de cantaria ou de construção (exceto de ardósia) trabalhadas e obras destas pedras, exceto as da posição 6801; cubos, pastilhas e artigos semelhantes, para mosaicos, de pedra natural (incluída a ardósia), mesmo com suporte; grânulos, fragmentos e",Guatemala,27639,51854,comexstat,2026-10-08
2025,06,2515,"Mármores, travertinos, granitos belgas e outras pedras calcárias de cantaria ou de construção, de densidade aparente igual ou superior a 2,5, e alabastro, mesmo desbastados ou simplesmente cortados à serra ou por outro meio, em blocos ou placas de forma q",Hong Kong,27517,39310,comexstat,2026-10-08
2025,10,2516,"Granito, pórfiro, basalto, arenito e outras pedras de cantaria ou de construção, mesmo desbastados ou simplesmente cortados à serra ou por outro meio, em blocos ou placas de forma quadrada ou rectangular",Argélia,27386,77800,comexstat,2026-10-08
2025,04,6802,"Pedras de cantaria ou de construção (exceto de ardósia) trabalhadas e obras destas pedras, exceto as da posição 6801; cubos, pastilhas e artigos semelhantes, para mosaicos, de pedra natural (incluída a ardósia), mesmo com suporte; grânulos, fragmentos e","Tcheca, República",27339,24420,comexstat,2026-10-08
2025,09,6803,Ardósia natural trabalhada e obras de ardósia natural ou aglomerada,Suécia,27261,46980,comexstat,2026-10-08
2025,07,6803,Ardósia natural trabalhada e obras de ardósia natural ou aglomerada,China,27075,77566,comexstat,2026-10-08
2025,01,6803,Ardósia natural trabalhada e obras de ardósia natural ou aglomerada,Canadá,27015,43542,comexstat,2026-10-08
2025,01,6802,"Pedras de cantaria ou de construção (exceto de ardósia) trabalhadas e obras destas pedras, exceto as da posição 6801; cubos, pastilhas e artigos semelhantes, para mosaicos, de pedra natural (incluída a ardósia), mesmo com suporte; grânulos, fragmentos e",Egito,26986,52342,comexstat,2026-10-08
2025,08,2516,"Granito, pórfiro, basalto, arenito e outras pedras de cantaria ou de construção, mesmo desbastados ou simplesmente cortados à serra ou por outro meio, em blocos ou placas de forma quadrada ou rectangular",Bélgica,26911,77150,comexstat,2026-10-08
2025,12,2515,"Mármores, travertinos, granitos belgas e outras pedras calcárias de cantaria ou de construção, de densidade aparente igual ou superior a 2,5, e alabastro, mesmo desbastados ou simplesmente cortados à serra ou por outro meio, em blocos ou placas de forma q",Arábia Saudita,26910,53820,comexstat,2026-10-08
2025,04,6802,"Pedras de cantaria ou de construção (exceto de ardósia) trabalhadas e obras destas pedras, exceto as da posição 6801; cubos, pastilhas e artigos semelhantes, para mosaicos, de pedra natural (incluída a ardósia), mesmo com suporte; grânulos, fragmentos e",Porto Rico,26772,24638,comexstat,2026-10-08
2025,11,6801,"Pedras para calcetar, meios-fios e placas (lajes) para pavimentação, de pedra natural (exceto a ardósia)",Espanha,26750,78600,comexstat,2026-10-08
2025,06,6802,"Pedras de cantaria ou de construção (exceto de ardósia) trabalhadas e obras destas pedras, exceto as da posição 6801; cubos, pastilhas e artigos semelhantes, para mosaicos, de pedra natural (incluída a ardósia), mesmo com suporte; grânulos, fragmentos e",Líbia,26665,190617,comexstat,2026-10-08
2025,06,6802,"Pedras de cantaria ou de construção (exceto de ardósia) trabalhadas e obras destas pedras, exceto as da posição 6801; cubos, pastilhas e artigos semelhantes, para mosaicos, de pedra natural (incluída a ardósia), mesmo com suporte; grânulos, fragmentos e",Barbados,26609,23959,comexstat,2026-10-08
2025,04,6803,Ardósia natural trabalhada e obras de ardósia natural ou aglomerada,Suécia,26599,46980,comexstat,2026-10-08
2025,05,6802,"Pedras de cantaria ou de construção (exceto de ardósia) trabalhadas e obras destas pedras, exceto as da posição 6801; cubos, pastilhas e artigos semelhantes, para mosaicos, de pedra natural (incluída a ardósia), mesmo com suporte; grânulos, fragmentos e",Geórgia,26499,26584,comexstat,2026-10-08
2025,02,6803,Ardósia natural trabalhada e obras de ardósia natural ou aglomerada,Colômbia,26476,53394,comexstat,2026-10-08
2025,06,2514,"Ardósia, mesmo desbastada ou simplesmente cortada a serra ou por outro meio, em blocos ou placas de forma quadrada ou retangular",Reino Unido,26476,50535,comexstat,2026-10-08
2025,10,2516,"Granito, pórfiro, basalto, arenito e outras pedras de cantaria ou de construção, mesmo desbastados ou simplesmente cortados à serra ou por outro meio, em blocos ou placas de forma quadrada ou rectangular",Estados Unidos,26456,107490,comexstat,2026-10-08
2025,12,2516,"Granito, pórfiro, basalto, arenito e outras pedras de cantaria ou de construção, mesmo desbastados ou simplesmente cortados à serra ou por outro meio, em blocos ou placas de forma quadrada ou rectangular",Argélia,26404,211314,comexstat,2026-10-08
2025,02,6803,Ardósia natural trabalhada e obras de ardósia natural ou aglomerada,Lituânia,26313,51384,comexstat,2026-10-08
2025,10,6803,Ardósia natural trabalhada e obras de ardósia natural ou aglomerada,China,26270,77532,comexstat,2026-10-08
2025,05,2516,"Granito, pórfiro, basalto, arenito e outras pedras de cantaria ou de construção, mesmo desbastados ou simplesmente cortados à serra ou por outro meio, em blocos ou placas de forma quadrada ou rectangular",Egito,26177,21720,comexstat,2026-10-08
2025,09,2516,"Granito, pórfiro, basalto, arenito e outras pedras de cantaria ou de construção, mesmo desbastados ou simplesmente cortados à serra ou por outro meio, em blocos ou placas de forma quadrada ou rectangular",França,25979,132183,comexstat,2026-10-08
2025,09,2516,"Granito, pórfiro, basalto, arenito e outras pedras de cantaria ou de construção, mesmo desbastados ou simplesmente cortados à serra ou por outro meio, em blocos ou placas de forma quadrada ou rectangular",Estados Unidos,25910,107620,comexstat,2026-10-08
2025,06,6801,"Pedras para calcetar, meios-fios e placas (lajes) para pavimentação, de pedra natural (exceto a ardósia)",Japão,25658,105680,comexstat,2026-10-08
2025,02,6802,"Pedras de cantaria ou de construção (exceto de ardósia) trabalhadas e obras destas pedras, exceto as da posição 6801; cubos, pastilhas e artigos semelhantes, para mosaicos, de pedra natural (incluída a ardósia), mesmo com suporte; grânulos, fragmentos e",Jamaica,25658,26586,comexstat,2026-10-08
2025,10,6803,Ardósia natural trabalhada e obras de ardósia natural ou aglomerada,Suécia,25403,47020,comexstat,2026-10-08
2025,08,6801,"Pedras para calcetar, meios-fios e placas (lajes) para pavimentação, de pedra natural (exceto a ardósia)",Itália,25184,105930,comexstat,2026-10-08
2025,10,6802,"Pedras de cantaria ou de construção (exceto de ardósia) trabalhadas e obras destas pedras, exceto as da posição 6801; cubos, pastilhas e artigos semelhantes, para mosaicos, de pedra natural (incluída a ardósia), mesmo com suporte; grânulos, fragmentos e",Nicarágua,25177,25601,comexstat,2026-10-08
2025,01,6801,"Pedras para calcetar, meios-fios e placas (lajes) para pavimentação, de pedra natural (exceto a ardósia)",Espanha,25114,77689,comexstat,2026-10-08
2025,02,2516,"Granito, pórfiro, basalto, arenito e outras pedras de cantaria ou de construção, mesmo desbastados ou simplesmente cortados à serra ou por outro meio, em blocos ou placas de forma quadrada ou rectangular",Chile,24984,20820,comexstat,2026-10-08
2025,03,6803,Ardósia natural trabalhada e obras de ardósia natural ou aglomerada,Portugal,24953,48077,comexstat,2026-10-08
2025,04,6803,Ardósia natural trabalhada e obras de ardósia natural ou aglomerada,Rússia,24733,26525,comexstat,2026-10-08
2025,10,6802,"Pedras de cantaria ou de construção (exceto de ardósia) trabalhadas e obras destas pedras, exceto as da posição 6801; cubos, pastilhas e artigos semelhantes, para mosaicos, de pedra natural (incluída a ardósia), mesmo com suporte; grânulos, fragmentos e",Santa Lúcia,24630,26138,comexstat,2026-10-08
2025,04,6803,Ardósia natural trabalhada e obras de ardósia natural ou aglomerada,Portugal,24502,45038,comexstat,2026-10-08
2025,02,6802,"Pedras de cantaria ou de construção (exceto de ardósia) trabalhadas e obras destas pedras, exceto as da posição 6801; cubos, pastilhas e artigos semelhantes, para mosaicos, de pedra natural (incluída a ardósia), mesmo com suporte; grânulos, fragmentos e",Senegal,24484,26472,comexstat,2026-10-08
2025,08,6803,Ardósia natural trabalhada e obras de ardósia natural ou aglomerada,Polônia,24471,35011,comexstat,2026-10-08
2025,06,6803,Ardósia natural trabalhada e obras de ardósia natural ou aglomerada,Uruguai,24456,56660,comexstat,2026-10-08
2025,12,6802,"Pedras de cantaria ou de construção (exceto de ardósia) trabalhadas e obras destas pedras, exceto as da posição 6801; cubos, pastilhas e artigos semelhantes, para mosaicos, de pedra natural (incluída a ardósia), mesmo com suporte; grânulos, fragmentos e",Congo,24364,597,comexstat,2026-10-08
2025,02,6802,"Pedras de cantaria ou de construção (exceto de ardósia) trabalhadas e obras destas pedras, exceto as da posição 6801; cubos, pastilhas e artigos semelhantes, para mosaicos, de pedra natural (incluída a ardósia), mesmo com suporte; grânulos, fragmentos e",Bulgária,24351,24997,comexstat,2026-10-08
2025,08,2515,"Mármores, travertinos, granitos belgas e outras pedras calcárias de cantaria ou de construção, de densidade aparente igual ou superior a 2,5, e alabastro, mesmo desbastados ou simplesmente cortados à serra ou por outro meio, em blocos ou placas de forma q",Índia,24339,162260,comexstat,2026-10-08
2025,02,2516,"Granito, pórfiro, basalto, arenito e outras pedras de cantaria ou de construção, mesmo desbastados ou simplesmente cortados à serra ou por outro meio, em blocos ou placas de forma quadrada ou rectangular",Turquia,24336,48670,comexstat,2026-10-08
2025,08,6801,"Pedras para calcetar, meios-fios e placas (lajes) para pavimentação, de pedra natural (exceto a ardósia)",Alemanha,24288,95405,comexstat,2026-10-08
2025,05,6802,"Pedras de cantaria ou de construção (exceto de ardósia) trabalhadas e obras destas pedras, exceto as da posição 6801; cubos, pastilhas e artigos semelhantes, para mosaicos, de pedra natural (incluída a ardósia), mesmo com suporte; grânulos, fragmentos e",Santa Lúcia,24251,26512,comexstat,2026-10-08
2025,06,6802,"Pedras de cantaria ou de construção (exceto de ardósia) trabalhadas e obras destas pedras, exceto as da posição 6801; cubos, pastilhas e artigos semelhantes, para mosaicos, de pedra natural (incluída a ardósia), mesmo com suporte; grânulos, fragmentos e",Iraque,24187,108963,comexstat,2026-10-08
2025,01,2516,"Granito, pórfiro, basalto, arenito e outras pedras de cantaria ou de construção, mesmo desbastados ou simplesmente cortados à serra ou por outro meio, em blocos ou placas de forma quadrada ou rectangular",França,24145,70240,comexstat,2026-10-08
2025,10,6802,"Pedras de cantaria ou de construção (exceto de ardósia) trabalhadas e obras destas pedras, exceto as da posição 6801; cubos, pastilhas e artigos semelhantes, para mosaicos, de pedra natural (incluída a ardósia), mesmo com suporte; grânulos, fragmentos e",África do Sul,23990,25466,comexstat,2026-10-08
2025,09,2514,"Ardósia, mesmo desbastada ou simplesmente cortada a serra ou por outro meio, em blocos ou placas de forma quadrada ou retangular",Reino Unido,23921,47514,comexstat,2026-10-08
2025,05,6802,"Pedras de cantaria ou de construção (exceto de ardósia) trabalhadas e obras destas pedras, exceto as da posição 6801; cubos, pastilhas e artigos semelhantes, para mosaicos, de pedra natural (incluída a ardósia), mesmo com suporte; grânulos, fragmentos e",Catar,23883,27208,comexstat,2026-10-08
2025,02,6802,"Pedras de cantaria ou de construção (exceto de ardósia) trabalhadas e obras destas pedras, exceto as da posição 6801; cubos, pastilhas e artigos semelhantes, para mosaicos, de pedra natural (incluída a ardósia), mesmo com suporte; grânulos, fragmentos e",Dinamarca,23804,24537,comexstat,2026-10-08
2025,01,6802,"Pedras de cantaria ou de construção (exceto de ardósia) trabalhadas e obras destas pedras, exceto as da posição 6801; cubos, pastilhas e artigos semelhantes, para mosaicos, de pedra natural (incluída a ardósia), mesmo com suporte; grânulos, fragmentos e",Bulgária,23761,53111,comexstat,2026-10-08
2025,04,6802,"Pedras de cantaria ou de construção (exceto de ardósia) trabalhadas e obras destas pedras, exceto as da posição 6801; cubos, pastilhas e artigos semelhantes, para mosaicos, de pedra natural (incluída a ardósia), mesmo com suporte; grânulos, fragmentos e",Belize,23722,26014,comexstat,2026-10-08
2025,06,6803,Ardósia natural trabalhada e obras de ardósia natural ou aglomerada,Japão,23663,39051,comexstat,2026-10-08
2025,01,2516,"Granito, pórfiro, basalto, arenito e outras pedras de cantaria ou de construção, mesmo desbastados ou simplesmente cortados à serra ou por outro meio, em blocos ou placas de forma quadrada ou rectangular",Vietnã,23511,66880,comexstat,2026-10-08
2025,09,6803,Ardósia natural trabalhada e obras de ardósia natural ou aglomerada,México,23471,44520,comexstat,2026-10-08
2025,10,6803,Ardósia natural trabalhada e obras de ardósia natural ou aglomerada,Itália,23435,44985,comexstat,2026-10-08
2025,07,6802,"Pedras de cantaria ou de construção (exceto de ardósia) trabalhadas e obras destas pedras, exceto as da posição 6801; cubos, pastilhas e artigos semelhantes, para mosaicos, de pedra natural (incluída a ardósia), mesmo com suporte; grânulos, fragmentos e",Liechtenstein,23430,26714,comexstat,2026-10-08
2025,02,6802,"Pedras de cantaria ou de construção (exceto de ardósia) trabalhadas e obras destas pedras, exceto as da posição 6801; cubos, pastilhas e artigos semelhantes, para mosaicos, de pedra natural (incluída a ardósia), mesmo com suporte; grânulos, fragmentos e",Liechtenstein,23332,27376,comexstat,2026-10-08
2025,03,6802,"Pedras de cantaria ou de construção (exceto de ardósia) trabalhadas e obras destas pedras, exceto as da posição 6801; cubos, pastilhas e artigos semelhantes, para mosaicos, de pedra natural (incluída a ardósia), mesmo com suporte; grânulos, fragmentos e",Venezuela,23308,53856,comexstat,2026-10-08
2025,04,6803,Ardósia natural trabalhada e obras de ardósia natural ou aglomerada,Trinidad e Tobago,23021,50207,comexstat,2026-10-08
2025,07,6803,Ardósia natural trabalhada e obras de ardósia natural ou aglomerada,Japão,22984,40405,comexstat,2026-10-08
2025,04,6801,"Pedras para calcetar, meios-fios e placas (lajes) para pavimentação, de pedra natural (exceto a ardósia)",França,22732,108380,comexstat,2026-10-08
2025,04,6802,"Pedras de cantaria ou de construção (exceto de ardósia) trabalhadas e obras destas pedras, exceto as da posição 6801; cubos, pastilhas e artigos semelhantes, para mosaicos, de pedra natural (incluída a ardósia), mesmo com suporte; grânulos, fragmentos e",El Salvador,22710,24135,comexstat,2026-10-08
2025,12,2514,"Ardósia, mesmo desbastada ou simplesmente cortada a serra ou por outro meio, em blocos ou placas de forma quadrada ou retangular",Reino Unido,22580,44400,comexstat,2026-10-08
2025,08,6802,"Pedras de cantaria ou de construção (exceto de ardósia) trabalhadas e obras destas pedras, exceto as da posição 6801; cubos, pastilhas e artigos semelhantes, para mosaicos, de pedra natural (incluída a ardósia), mesmo com suporte; grânulos, fragmentos e",Grécia,22544,25598,comexstat,2026-10-08
2025,11,6803,Ardósia natural trabalhada e obras de ardósia natural ou aglomerada,Canadá,22497,39963,comexstat,2026-10-08
2025,06,6801,"Pedras para calcetar, meios-fios e placas (lajes) para pavimentação, de pedra natural (exceto a ardósia)",Alemanha,22113,109870,comexstat,2026-10-08
2025,01,6802,"Pedras de cantaria ou de construção (exceto de ardósia) trabalhadas e obras destas pedras, exceto as da posição 6801; cubos, pastilhas e artigos semelhantes, para mosaicos, de pedra natural (incluída a ardósia), mesmo com suporte; grânulos, fragmentos e",Albânia,22003,51670,comexstat,2026-10-08
2025,11,6802,"Pedras de cantaria ou de construção (exceto de ardósia) trabalhadas e obras destas pedras, exceto as da posição 6801; cubos, pastilhas e artigos semelhantes, para mosaicos, de pedra natural (incluída a ardósia), mesmo com suporte; grânulos, fragmentos e",Suriname,21991,36737,comexstat,2026-10-08
2025,10,6802,"Pedras de cantaria ou de construção (exceto de ardósia) trabalhadas e obras destas pedras, exceto as da posição 6801; cubos, pastilhas e artigos semelhantes, para mosaicos, de pedra natural (incluída a ardósia), mesmo com suporte; grânulos, fragmentos e",Belize,21931,26371,comexstat,2026-10-08
2025,03,6801,"Pedras para calcetar, meios-fios e placas (lajes) para pavimentação, de pedra natural (exceto a ardósia)",Japão,21848,82720,comexstat,2026-10-08
2025,08,6802,"Pedras de cantaria ou de construção (exceto de ardósia) trabalhadas e obras destas pedras, exceto as da posição 6801; cubos, pastilhas e artigos semelhantes, para mosaicos, de pedra natural (incluída a ardósia), mesmo com suporte; grânulos, fragmentos e",Áustria,21797,29505,comexstat,2026-10-08
2025,06,6803,Ardósia natural trabalhada e obras de ardósia natural ou aglomerada,Portugal,21786,27776,comexstat,2026-10-08
2025,05,2515,"Mármores, travertinos, granitos belgas e outras pedras calcárias de cantaria ou de construção, de densidade aparente igual ou superior a 2,5, e alabastro, mesmo desbastados ou simplesmente cortados à serra ou por outro meio, em blocos ou placas de forma q",Turquia,21768,72560,comexstat,2026-10-08
2025,09,2514,"Ardósia, mesmo desbastada ou simplesmente cortada a serra ou por outro meio, em blocos ou placas de forma quadrada ou retangular",Espanha,21728,49213,comexstat,2026-10-08
2025,01,6802,"Pedras de cantaria ou de construção (exceto de ardósia) trabalhadas e obras destas pedras, exceto as da posição 6801; cubos, pastilhas e artigos semelhantes, para mosaicos, de pedra natural (incluída a ardósia), mesmo com suporte; grânulos, fragmentos e",El Salvador,21688,51788,comexstat,2026-10-08
2025,05,2515,"Mármores, travertinos, granitos belgas e outras pedras calcárias de cantaria ou de construção, de densidade aparente igual ou superior a 2,5, e alabastro, mesmo desbastados ou simplesmente cortados à serra ou por outro meio, em blocos ou placas de forma q",Índia,21654,83212,comexstat,2026-10-08
2025,06,6801,"Pedras para calcetar, meios-fios e placas (lajes) para pavimentação, de pedra natural (exceto a ardósia)",Bélgica,21608,53645,comexstat,2026-10-08
2025,11,6802,"Pedras de cantaria ou de construção (exceto de ardósia) trabalhadas e obras destas pedras, exceto as da posição 6801; cubos, pastilhas e artigos semelhantes, para mosaicos, de pedra natural (incluída a ardósia), mesmo com suporte; grânulos, fragmentos e",Guiné Equatorial,21538,26458,comexstat,2026-10-08
2025,05,6801,"Pedras para calcetar, meios-fios e placas (lajes) para pavimentação, de pedra natural (exceto a ardósia)",Itália,21523,106360,comexstat,2026-10-08
2025,06,6803,Ardósia natural trabalhada e obras de ardósia natural ou aglomerada,Canadá,21443,45638,comexstat,2026-10-08
2025,10,6802,"Pedras de cantaria ou de construção (exceto de ardósia) trabalhadas e obras destas pedras, exceto as da posição 6801; cubos, pastilhas e artigos semelhantes, para mosaicos, de pedra natural (incluída a ardósia), mesmo com suporte; grânulos, fragmentos e",Hong Kong,21277,39298,comexstat,2026-10-08
2025,11,6802,"Pedras de cantaria ou de construção (exceto de ardósia) trabalhadas e obras destas pedras, exceto as da posição 6801; cubos, pastilhas e artigos semelhantes, para mosaicos, de pedra natural (incluída a ardósia), mesmo com suporte; grânulos, fragmentos e",El Salvador,21170,25894,comexstat,2026-10-08
2025,10,2516,"Granito, pórfiro, basalto, arenito e outras pedras de cantaria ou de construção, mesmo desbastados ou simplesmente cortados à serra ou por outro meio, em blocos ou placas de forma quadrada ou rectangular",Síria,21141,76460,comexstat,2026-10-08
2025,07,2516,"Granito, pórfiro, basalto, arenito e outras pedras de cantaria ou de construção, mesmo desbastados ou simplesmente cortados à serra ou por outro meio, em blocos ou placas de forma quadrada ou rectangular",Bélgica,21112,51740,comexstat,2026-10-08
2025,06,6801,"Pedras para calcetar, meios-fios e placas (lajes) para pavimentação, de pedra natural (exceto a ardósia)",Espanha,21029,77201,comexstat,2026-10-08
2025,11,6803,Ardósia natural trabalhada e obras de ardósia natural ou aglomerada,China,21000,51600,comexstat,2026-10-08
2025,06,6802,"Pedras de cantaria ou de construção (exceto de ardósia) trabalhadas e obras destas pedras, exceto as da posição 6801; cubos, pastilhas e artigos semelhantes, para mosaicos, de pedra natural (incluída a ardósia), mesmo com suporte; grânulos, fragmentos e",Bulgária,20738,52460,comexstat,2026-10-08
2025,07,6803,Ardósia natural trabalhada e obras de ardósia natural ou aglomerada,Rússia,20666,26420,comexstat,2026-10-08
2025,09,6803,Ardósia natural trabalhada e obras de ardósia natural ou aglomerada,Dinamarca,20596,26630,comexstat,2026-10-08
2025,02,6803,Ardósia natural trabalhada e obras de ardósia natural ou aglomerada,Uruguai,20531,52288,comexstat,2026-10-08
2025,11,6802,"Pedras de cantaria ou de construção (exceto de ardósia) trabalhadas e obras destas pedras, exceto as da posição 6801; cubos, pastilhas e artigos semelhantes, para mosaicos, de pedra natural (incluída a ardósia), mesmo com suporte; grânulos, fragmentos e",Irlanda,20191,23488,comexstat,2026-10-08
2025,02,6801,"Pedras para calcetar, meios-fios e placas (lajes) para pavimentação, de pedra natural (exceto a ardósia)",França,20122,106800,comexstat,2026-10-08
2025,11,2515,"Mármores, travertinos, granitos belgas e outras pedras calcárias de cantaria ou de construção, de densidade aparente igual ou superior a 2,5, e alabastro, mesmo desbastados ou simplesmente cortados à serra ou por outro meio, em blocos ou placas de forma q",Portugal,20117,53370,comexstat,2026-10-08
2025,03,6801,"Pedras para calcetar, meios-fios e placas (lajes) para pavimentação, de pedra natural (exceto a ardósia)",Espanha,20114,78131,comexstat,2026-10-08
2025,01,6802,"Pedras de cantaria ou de construção (exceto de ardósia) trabalhadas e obras destas pedras, exceto as da posição 6801; cubos, pastilhas e artigos semelhantes, para mosaicos, de pedra natural (incluída a ardósia), mesmo com suporte; grânulos, fragmentos e",Bahamas,20082,26360,comexstat,2026-10-08
2025,03,2514,"Ardósia, mesmo desbastada ou simplesmente cortada a serra ou por outro meio, em blocos ou placas de forma quadrada ou retangular",Reino Unido,19884,33438,comexstat,2026-10-08
2025,07,6803,Ardósia natural trabalhada e obras de ardósia natural ou aglomerada,Países Baixos (Holanda),19752,26764,comexstat,2026-10-08
2025,12,2516,"Granito, pórfiro, basalto, arenito e outras pedras de cantaria ou de construção, mesmo desbastados ou simplesmente cortados à serra ou por outro meio, em blocos ou placas de forma quadrada ou rectangular",Trinidad e Tobago,19750,15555,comexstat,2026-10-08
2025,03,2516,"Granito, pórfiro, basalto, arenito e outras pedras de cantaria ou de construção, mesmo desbastados ou simplesmente cortados à serra ou por outro meio, em blocos ou placas de forma quadrada ou rectangular",Estados Unidos,19541,125957,comexstat,2026-10-08
2025,01,6801,"Pedras para calcetar, meios-fios e placas (lajes) para pavimentação, de pedra natural (exceto a ardósia)",Países Baixos (Holanda),19444,127860,comexstat,2026-10-08
2025,06,6802,"Pedras de cantaria ou de construção (exceto de ardósia) trabalhadas e obras destas pedras, exceto as da posição 6801; cubos, pastilhas e artigos semelhantes, para mosaicos, de pedra natural (incluída a ardósia), mesmo com suporte; grânulos, fragmentos e",Grécia,19402,79232,comexstat,2026-10-08
2025,03,6803,Ardósia natural trabalhada e obras de ardósia natural ou aglomerada,Eslovênia,19398,44809,comexstat,2026-10-08
2025,12,2514,"Ardósia, mesmo desbastada ou simplesmente cortada a serra ou por outro meio, em blocos ou placas de forma quadrada ou retangular",Espanha,19356,23224,comexstat,2026-10-08
2025,12,6802,"Pedras de cantaria ou de construção (exceto de ardósia) trabalhadas e obras destas pedras, exceto as da posição 6801; cubos, pastilhas e artigos semelhantes, para mosaicos, de pedra natural (incluída a ardósia), mesmo com suporte; grânulos, fragmentos e",Gana,19269,24616,comexstat,2026-10-08
2025,07,2514,"Ardósia, mesmo desbastada ou simplesmente cortada a serra ou por outro meio, em blocos ou placas de forma quadrada ou retangular",Lituânia,19253,49605,comexstat,2026-10-08
2025,05,6803,Ardósia natural trabalhada e obras de ardósia natural ou aglomerada,Coreia do Sul,19200,23339,comexstat,2026-10-08
2025,08,6803,Ardósia natural trabalhada e obras de ardósia natural ou aglomerada,Coreia do Sul,19200,23335,comexstat,2026-10-08
2025,10,6801,"Pedras para calcetar, meios-fios e placas (lajes) para pavimentação, de pedra natural (exceto a ardósia)",Alemanha,19182,76430,comexstat,2026-10-08
2025,09,6802,"Pedras de cantaria ou de construção (exceto de ardósia) trabalhadas e obras destas pedras, exceto as da posição 6801; cubos, pastilhas e artigos semelhantes, para mosaicos, de pedra natural (incluída a ardósia), mesmo com suporte; grânulos, fragmentos e",São Cristóvão e Névis,19163,19600,comexstat,2026-10-08
2025,04,2515,"Mármores, travertinos, granitos belgas e outras pedras calcárias de cantaria ou de construção, de densidade aparente igual ou superior a 2,5, e alabastro, mesmo desbastados ou simplesmente cortados à serra ou por outro meio, em blocos ou placas de forma q",Paraguai,19113,13600,comexstat,2026-10-08
2025,01,6802,"Pedras de cantaria ou de construção (exceto de ardósia) trabalhadas e obras destas pedras, exceto as da posição 6801; cubos, pastilhas e artigos semelhantes, para mosaicos, de pedra natural (incluída a ardósia), mesmo com suporte; grânulos, fragmentos e",Jamaica,18960,26438,comexstat,2026-10-08
2025,11,6801,"Pedras para calcetar, meios-fios e placas (lajes) para pavimentação, de pedra natural (exceto a ardósia)",Bélgica,18953,53525,comexstat,2026-10-08
2025,06,6802,"Pedras de cantaria ou de construção (exceto de ardósia) trabalhadas e obras destas pedras, exceto as da posição 6801; cubos, pastilhas e artigos semelhantes, para mosaicos, de pedra natural (incluída a ardósia), mesmo com suporte; grânulos, fragmentos e",Chipre,18872,16270,comexstat,2026-10-08
2025,10,6802,"Pedras de cantaria ou de construção (exceto de ardósia) trabalhadas e obras destas pedras, exceto as da posição 6801; cubos, pastilhas e artigos semelhantes, para mosaicos, de pedra natural (incluída a ardósia), mesmo com suporte; grânulos, fragmentos e",Gana,18706,26336,comexstat,2026-10-08
2025,01,6802,"Pedras de cantaria ou de construção (exceto de ardósia) trabalhadas e obras destas pedras, exceto as da posição 6801; cubos, pastilhas e artigos semelhantes, para mosaicos, de pedra natural (incluída a ardósia), mesmo com suporte; grânulos, fragmentos e",Iraque,18702,81122,comexstat,2026-10-08
2025,09,6801,"Pedras para calcetar, meios-fios e placas (lajes) para pavimentação, de pedra natural (exceto a ardósia)",Espanha,18696,51651,comexstat,2026-10-08
2025,06,2515,"Mármores, travertinos, granitos belgas e outras pedras calcárias de cantaria ou de construção, de densidade aparente igual ou superior a 2,5, e alabastro, mesmo desbastados ou simplesmente cortados à serra ou por outro meio, em blocos ou placas de forma q",Índia,18663,94700,comexstat,2026-10-08
2025,08,2516,"Granito, pórfiro, basalto, arenito e outras pedras de cantaria ou de construção, mesmo desbastados ou simplesmente cortados à serra ou por outro meio, em blocos ou placas de forma quadrada ou rectangular","Virgens, Ilhas (Britânicas)",18644,38850,comexstat,2026-10-08
2025,10,6803,Ardósia natural trabalhada e obras de ardósia natural ou aglomerada,Rússia,18492,26355,comexstat,2026-10-08
2025,02,6802,"Pedras de cantaria ou de construção (exceto de ardósia) trabalhadas e obras destas pedras, exceto as da posição 6801; cubos, pastilhas e artigos semelhantes, para mosaicos, de pedra natural (incluída a ardósia), mesmo com suporte; grânulos, fragmentos e",Grécia,18364,79616,comexstat,2026-10-08
2025,08,6803,Ardósia natural trabalhada e obras de ardósia natural ou aglomerada,Chile,18293,44956,comexstat,2026-10-08
2025,05,6803,Ardósia natural trabalhada e obras de ardósia natural ou aglomerada,Noruega,18272,26490,comexstat,2026-10-08
2025,06,6803,Ardósia natural trabalhada e obras de ardósia natural ou aglomerada,Nova Zelândia,18161,25068,comexstat,2026-10-08
2025,01,2516,"Granito, pórfiro, basalto, arenito e outras pedras de cantaria ou de construção, mesmo desbastados ou simplesmente cortados à serra ou por outro meio, em blocos ou placas de forma quadrada ou rectangular",Tailândia,18065,47972,comexstat,2026-10-08
2025,05,2515,"Mármores, travertinos, granitos belgas e outras pedras calcárias de cantaria ou de construção, de densidade aparente igual ou superior a 2,5, e alabastro, mesmo desbastados ou simplesmente cortados à serra ou por outro meio, em blocos ou placas de forma q",Espanha,18034,31252,comexstat,2026-10-08
2025,10,2514,"Ardósia, mesmo desbastada ou simplesmente cortada a serra ou por outro meio, em blocos ou placas de forma quadrada ou retangular",Estados Unidos,18000,60000,comexstat,2026-10-08
2025,11,6802,"Pedras de cantaria ou de construção (exceto de ardósia) trabalhadas e obras destas pedras, exceto as da posição 6801; cubos, pastilhas e artigos semelhantes, para mosaicos, de pedra natural (incluída a ardósia), mesmo com suporte; grânulos, fragmentos e",Chile,17967,26382,comexstat,2026-10-08
2025,07,6803,Ardósia natural trabalhada e obras de ardósia natural ou aglomerada,Bélgica,17837,26293,comexstat,2026-10-08
2025,04,6801,"Pedras para calcetar, meios-fios e placas (lajes) para pavimentação, de pedra natural (exceto a ardósia)",Bélgica,17771,78570,comexstat,2026-10-08
2025,06,6802,"Pedras de cantaria ou de construção (exceto de ardósia) trabalhadas e obras destas pedras, exceto as da posição 6801; cubos, pastilhas e artigos semelhantes, para mosaicos, de pedra natural (incluída a ardósia), mesmo com suporte; grânulos, fragmentos e",Guatemala,17724,26371,comexstat,2026-10-08
2025,08,6803,Ardósia natural trabalhada e obras de ardósia natural ou aglomerada,Romênia,17706,22474,comexstat,2026-10-08
2025,12,2516,"Granito, pórfiro, basalto, arenito e outras pedras de cantaria ou de construção, mesmo desbastados ou simplesmente cortados à serra ou por outro meio, em blocos ou placas de forma quadrada ou rectangular",Emirados Árabes Unidos,17555,75780,comexstat,2026-10-08
2025,04,6801,"Pedras para calcetar, meios-fios e placas (lajes) para pavimentação, de pedra natural (exceto a ardósia)",Espanha,17517,50390,comexstat,2026-10-08
2025,11,6803,Ardósia natural trabalhada e obras de ardósia natural ou aglomerada,Bélgica,17491,25345,comexstat,2026-10-08
2025,06,6803,Ardósia natural trabalhada e obras de ardósia natural ou aglomerada,Austrália,17480,24504,comexstat,2026-10-08
2025,02,6803,Ardósia natural trabalhada e obras de ardósia natural ou aglomerada,Austrália,17480,24504,comexstat,2026-10-08
2025,12,6803,Ardósia natural trabalhada e obras de ardósia natural ou aglomerada,Finlândia,17456,23668,comexstat,2026-10-08
2025,04,6802,"Pedras de cantaria ou de construção (exceto de ardósia) trabalhadas e obras destas pedras, exceto as da posição 6801; cubos, pastilhas e artigos semelhantes, para mosaicos, de pedra natural (incluída a ardósia), mesmo com suporte; grânulos, fragmentos e",Gana,17395,26340,comexstat,2026-10-08
2025,10,6802,"Pedras de cantaria ou de construção (exceto de ardósia) trabalhadas e obras destas pedras, exceto as da posição 6801; cubos, pastilhas e artigos semelhantes, para mosaicos, de pedra natural (incluída a ardósia), mesmo com suporte; grânulos, fragmentos e",São Cristóvão e Névis,17337,19750,comexstat,2026-10-08
2025,05,6803,Ardósia natural trabalhada e obras de ardósia natural ou aglomerada,Portugal,17298,24370,comexstat,2026-10-08
2025,10,6803,Ardósia natural trabalhada e obras de ardósia natural ou aglomerada,Marrocos,17280,26490,comexstat,2026-10-08
2025,12,2516,"Granito, pórfiro, basalto, arenito e outras pedras de cantaria ou de construção, mesmo desbastados ou simplesmente cortados à serra ou por outro meio, em blocos ou placas de forma quadrada ou rectangular",Bélgica,17274,48600,comexstat,2026-10-08
2025,07,6803,Ardósia natural trabalhada e obras de ardósia natural ou aglomerada,Hungria,17246,24760,comexstat,2026-10-08
2025,04,6803,Ardósia natural trabalhada e obras de ardósia natural ou aglomerada,China,17216,19624,comexstat,2026-10-08
2025,01,6803,Ardósia natural trabalhada e obras de ardósia natural ou aglomerada,Polônia,17188,23765,comexstat,2026-10-08
2025,05,6802,"Pedras de cantaria ou de construção (exceto de ardósia) trabalhadas e obras destas pedras, exceto as da posição 6801; cubos, pastilhas e artigos semelhantes, para mosaicos, de pedra natural (incluída a ardósia), mesmo com suporte; grânulos, fragmentos e",Coveite (Kuweit),17183,25966,comexstat,2026-10-08
2025,09,6803,Ardósia natural trabalhada e obras de ardósia natural ou aglomerada,Barbados,17120,18517,comexstat,2026-10-08
2025,09,6801,"Pedras para calcetar, meios-fios e placas (lajes) para pavimentação, de pedra natural (exceto a ardósia)",Chile,17061,41576,comexstat,2026-10-08
2025,07,6803,Ardósia natural trabalhada e obras de ardósia natural ou aglomerada,Peru,16960,26517,comexstat,2026-10-08
2025,12,6802,"Pedras de cantaria ou de construção (exceto de ardósia) trabalhadas e obras destas pedras, exceto as da posição 6801; cubos, pastilhas e artigos semelhantes, para mosaicos, de pedra natural (incluída a ardósia), mesmo com suporte; grânulos, fragmentos e",Granada,16928,23410,comexstat,2026-10-08
2025,04,2514,"Ardósia, mesmo desbastada ou simplesmente cortada a serra ou por outro meio, em blocos ou placas de forma quadrada ou retangular",República Dominicana,16795,24130,comexstat,2026-10-08
2025,04,6803,Ardósia natural trabalhada e obras de ardósia natural ou aglomerada,Noruega,16594,18740,comexstat,2026-10-08
2025,05,2516,"Granito, pórfiro, basalto, arenito e outras pedras de cantaria ou de construção, mesmo desbastados ou simplesmente cortados à serra ou por outro meio, em blocos ou placas de forma quadrada ou rectangular",Tailândia,16554,51780,comexstat,2026-10-08
2025,01,2515,"Mármores, travertinos, granitos belgas e outras pedras calcárias de cantaria ou de construção, de densidade aparente igual ou superior a 2,5, e alabastro, mesmo desbastados ou simplesmente cortados à serra ou por outro meio, em blocos ou placas de forma q",Singapura,16496,78652,comexstat,2026-10-08
2025,07,6802,"Pedras de cantaria ou de construção (exceto de ardósia) trabalhadas e obras destas pedras, exceto as da posição 6801; cubos, pastilhas e artigos semelhantes, para mosaicos, de pedra natural (incluída a ardósia), mesmo com suporte; grânulos, fragmentos e",Índia,16493,24975,comexstat,2026-10-08
2025,08,6802,"Pedras de cantaria ou de construção (exceto de ardósia) trabalhadas e obras destas pedras, exceto as da posição 6801; cubos, pastilhas e artigos semelhantes, para mosaicos, de pedra natural (incluída a ardósia), mesmo com suporte; grânulos, fragmentos e",Senegal,16471,26490,comexstat,2026-10-08
2025,10,6803,Ardósia natural trabalhada e obras de ardósia natural ou aglomerada,Bélgica,16445,35227,comexstat,2026-10-08
2025,01,6802,"Pedras de cantaria ou de construção (exceto de ardósia) trabalhadas e obras destas pedras, exceto as da posição 6801; cubos, pastilhas e artigos semelhantes, para mosaicos, de pedra natural (incluída a ardósia), mesmo com suporte; grânulos, fragmentos e",Singapura,16367,18239,comexstat,2026-10-08
2025,10,2516,"Granito, pórfiro, basalto, arenito e outras pedras de cantaria ou de construção, mesmo desbastados ou simplesmente cortados à serra ou por outro meio, em blocos ou placas de forma quadrada ou rectangular",Espanha,16352,76340,comexstat,2026-10-08
2025,01,6803,Ardósia natural trabalhada e obras de ardósia natural ou aglomerada,Lituânia,16291,24336,comexstat,2026-10-08
2025,05,6803,Ardósia natural trabalhada e obras de ardósia natural ou aglomerada,Grécia,16236,26650,comexstat,2026-10-08
2025,12,6803,Ardósia natural trabalhada e obras de ardósia natural ou aglomerada,Polônia,16086,24827,comexstat,2026-10-08
2025,07,6803,Ardósia natural trabalhada e obras de ardósia natural ou aglomerada,Austrália,16015,25274,comexstat,2026-10-08
2025,09,6801,"Pedras para calcetar, meios-fios e placas (lajes) para pavimentação, de pedra natural (exceto a ardósia)",Argentina,15943,53294,comexstat,2026-10-08
2025,11,6802,"Pedras de cantaria ou de construção (exceto de ardósia) trabalhadas e obras destas pedras, exceto as da posição 6801; cubos, pastilhas e artigos semelhantes, para mosaicos, de pedra natural (incluída a ardósia), mesmo com suporte; grânulos, fragmentos e",Japão,15865,39720,comexstat,2026-10-08
2025,12,6803,Ardósia natural trabalhada e obras de ardósia natural ou aglomerada,"Bonaire, Saint Eustatius e Saba",15840,24795,comexstat,2026-10-08
2025,09,2516,"Granito, pórfiro, basalto, arenito e outras pedras de cantaria ou de construção, mesmo desbastados ou simplesmente cortados à serra ou por outro meio, em blocos ou placas de forma quadrada ou rectangular",Vietnã,15828,70550,comexstat,2026-10-08
2025,01,6803,Ardósia natural trabalhada e obras de ardósia natural ou aglomerada,Dinamarca,15773,24454,comexstat,2026-10-08
2025,09,6803,Ardósia natural trabalhada e obras de ardósia natural ou aglomerada,"Tcheca, República",15772,26796,comexstat,2026-10-08
2025,08,2516,"Granito, pórfiro, basalto, arenito e outras pedras de cantaria ou de construção, mesmo desbastados ou simplesmente cortados à serra ou por outro meio, em blocos ou placas de forma quadrada ou rectangular",Portugal,15711,73340,comexstat,2026-10-08
2025,07,2515,"Mármores, travertinos, granitos belgas e outras pedras calcárias de cantaria ou de construção, de densidade aparente igual ou superior a 2,5, e alabastro, mesmo desbastados ou simplesmente cortados à serra ou por outro meio, em blocos ou placas de forma q",Espanha,15694,24910,comexstat,2026-10-08
2025,06,6803,Ardósia natural trabalhada e obras de ardósia natural ou aglomerada,Uganda,15675,26600,comexstat,2026-10-08
2025,11,2516,"Granito, pórfiro, basalto, arenito e outras pedras de cantaria ou de construção, mesmo desbastados ou simplesmente cortados à serra ou por outro meio, em blocos ou placas de forma quadrada ou rectangular",Portugal,15593,74840,comexstat,2026-10-08
2025,01,6802,"Pedras de cantaria ou de construção (exceto de ardósia) trabalhadas e obras destas pedras, exceto as da posição 6801; cubos, pastilhas e artigos semelhantes, para mosaicos, de pedra natural (incluída a ardósia), mesmo com suporte; grânulos, fragmentos e",Áustria,15414,26950,comexstat,2026-10-08
2025,01,6803,Ardósia natural trabalhada e obras de ardósia natural ou aglomerada,Tanzânia,15413,17740,comexstat,2026-10-08
2025,01,6803,Ardósia natural trabalhada e obras de ardósia natural ou aglomerada,África do Sul,15399,26151,comexstat,2026-10-08
2025,11,6803,Ardósia natural trabalhada e obras de ardósia natural ou aglomerada,Peru,15390,25476,comexstat,2026-10-08
2025,02,2516,"Granito, pórfiro, basalto, arenito e outras pedras de cantaria ou de construção, mesmo desbastados ou simplesmente cortados à serra ou por outro meio, em blocos ou placas de forma quadrada ou rectangular",Bélgica,15381,45280,comexstat,2026-10-08
2025,03,6803,Ardósia natural trabalhada e obras de ardósia natural ou aglomerada,Peru,15380,25476,comexstat,2026-10-08
2025,11,6803,Ardósia natural trabalhada e obras de ardósia natural ou aglomerada,África do Sul,15360,26261,comexstat,2026-10-08
2025,10,6803,Ardósia natural trabalhada e obras de ardósia natural ou aglomerada,África do Sul,15340,26145,comexstat,2026-10-08
2025,01,6803,Ardósia natural trabalhada e obras de ardósia natural ou aglomerada,Singapura,15282,22953,comexstat,2026-10-08
2025,03,2516,"Granito, pórfiro, basalto, arenito e outras pedras de cantaria ou de construção, mesmo desbastados ou simplesmente cortados à serra ou por outro meio, em blocos ou placas de forma quadrada ou rectangular",Bélgica,15250,51330,comexstat,2026-10-08
2025,05,6802,"Pedras de cantaria ou de construção (exceto de ardósia) trabalhadas e obras destas pedras, exceto as da posição 6801; cubos, pastilhas e artigos semelhantes, para mosaicos, de pedra natural (incluída a ardósia), mesmo com suporte; grânulos, fragmentos e",Gana,15214,24630,comexstat,2026-10-08
2025,02,6803,Ardósia natural trabalhada e obras de ardósia natural ou aglomerada,Polônia,15199,24800,comexstat,2026-10-08
2025,09,6802,"Pedras de cantaria ou de construção (exceto de ardósia) trabalhadas e obras destas pedras, exceto as da posição 6801; cubos, pastilhas e artigos semelhantes, para mosaicos, de pedra natural (incluída a ardósia), mesmo com suporte; grânulos, fragmentos e","Cayman, Ilhas",15165,22380,comexstat,2026-10-08
2025,10,6802,"Pedras de cantaria ou de construção (exceto de ardósia) trabalhadas e obras destas pedras, exceto as da posição 6801; cubos, pastilhas e artigos semelhantes, para mosaicos, de pedra natural (incluída a ardósia), mesmo com suporte; grânulos, fragmentos e",Líbano,15132,81619,comexstat,2026-10-08
2025,08,6802,"Pedras de cantaria ou de construção (exceto de ardósia) trabalhadas e obras destas pedras, exceto as da posição 6801; cubos, pastilhas e artigos semelhantes, para mosaicos, de pedra natural (incluída a ardósia), mesmo com suporte; grânulos, fragmentos e",Moçambique,15094,26370,comexstat,2026-10-08
2025,03,6802,"Pedras de cantaria ou de construção (exceto de ardósia) trabalhadas e obras destas pedras, exceto as da posição 6801; cubos, pastilhas e artigos semelhantes, para mosaicos, de pedra natural (incluída a ardósia), mesmo com suporte; grânulos, fragmentos e",Áustria,15088,27090,comexstat,2026-10-08
2025,11,6802,"Pedras de cantaria ou de construção (exceto de ardósia) trabalhadas e obras destas pedras, exceto as da posição 6801; cubos, pastilhas e artigos semelhantes, para mosaicos, de pedra natural (incluída a ardósia), mesmo com suporte; grânulos, fragmentos e",Suíça,15027,10097,comexstat,2026-10-08
2025,01,6803,Ardósia natural trabalhada e obras de ardósia natural ou aglomerada,Países Baixos (Holanda),14998,25466,comexstat,2026-10-08
2025,10,2514,"Ardósia, mesmo desbastada ou simplesmente cortada a serra ou por outro meio, em blocos ou placas de forma quadrada ou retangular",Reino Unido,14986,31704,comexstat,2026-10-08
2025,01,6802,"Pedras de cantaria ou de construção (exceto de ardósia) trabalhadas e obras destas pedras, exceto as da posição 6801; cubos, pastilhas e artigos semelhantes, para mosaicos, de pedra natural (incluída a ardósia), mesmo com suporte; grânulos, fragmentos e",São Vicente e Granadinas,14965,25967,comexstat,2026-10-08
2025,07,6802,"Pedras de cantaria ou de construção (exceto de ardósia) trabalhadas e obras destas pedras, exceto as da posição 6801; cubos, pastilhas e artigos semelhantes, para mosaicos, de pedra natural (incluída a ardósia), mesmo com suporte; grânulos, fragmentos e",Romênia,14833,23032,comexstat,2026-10-08
2025,06,6803,Ardósia natural trabalhada e obras de ardósia natural ou aglomerada,Belarus,14811,26663,comexstat,2026-10-08
2025,05,6803,Ardósia natural trabalhada e obras de ardósia natural ou aglomerada,Tailândia,14788,26409,comexstat,2026-10-08
2025,09,6802,"Pedras de cantaria ou de construção (exceto de ardósia) trabalhadas e obras destas pedras, exceto as da posição 6801; cubos, pastilhas e artigos semelhantes, para mosaicos, de pedra natural (incluída a ardósia), mesmo com suporte; grânulos, fragmentos e",Jordânia,14670,12800,comexstat,2026-10-08
2025,08,6802,"Pedras de cantaria ou de construção (exceto de ardósia) trabalhadas e obras destas pedras, exceto as da posição 6801; cubos, pastilhas e artigos semelhantes, para mosaicos, de pedra natural (incluída a ardósia), mesmo com suporte; grânulos, fragmentos e",Guiana,14591,6819,comexstat,2026-10-08
2025,03,6803,Ardósia natural trabalhada e obras de ardósia natural ou aglomerada,Uruguai,14555,52320,comexstat,2026-10-08
2025,05,2514,"Ardósia, mesmo desbastada ou simplesmente cortada a serra ou por outro meio, em blocos ou placas de forma quadrada ou retangular",Estados Unidos,14370,39694,comexstat,2026-10-08
2025,08,6803,Ardósia natural trabalhada e obras de ardósia natural ou aglomerada,Colômbia,14358,26485,comexstat,2026-10-08
2025,03,6803,Ardósia natural trabalhada e obras de ardósia natural ou aglomerada,Belarus,14344,26586,comexstat,2026-10-08
2025,01,6803,Ardósia natural trabalhada e obras de ardósia natural ou aglomerada,Quênia,14300,26000,comexstat,2026-10-08
2025,12,6803,Ardósia natural trabalhada e obras de ardósia natural ou aglomerada,Quênia,14300,26000,comexstat,2026-10-08
2025,06,6803,Ardósia natural trabalhada e obras de ardósia natural ou aglomerada,Colômbia,14290,26558,comexstat,2026-10-08
2025,05,6803,Ardósia natural trabalhada e obras de ardósia natural ou aglomerada,Peru,14240,23923,comexstat,2026-10-08
2025,10,6803,Ardósia natural trabalhada e obras de ardósia natural ou aglomerada,México,14120,22715,comexstat,2026-10-08
2025,01,6803,Ardósia natural trabalhada e obras de ardósia natural ou aglomerada,México,14112,22675,comexstat,2026-10-08
2025,09,6802,"Pedras de cantaria ou de construção (exceto de ardósia) trabalhadas e obras destas pedras, exceto as da posição 6801; cubos, pastilhas e artigos semelhantes, para mosaicos, de pedra natural (incluída a ardósia), mesmo com suporte; grânulos, fragmentos e",Grécia,14110,49059,comexstat,2026-10-08
2025,08,6803,Ardósia natural trabalhada e obras de ardósia natural ou aglomerada,República Dominicana,14014,19482,comexstat,2026-10-08
2025,09,6801,"Pedras para calcetar, meios-fios e placas (lajes) para pavimentação, de pedra natural (exceto a ardósia)",França,13976,54270,comexstat,2026-10-08
2025,10,6803,Ardósia natural trabalhada e obras de ardósia natural ou aglomerada,República Dominicana,13916,19494,comexstat,2026-10-08
2025,09,6803,Ardósia natural trabalhada e obras de ardósia natural ou aglomerada,República Dominicana,13910,19494,comexstat,2026-10-08
2025,07,6803,Ardósia natural trabalhada e obras de ardósia natural ou aglomerada,República Dominicana,13848,19501,comexstat,2026-10-08
2025,02,6803,Ardósia natural trabalhada e obras de ardósia natural ou aglomerada,Porto Rico,13793,23324,comexstat,2026-10-08
2025,06,6802,"Pedras de cantaria ou de construção (exceto de ardósia) trabalhadas e obras destas pedras, exceto as da posição 6801; cubos, pastilhas e artigos semelhantes, para mosaicos, de pedra natural (incluída a ardósia), mesmo com suporte; grânulos, fragmentos e","Cayman, Ilhas",13766,3740,comexstat,2026-10-08
2025,11,6803,Ardósia natural trabalhada e obras de ardósia natural ou aglomerada,Nova Zelândia,13763,24550,comexstat,2026-10-08
2025,06,6803,Ardósia natural trabalhada e obras de ardósia natural ou aglomerada,Ucrânia,13758,26198,comexstat,2026-10-08
2025,09,6802,"Pedras de cantaria ou de construção (exceto de ardósia) trabalhadas e obras destas pedras, exceto as da posição 6801; cubos, pastilhas e artigos semelhantes, para mosaicos, de pedra natural (incluída a ardósia), mesmo com suporte; grânulos, fragmentos e","Tcheca, República",13757,7168,comexstat,2026-10-08
2025,12,6802,"Pedras de cantaria ou de construção (exceto de ardósia) trabalhadas e obras destas pedras, exceto as da posição 6801; cubos, pastilhas e artigos semelhantes, para mosaicos, de pedra natural (incluída a ardósia), mesmo com suporte; grânulos, fragmentos e",São Vicente e Granadinas,13567,26630,comexstat,2026-10-08
2025,11,6803,Ardósia natural trabalhada e obras de ardósia natural ou aglomerada,Belarus,13548,26546,comexstat,2026-10-08
2025,09,6802,"Pedras de cantaria ou de construção (exceto de ardósia) trabalhadas e obras destas pedras, exceto as da posição 6801; cubos, pastilhas e artigos semelhantes, para mosaicos, de pedra natural (incluída a ardósia), mesmo com suporte; grânulos, fragmentos e",Guatemala,13546,26470,comexstat,2026-10-08
2025,03,6802,"Pedras de cantaria ou de construção (exceto de ardósia) trabalhadas e obras destas pedras, exceto as da posição 6801; cubos, pastilhas e artigos semelhantes, para mosaicos, de pedra natural (incluída a ardósia), mesmo com suporte; grânulos, fragmentos e",Grécia,13458,26595,comexstat,2026-10-08
2025,02,6803,Ardósia natural trabalhada e obras de ardósia natural ou aglomerada,República Dominicana,13431,19495,comexstat,2026-10-08
2025,06,6801,"Pedras para calcetar, meios-fios e placas (lajes) para pavimentação, de pedra natural (exceto a ardósia)",Países Baixos (Holanda),13430,52550,comexstat,2026-10-08
2025,12,6801,"Pedras para calcetar, meios-fios e placas (lajes) para pavimentação, de pedra natural (exceto a ardósia)",Japão,13343,41150,comexstat,2026-10-08
2025,07,6803,Ardósia natural trabalhada e obras de ardósia natural ou aglomerada,Chile,13327,24370,comexstat,2026-10-08
2025,05,6802,"Pedras de cantaria ou de construção (exceto de ardósia) trabalhadas e obras destas pedras, exceto as da posição 6801; cubos, pastilhas e artigos semelhantes, para mosaicos, de pedra natural (incluída a ardósia), mesmo com suporte; grânulos, fragmentos e",Suriname,13257,18118,comexstat,2026-10-08
2025,12,2516,"Granito, pórfiro, basalto, arenito e outras pedras de cantaria ou de construção, mesmo desbastados ou simplesmente cortados à serra ou por outro meio, em blocos ou placas de forma quadrada ou rectangular",Estados Unidos,13251,20044,comexstat,2026-10-08
2025,04,6802,"Pedras de cantaria ou de construção (exceto de ardósia) trabalhadas e obras destas pedras, exceto as da posição 6801; cubos, pastilhas e artigos semelhantes, para mosaicos, de pedra natural (incluída a ardósia), mesmo com suporte; grânulos, fragmentos e",Sint Maarten,13193,25699,comexstat,2026-10-08
2025,11,6803,Ardósia natural trabalhada e obras de ardósia natural ou aglomerada,Japão,13176,19700,comexstat,2026-10-08
2025,01,6803,Ardósia natural trabalhada e obras de ardósia natural ou aglomerada,República Dominicana,13152,19371,comexstat,2026-10-08
2025,12,6803,Ardósia natural trabalhada e obras de ardósia natural ou aglomerada,Rússia,13143,26047,comexstat,2026-10-08
2025,12,6802,"Pedras de cantaria ou de construção (exceto de ardósia) trabalhadas e obras destas pedras, exceto as da posição 6801; cubos, pastilhas e artigos semelhantes, para mosaicos, de pedra natural (incluída a ardósia), mesmo com suporte; grânulos, fragmentos e",Nicarágua,13142,26597,comexstat,2026-10-08
2025,08,6802,"Pedras de cantaria ou de construção (exceto de ardósia) trabalhadas e obras destas pedras, exceto as da posição 6801; cubos, pastilhas e artigos semelhantes, para mosaicos, de pedra natural (incluída a ardósia), mesmo com suporte; grânulos, fragmentos e",Jamaica,13021,25435,comexstat,2026-10-08
2025,01,2515,"Mármores, travertinos, granitos belgas e outras pedras calcárias de cantaria ou de construção, de densidade aparente igual ou superior a 2,5, e alabastro, mesmo desbastados ou simplesmente cortados à serra ou por outro meio, em blocos ou placas de forma q",Albânia,13008,54390,comexstat,2026-10-08
2025,08,6802,"Pedras de cantaria ou de construção (exceto de ardósia) trabalhadas e obras destas pedras, exceto as da posição 6801; cubos, pastilhas e artigos semelhantes, para mosaicos, de pedra natural (incluída a ardósia), mesmo com suporte; grânulos, fragmentos e",Nicarágua,12986,26184,comexstat,2026-10-08
2025,09,6801,"Pedras para calcetar, meios-fios e placas (lajes) para pavimentação, de pedra natural (exceto a ardósia)",Portugal,12923,26300,comexstat,2026-10-08
2025,07,6802,"Pedras de cantaria ou de construção (exceto de ardósia) trabalhadas e obras destas pedras, exceto as da posição 6801; cubos, pastilhas e artigos semelhantes, para mosaicos, de pedra natural (incluída a ardósia), mesmo com suporte; grânulos, fragmentos e",Senegal,12917,26469,comexstat,2026-10-08
2025,04,6803,Ardósia natural trabalhada e obras de ardósia natural ou aglomerada,Canadá,12868,19530,comexstat,2026-10-08
2025,10,2516,"Granito, pórfiro, basalto, arenito e outras pedras de cantaria ou de construção, mesmo desbastados ou simplesmente cortados à serra ou por outro meio, em blocos ou placas de forma quadrada ou rectangular",Alemanha,12865,77160,comexstat,2026-10-08
2025,06,6802,"Pedras de cantaria ou de construção (exceto de ardósia) trabalhadas e obras destas pedras, exceto as da posição 6801; cubos, pastilhas e artigos semelhantes, para mosaicos, de pedra natural (incluída a ardósia), mesmo com suporte; grânulos, fragmentos e",Chile,12847,26398,comexstat,2026-10-08
2025,06,2516,"Granito, pórfiro, basalto, arenito e outras pedras de cantaria ou de construção, mesmo desbastados ou simplesmente cortados à serra ou por outro meio, em blocos ou placas de forma quadrada ou rectangular",Paraguai,12839,79257,comexstat,2026-10-08
2025,03,6802,"Pedras de cantaria ou de construção (exceto de ardósia) trabalhadas e obras destas pedras, exceto as da posição 6801; cubos, pastilhas e artigos semelhantes, para mosaicos, de pedra natural (incluída a ardósia), mesmo com suporte; grânulos, fragmentos e",Jordânia,12799,26343,comexstat,2026-10-08
2025,11,6801,"Pedras para calcetar, meios-fios e placas (lajes) para pavimentação, de pedra natural (exceto a ardósia)",Itália,12758,53820,comexstat,2026-10-08
2025,07,6803,Ardósia natural trabalhada e obras de ardósia natural ou aglomerada,Tailândia,12750,19434,comexstat,2026-10-08
2025,03,6803,Ardósia natural trabalhada e obras de ardósia natural ou aglomerada,Suécia,12675,23800,comexstat,2026-10-08
2025,09,6803,Ardósia natural trabalhada e obras de ardósia natural ou aglomerada,Canadá,12665,23397,comexstat,2026-10-08
2025,03,2516,"Granito, pórfiro, basalto, arenito e outras pedras de cantaria ou de construção, mesmo desbastados ou simplesmente cortados à serra ou por outro meio, em blocos ou placas de forma quadrada ou rectangular",Canadá,12614,46320,comexstat,2026-10-08
2025,05,6801,"Pedras para calcetar, meios-fios e placas (lajes) para pavimentação, de pedra natural (exceto a ardósia)",Japão,12589,21020,comexstat,2026-10-08
2025,01,6803,Ardósia natural trabalhada e obras de ardósia natural ou aglomerada,Belarus,12556,26503,comexstat,2026-10-08
2025,09,2516,"Granito, pórfiro, basalto, arenito e outras pedras de cantaria ou de construção, mesmo desbastados ou simplesmente cortados à serra ou por outro meio, em blocos ou placas de forma quadrada ou rectangular",Portugal,12520,27700,comexstat,2026-10-08
2025,12,6802,"Pedras de cantaria ou de construção (exceto de ardósia) trabalhadas e obras destas pedras, exceto as da posição 6801; cubos, pastilhas e artigos semelhantes, para mosaicos, de pedra natural (incluída a ardósia), mesmo com suporte; grânulos, fragmentos e",Venezuela,12512,26409,comexstat,2026-10-08
2025,07,6803,Ardósia natural trabalhada e obras de ardósia natural ou aglomerada,Suíça,12500,26280,comexstat,2026-10-08
2025,02,6802,"Pedras de cantaria ou de construção (exceto de ardósia) trabalhadas e obras destas pedras, exceto as da posição 6801; cubos, pastilhas e artigos semelhantes, para mosaicos, de pedra natural (incluída a ardósia), mesmo com suporte; grânulos, fragmentos e",Egito,12496,26247,comexstat,2026-10-08
2025,03,6803,Ardósia natural trabalhada e obras de ardósia natural ou aglomerada,Países Baixos (Holanda),12456,26022,comexstat,2026-10-08
2025,09,6802,"Pedras de cantaria ou de construção (exceto de ardósia) trabalhadas e obras destas pedras, exceto as da posição 6801; cubos, pastilhas e artigos semelhantes, para mosaicos, de pedra natural (incluída a ardósia), mesmo com suporte; grânulos, fragmentos e",Marrocos,12438,49108,comexstat,2026-10-08
2025,01,2516,"Granito, pórfiro, basalto, arenito e outras pedras de cantaria ou de construção, mesmo desbastados ou simplesmente cortados à serra ou por outro meio, em blocos ou placas de forma quadrada ou rectangular",Espanha,12380,45880,comexstat,2026-10-08
2025,10,6801,"Pedras para calcetar, meios-fios e placas (lajes) para pavimentação, de pedra natural (exceto a ardósia)",Países Baixos (Holanda),12364,48220,comexstat,2026-10-08
2025,11,6803,Ardósia natural trabalhada e obras de ardósia natural ou aglomerada,Rússia,12274,25287,comexstat,2026-10-08
2025,09,2516,"Granito, pórfiro, basalto, arenito e outras pedras de cantaria ou de construção, mesmo desbastados ou simplesmente cortados à serra ou por outro meio, em blocos ou placas de forma quadrada ou rectangular",Jordânia,12268,51450,comexstat,2026-10-08
2025,12,2514,"Ardósia, mesmo desbastada ou simplesmente cortada a serra ou por outro meio, em blocos ou placas de forma quadrada ou retangular",Uruguai,12266,25500,comexstat,2026-10-08
2025,03,6801,"Pedras para calcetar, meios-fios e placas (lajes) para pavimentação, de pedra natural (exceto a ardósia)",Bélgica,12249,54350,comexstat,2026-10-08
2025,03,2516,"Granito, pórfiro, basalto, arenito e outras pedras de cantaria ou de construção, mesmo desbastados ou simplesmente cortados à serra ou por outro meio, em blocos ou placas de forma quadrada ou rectangular",Emirados Árabes Unidos,12249,27740,comexstat,2026-10-08
2025,04,6802,"Pedras de cantaria ou de construção (exceto de ardósia) trabalhadas e obras destas pedras, exceto as da posição 6801; cubos, pastilhas e artigos semelhantes, para mosaicos, de pedra natural (incluída a ardósia), mesmo com suporte; grânulos, fragmentos e","Cayman, Ilhas",12186,513,comexstat,2026-10-08
2025,03,6801,"Pedras para calcetar, meios-fios e placas (lajes) para pavimentação, de pedra natural (exceto a ardósia)",Países Baixos (Holanda),12177,75290,comexstat,2026-10-08
2025,09,6803,Ardósia natural trabalhada e obras de ardósia natural ou aglomerada,Porto Rico,12166,19750,comexstat,2026-10-08
2025,11,6803,Ardósia natural trabalhada e obras de ardósia natural ou aglomerada,Lituânia,12105,26596,comexstat,2026-10-08
2025,09,6803,Ardósia natural trabalhada e obras de ardósia natural ou aglomerada,Rússia,12091,25355,comexstat,2026-10-08
2025,02,2516,"Granito, pórfiro, basalto, arenito e outras pedras de cantaria ou de construção, mesmo desbastados ou simplesmente cortados à serra ou por outro meio, em blocos ou placas de forma quadrada ou rectangular",Paraguai,11873,12135,comexstat,2026-10-08
2025,02,6801,"Pedras para calcetar, meios-fios e placas (lajes) para pavimentação, de pedra natural (exceto a ardósia)",Países Baixos (Holanda),11782,76500,comexstat,2026-10-08
2025,08,6803,Ardósia natural trabalhada e obras de ardósia natural ou aglomerada,Uruguai,11524,27700,comexstat,2026-10-08
2025,12,2516,"Granito, pórfiro, basalto, arenito e outras pedras de cantaria ou de construção, mesmo desbastados ou simplesmente cortados à serra ou por outro meio, em blocos ou placas de forma quadrada ou rectangular",Turquia,11486,24560,comexstat,2026-10-08
2025,02,2516,"Granito, pórfiro, basalto, arenito e outras pedras de cantaria ou de construção, mesmo desbastados ou simplesmente cortados à serra ou por outro meio, em blocos ou placas de forma quadrada ou rectangular",Portugal,11451,51480,comexstat,2026-10-08
2025,01,6803,Ardósia natural trabalhada e obras de ardósia natural ou aglomerada,Porto Rico,11417,19278,comexstat,2026-10-08
2025,12,6803,Ardósia natural trabalhada e obras de ardósia natural ou aglomerada,Suécia,11317,23540,comexstat,2026-10-08
2025,10,6803,Ardósia natural trabalhada e obras de ardósia natural ou aglomerada,Japão,11285,19700,comexstat,2026-10-08
2025,02,6803,Ardósia natural trabalhada e obras de ardósia natural ou aglomerada,"Bonaire, Saint Eustatius e Saba",11275,19640,comexstat,2026-10-08
2025,11,6801,"Pedras para calcetar, meios-fios e placas (lajes) para pavimentação, de pedra natural (exceto a ardósia)",Uruguai,11238,26770,comexstat,2026-10-08
2025,09,6803,Ardósia natural trabalhada e obras de ardósia natural ou aglomerada,Japão,11219,19700,comexstat,2026-10-08
2025,12,6802,"Pedras de cantaria ou de construção (exceto de ardósia) trabalhadas e obras destas pedras, exceto as da posição 6801; cubos, pastilhas e artigos semelhantes, para mosaicos, de pedra natural (incluída a ardósia), mesmo com suporte; grânulos, fragmentos e",Polinésia Francesa,11186,5208,comexstat,2026-10-08
2025,12,6803,Ardósia natural trabalhada e obras de ardósia natural ou aglomerada,Coreia do Sul,11175,26850,comexstat,2026-10-08
2025,02,2515,"Mármores, travertinos, granitos belgas e outras pedras calcárias de cantaria ou de construção, de densidade aparente igual ou superior a 2,5, e alabastro, mesmo desbastados ou simplesmente cortados à serra ou por outro meio, em blocos ou placas de forma q",México,11169,78612,comexstat,2026-10-08
2025,02,6803,Ardósia natural trabalhada e obras de ardósia natural ou aglomerada,Canadá,11162,20398,comexstat,2026-10-08
2025,02,6801,"Pedras para calcetar, meios-fios e placas (lajes) para pavimentação, de pedra natural (exceto a ardósia)",Japão,11150,41670,comexstat,2026-10-08
2025,12,6803,Ardósia natural trabalhada e obras de ardósia natural ou aglomerada,Portugal,11122,18347,comexstat,2026-10-08
2025,02,6802,"Pedras de cantaria ou de construção (exceto de ardósia) trabalhadas e obras destas pedras, exceto as da posição 6801; cubos, pastilhas e artigos semelhantes, para mosaicos, de pedra natural (incluída a ardósia), mesmo com suporte; grânulos, fragmentos e",Venezuela,11112,26341,comexstat,2026-10-08
2025,09,2516,"Granito, pórfiro, basalto, arenito e outras pedras de cantaria ou de construção, mesmo desbastados ou simplesmente cortados à serra ou por outro meio, em blocos ou placas de forma quadrada ou rectangular",Egito,11077,43640,comexstat,2026-10-08
2025,12,6802,"Pedras de cantaria ou de construção (exceto de ardósia) trabalhadas e obras destas pedras, exceto as da posição 6801; cubos, pastilhas e artigos semelhantes, para mosaicos, de pedra natural (incluída a ardósia), mesmo com suporte; grânulos, fragmentos e",El Salvador,11033,25649,comexstat,2026-10-08
2025,07,6803,Ardósia natural trabalhada e obras de ardósia natural ou aglomerada,Lituânia,10952,27399,comexstat,2026-10-08
2025,02,6802,"Pedras de cantaria ou de construção (exceto de ardósia) trabalhadas e obras destas pedras, exceto as da posição 6801; cubos, pastilhas e artigos semelhantes, para mosaicos, de pedra natural (incluída a ardósia), mesmo com suporte; grânulos, fragmentos e",Romênia,10946,26500,comexstat,2026-10-08
2025,09,6803,Ardósia natural trabalhada e obras de ardósia natural ou aglomerada,Romênia,10916,25990,comexstat,2026-10-08
2025,09,6801,"Pedras para calcetar, meios-fios e placas (lajes) para pavimentação, de pedra natural (exceto a ardósia)",México,10904,23262,comexstat,2026-10-08
2025,04,2515,"Mármores, travertinos, granitos belgas e outras pedras calcárias de cantaria ou de construção, de densidade aparente igual ou superior a 2,5, e alabastro, mesmo desbastados ou simplesmente cortados à serra ou por outro meio, em blocos ou placas de forma q",Índia,10878,52880,comexstat,2026-10-08
2025,03,6803,Ardósia natural trabalhada e obras de ardósia natural ou aglomerada,Japão,10873,19700,comexstat,2026-10-08
2025,09,6803,Ardósia natural trabalhada e obras de ardósia natural ou aglomerada,Equador,10839,26480,comexstat,2026-10-08
2025,09,2516,"Granito, pórfiro, basalto, arenito e outras pedras de cantaria ou de construção, mesmo desbastados ou simplesmente cortados à serra ou por outro meio, em blocos ou placas de forma quadrada ou rectangular",Bélgica,10698,23930,comexstat,2026-10-08
2025,01,2514,"Ardósia, mesmo desbastada ou simplesmente cortada a serra ou por outro meio, em blocos ou placas de forma quadrada ou retangular",Itália,10690,35566,comexstat,2026-10-08
2025,04,6803,Ardósia natural trabalhada e obras de ardósia natural ou aglomerada,México,10670,25978,comexstat,2026-10-08
2025,11,2514,"Ardósia, mesmo desbastada ou simplesmente cortada a serra ou por outro meio, em blocos ou placas de forma quadrada ou retangular",Japão,10647,19308,comexstat,2026-10-08
2025,12,6803,Ardósia natural trabalhada e obras de ardósia natural ou aglomerada,Japão,10596,19522,comexstat,2026-10-08
2025,09,6802,"Pedras de cantaria ou de construção (exceto de ardósia) trabalhadas e obras destas pedras, exceto as da posição 6801; cubos, pastilhas e artigos semelhantes, para mosaicos, de pedra natural (incluída a ardósia), mesmo com suporte; grânulos, fragmentos e",Brunei,10521,21000,comexstat,2026-10-08
2025,04,6803,Ardósia natural trabalhada e obras de ardósia natural ou aglomerada,Honduras,10508,22935,comexstat,2026-10-08
2025,12,6803,Ardósia natural trabalhada e obras de ardósia natural ou aglomerada,Uruguai,10497,25503,comexstat,2026-10-08
2025,10,6801,"Pedras para calcetar, meios-fios e placas (lajes) para pavimentação, de pedra natural (exceto a ardósia)",Espanha,10409,26420,comexstat,2026-10-08
2025,04,6802,"Pedras de cantaria ou de construção (exceto de ardósia) trabalhadas e obras destas pedras, exceto as da posição 6801; cubos, pastilhas e artigos semelhantes, para mosaicos, de pedra natural (incluída a ardósia), mesmo com suporte; grânulos, fragmentos e",São Vicente e Granadinas,10408,25983,comexstat,2026-10-08
2025,10,6802,"Pedras de cantaria ou de construção (exceto de ardósia) trabalhadas e obras destas pedras, exceto as da posição 6801; cubos, pastilhas e artigos semelhantes, para mosaicos, de pedra natural (incluída a ardósia), mesmo com suporte; grânulos, fragmentos e",Venezuela,10352,427,comexstat,2026-10-08
2025,08,6802,"Pedras de cantaria ou de construção (exceto de ardósia) trabalhadas e obras destas pedras, exceto as da posição 6801; cubos, pastilhas e artigos semelhantes, para mosaicos, de pedra natural (incluída a ardósia), mesmo com suporte; grânulos, fragmentos e",Japão,10167,42410,comexstat,2026-10-08
2025,01,6801,"Pedras para calcetar, meios-fios e placas (lajes) para pavimentação, de pedra natural (exceto a ardósia)",Uruguai,10150,27850,comexstat,2026-10-08
2025,05,2516,"Granito, pórfiro, basalto, arenito e outras pedras de cantaria ou de construção, mesmo desbastados ou simplesmente cortados à serra ou por outro meio, em blocos ou placas de forma quadrada ou rectangular",Estados Unidos,10148,23672,comexstat,2026-10-08
2025,09,2516,"Granito, pórfiro, basalto, arenito e outras pedras de cantaria ou de construção, mesmo desbastados ou simplesmente cortados à serra ou por outro meio, em blocos ou placas de forma quadrada ou rectangular",Paraguai,10108,6121,comexstat,2026-10-08
2025,07,6802,"Pedras de cantaria ou de construção (exceto de ardósia) trabalhadas e obras destas pedras, exceto as da posição 6801; cubos, pastilhas e artigos semelhantes, para mosaicos, de pedra natural (incluída a ardósia), mesmo com suporte; grânulos, fragmentos e",Guatemala,10083,24410,comexstat,2026-10-08
2025,02,6803,Ardósia natural trabalhada e obras de ardósia natural ou aglomerada,Japão,10076,19700,comexstat,2026-10-08
2025,12,6801,"Pedras para calcetar, meios-fios e placas (lajes) para pavimentação, de pedra natural (exceto a ardósia)",Espanha,9991,25450,comexstat,2026-10-08
2025,03,2516,"Granito, pórfiro, basalto, arenito e outras pedras de cantaria ou de construção, mesmo desbastados ou simplesmente cortados à serra ou por outro meio, em blocos ou placas de forma quadrada ou rectangular",Espanha,9972,26200,comexstat,2026-10-08
2025,01,6803,Ardósia natural trabalhada e obras de ardósia natural ou aglomerada,Japão,9859,19700,comexstat,2026-10-08
2025,08,6803,Ardósia natural trabalhada e obras de ardósia natural ou aglomerada,Argentina,9850,16705,comexstat,2026-10-08
2025,02,6802,"Pedras de cantaria ou de construção (exceto de ardósia) trabalhadas e obras destas pedras, exceto as da posição 6801; cubos, pastilhas e artigos semelhantes, para mosaicos, de pedra natural (incluída a ardósia), mesmo com suporte; grânulos, fragmentos e",Guatemala,9837,26500,comexstat,2026-10-08
2025,06,6803,Ardósia natural trabalhada e obras de ardósia natural ou aglomerada,Eslováquia,9478,18917,comexstat,2026-10-08
2025,10,6801,"Pedras para calcetar, meios-fios e placas (lajes) para pavimentação, de pedra natural (exceto a ardósia)",Guadalupe,9470,25510,comexstat,2026-10-08
2025,08,2514,"Ardósia, mesmo desbastada ou simplesmente cortada a serra ou por outro meio, em blocos ou placas de forma quadrada ou retangular",Lituânia,9461,25280,comexstat,2026-10-08
2025,04,6802,"Pedras de cantaria ou de construção (exceto de ardósia) trabalhadas e obras destas pedras, exceto as da posição 6801; cubos, pastilhas e artigos semelhantes, para mosaicos, de pedra natural (incluída a ardósia), mesmo com suporte; grânulos, fragmentos e",Egito,9366,24335,comexstat,2026-10-08
2025,01,6801,"Pedras para calcetar, meios-fios e placas (lajes) para pavimentação, de pedra natural (exceto a ardósia)",Japão,9325,41370,comexstat,2026-10-08
2025,06,2514,"Ardósia, mesmo desbastada ou simplesmente cortada a serra ou por outro meio, em blocos ou placas de forma quadrada ou retangular",Ucrânia,9265,25129,comexstat,2026-10-08
2025,07,6803,Ardósia natural trabalhada e obras de ardósia natural ou aglomerada,México,9249,22012,comexstat,2026-10-08
2025,06,6803,Ardósia natural trabalhada e obras de ardósia natural ou aglomerada,México,9194,21920,comexstat,2026-10-08
2025,02,6803,Ardósia natural trabalhada e obras de ardósia natural ou aglomerada,Argentina,9153,28467,comexstat,2026-10-08
2025,12,6801,"Pedras para calcetar, meios-fios e placas (lajes) para pavimentação, de pedra natural (exceto a ardósia)",China,9135,27355,comexstat,2026-10-08
2025,09,6801,"Pedras para calcetar, meios-fios e placas (lajes) para pavimentação, de pedra natural (exceto a ardósia)",Austrália,9108,25300,comexstat,2026-10-08
2025,10,6802,"Pedras de cantaria ou de construção (exceto de ardósia) trabalhadas e obras destas pedras, exceto as da posição 6801; cubos, pastilhas e artigos semelhantes, para mosaicos, de pedra natural (incluída a ardósia), mesmo com suporte; grânulos, fragmentos e",Mauritânia,9000,27426,comexstat,2026-10-08
2025,05,2516,"Granito, pórfiro, basalto, arenito e outras pedras de cantaria ou de construção, mesmo desbastados ou simplesmente cortados à serra ou por outro meio, em blocos ou placas de forma quadrada ou rectangular",Paraguai,8997,26901,comexstat,2026-10-08
2025,07,2515,"Mármores, travertinos, granitos belgas e outras pedras calcárias de cantaria ou de construção, de densidade aparente igual ou superior a 2,5, e alabastro, mesmo desbastados ou simplesmente cortados à serra ou por outro meio, em blocos ou placas de forma q",Portugal,8986,26500,comexstat,2026-10-08
2025,07,6802,"Pedras de cantaria ou de construção (exceto de ardósia) trabalhadas e obras destas pedras, exceto as da posição 6801; cubos, pastilhas e artigos semelhantes, para mosaicos, de pedra natural (incluída a ardósia), mesmo com suporte; grânulos, fragmentos e",Cabo Verde,8858,26593,comexstat,2026-10-08
2025,09,6801,"Pedras para calcetar, meios-fios e placas (lajes) para pavimentação, de pedra natural (exceto a ardósia)",Bélgica,8854,25805,comexstat,2026-10-08
2025,05,6801,"Pedras para calcetar, meios-fios e placas (lajes) para pavimentação, de pedra natural (exceto a ardósia)",México,8731,23894,comexstat,2026-10-08
2025,08,6801,"Pedras para calcetar, meios-fios e placas (lajes) para pavimentação, de pedra natural (exceto a ardósia)",Espanha,8667,25436,comexstat,2026-10-08
2025,03,6803,Ardósia natural trabalhada e obras de ardósia natural ou aglomerada,Islândia,8651,25930,comexstat,2026-10-08
2025,08,2516,"Granito, pórfiro, basalto, arenito e outras pedras de cantaria ou de construção, mesmo desbastados ou simplesmente cortados à serra ou por outro meio, em blocos ou placas de forma quadrada ou rectangular",Paraguai,8622,9780,comexstat,2026-10-08
2025,10,2515,"Mármores, travertinos, granitos belgas e outras pedras calcárias de cantaria ou de construção, de densidade aparente igual ou superior a 2,5, e alabastro, mesmo desbastados ou simplesmente cortados à serra ou por outro meio, em blocos ou placas de forma q",Estados Unidos,8610,28700,comexstat,2026-10-08
2025,11,6801,"Pedras para calcetar, meios-fios e placas (lajes) para pavimentação, de pedra natural (exceto a ardósia)",Países Baixos (Holanda),8542,26210,comexstat,2026-10-08
2025,09,6802,"Pedras de cantaria ou de construção (exceto de ardósia) trabalhadas e obras destas pedras, exceto as da posição 6801; cubos, pastilhas e artigos semelhantes, para mosaicos, de pedra natural (incluída a ardósia), mesmo com suporte; grânulos, fragmentos e",Guiana Francesa,8382,3465,comexstat,2026-10-08
2025,02,6802,"Pedras de cantaria ou de construção (exceto de ardósia) trabalhadas e obras destas pedras, exceto as da posição 6801; cubos, pastilhas e artigos semelhantes, para mosaicos, de pedra natural (incluída a ardósia), mesmo com suporte; grânulos, fragmentos e",Moçambique,8220,21454,comexstat,2026-10-08
2025,06,2515,"Mármores, travertinos, granitos belgas e outras pedras calcárias de cantaria ou de construção, de densidade aparente igual ou superior a 2,5, e alabastro, mesmo desbastados ou simplesmente cortados à serra ou por outro meio, em blocos ou placas de forma q",Alemanha,7970,24160,comexstat,2026-10-08
2025,03,2516,"Granito, pórfiro, basalto, arenito e outras pedras de cantaria ou de construção, mesmo desbastados ou simplesmente cortados à serra ou por outro meio, em blocos ou placas de forma quadrada ou rectangular",Paraguai,7937,54925,comexstat,2026-10-08
2025,05,6802,"Pedras de cantaria ou de construção (exceto de ardósia) trabalhadas e obras destas pedras, exceto as da posição 6801; cubos, pastilhas e artigos semelhantes, para mosaicos, de pedra natural (incluída a ardósia), mesmo com suporte; grânulos, fragmentos e",Cabo Verde,7932,26597,comexstat,2026-10-08
2025,01,2516,"Granito, pórfiro, basalto, arenito e outras pedras de cantaria ou de construção, mesmo desbastados ou simplesmente cortados à serra ou por outro meio, em blocos ou placas de forma quadrada ou rectangular",Uzbequistão,7856,28970,comexstat,2026-10-08
2025,12,6802,"Pedras de cantaria ou de construção (exceto de ardósia) trabalhadas e obras destas pedras, exceto as da posição 6801; cubos, pastilhas e artigos semelhantes, para mosaicos, de pedra natural (incluída a ardósia), mesmo com suporte; grânulos, fragmentos e",Panamá,7825,26326,comexstat,2026-10-08
2025,11,6802,"Pedras de cantaria ou de construção (exceto de ardósia) trabalhadas e obras destas pedras, exceto as da posição 6801; cubos, pastilhas e artigos semelhantes, para mosaicos, de pedra natural (incluída a ardósia), mesmo com suporte; grânulos, fragmentos e",Letônia,7813,26450,comexstat,2026-10-08
2025,03,6802,"Pedras de cantaria ou de construção (exceto de ardósia) trabalhadas e obras destas pedras, exceto as da posição 6801; cubos, pastilhas e artigos semelhantes, para mosaicos, de pedra natural (incluída a ardósia), mesmo com suporte; grânulos, fragmentos e",Ucrânia,7658,24004,comexstat,2026-10-08
2025,07,6801,"Pedras para calcetar, meios-fios e placas (lajes) para pavimentação, de pedra natural (exceto a ardósia)",Bélgica,7290,27000,comexstat,2026-10-08
2025,08,6802,"Pedras de cantaria ou de construção (exceto de ardósia) trabalhadas e obras destas pedras, exceto as da posição 6801; cubos, pastilhas e artigos semelhantes, para mosaicos, de pedra natural (incluída a ardósia), mesmo com suporte; grânulos, fragmentos e",El Salvador,7232,23116,comexstat,2026-10-08
2025,12,2514,"Ardósia, mesmo desbastada ou simplesmente cortada a serra ou por outro meio, em blocos ou placas de forma quadrada ou retangular",Argentina,7200,17000,comexstat,2026-10-08
2025,07,6802,"Pedras de cantaria ou de construção (exceto de ardósia) trabalhadas e obras destas pedras, exceto as da posição 6801; cubos, pastilhas e artigos semelhantes, para mosaicos, de pedra natural (incluída a ardósia), mesmo com suporte; grânulos, fragmentos e",Japão,7190,19330,comexstat,2026-10-08
2025,08,6801,"Pedras para calcetar, meios-fios e placas (lajes) para pavimentação, de pedra natural (exceto a ardósia)",Bélgica,7000,27220,comexstat,2026-10-08
2025,09,6802,"Pedras de cantaria ou de construção (exceto de ardósia) trabalhadas e obras destas pedras, exceto as da posição 6801; cubos, pastilhas e artigos semelhantes, para mosaicos, de pedra natural (incluída a ardósia), mesmo com suporte; grânulos, fragmentos e",Barbados,7000,2672,comexstat,2026-10-08
2025,09,6803,Ardósia natural trabalhada e obras de ardósia natural ou aglomerada,Uruguai,6942,26150,comexstat,2026-10-08
2025,06,6801,"Pedras para calcetar, meios-fios e placas (lajes) para pavimentação, de pedra natural (exceto a ardósia)",Estônia,6914,26160,comexstat,2026-10-08
2025,11,6801,"Pedras para calcetar, meios-fios e placas (lajes) para pavimentação, de pedra natural (exceto a ardósia)",Alemanha,6887,26740,comexstat,2026-10-08
2025,04,6803,Ardósia natural trabalhada e obras de ardósia natural ou aglomerada,Suíça,6870,18656,comexstat,2026-10-08
2025,12,2515,"Mármores, travertinos, granitos belgas e outras pedras calcárias de cantaria ou de construção, de densidade aparente igual ou superior a 2,5, e alabastro, mesmo desbastados ou simplesmente cortados à serra ou por outro meio, em blocos ou placas de forma q",Paraguai,6819,17342,comexstat,2026-10-08
2025,08,6801,"Pedras para calcetar, meios-fios e placas (lajes) para pavimentação, de pedra natural (exceto a ardósia)",França,6617,24090,comexstat,2026-10-08
2025,06,2515,"Mármores, travertinos, granitos belgas e outras pedras calcárias de cantaria ou de construção, de densidade aparente igual ou superior a 2,5, e alabastro, mesmo desbastados ou simplesmente cortados à serra ou por outro meio, em blocos ou placas de forma q",Turquia,6614,27820,comexstat,2026-10-08
2025,07,2515,"Mármores, travertinos, granitos belgas e outras pedras calcárias de cantaria ou de construção, de densidade aparente igual ou superior a 2,5, e alabastro, mesmo desbastados ou simplesmente cortados à serra ou por outro meio, em blocos ou placas de forma q",Estados Unidos,6406,422,comexstat,2026-10-08
2025,04,6803,Ardósia natural trabalhada e obras de ardósia natural ou aglomerada,Argentina,6357,16045,comexstat,2026-10-08
2025,07,6803,Ardósia natural trabalhada e obras de ardósia natural ou aglomerada,Argentina,6346,16012,comexstat,2026-10-08
2025,08,6801,"Pedras para calcetar, meios-fios e placas (lajes) para pavimentação, de pedra natural (exceto a ardósia)",Argentina,6336,9548,comexstat,2026-10-08
2025,08,6801,"Pedras para calcetar, meios-fios e placas (lajes) para pavimentação, de pedra natural (exceto a ardósia)",Chile,6268,25066,comexstat,2026-10-08
2025,10,2516,"Granito, pórfiro, basalto, arenito e outras pedras de cantaria ou de construção, mesmo desbastados ou simplesmente cortados à serra ou por outro meio, em blocos ou placas de forma quadrada ou rectangular",Paraguai,6260,3638,comexstat,2026-10-08
2025,12,2516,"Granito, pórfiro, basalto, arenito e outras pedras de cantaria ou de construção, mesmo desbastados ou simplesmente cortados à serra ou por outro meio, em blocos ou placas de forma quadrada ou rectangular",Bolívia,6152,45260,comexstat,2026-10-08
2025,10,6801,"Pedras para calcetar, meios-fios e placas (lajes) para pavimentação, de pedra natural (exceto a ardósia)",Itália,6014,26700,comexstat,2026-10-08
2025,12,6801,"Pedras para calcetar, meios-fios e placas (lajes) para pavimentação, de pedra natural (exceto a ardósia)",Estados Unidos,5904,22945,comexstat,2026-10-08
2025,12,2516,"Granito, pórfiro, basalto, arenito e outras pedras de cantaria ou de construção, mesmo desbastados ou simplesmente cortados à serra ou por outro meio, em blocos ou placas de forma quadrada ou rectangular",Países Baixos (Holanda),5817,19980,comexstat,2026-10-08
2025,10,2515,"Mármores, travertinos, granitos belgas e outras pedras calcárias de cantaria ou de construção, de densidade aparente igual ou superior a 2,5, e alabastro, mesmo desbastados ou simplesmente cortados à serra ou por outro meio, em blocos ou placas de forma q",Angola,5522,103,comexstat,2026-10-08
2025,05,6802,"Pedras de cantaria ou de construção (exceto de ardósia) trabalhadas e obras destas pedras, exceto as da posição 6801; cubos, pastilhas e artigos semelhantes, para mosaicos, de pedra natural (incluída a ardósia), mesmo com suporte; grânulos, fragmentos e",Dinamarca,5504,2474,comexstat,2026-10-08
2025,01,6801,"Pedras para calcetar, meios-fios e placas (lajes) para pavimentação, de pedra natural (exceto a ardósia)",Ucrânia,5396,15418,comexstat,2026-10-08
2025,12,6802,"Pedras de cantaria ou de construção (exceto de ardósia) trabalhadas e obras destas pedras, exceto as da posição 6801; cubos, pastilhas e artigos semelhantes, para mosaicos, de pedra natural (incluída a ardósia), mesmo com suporte; grânulos, fragmentos e",Hong Kong,5376,6450,comexstat,2026-10-08
2025,08,2515,"Mármores, travertinos, granitos belgas e outras pedras calcárias de cantaria ou de construção, de densidade aparente igual ou superior a 2,5, e alabastro, mesmo desbastados ou simplesmente cortados à serra ou por outro meio, em blocos ou placas de forma q",Estados Unidos,5369,752,comexstat,2026-10-08
2025,04,6801,"Pedras para calcetar, meios-fios e placas (lajes) para pavimentação, de pedra natural (exceto a ardósia)",Países Baixos (Holanda),5094,25830,comexstat,2026-10-08
2025,03,6802,"Pedras de cantaria ou de construção (exceto de ardósia) trabalhadas e obras destas pedras, exceto as da posição 6801; cubos, pastilhas e artigos semelhantes, para mosaicos, de pedra natural (incluída a ardósia), mesmo com suporte; grânulos, fragmentos e",Terras Austrais Francesas,5088,11239,comexstat,2026-10-08
2025,03,6802,"Pedras de cantaria ou de construção (exceto de ardósia) trabalhadas e obras destas pedras, exceto as da posição 6801; cubos, pastilhas e artigos semelhantes, para mosaicos, de pedra natural (incluída a ardósia), mesmo com suporte; grânulos, fragmentos e",Dominica,5085,7980,comexstat,2026-10-08
2025,07,2516,"Granito, pórfiro, basalto, arenito e outras pedras de cantaria ou de construção, mesmo desbastados ou simplesmente cortados à serra ou por outro meio, em blocos ou placas de forma quadrada ou rectangular",Portugal,4950,18890,comexstat,2026-10-08
2025,04,6802,"Pedras de cantaria ou de construção (exceto de ardósia) trabalhadas e obras destas pedras, exceto as da posição 6801; cubos, pastilhas e artigos semelhantes, para mosaicos, de pedra natural (incluída a ardósia), mesmo com suporte; grânulos, fragmentos e","Bonaire, Saint Eustatius e Saba",4766,15976,comexstat,2026-10-08
2025,08,6802,"Pedras de cantaria ou de construção (exceto de ardósia) trabalhadas e obras destas pedras, exceto as da posição 6801; cubos, pastilhas e artigos semelhantes, para mosaicos, de pedra natural (incluída a ardósia), mesmo com suporte; grânulos, fragmentos e",Líbia,4735,25805,comexstat,2026-10-08
2025,02,2514,"Ardósia, mesmo desbastada ou simplesmente cortada a serra ou por outro meio, em blocos ou placas de forma quadrada ou retangular",Reino Unido,4571,11004,comexstat,2026-10-08
2025,08,6801,"Pedras para calcetar, meios-fios e placas (lajes) para pavimentação, de pedra natural (exceto a ardósia)",Japão,4555,20530,comexstat,2026-10-08
2025,05,6802,"Pedras de cantaria ou de construção (exceto de ardósia) trabalhadas e obras destas pedras, exceto as da posição 6801; cubos, pastilhas e artigos semelhantes, para mosaicos, de pedra natural (incluída a ardósia), mesmo com suporte; grânulos, fragmentos e",Líbano,4504,26115,comexstat,2026-10-08
2025,09,6802,"Pedras de cantaria ou de construção (exceto de ardósia) trabalhadas e obras destas pedras, exceto as da posição 6801; cubos, pastilhas e artigos semelhantes, para mosaicos, de pedra natural (incluída a ardósia), mesmo com suporte; grânulos, fragmentos e",África do Sul,4486,2750,comexstat,2026-10-08
2025,05,2516,"Granito, pórfiro, basalto, arenito e outras pedras de cantaria ou de construção, mesmo desbastados ou simplesmente cortados à serra ou por outro meio, em blocos ou placas de forma quadrada ou rectangular",Espanha,4462,49620,comexstat,2026-10-08
2025,06,2514,"Ardósia, mesmo desbastada ou simplesmente cortada a serra ou por outro meio, em blocos ou placas de forma quadrada ou retangular",Lituânia,4448,11874,comexstat,2026-10-08
2025,06,2515,"Mármores, travertinos, granitos belgas e outras pedras calcárias de cantaria ou de construção, de densidade aparente igual ou superior a 2,5, e alabastro, mesmo desbastados ou simplesmente cortados à serra ou por outro meio, em blocos ou placas de forma q",Emirados Árabes Unidos,4344,14480,comexstat,2026-10-08
2025,01,6803,Ardósia natural trabalhada e obras de ardósia natural ou aglomerada,Nova Zelândia,4308,10554,comexstat,2026-10-08
2025,10,2515,"Mármores, travertinos, granitos belgas e outras pedras calcárias de cantaria ou de construção, de densidade aparente igual ou superior a 2,5, e alabastro, mesmo desbastados ou simplesmente cortados à serra ou por outro meio, em blocos ou placas de forma q",Bolívia,4295,110,comexstat,2026-10-08
2025,05,2515,"Mármores, travertinos, granitos belgas e outras pedras calcárias de cantaria ou de construção, de densidade aparente igual ou superior a 2,5, e alabastro, mesmo desbastados ou simplesmente cortados à serra ou por outro meio, em blocos ou placas de forma q",Grécia,4179,20840,comexstat,2026-10-08
2025,01,2516,"Granito, pórfiro, basalto, arenito e outras pedras de cantaria ou de construção, mesmo desbastados ou simplesmente cortados à serra ou por outro meio, em blocos ou placas de forma quadrada ou rectangular",Paraguai,4146,9516,comexstat,2026-10-08
2025,04,6801,"Pedras para calcetar, meios-fios e placas (lajes) para pavimentação, de pedra natural (exceto a ardósia)",Estados Unidos,4089,10895,comexstat,2026-10-08
2025,07,2516,"Granito, pórfiro, basalto, arenito e outras pedras de cantaria ou de construção, mesmo desbastados ou simplesmente cortados à serra ou por outro meio, em blocos ou placas de forma quadrada ou rectangular",Bangladesh,4026,53290,comexstat,2026-10-08
2025,01,6802,"Pedras de cantaria ou de construção (exceto de ardósia) trabalhadas e obras destas pedras, exceto as da posição 6801; cubos, pastilhas e artigos semelhantes, para mosaicos, de pedra natural (incluída a ardósia), mesmo com suporte; grânulos, fragmentos e","Faroe, Ilhas",3957,10301,comexstat,2026-10-08
2025,01,6801,"Pedras para calcetar, meios-fios e placas (lajes) para pavimentação, de pedra natural (exceto a ardósia)",Austrália,3835,10957,comexstat,2026-10-08
2025,01,6803,Ardósia natural trabalhada e obras de ardósia natural ou aglomerada,"Bonaire, Saint Eustatius e Saba",3780,3691,comexstat,2026-10-08
2025,07,2515,"Mármores, travertinos, granitos belgas e outras pedras calcárias de cantaria ou de construção, de densidade aparente igual ou superior a 2,5, e alabastro, mesmo desbastados ou simplesmente cortados à serra ou por outro meio, em blocos ou placas de forma q",Paraguai,3776,3330,comexstat,2026-10-08
2025,07,2516,"Granito, pórfiro, basalto, arenito e outras pedras de cantaria ou de construção, mesmo desbastados ou simplesmente cortados à serra ou por outro meio, em blocos ou placas de forma quadrada ou rectangular",Lituânia,3743,22200,comexstat,2026-10-08
2025,06,6803,Ardósia natural trabalhada e obras de ardósia natural ou aglomerada,Áustria,3689,9460,comexstat,2026-10-08
2025,04,2516,"Granito, pórfiro, basalto, arenito e outras pedras de cantaria ou de construção, mesmo desbastados ou simplesmente cortados à serra ou por outro meio, em blocos ou placas de forma quadrada ou rectangular",Uzbequistão,3686,9950,comexstat,2026-10-08
2025,11,6803,Ardósia natural trabalhada e obras de ardósia natural ou aglomerada,Taiwan (Formosa),3456,3960,comexstat,2026-10-08
2025,10,2515,"Mármores, travertinos, granitos belgas e outras pedras calcárias de cantaria ou de construção, de densidade aparente igual ou superior a 2,5, e alabastro, mesmo desbastados ou simplesmente cortados à serra ou por outro meio, em blocos ou placas de forma q",Paraguai,3452,64,comexstat,2026-10-08
2025,09,6801,"Pedras para calcetar, meios-fios e placas (lajes) para pavimentação, de pedra natural (exceto a ardósia)",Estados Unidos,3436,13260,comexstat,2026-10-08
2025,10,2514,"Ardósia, mesmo desbastada ou simplesmente cortada a serra ou por outro meio, em blocos ou placas de forma quadrada ou retangular",Argentina,3417,19293,comexstat,2026-10-08
2025,12,6802,"Pedras de cantaria ou de construção (exceto de ardósia) trabalhadas e obras destas pedras, exceto as da posição 6801; cubos, pastilhas e artigos semelhantes, para mosaicos, de pedra natural (incluída a ardósia), mesmo com suporte; grânulos, fragmentos e",Curaçao,3265,1279,comexstat,2026-10-08
2025,09,6803,Ardósia natural trabalhada e obras de ardósia natural ou aglomerada,Paraguai,3262,32000,comexstat,2026-10-08
2025,02,6801,"Pedras para calcetar, meios-fios e placas (lajes) para pavimentação, de pedra natural (exceto a ardósia)",Chile,3139,8640,comexstat,2026-10-08
2025,03,2514,"Ardósia, mesmo desbastada ou simplesmente cortada a serra ou por outro meio, em blocos ou placas de forma quadrada ou retangular",Bélgica,3139,7740,comexstat,2026-10-08
2025,01,6802,"Pedras de cantaria ou de construção (exceto de ardósia) trabalhadas e obras destas pedras, exceto as da posição 6801; cubos, pastilhas e artigos semelhantes, para mosaicos, de pedra natural (incluída a ardósia), mesmo com suporte; grânulos, fragmentos e","Tcheca, República",3124,90,comexstat,2026-10-08
2025,06,2515,"Mármores, travertinos, granitos belgas e outras pedras calcárias de cantaria ou de construção, de densidade aparente igual ou superior a 2,5, e alabastro, mesmo desbastados ou simplesmente cortados à serra ou por outro meio, em blocos ou placas de forma q",Portugal,3053,26168,comexstat,2026-10-08
2025,07,6802,"Pedras de cantaria ou de construção (exceto de ardósia) trabalhadas e obras destas pedras, exceto as da posição 6801; cubos, pastilhas e artigos semelhantes, para mosaicos, de pedra natural (incluída a ardósia), mesmo com suporte; grânulos, fragmentos e",Guiné-Bissau,3033,1570,comexstat,2026-10-08
2025,06,2514,"Ardósia, mesmo desbastada ou simplesmente cortada a serra ou por outro meio, em blocos ou placas de forma quadrada ou retangular",Eslováquia,2998,7702,comexstat,2026-10-08
2025,10,6801,"Pedras para calcetar, meios-fios e placas (lajes) para pavimentação, de pedra natural (exceto a ardósia)",Uruguai,2790,10380,comexstat,2026-10-08
2025,06,6803,Ardósia natural trabalhada e obras de ardósia natural ou aglomerada,Paraguai,2771,32000,comexstat,2026-10-08
2025,01,2515,"Mármores, travertinos, granitos belgas e outras pedras calcárias de cantaria ou de construção, de densidade aparente igual ou superior a 2,5, e alabastro, mesmo desbastados ou simplesmente cortados à serra ou por outro meio, em blocos ou placas de forma q",Índia,2629,23630,comexstat,2026-10-08
2025,10,2515,"Mármores, travertinos, granitos belgas e outras pedras calcárias de cantaria ou de construção, de densidade aparente igual ou superior a 2,5, e alabastro, mesmo desbastados ou simplesmente cortados à serra ou por outro meio, em blocos ou placas de forma q",Argentina,2518,306,comexstat,2026-10-08
2025,09,2516,"Granito, pórfiro, basalto, arenito e outras pedras de cantaria ou de construção, mesmo desbastados ou simplesmente cortados à serra ou por outro meio, em blocos ou placas de forma quadrada ou rectangular",Guiana Francesa,2403,2104,comexstat,2026-10-08
2025,04,6802,"Pedras de cantaria ou de construção (exceto de ardósia) trabalhadas e obras destas pedras, exceto as da posição 6801; cubos, pastilhas e artigos semelhantes, para mosaicos, de pedra natural (incluída a ardósia), mesmo com suporte; grânulos, fragmentos e",Sudão,2221,3290,comexstat,2026-10-08
2025,08,6802,"Pedras de cantaria ou de construção (exceto de ardósia) trabalhadas e obras destas pedras, exceto as da posição 6801; cubos, pastilhas e artigos semelhantes, para mosaicos, de pedra natural (incluída a ardósia), mesmo com suporte; grânulos, fragmentos e",Chile,2030,120,comexstat,2026-10-08
2025,10,2515,"Mármores, travertinos, granitos belgas e outras pedras calcárias de cantaria ou de construção, de densidade aparente igual ou superior a 2,5, e alabastro, mesmo desbastados ou simplesmente cortados à serra ou por outro meio, em blocos ou placas de forma q",Taiwan (Formosa),2012,28320,comexstat,2026-10-08
2025,03,6803,Ardósia natural trabalhada e obras de ardósia natural ou aglomerada,Nova Zelândia,1879,3172,comexstat,2026-10-08
2025,04,6802,"Pedras de cantaria ou de construção (exceto de ardósia) trabalhadas e obras destas pedras, exceto as da posição 6801; cubos, pastilhas e artigos semelhantes, para mosaicos, de pedra natural (incluída a ardósia), mesmo com suporte; grânulos, fragmentos e",Guiana,1748,1062,comexstat,2026-10-08
2025,01,2516,"Granito, pórfiro, basalto, arenito e outras pedras de cantaria ou de construção, mesmo desbastados ou simplesmente cortados à serra ou por outro meio, em blocos ou placas de forma quadrada ou rectangular",Estados Unidos,1701,21770,comexstat,2026-10-08
2025,09,6802,"Pedras de cantaria ou de construção (exceto de ardósia) trabalhadas e obras destas pedras, exceto as da posição 6801; cubos, pastilhas e artigos semelhantes, para mosaicos, de pedra natural (incluída a ardósia), mesmo com suporte; grânulos, fragmentos e",Egito,1607,7802,comexstat,2026-10-08
2025,05,6802,"Pedras de cantaria ou de construção (exceto de ardósia) trabalhadas e obras destas pedras, exceto as da posição 6801; cubos, pastilhas e artigos semelhantes, para mosaicos, de pedra natural (incluída a ardósia), mesmo com suporte; grânulos, fragmentos e","Faroe, Ilhas",1437,3250,comexstat,2026-10-08
2025,11,2516,"Granito, pórfiro, basalto, arenito e outras pedras de cantaria ou de construção, mesmo desbastados ou simplesmente cortados à serra ou por outro meio, em blocos ou placas de forma quadrada ou rectangular",Paraguai,1404,752,comexstat,2026-10-08
2025,01,2515,"Mármores, travertinos, granitos belgas e outras pedras calcárias de cantaria ou de construção, de densidade aparente igual ou superior a 2,5, e alabastro, mesmo desbastados ou simplesmente cortados à serra ou por outro meio, em blocos ou placas de forma q",Uzbequistão,1380,14190,comexstat,2026-10-08
2025,02,2515,"Mármores, travertinos, granitos belgas e outras pedras calcárias de cantaria ou de construção, de densidade aparente igual ou superior a 2,5, e alabastro, mesmo desbastados ou simplesmente cortados à serra ou por outro meio, em blocos ou placas de forma q",Paraguai,1320,13601,comexstat,2026-10-08
2025,07,6802,"Pedras de cantaria ou de construção (exceto de ardósia) trabalhadas e obras destas pedras, exceto as da posição 6801; cubos, pastilhas e artigos semelhantes, para mosaicos, de pedra natural (incluída a ardósia), mesmo com suporte; grânulos, fragmentos e",Guiana Francesa,1283,6075,comexstat,2026-10-08
2025,07,2516,"Granito, pórfiro, basalto, arenito e outras pedras de cantaria ou de construção, mesmo desbastados ou simplesmente cortados à serra ou por outro meio, em blocos ou placas de forma quadrada ou rectangular",Paraguai,1165,910,comexstat,2026-10-08
2025,03,2515,"Mármores, travertinos, granitos belgas e outras pedras calcárias de cantaria ou de construção, de densidade aparente igual ou superior a 2,5, e alabastro, mesmo desbastados ou simplesmente cortados à serra ou por outro meio, em blocos ou placas de forma q",Paraguai,1106,6935,comexstat,2026-10-08
2025,06,2514,"Ardósia, mesmo desbastada ou simplesmente cortada a serra ou por outro meio, em blocos ou placas de forma quadrada ou retangular",Itália,1099,2971,comexstat,2026-10-08
2025,01,6802,"Pedras de cantaria ou de construção (exceto de ardósia) trabalhadas e obras destas pedras, exceto as da posição 6801; cubos, pastilhas e artigos semelhantes, para mosaicos, de pedra natural (incluída a ardósia), mesmo com suporte; grânulos, fragmentos e",Guiana,1097,2837,comexstat,2026-10-08
2025,11,2515,"Mármores, travertinos, granitos belgas e outras pedras calcárias de cantaria ou de construção, de densidade aparente igual ou superior a 2,5, e alabastro, mesmo desbastados ou simplesmente cortados à serra ou por outro meio, em blocos ou placas de forma q",Paraguai,1096,1010,comexstat,2026-10-08
2025,08,6803,Ardósia natural trabalhada e obras de ardósia natural ou aglomerada,Nova Zelândia,1054,820,comexstat,2026-10-08
2025,12,6802,"Pedras de cantaria ou de construção (exceto de ardósia) trabalhadas e obras destas pedras, exceto as da posição 6801; cubos, pastilhas e artigos semelhantes, para mosaicos, de pedra natural (incluída a ardósia), mesmo com suporte; grânulos, fragmentos e",Suriname,1040,291,comexstat,2026-10-08
2025,10,6803,Ardósia natural trabalhada e obras de ardósia natural ou aglomerada,Polônia,1034,650,comexstat,2026-10-08
2025,04,2516,"Granito, pórfiro, basalto, arenito e outras pedras de cantaria ou de construção, mesmo desbastados ou simplesmente cortados à serra ou por outro meio, em blocos ou placas de forma quadrada ou rectangular",Paraguai,882,1820,comexstat,2026-10-08
2025,01,6802,"Pedras de cantaria ou de construção (exceto de ardósia) trabalhadas e obras destas pedras, exceto as da posição 6801; cubos, pastilhas e artigos semelhantes, para mosaicos, de pedra natural (incluída a ardósia), mesmo com suporte; grânulos, fragmentos e",Dominica,878,2036,comexstat,2026-10-08
2025,04,6803,Ardósia natural trabalhada e obras de ardósia natural ou aglomerada,"Faroe, Ilhas",871,2751,comexstat,2026-10-08
2025,08,6803,Ardósia natural trabalhada e obras de ardósia natural ou aglomerada,Paraguai,839,3736,comexstat,2026-10-08
2025,03,6802,"Pedras de cantaria ou de construção (exceto de ardósia) trabalhadas e obras destas pedras, exceto as da posição 6801; cubos, pastilhas e artigos semelhantes, para mosaicos, de pedra natural (incluída a ardósia), mesmo com suporte; grânulos, fragmentos e",Maurício,821,165,comexstat,2026-10-08
2025,03,6802,"Pedras de cantaria ou de construção (exceto de ardósia) trabalhadas e obras destas pedras, exceto as da posição 6801; cubos, pastilhas e artigos semelhantes, para mosaicos, de pedra natural (incluída a ardósia), mesmo com suporte; grânulos, fragmentos e",Guiana,806,3180,comexstat,2026-10-08
2025,04,2516,"Granito, pórfiro, basalto, arenito e outras pedras de cantaria ou de construção, mesmo desbastados ou simplesmente cortados à serra ou por outro meio, em blocos ou placas de forma quadrada ou rectangular",México,718,1660,comexstat,2026-10-08
2025,02,6803,Ardósia natural trabalhada e obras de ardósia natural ou aglomerada,Paraguai,674,3172,comexstat,2026-10-08
2025,02,2516,"Granito, pórfiro, basalto, arenito e outras pedras de cantaria ou de construção, mesmo desbastados ou simplesmente cortados à serra ou por outro meio, em blocos ou placas de forma quadrada ou rectangular",Estados Unidos,500,125,comexstat,2026-10-08
2025,05,2514,"Ardósia, mesmo desbastada ou simplesmente cortada a serra ou por outro meio, em blocos ou placas de forma quadrada ou retangular",Itália,259,993,comexstat,2026-10-08
2025,03,6802,"Pedras de cantaria ou de construção (exceto de ardósia) trabalhadas e obras destas pedras, exceto as da posição 6801; cubos, pastilhas e artigos semelhantes, para mosaicos, de pedra natural (incluída a ardósia), mesmo com suporte; grânulos, fragmentos e",Guiana Francesa,253,1600,comexstat,2026-10-08
2025,09,6803,Ardósia natural trabalhada e obras de ardósia natural ou aglomerada,China,177,580,comexstat,2026-10-08
2025,12,2514,"Ardósia, mesmo desbastada ou simplesmente cortada a serra ou por outro meio, em blocos ou placas de forma quadrada ou retangular",Paraguai,143,33,comexstat,2026-10-08
2025,01,2515,"Mármores, travertinos, granitos belgas e outras pedras calcárias de cantaria ou de construção, de densidade aparente igual ou superior a 2,5, e alabastro, mesmo desbastados ou simplesmente cortados à serra ou por outro meio, em blocos ou placas de forma q",Espanha,133,3350,comexstat,2026-10-08
2025,11,6802,"Pedras de cantaria ou de construção (exceto de ardósia) trabalhadas e obras destas pedras, exceto as da posição 6801; cubos, pastilhas e artigos semelhantes, para mosaicos, de pedra natural (incluída a ardósia), mesmo com suporte; grânulos, fragmentos e",Guiana Francesa,65,20,comexstat,2026-10-08
2025,12,6802,"Pedras de cantaria ou de construção (exceto de ardósia) trabalhadas e obras destas pedras, exceto as da posição 6801; cubos, pastilhas e artigos semelhantes, para mosaicos, de pedra natural (incluída a ardósia), mesmo com suporte; grânulos, fragmentos e",Angola,59,2,comexstat,2026-10-08
2025,05,2516,"Granito, pórfiro, basalto, arenito e outras pedras de cantaria ou de construção, mesmo desbastados ou simplesmente cortados à serra ou por outro meio, em blocos ou placas de forma quadrada ou rectangular",México,57,2011,comexstat,2026-10-08
2025,09,2516,"Granito, pórfiro, basalto, arenito e outras pedras de cantaria ou de construção, mesmo desbastados ou simplesmente cortados à serra ou por outro meio, em blocos ou placas de forma quadrada ou rectangular","Marshall, Ilhas",28,25,comexstat,2026-10-08
2025,06,6802,"Pedras de cantaria ou de construção (exceto de ardósia) trabalhadas e obras destas pedras, exceto as da posição 6801; cubos, pastilhas e artigos semelhantes, para mosaicos, de pedra natural (incluída a ardósia), mesmo com suporte; grânulos, fragmentos e",Barein,20,200,comexstat,2026-10-08
2025,01,6802,"Pedras de cantaria ou de construção (exceto de ardósia) trabalhadas e obras destas pedras, exceto as da posição 6801; cubos, pastilhas e artigos semelhantes, para mosaicos, de pedra natural (incluída a ardósia), mesmo com suporte; grânulos, fragmentos e",Líbano,20,2,comexstat,2026-10-08
2025,01,2516,"Granito, pórfiro, basalto, arenito e outras pedras de cantaria ou de construção, mesmo desbastados ou simplesmente cortados à serra ou por outro meio, em blocos ou placas de forma quadrada ou rectangular",Austrália,19,101,comexstat,2026-10-08
2025,08,6802,"Pedras de cantaria ou de construção (exceto de ardósia) trabalhadas e obras destas pedras, exceto as da posição 6801; cubos, pastilhas e artigos semelhantes, para mosaicos, de pedra natural (incluída a ardósia), mesmo com suporte; grânulos, fragmentos e",Libéria,17,1,comexstat,2026-10-08
2025,08,2516,"Granito, pórfiro, basalto, arenito e outras pedras de cantaria ou de construção, mesmo desbastados ou simplesmente cortados à serra ou por outro meio, em blocos ou placas de forma quadrada ou rectangular",Emirados Árabes Unidos,16,30,comexstat,2026-10-08
2025,04,2516,"Granito, pórfiro, basalto, arenito e outras pedras de cantaria ou de construção, mesmo desbastados ou simplesmente cortados à serra ou por outro meio, em blocos ou placas de forma quadrada ou rectangular",Espanha,14,48,comexstat,2026-10-08
2025,02,6802,"Pedras de cantaria ou de construção (exceto de ardósia) trabalhadas e obras destas pedras, exceto as da posição 6801; cubos, pastilhas e artigos semelhantes, para mosaicos, de pedra natural (incluída a ardósia), mesmo com suporte; grânulos, fragmentos e",Malta,14,14,comexstat,2026-10-08
2025,10,6801,"Pedras para calcetar, meios-fios e placas (lajes) para pavimentação, de pedra natural (exceto a ardósia)",Reino Unido,14,8,comexstat,2026-10-08
2025,08,6802,"Pedras de cantaria ou de construção (exceto de ardósia) trabalhadas e obras destas pedras, exceto as da posição 6801; cubos, pastilhas e artigos semelhantes, para mosaicos, de pedra natural (incluída a ardósia), mesmo com suporte; grânulos, fragmentos e",Barbados,12,50,comexstat,2026-10-08
2025,05,6802,"Pedras de cantaria ou de construção (exceto de ardósia) trabalhadas e obras destas pedras, exceto as da posição 6801; cubos, pastilhas e artigos semelhantes, para mosaicos, de pedra natural (incluída a ardósia), mesmo com suporte; grânulos, fragmentos e",Barein,10,70,comexstat,2026-10-08
2025,01,6802,"Pedras de cantaria ou de construção (exceto de ardósia) trabalhadas e obras destas pedras, exceto as da posição 6801; cubos, pastilhas e artigos semelhantes, para mosaicos, de pedra natural (incluída a ardósia), mesmo com suporte; grânulos, fragmentos e",Taiwan (Formosa),10,39,comexstat,2026-10-08
2025,08,6802,"Pedras de cantaria ou de construção (exceto de ardósia) trabalhadas e obras destas pedras, exceto as da posição 6801; cubos, pastilhas e artigos semelhantes, para mosaicos, de pedra natural (incluída a ardósia), mesmo com suporte; grânulos, fragmentos e",Marrocos,3,22,comexstat,2026-10-08
2025,04,2516,"Granito, pórfiro, basalto, arenito e outras pedras de cantaria ou de construção, mesmo desbastados ou simplesmente cortados à serra ou por outro meio, em blocos ou placas de forma quadrada ou rectangular",Austrália,2,15,comexstat,2026-10-08
2026,06,6802,"Pedras de cantaria ou de construção (exceto de ardósia) trabalhadas e obras destas pedras, exceto as da posição 6801; cubos, pastilhas e artigos semelhantes, para mosaicos, de pedra natural (incluída a ardósia), mesmo com suporte; grânulos, fragmentos e",Estados Unidos,93209422,64783249,comexstat,2026-10-08
2026,04,6802,"Pedras de cantaria ou de construção (exceto de ardósia) trabalhadas e obras destas pedras, exceto as da posição 6801; cubos, pastilhas e artigos semelhantes, para mosaicos, de pedra natural (incluída a ardósia), mesmo com suporte; grânulos, fragmentos e",Estados Unidos,82695920,60742120,comexstat,2026-10-08
2026,08,6802,"Pedras de cantaria ou de construção (exceto de ardósia) trabalhadas e obras destas pedras, exceto as da posição 6801; cubos, pastilhas e artigos semelhantes, para mosaicos, de pedra natural (incluída a ardósia), mesmo com suporte; grânulos, fragmentos e",Estados Unidos,70521794,49716916,comexstat,2026-10-08
2026,09,6802,"Pedras de cantaria ou de construção (exceto de ardósia) trabalhadas e obras destas pedras, exceto as da posição 6801; cubos, pastilhas e artigos semelhantes, para mosaicos, de pedra natural (incluída a ardósia), mesmo com suporte; grânulos, fragmentos e",Estados Unidos,64006529,43390421,comexstat,2026-10-08
2026,05,6802,"Pedras de cantaria ou de construção (exceto de ardósia) trabalhadas e obras destas pedras, exceto as da posição 6801; cubos, pastilhas e artigos semelhantes, para mosaicos, de pedra natural (incluída a ardósia), mesmo com suporte; grânulos, fragmentos e",Estados Unidos,61978275,48317597,comexstat,2026-10-08
2026,07,6802,"Pedras de cantaria ou de construção (exceto de ardósia) trabalhadas e obras destas pedras, exceto as da posição 6801; cubos, pastilhas e artigos semelhantes, para mosaicos, de pedra natural (incluída a ardósia), mesmo com suporte; grânulos, fragmentos e",Estados Unidos,60559904,42246995,comexstat,2026-10-08
2026,01,6802,"Pedras de cantaria ou de construção (exceto de ardósia) trabalhadas e obras destas pedras, exceto as da posição 6801; cubos, pastilhas e artigos semelhantes, para mosaicos, de pedra natural (incluída a ardósia), mesmo com suporte; grânulos, fragmentos e",Estados Unidos,46558458,32977962,comexstat,2026-10-08
2026,03,6802,"Pedras de cantaria ou de construção (exceto de ardósia) trabalhadas e obras destas pedras, exceto as da posição 6801; cubos, pastilhas e artigos semelhantes, para mosaicos, de pedra natural (incluída a ardósia), mesmo com suporte; grânulos, fragmentos e",Estados Unidos,44961039,33610455,comexstat,2026-10-08
2026,02,6802,"Pedras de cantaria ou de construção (exceto de ardósia) trabalhadas e obras destas pedras, exceto as da posição 6801; cubos, pastilhas e artigos semelhantes, para mosaicos, de pedra natural (incluída a ardósia), mesmo com suporte; grânulos, fragmentos e",Estados Unidos,31089530,24183684,comexstat,2026-10-08
2026,07,2516,"Granito, pórfiro, basalto, arenito e outras pedras de cantaria ou de construção, mesmo desbastados ou simplesmente cortados à serra ou por outro meio, em blocos ou placas de forma quadrada ou rectangular",China,17344719,72382002,comexstat,2026-10-08
2026,09,2516,"Granito, pórfiro, basalto, arenito e outras pedras de cantaria ou de construção, mesmo desbastados ou simplesmente cortados à serra ou por outro meio, em blocos ou placas de forma quadrada ou rectangular",China,17268506,88166190,comexstat,2026-10-08
2026,02,2516,"Granito, pórfiro, basalto, arenito e outras pedras de cantaria ou de construção, mesmo desbastados ou simplesmente cortados à serra ou por outro meio, em blocos ou placas de forma quadrada ou rectangular",China,16162200,81835419,comexstat,2026-10-08
2026,03,2516,"Granito, pórfiro, basalto, arenito e outras pedras de cantaria ou de construção, mesmo desbastados ou simplesmente cortados à serra ou por outro meio, em blocos ou placas de forma quadrada ou rectangular",China,15023073,62106763,comexstat,2026-10-08
2026,06,2516,"Granito, pórfiro, basalto, arenito e outras pedras de cantaria ou de construção, mesmo desbastados ou simplesmente cortados à serra ou por outro meio, em blocos ou placas de forma quadrada ou rectangular",China,14506718,64433270,comexstat,2026-10-08
2026,01,2516,"Granito, pórfiro, basalto, arenito e outras pedras de cantaria ou de construção, mesmo desbastados ou simplesmente cortados à serra ou por outro meio, em blocos ou placas de forma quadrada ou rectangular",China,14375997,48591475,comexstat,2026-10-08
2026,04,2516,"Granito, pórfiro, basalto, arenito e outras pedras de cantaria ou de construção, mesmo desbastados ou simplesmente cortados à serra ou por outro meio, em blocos ou placas de forma quadrada ou rectangular",China,13274165,71632159,comexstat,2026-10-08
2026,05,2516,"Granito, pórfiro, basalto, arenito e outras pedras de cantaria ou de construção, mesmo desbastados ou simplesmente cortados à serra ou por outro meio, em blocos ou placas de forma quadrada ou rectangular",China,11586994,52798204,comexstat,2026-10-08
2026,08,2516,"Granito, pórfiro, basalto, arenito e outras pedras de cantaria ou de construção, mesmo desbastados ou simplesmente cortados à serra ou por outro meio, em blocos ou placas de forma quadrada ou rectangular",China,9893543,51723445,comexstat,2026-10-08
2026,09,6802,"Pedras de cantaria ou de construção (exceto de ardósia) trabalhadas e obras destas pedras, exceto as da posição 6801; cubos, pastilhas e artigos semelhantes, para mosaicos, de pedra natural (incluída a ardósia), mesmo com suporte; grânulos, fragmentos e",México,5807879,7049451,comexstat,2026-10-08
2026,06,6802,"Pedras de cantaria ou de construção (exceto de ardósia) trabalhadas e obras destas pedras, exceto as da posição 6801; cubos, pastilhas e artigos semelhantes, para mosaicos, de pedra natural (incluída a ardósia), mesmo com suporte; grânulos, fragmentos e",México,5536678,6697428,comexstat,2026-10-08
2026,05,6802,"Pedras de cantaria ou de construção (exceto de ardósia) trabalhadas e obras destas pedras, exceto as da posição 6801; cubos, pastilhas e artigos semelhantes, para mosaicos, de pedra natural (incluída a ardósia), mesmo com suporte; grânulos, fragmentos e",México,5481837,7423766,comexstat,2026-10-08
2026,08,6802,"Pedras de cantaria ou de construção (exceto de ardósia) trabalhadas e obras destas pedras, exceto as da posição 6801; cubos, pastilhas e artigos semelhantes, para mosaicos, de pedra natural (incluída a ardósia), mesmo com suporte; grânulos, fragmentos e",México,5404955,6140035,comexstat,2026-10-08
2026,01,6802,"Pedras de cantaria ou de construção (exceto de ardósia) trabalhadas e obras destas pedras, exceto as da posição 6801; cubos, pastilhas e artigos semelhantes, para mosaicos, de pedra natural (incluída a ardósia), mesmo com suporte; grânulos, fragmentos e",México,4775402,6262543,comexstat,2026-10-08
2026,04,6802,"Pedras de cantaria ou de construção (exceto de ardósia) trabalhadas e obras destas pedras, exceto as da posição 6801; cubos, pastilhas e artigos semelhantes, para mosaicos, de pedra natural (incluída a ardósia), mesmo com suporte; grânulos, fragmentos e",México,4206015,5492052,comexstat,2026-10-08
2026,06,6802,"Pedras de cantaria ou de construção (exceto de ardósia) trabalhadas e obras destas pedras, exceto as da posição 6801; cubos, pastilhas e artigos semelhantes, para mosaicos, de pedra natural (incluída a ardósia), mesmo com suporte; grânulos, fragmentos e",Canadá,3627820,1615322,comexstat,2026-10-08
2026,02,6802,"Pedras de cantaria ou de construção (exceto de ardósia) trabalhadas e obras destas pedras, exceto as da posição 6801; cubos, pastilhas e artigos semelhantes, para mosaicos, de pedra natural (incluída a ardósia), mesmo com suporte; grânulos, fragmentos e",México,3520721,5014385,comexstat,2026-10-08
2026,03,6802,"Pedras de cantaria ou de construção (exceto de ardósia) trabalhadas e obras destas pedras, exceto as da posição 6801; cubos, pastilhas e artigos semelhantes, para mosaicos, de pedra natural (incluída a ardósia), mesmo com suporte; grânulos, fragmentos e",México,3430419,4295685,comexstat,2026-10-08
2026,06,6803,Ardósia natural trabalhada e obras de ardósia natural ou aglomerada,Reino Unido,3357723,7556767,comexstat,2026-10-08
2026,07,2515,"Mármores, travertinos, granitos belgas e outras pedras calcárias de cantaria ou de construção, de densidade aparente igual ou superior a 2,5, e alabastro, mesmo desbastados ou simplesmente cortados à serra ou por outro meio, em blocos ou placas de forma q",China,3144321,10021812,comexstat,2026-10-08
2026,07,6802,"Pedras de cantaria ou de construção (exceto de ardósia) trabalhadas e obras destas pedras, exceto as da posição 6801; cubos, pastilhas e artigos semelhantes, para mosaicos, de pedra natural (incluída a ardósia), mesmo com suporte; grânulos, fragmentos e",México,3098002,3980354,comexstat,2026-10-08
2026,06,2515,"Mármores, travertinos, granitos belgas e outras pedras calcárias de cantaria ou de construção, de densidade aparente igual ou superior a 2,5, e alabastro, mesmo desbastados ou simplesmente cortados à serra ou por outro meio, em blocos ou placas de forma q",China,3065637,7710197,comexstat,2026-10-08
2026,09,2515,"Mármores, travertinos, granitos belgas e outras pedras calcárias de cantaria ou de construção, de densidade aparente igual ou superior a 2,5, e alabastro, mesmo desbastados ou simplesmente cortados à serra ou por outro meio, em blocos ou placas de forma q",China,2866197,8692730,comexstat,2026-10-08
2026,04,2515,"Mármores, travertinos, granitos belgas e outras pedras calcárias de cantaria ou de construção, de densidade aparente igual ou superior a 2,5, e alabastro, mesmo desbastados ou simplesmente cortados à serra ou por outro meio, em blocos ou placas de forma q",China,2854449,9384026,comexstat,2026-10-08
2026,04,6802,"Pedras de cantaria ou de construção (exceto de ardósia) trabalhadas e obras destas pedras, exceto as da posição 6801; cubos, pastilhas e artigos semelhantes, para mosaicos, de pedra natural (incluída a ardósia), mesmo com suporte; grânulos, fragmentos e",Canadá,2804733,1188025,comexstat,2026-10-08
2026,08,6802,"Pedras de cantaria ou de construção (exceto de ardósia) trabalhadas e obras destas pedras, exceto as da posição 6801; cubos, pastilhas e artigos semelhantes, para mosaicos, de pedra natural (incluída a ardósia), mesmo com suporte; grânulos, fragmentos e",Itália,2748442,1139919,comexstat,2026-10-08
2026,03,6803,Ardósia natural trabalhada e obras de ardósia natural ou aglomerada,Reino Unido,2722551,6420330,comexstat,2026-10-08
2026,02,6802,"Pedras de cantaria ou de construção (exceto de ardósia) trabalhadas e obras destas pedras, exceto as da posição 6801; cubos, pastilhas e artigos semelhantes, para mosaicos, de pedra natural (incluída a ardósia), mesmo com suporte; grânulos, fragmentos e",Austrália,2623904,966456,comexstat,2026-10-08
2026,07,6802,"Pedras de cantaria ou de construção (exceto de ardósia) trabalhadas e obras destas pedras, exceto as da posição 6801; cubos, pastilhas e artigos semelhantes, para mosaicos, de pedra natural (incluída a ardósia), mesmo com suporte; grânulos, fragmentos e",Itália,2530280,845864,comexstat,2026-10-08
2026,08,2515,"Mármores, travertinos, granitos belgas e outras pedras calcárias de cantaria ou de construção, de densidade aparente igual ou superior a 2,5, e alabastro, mesmo desbastados ou simplesmente cortados à serra ou por outro meio, em blocos ou placas de forma q",China,2344416,7243940,comexstat,2026-10-08
2026,04,6803,Ardósia natural trabalhada e obras de ardósia natural ou aglomerada,Reino Unido,2334870,5325315,comexstat,2026-10-08
2026,02,2515,"Mármores, travertinos, granitos belgas e outras pedras calcárias de cantaria ou de construção, de densidade aparente igual ou superior a 2,5, e alabastro, mesmo desbastados ou simplesmente cortados à serra ou por outro meio, em blocos ou placas de forma q",China,2327825,7686726,comexstat,2026-10-08
2026,06,6802,"Pedras de cantaria ou de construção (exceto de ardósia) trabalhadas e obras destas pedras, exceto as da posição 6801; cubos, pastilhas e artigos semelhantes, para mosaicos, de pedra natural (incluída a ardósia), mesmo com suporte; grânulos, fragmentos e",Itália,2303065,1377263,comexstat,2026-10-08
2026,07,6802,"Pedras de cantaria ou de construção (exceto de ardósia) trabalhadas e obras destas pedras, exceto as da posição 6801; cubos, pastilhas e artigos semelhantes, para mosaicos, de pedra natural (incluída a ardósia), mesmo com suporte; grânulos, fragmentos e",Canadá,2260494,934465,comexstat,2026-10-08
2026,07,6802,"Pedras de cantaria ou de construção (exceto de ardósia) trabalhadas e obras destas pedras, exceto as da posição 6801; cubos, pastilhas e artigos semelhantes, para mosaicos, de pedra natural (incluída a ardósia), mesmo com suporte; grânulos, fragmentos e",Austrália,2215296,804241,comexstat,2026-10-08
2026,03,6802,"Pedras de cantaria ou de construção (exceto de ardósia) trabalhadas e obras destas pedras, exceto as da posição 6801; cubos, pastilhas e artigos semelhantes, para mosaicos, de pedra natural (incluída a ardósia), mesmo com suporte; grânulos, fragmentos e",Itália,2207577,951889,comexstat,2026-10-08
2026,03,2515,"Mármores, travertinos, granitos belgas e outras pedras calcárias de cantaria ou de construção, de densidade aparente igual ou superior a 2,5, e alabastro, mesmo desbastados ou simplesmente cortados à serra ou por outro meio, em blocos ou placas de forma q",China,2194235,6352158,comexstat,2026-10-08
2026,04,6802,"Pedras de cantaria ou de construção (exceto de ardósia) trabalhadas e obras destas pedras, exceto as da posição 6801; cubos, pastilhas e artigos semelhantes, para mosaicos, de pedra natural (incluída a ardósia), mesmo com suporte; grânulos, fragmentos e",Austrália,2112624,773337,comexstat,2026-10-08
2026,04,2516,"Granito, pórfiro, basalto, arenito e outras pedras de cantaria ou de construção, mesmo desbastados ou simplesmente cortados à serra ou por outro meio, em blocos ou placas de forma quadrada ou rectangular",Itália,2070871,4896917,comexstat,2026-10-08
2026,09,6802,"Pedras de cantaria ou de construção (exceto de ardósia) trabalhadas e obras destas pedras, exceto as da posição 6801; cubos, pastilhas e artigos semelhantes, para mosaicos, de pedra natural (incluída a ardósia), mesmo com suporte; grânulos, fragmentos e",Canadá,1942547,853961,comexstat,2026-10-08
2026,01,2515,"Mármores, travertinos, granitos belgas e outras pedras calcárias de cantaria ou de construção, de densidade aparente igual ou superior a 2,5, e alabastro, mesmo desbastados ou simplesmente cortados à serra ou por outro meio, em blocos ou placas de forma q",China,1909223,5816989,comexstat,2026-10-08
2026,09,6802,"Pedras de cantaria ou de construção (exceto de ardósia) trabalhadas e obras destas pedras, exceto as da posição 6801; cubos, pastilhas e artigos semelhantes, para mosaicos, de pedra natural (incluída a ardósia), mesmo com suporte; grânulos, fragmentos e",Espanha,1903774,790753,comexstat,2026-10-08
2026,09,6803,Ardósia natural trabalhada e obras de ardósia natural ou aglomerada,Reino Unido,1884979,4214429,comexstat,2026-10-08
2026,06,6802,"Pedras de cantaria ou de construção (exceto de ardósia) trabalhadas e obras destas pedras, exceto as da posição 6801; cubos, pastilhas e artigos semelhantes, para mosaicos, de pedra natural (incluída a ardósia), mesmo com suporte; grânulos, fragmentos e",Espanha,1880097,1016326,comexstat,2026-10-08
2026,04,6802,"Pedras de cantaria ou de construção (exceto de ardósia) trabalhadas e obras destas pedras, exceto as da posição 6801; cubos, pastilhas e artigos semelhantes, para mosaicos, de pedra natural (incluída a ardósia), mesmo com suporte; grânulos, fragmentos e",Itália,1819543,840471,comexstat,2026-10-08
2026,03,6802,"Pedras de cantaria ou de construção (exceto de ardósia) trabalhadas e obras destas pedras, exceto as da posição 6801; cubos, pastilhas e artigos semelhantes, para mosaicos, de pedra natural (incluída a ardósia), mesmo com suporte; grânulos, fragmentos e",Polônia,1797911,1207194,comexstat,2026-10-08
2026,08,6802,"Pedras de cantaria ou de construção (exceto de ardósia) trabalhadas e obras destas pedras, exceto as da posição 6801; cubos, pastilhas e artigos semelhantes, para mosaicos, de pedra natural (incluída a ardósia), mesmo com suporte; grânulos, fragmentos e",Canadá,1764099,816676,comexstat,2026-10-08
2026,03,2516,"Granito, pórfiro, basalto, arenito e outras pedras de cantaria ou de construção, mesmo desbastados ou simplesmente cortados à serra ou por outro meio, em blocos ou placas de forma quadrada ou rectangular",Itália,1716049,2673982,comexstat,2026-10-08
2026,03,6802,"Pedras de cantaria ou de construção (exceto de ardósia) trabalhadas e obras destas pedras, exceto as da posição 6801; cubos, pastilhas e artigos semelhantes, para mosaicos, de pedra natural (incluída a ardósia), mesmo com suporte; grânulos, fragmentos e",Austrália,1598711,628457,comexstat,2026-10-08
2026,05,2516,"Granito, pórfiro, basalto, arenito e outras pedras de cantaria ou de construção, mesmo desbastados ou simplesmente cortados à serra ou por outro meio, em blocos ou placas de forma quadrada ou rectangular",Itália,1590545,4746870,comexstat,2026-10-08
2026,07,2516,"Granito, pórfiro, basalto, arenito e outras pedras de cantaria ou de construção, mesmo desbastados ou simplesmente cortados à serra ou por outro meio, em blocos ou placas de forma quadrada ou rectangular",Itália,1567823,3543233,comexstat,2026-10-08
2026,09,6802,"Pedras de cantaria ou de construção (exceto de ardósia) trabalhadas e obras destas pedras, exceto as da posição 6801; cubos, pastilhas e artigos semelhantes, para mosaicos, de pedra natural (incluída a ardósia), mesmo com suporte; grânulos, fragmentos e",Itália,1549320,815043,comexstat,2026-10-08
2026,03,6802,"Pedras de cantaria ou de construção (exceto de ardósia) trabalhadas e obras destas pedras, exceto as da posição 6801; cubos, pastilhas e artigos semelhantes, para mosaicos, de pedra natural (incluída a ardósia), mesmo com suporte; grânulos, fragmentos e",Espanha,1510693,896175,comexstat,2026-10-08
2026,08,6802,"Pedras de cantaria ou de construção (exceto de ardósia) trabalhadas e obras destas pedras, exceto as da posição 6801; cubos, pastilhas e artigos semelhantes, para mosaicos, de pedra natural (incluída a ardósia), mesmo com suporte; grânulos, fragmentos e",Austrália,1484747,550100,comexstat,2026-10-08
2026,08,6803,Ardósia natural trabalhada e obras de ardósia natural ou aglomerada,Reino Unido,1472535,3078386,comexstat,2026-10-08
2026,05,6802,"Pedras de cantaria ou de construção (exceto de ardósia) trabalhadas e obras destas pedras, exceto as da posição 6801; cubos, pastilhas e artigos semelhantes, para mosaicos, de pedra natural (incluída a ardósia), mesmo com suporte; grânulos, fragmentos e",Espanha,1469476,837289,comexstat,2026-10-08
2026,09,6802,"Pedras de cantaria ou de construção (exceto de ardósia) trabalhadas e obras destas pedras, exceto as da posição 6801; cubos, pastilhas e artigos semelhantes, para mosaicos, de pedra natural (incluída a ardósia), mesmo com suporte; grânulos, fragmentos e",Emirados Árabes Unidos,1456652,1086727,comexstat,2026-10-08
2026,07,6802,"Pedras de cantaria ou de construção (exceto de ardósia) trabalhadas e obras destas pedras, exceto as da posição 6801; cubos, pastilhas e artigos semelhantes, para mosaicos, de pedra natural (incluída a ardósia), mesmo com suporte; grânulos, fragmentos e",Espanha,1426054,701190,comexstat,2026-10-08
2026,02,6803,Ardósia natural trabalhada e obras de ardósia natural ou aglomerada,Reino Unido,1418270,3236890,comexstat,2026-10-08
2026,09,6802,"Pedras de cantaria ou de construção (exceto de ardósia) trabalhadas e obras destas pedras, exceto as da posição 6801; cubos, pastilhas e artigos semelhantes, para mosaicos, de pedra natural (incluída a ardósia), mesmo com suporte; grânulos, fragmentos e",Rússia,1394732,383381,comexstat,2026-10-08
2026,04,6802,"Pedras de cantaria ou de construção (exceto de ardósia) trabalhadas e obras destas pedras, exceto as da posição 6801; cubos, pastilhas e artigos semelhantes, para mosaicos, de pedra natural (incluída a ardósia), mesmo com suporte; grânulos, fragmentos e",Polônia,1380274,880453,comexstat,2026-10-08
2026,04,6802,"Pedras de cantaria ou de construção (exceto de ardósia) trabalhadas e obras destas pedras, exceto as da posição 6801; cubos, pastilhas e artigos semelhantes, para mosaicos, de pedra natural (incluída a ardósia), mesmo com suporte; grânulos, fragmentos e",Espanha,1377463,663488,comexstat,2026-10-08
2026,09,2516,"Granito, pórfiro, basalto, arenito e outras pedras de cantaria ou de construção, mesmo desbastados ou simplesmente cortados à serra ou por outro meio, em blocos ou placas de forma quadrada ou rectangular",Itália,1327089,2581519,comexstat,2026-10-08
2026,06,6802,"Pedras de cantaria ou de construção (exceto de ardósia) trabalhadas e obras destas pedras, exceto as da posição 6801; cubos, pastilhas e artigos semelhantes, para mosaicos, de pedra natural (incluída a ardósia), mesmo com suporte; grânulos, fragmentos e",Austrália,1266992,449273,comexstat,2026-10-08
2026,07,6803,Ardósia natural trabalhada e obras de ardósia natural ou aglomerada,Reino Unido,1251833,2686882,comexstat,2026-10-08
2026,09,6802,"Pedras de cantaria ou de construção (exceto de ardósia) trabalhadas e obras destas pedras, exceto as da posição 6801; cubos, pastilhas e artigos semelhantes, para mosaicos, de pedra natural (incluída a ardósia), mesmo com suporte; grânulos, fragmentos e",Austrália,1241583,453808,comexstat,2026-10-08
2026,05,6802,"Pedras de cantaria ou de construção (exceto de ardósia) trabalhadas e obras destas pedras, exceto as da posição 6801; cubos, pastilhas e artigos semelhantes, para mosaicos, de pedra natural (incluída a ardósia), mesmo com suporte; grânulos, fragmentos e",Austrália,1233189,443175,comexstat,2026-10-08
2026,02,6802,"Pedras de cantaria ou de construção (exceto de ardósia) trabalhadas e obras destas pedras, exceto as da posição 6801; cubos, pastilhas e artigos semelhantes, para mosaicos, de pedra natural (incluída a ardósia), mesmo com suporte; grânulos, fragmentos e",Espanha,1228863,582303,comexstat,2026-10-08
2026,05,6803,Ardósia natural trabalhada e obras de ardósia natural ou aglomerada,Reino Unido,1205866,2577222,comexstat,2026-10-08
2026,08,6802,"Pedras de cantaria ou de construção (exceto de ardósia) trabalhadas e obras destas pedras, exceto as da posição 6801; cubos, pastilhas e artigos semelhantes, para mosaicos, de pedra natural (incluída a ardósia), mesmo com suporte; grânulos, fragmentos e",Emirados Árabes Unidos,1163771,558027,comexstat,2026-10-08
2026,05,6802,"Pedras de cantaria ou de construção (exceto de ardósia) trabalhadas e obras destas pedras, exceto as da posição 6801; cubos, pastilhas e artigos semelhantes, para mosaicos, de pedra natural (incluída a ardósia), mesmo com suporte; grânulos, fragmentos e",Canadá,1163206,574775,comexstat,2026-10-08
2026,02,6802,"Pedras de cantaria ou de construção (exceto de ardósia) trabalhadas e obras destas pedras, exceto as da posição 6801; cubos, pastilhas e artigos semelhantes, para mosaicos, de pedra natural (incluída a ardósia), mesmo com suporte; grânulos, fragmentos e",Itália,1146221,723188,comexstat,2026-10-08
2026,01,6802,"Pedras de cantaria ou de construção (exceto de ardósia) trabalhadas e obras destas pedras, exceto as da posição 6801; cubos, pastilhas e artigos semelhantes, para mosaicos, de pedra natural (incluída a ardósia), mesmo com suporte; grânulos, fragmentos e",Itália,1101372,619320,comexstat,2026-10-08
2026,05,6802,"Pedras de cantaria ou de construção (exceto de ardósia) trabalhadas e obras destas pedras, exceto as da posição 6801; cubos, pastilhas e artigos semelhantes, para mosaicos, de pedra natural (incluída a ardósia), mesmo com suporte; grânulos, fragmentos e",Rússia,1072458,361918,comexstat,2026-10-08
2026,01,6803,Ardósia natural trabalhada e obras de ardósia natural ou aglomerada,Reino Unido,1037302,2461638,comexstat,2026-10-08
2026,06,6802,"Pedras de cantaria ou de construção (exceto de ardósia) trabalhadas e obras destas pedras, exceto as da posição 6801; cubos, pastilhas e artigos semelhantes, para mosaicos, de pedra natural (incluída a ardósia), mesmo com suporte; grânulos, fragmentos e",Polônia,1036669,655113,comexstat,2026-10-08
2026,05,6802,"Pedras de cantaria ou de construção (exceto de ardósia) trabalhadas e obras destas pedras, exceto as da posição 6801; cubos, pastilhas e artigos semelhantes, para mosaicos, de pedra natural (incluída a ardósia), mesmo com suporte; grânulos, fragmentos e",Vietnã,1028180,941516,comexstat,2026-10-08
2026,08,6802,"Pedras de cantaria ou de construção (exceto de ardósia) trabalhadas e obras destas pedras, exceto as da posição 6801; cubos, pastilhas e artigos semelhantes, para mosaicos, de pedra natural (incluída a ardósia), mesmo com suporte; grânulos, fragmentos e",Espanha,1012725,548907,comexstat,2026-10-08
2026,03,6802,"Pedras de cantaria ou de construção (exceto de ardósia) trabalhadas e obras destas pedras, exceto as da posição 6801; cubos, pastilhas e artigos semelhantes, para mosaicos, de pedra natural (incluída a ardósia), mesmo com suporte; grânulos, fragmentos e",Bélgica,1000771,455211,comexstat,2026-10-08
2026,06,6802,"Pedras de cantaria ou de construção (exceto de ardósia) trabalhadas e obras destas pedras, exceto as da posição 6801; cubos, pastilhas e artigos semelhantes, para mosaicos, de pedra natural (incluída a ardósia), mesmo com suporte; grânulos, fragmentos e",França,975364,435946,comexstat,2026-10-08
2026,01,6802,"Pedras de cantaria ou de construção (exceto de ardósia) trabalhadas e obras destas pedras, exceto as da posição 6801; cubos, pastilhas e artigos semelhantes, para mosaicos, de pedra natural (incluída a ardósia), mesmo com suporte; grânulos, fragmentos e",Canadá,967563,476181,comexstat,2026-10-08
2026,05,6802,"Pedras de cantaria ou de construção (exceto de ardósia) trabalhadas e obras destas pedras, exceto as da posição 6801; cubos, pastilhas e artigos semelhantes, para mosaicos, de pedra natural (incluída a ardósia), mesmo com suporte; grânulos, fragmentos e",Polônia,960674,558277,comexstat,2026-10-08
2026,01,6802,"Pedras de cantaria ou de construção (exceto de ardósia) trabalhadas e obras destas pedras, exceto as da posição 6801; cubos, pastilhas e artigos semelhantes, para mosaicos, de pedra natural (incluída a ardósia), mesmo com suporte; grânulos, fragmentos e",Austrália,952648,445022,comexstat,2026-10-08
2026,06,6802,"Pedras de cantaria ou de construção (exceto de ardósia) trabalhadas e obras destas pedras, exceto as da posição 6801; cubos, pastilhas e artigos semelhantes, para mosaicos, de pedra natural (incluída a ardósia), mesmo com suporte; grânulos, fragmentos e",Rússia,905689,435981,comexstat,2026-10-08
2026,07,6802,"Pedras de cantaria ou de construção (exceto de ardósia) trabalhadas e obras destas pedras, exceto as da posição 6801; cubos, pastilhas e artigos semelhantes, para mosaicos, de pedra natural (incluída a ardósia), mesmo com suporte; grânulos, fragmentos e",Vietnã,898441,1066529,comexstat,2026-10-08
2026,06,6802,"Pedras de cantaria ou de construção (exceto de ardósia) trabalhadas e obras destas pedras, exceto as da posição 6801; cubos, pastilhas e artigos semelhantes, para mosaicos, de pedra natural (incluída a ardósia), mesmo com suporte; grânulos, fragmentos e",Argentina,896094,1185237,comexstat,2026-10-08
2026,02,6802,"Pedras de cantaria ou de construção (exceto de ardósia) trabalhadas e obras destas pedras, exceto as da posição 6801; cubos, pastilhas e artigos semelhantes, para mosaicos, de pedra natural (incluída a ardósia), mesmo com suporte; grânulos, fragmentos e",Canadá,894554,391241,comexstat,2026-10-08
2026,09,6802,"Pedras de cantaria ou de construção (exceto de ardósia) trabalhadas e obras destas pedras, exceto as da posição 6801; cubos, pastilhas e artigos semelhantes, para mosaicos, de pedra natural (incluída a ardósia), mesmo com suporte; grânulos, fragmentos e",Alemanha,848805,387418,comexstat,2026-10-08
2026,01,2516,"Granito, pórfiro, basalto, arenito e outras pedras de cantaria ou de construção, mesmo desbastados ou simplesmente cortados à serra ou por outro meio, em blocos ou placas de forma quadrada ou rectangular",Itália,844257,2357040,comexstat,2026-10-08
2026,06,6802,"Pedras de cantaria ou de construção (exceto de ardósia) trabalhadas e obras destas pedras, exceto as da posição 6801; cubos, pastilhas e artigos semelhantes, para mosaicos, de pedra natural (incluída a ardósia), mesmo com suporte; grânulos, fragmentos e",Vietnã,841483,925837,comexstat,2026-10-08
2026,03,6802,"Pedras de cantaria ou de construção (exceto de ardósia) trabalhadas e obras destas pedras, exceto as da posição 6801; cubos, pastilhas e artigos semelhantes, para mosaicos, de pedra natural (incluída a ardósia), mesmo com suporte; grânulos, fragmentos e",Alemanha,840823,433722,comexstat,2026-10-08
2026,09,6803,Ardósia natural trabalhada e obras de ardósia natural ou aglomerada,Irlanda,830218,1854416,comexstat,2026-10-08
2026,08,6802,"Pedras de cantaria ou de construção (exceto de ardósia) trabalhadas e obras destas pedras, exceto as da posição 6801; cubos, pastilhas e artigos semelhantes, para mosaicos, de pedra natural (incluída a ardósia), mesmo com suporte; grânulos, fragmentos e",Israel,830157,319427,comexstat,2026-10-08
2026,08,6803,Ardósia natural trabalhada e obras de ardósia natural ou aglomerada,Estados Unidos,829259,1552240,comexstat,2026-10-08
2026,01,6802,"Pedras de cantaria ou de construção (exceto de ardósia) trabalhadas e obras destas pedras, exceto as da posição 6801; cubos, pastilhas e artigos semelhantes, para mosaicos, de pedra natural (incluída a ardósia), mesmo com suporte; grânulos, fragmentos e",Espanha,828845,436078,comexstat,2026-10-08
2026,09,6802,"Pedras de cantaria ou de construção (exceto de ardósia) trabalhadas e obras destas pedras, exceto as da posição 6801; cubos, pastilhas e artigos semelhantes, para mosaicos, de pedra natural (incluída a ardósia), mesmo com suporte; grânulos, fragmentos e",Polônia,822613,514991,comexstat,2026-10-08
2026,04,6802,"Pedras de cantaria ou de construção (exceto de ardósia) trabalhadas e obras destas pedras, exceto as da posição 6801; cubos, pastilhas e artigos semelhantes, para mosaicos, de pedra natural (incluída a ardósia), mesmo com suporte; grânulos, fragmentos e",Argentina,817425,1060799,comexstat,2026-10-08
2026,03,6802,"Pedras de cantaria ou de construção (exceto de ardósia) trabalhadas e obras destas pedras, exceto as da posição 6801; cubos, pastilhas e artigos semelhantes, para mosaicos, de pedra natural (incluída a ardósia), mesmo com suporte; grânulos, fragmentos e",Canadá,816970,323812,comexstat,2026-10-08
2026,06,6802,"Pedras de cantaria ou de construção (exceto de ardósia) trabalhadas e obras destas pedras, exceto as da posição 6801; cubos, pastilhas e artigos semelhantes, para mosaicos, de pedra natural (incluída a ardósia), mesmo com suporte; grânulos, fragmentos e",Países Baixos (Holanda),811725,386156,comexstat,2026-10-08
2026,04,6802,"Pedras de cantaria ou de construção (exceto de ardósia) trabalhadas e obras destas pedras, exceto as da posição 6801; cubos, pastilhas e artigos semelhantes, para mosaicos, de pedra natural (incluída a ardósia), mesmo com suporte; grânulos, fragmentos e",Bélgica,799948,325996,comexstat,2026-10-08
2026,04,6803,Ardósia natural trabalhada e obras de ardósia natural ou aglomerada,Estados Unidos,782778,1395130,comexstat,2026-10-08
2026,07,6802,"Pedras de cantaria ou de construção (exceto de ardósia) trabalhadas e obras destas pedras, exceto as da posição 6801; cubos, pastilhas e artigos semelhantes, para mosaicos, de pedra natural (incluída a ardósia), mesmo com suporte; grânulos, fragmentos e",Polônia,743033,346538,comexstat,2026-10-08
2026,03,6802,"Pedras de cantaria ou de construção (exceto de ardósia) trabalhadas e obras destas pedras, exceto as da posição 6801; cubos, pastilhas e artigos semelhantes, para mosaicos, de pedra natural (incluída a ardósia), mesmo com suporte; grânulos, fragmentos e",China,728878,219145,comexstat,2026-10-08
2026,05,6802,"Pedras de cantaria ou de construção (exceto de ardósia) trabalhadas e obras destas pedras, exceto as da posição 6801; cubos, pastilhas e artigos semelhantes, para mosaicos, de pedra natural (incluída a ardósia), mesmo com suporte; grânulos, fragmentos e",Itália,717712,441641,comexstat,2026-10-08
2026,06,6802,"Pedras de cantaria ou de construção (exceto de ardósia) trabalhadas e obras destas pedras, exceto as da posição 6801; cubos, pastilhas e artigos semelhantes, para mosaicos, de pedra natural (incluída a ardósia), mesmo com suporte; grânulos, fragmentos e",Emirados Árabes Unidos,700530,410226,comexstat,2026-10-08
2026,09,6802,"Pedras de cantaria ou de construção (exceto de ardósia) trabalhadas e obras destas pedras, exceto as da posição 6801; cubos, pastilhas e artigos semelhantes, para mosaicos, de pedra natural (incluída a ardósia), mesmo com suporte; grânulos, fragmentos e",Vietnã,697865,623819,comexstat,2026-10-08
2026,09,6803,Ardósia natural trabalhada e obras de ardósia natural ou aglomerada,Estados Unidos,679839,1332530,comexstat,2026-10-08
2026,08,2516,"Granito, pórfiro, basalto, arenito e outras pedras de cantaria ou de construção, mesmo desbastados ou simplesmente cortados à serra ou por outro meio, em blocos ou placas de forma quadrada ou rectangular",Itália,675625,1685114,comexstat,2026-10-08
2026,07,6803,Ardósia natural trabalhada e obras de ardósia natural ou aglomerada,Estados Unidos,674917,1246857,comexstat,2026-10-08
2026,08,6802,"Pedras de cantaria ou de construção (exceto de ardósia) trabalhadas e obras destas pedras, exceto as da posição 6801; cubos, pastilhas e artigos semelhantes, para mosaicos, de pedra natural (incluída a ardósia), mesmo com suporte; grânulos, fragmentos e",Polônia,673962,473935,comexstat,2026-10-08
2026,02,6802,"Pedras de cantaria ou de construção (exceto de ardósia) trabalhadas e obras destas pedras, exceto as da posição 6801; cubos, pastilhas e artigos semelhantes, para mosaicos, de pedra natural (incluída a ardósia), mesmo com suporte; grânulos, fragmentos e",Vietnã,663646,696654,comexstat,2026-10-08
2026,05,2515,"Mármores, travertinos, granitos belgas e outras pedras calcárias de cantaria ou de construção, de densidade aparente igual ou superior a 2,5, e alabastro, mesmo desbastados ou simplesmente cortados à serra ou por outro meio, em blocos ou placas de forma q",China,645278,2391436,comexstat,2026-10-08
2026,05,2516,"Granito, pórfiro, basalto, arenito e outras pedras de cantaria ou de construção, mesmo desbastados ou simplesmente cortados à serra ou por outro meio, em blocos ou placas de forma quadrada ou rectangular",Taiwan (Formosa),643527,5750560,comexstat,2026-10-08
2026,05,6802,"Pedras de cantaria ou de construção (exceto de ardósia) trabalhadas e obras destas pedras, exceto as da posição 6801; cubos, pastilhas e artigos semelhantes, para mosaicos, de pedra natural (incluída a ardósia), mesmo com suporte; grânulos, fragmentos e",Colômbia,637517,1391238,comexstat,2026-10-08
2026,04,6802,"Pedras de cantaria ou de construção (exceto de ardósia) trabalhadas e obras destas pedras, exceto as da posição 6801; cubos, pastilhas e artigos semelhantes, para mosaicos, de pedra natural (incluída a ardósia), mesmo com suporte; grânulos, fragmentos e",Colômbia,630614,1251557,comexstat,2026-10-08
2026,08,6802,"Pedras de cantaria ou de construção (exceto de ardósia) trabalhadas e obras destas pedras, exceto as da posição 6801; cubos, pastilhas e artigos semelhantes, para mosaicos, de pedra natural (incluída a ardósia), mesmo com suporte; grânulos, fragmentos e",Rússia,628459,458608,comexstat,2026-10-08
2026,05,6802,"Pedras de cantaria ou de construção (exceto de ardósia) trabalhadas e obras destas pedras, exceto as da posição 6801; cubos, pastilhas e artigos semelhantes, para mosaicos, de pedra natural (incluída a ardósia), mesmo com suporte; grânulos, fragmentos e",China,626430,267140,comexstat,2026-10-08
2026,03,6802,"Pedras de cantaria ou de construção (exceto de ardósia) trabalhadas e obras destas pedras, exceto as da posição 6801; cubos, pastilhas e artigos semelhantes, para mosaicos, de pedra natural (incluída a ardósia), mesmo com suporte; grânulos, fragmentos e",Rússia,601057,276186,comexstat,2026-10-08
2026,05,2515,"Mármores, travertinos, granitos belgas e outras pedras calcárias de cantaria ou de construção, de densidade aparente igual ou superior a 2,5, e alabastro, mesmo desbastados ou simplesmente cortados à serra ou por outro meio, em blocos ou placas de forma q",Itália,600349,943971,comexstat,2026-10-08
2026,06,6803,Ardósia natural trabalhada e obras de ardósia natural ou aglomerada,Estados Unidos,596001,998719,comexstat,2026-10-08
2026,01,6802,"Pedras de cantaria ou de construção (exceto de ardósia) trabalhadas e obras destas pedras, exceto as da posição 6801; cubos, pastilhas e artigos semelhantes, para mosaicos, de pedra natural (incluída a ardósia), mesmo com suporte; grânulos, fragmentos e",China,581007,291655,comexstat,2026-10-08
2026,05,2516,"Granito, pórfiro, basalto, arenito e outras pedras de cantaria ou de construção, mesmo desbastados ou simplesmente cortados à serra ou por outro meio, em blocos ou placas de forma quadrada ou rectangular",Índia,575632,37270,comexstat,2026-10-08
2026,04,6802,"Pedras de cantaria ou de construção (exceto de ardósia) trabalhadas e obras destas pedras, exceto as da posição 6801; cubos, pastilhas e artigos semelhantes, para mosaicos, de pedra natural (incluída a ardósia), mesmo com suporte; grânulos, fragmentos e",Rússia,569131,302787,comexstat,2026-10-08
2026,06,6802,"Pedras de cantaria ou de construção (exceto de ardósia) trabalhadas e obras destas pedras, exceto as da posição 6801; cubos, pastilhas e artigos semelhantes, para mosaicos, de pedra natural (incluída a ardósia), mesmo com suporte; grânulos, fragmentos e",Alemanha,568526,331843,comexstat,2026-10-08
2026,01,6802,"Pedras de cantaria ou de construção (exceto de ardósia) trabalhadas e obras destas pedras, exceto as da posição 6801; cubos, pastilhas e artigos semelhantes, para mosaicos, de pedra natural (incluída a ardósia), mesmo com suporte; grânulos, fragmentos e",Polônia,562012,494126,comexstat,2026-10-08
2026,01,6802,"Pedras de cantaria ou de construção (exceto de ardósia) trabalhadas e obras destas pedras, exceto as da posição 6801; cubos, pastilhas e artigos semelhantes, para mosaicos, de pedra natural (incluída a ardósia), mesmo com suporte; grânulos, fragmentos e",Argentina,556307,534665,comexstat,2026-10-08
2026,08,6802,"Pedras de cantaria ou de construção (exceto de ardósia) trabalhadas e obras destas pedras, exceto as da posição 6801; cubos, pastilhas e artigos semelhantes, para mosaicos, de pedra natural (incluída a ardósia), mesmo com suporte; grânulos, fragmentos e",Argentina,556102,645337,comexstat,2026-10-08
2026,01,6802,"Pedras de cantaria ou de construção (exceto de ardósia) trabalhadas e obras destas pedras, exceto as da posição 6801; cubos, pastilhas e artigos semelhantes, para mosaicos, de pedra natural (incluída a ardósia), mesmo com suporte; grânulos, fragmentos e",Emirados Árabes Unidos,552187,323070,comexstat,2026-10-08
2026,09,6802,"Pedras de cantaria ou de construção (exceto de ardósia) trabalhadas e obras destas pedras, exceto as da posição 6801; cubos, pastilhas e artigos semelhantes, para mosaicos, de pedra natural (incluída a ardósia), mesmo com suporte; grânulos, fragmentos e",China,550531,228465,comexstat,2026-10-08
2026,07,6802,"Pedras de cantaria ou de construção (exceto de ardósia) trabalhadas e obras destas pedras, exceto as da posição 6801; cubos, pastilhas e artigos semelhantes, para mosaicos, de pedra natural (incluída a ardósia), mesmo com suporte; grânulos, fragmentos e",Bélgica,541411,240924,comexstat,2026-10-08
2026,04,6802,"Pedras de cantaria ou de construção (exceto de ardósia) trabalhadas e obras destas pedras, exceto as da posição 6801; cubos, pastilhas e artigos semelhantes, para mosaicos, de pedra natural (incluída a ardósia), mesmo com suporte; grânulos, fragmentos e",República Dominicana,533740,1027218,comexstat,2026-10-08
2026,04,6802,"Pedras de cantaria ou de construção (exceto de ardósia) trabalhadas e obras destas pedras, exceto as da posição 6801; cubos, pastilhas e artigos semelhantes, para mosaicos, de pedra natural (incluída a ardósia), mesmo com suporte; grânulos, fragmentos e",Vietnã,531161,510773,comexstat,2026-10-08
2026,08,6802,"Pedras de cantaria ou de construção (exceto de ardósia) trabalhadas e obras destas pedras, exceto as da posição 6801; cubos, pastilhas e artigos semelhantes, para mosaicos, de pedra natural (incluída a ardósia), mesmo com suporte; grânulos, fragmentos e",Vietnã,530507,514526,comexstat,2026-10-08
2026,06,6802,"Pedras de cantaria ou de construção (exceto de ardósia) trabalhadas e obras destas pedras, exceto as da posição 6801; cubos, pastilhas e artigos semelhantes, para mosaicos, de pedra natural (incluída a ardósia), mesmo com suporte; grânulos, fragmentos e",Israel,523785,224472,comexstat,2026-10-08
2026,03,6802,"Pedras de cantaria ou de construção (exceto de ardósia) trabalhadas e obras destas pedras, exceto as da posição 6801; cubos, pastilhas e artigos semelhantes, para mosaicos, de pedra natural (incluída a ardósia), mesmo com suporte; grânulos, fragmentos e",França,509276,221597,comexstat,2026-10-08
2026,09,2515,"Mármores, travertinos, granitos belgas e outras pedras calcárias de cantaria ou de construção, de densidade aparente igual ou superior a 2,5, e alabastro, mesmo desbastados ou simplesmente cortados à serra ou por outro meio, em blocos ou placas de forma q",Itália,507479,879619,comexstat,2026-10-08
2026,04,6802,"Pedras de cantaria ou de construção (exceto de ardósia) trabalhadas e obras destas pedras, exceto as da posição 6801; cubos, pastilhas e artigos semelhantes, para mosaicos, de pedra natural (incluída a ardósia), mesmo com suporte; grânulos, fragmentos e",China,504947,275253,comexstat,2026-10-08
2026,09,6802,"Pedras de cantaria ou de construção (exceto de ardósia) trabalhadas e obras destas pedras, exceto as da posição 6801; cubos, pastilhas e artigos semelhantes, para mosaicos, de pedra natural (incluída a ardósia), mesmo com suporte; grânulos, fragmentos e",Reino Unido,498600,270525,comexstat,2026-10-08
2026,09,6802,"Pedras de cantaria ou de construção (exceto de ardósia) trabalhadas e obras destas pedras, exceto as da posição 6801; cubos, pastilhas e artigos semelhantes, para mosaicos, de pedra natural (incluída a ardósia), mesmo com suporte; grânulos, fragmentos e",Colômbia,498146,994514,comexstat,2026-10-08
2026,06,2516,"Granito, pórfiro, basalto, arenito e outras pedras de cantaria ou de construção, mesmo desbastados ou simplesmente cortados à serra ou por outro meio, em blocos ou placas de forma quadrada ou rectangular",Polônia,497523,1019729,comexstat,2026-10-08
2026,08,6802,"Pedras de cantaria ou de construção (exceto de ardósia) trabalhadas e obras destas pedras, exceto as da posição 6801; cubos, pastilhas e artigos semelhantes, para mosaicos, de pedra natural (incluída a ardósia), mesmo com suporte; grânulos, fragmentos e",República Dominicana,489306,892734,comexstat,2026-10-08
2026,06,6802,"Pedras de cantaria ou de construção (exceto de ardósia) trabalhadas e obras destas pedras, exceto as da posição 6801; cubos, pastilhas e artigos semelhantes, para mosaicos, de pedra natural (incluída a ardósia), mesmo com suporte; grânulos, fragmentos e",República Dominicana,485248,944246,comexstat,2026-10-08
2026,02,6802,"Pedras de cantaria ou de construção (exceto de ardósia) trabalhadas e obras destas pedras, exceto as da posição 6801; cubos, pastilhas e artigos semelhantes, para mosaicos, de pedra natural (incluída a ardósia), mesmo com suporte; grânulos, fragmentos e",Reino Unido,484150,221915,comexstat,2026-10-08
2026,03,6802,"Pedras de cantaria ou de construção (exceto de ardósia) trabalhadas e obras destas pedras, exceto as da posição 6801; cubos, pastilhas e artigos semelhantes, para mosaicos, de pedra natural (incluída a ardósia), mesmo com suporte; grânulos, fragmentos e",República Dominicana,483050,923153,comexstat,2026-10-08
2026,02,6802,"Pedras de cantaria ou de construção (exceto de ardósia) trabalhadas e obras destas pedras, exceto as da posição 6801; cubos, pastilhas e artigos semelhantes, para mosaicos, de pedra natural (incluída a ardósia), mesmo com suporte; grânulos, fragmentos e",Argentina,479651,824941,comexstat,2026-10-08
2026,05,6802,"Pedras de cantaria ou de construção (exceto de ardósia) trabalhadas e obras destas pedras, exceto as da posição 6801; cubos, pastilhas e artigos semelhantes, para mosaicos, de pedra natural (incluída a ardósia), mesmo com suporte; grânulos, fragmentos e",Argentina,476910,716203,comexstat,2026-10-08
2026,02,6802,"Pedras de cantaria ou de construção (exceto de ardósia) trabalhadas e obras destas pedras, exceto as da posição 6801; cubos, pastilhas e artigos semelhantes, para mosaicos, de pedra natural (incluída a ardósia), mesmo com suporte; grânulos, fragmentos e",China,476092,272321,comexstat,2026-10-08
2026,02,6803,Ardósia natural trabalhada e obras de ardósia natural ou aglomerada,Estados Unidos,468581,1014325,comexstat,2026-10-08
2026,03,6802,"Pedras de cantaria ou de construção (exceto de ardósia) trabalhadas e obras destas pedras, exceto as da posição 6801; cubos, pastilhas e artigos semelhantes, para mosaicos, de pedra natural (incluída a ardósia), mesmo com suporte; grânulos, fragmentos e",Vietnã,467106,465839,comexstat,2026-10-08
2026,04,2515,"Mármores, travertinos, granitos belgas e outras pedras calcárias de cantaria ou de construção, de densidade aparente igual ou superior a 2,5, e alabastro, mesmo desbastados ou simplesmente cortados à serra ou por outro meio, em blocos ou placas de forma q",Itália,463913,853027,comexstat,2026-10-08
2026,05,6802,"Pedras de cantaria ou de construção (exceto de ardósia) trabalhadas e obras destas pedras, exceto as da posição 6801; cubos, pastilhas e artigos semelhantes, para mosaicos, de pedra natural (incluída a ardósia), mesmo com suporte; grânulos, fragmentos e",Alemanha,461887,318436,comexstat,2026-10-08
2026,08,6802,"Pedras de cantaria ou de construção (exceto de ardósia) trabalhadas e obras destas pedras, exceto as da posição 6801; cubos, pastilhas e artigos semelhantes, para mosaicos, de pedra natural (incluída a ardósia), mesmo com suporte; grânulos, fragmentos e",Colômbia,460271,927163,comexstat,2026-10-08
2026,01,6802,"Pedras de cantaria ou de construção (exceto de ardósia) trabalhadas e obras destas pedras, exceto as da posição 6801; cubos, pastilhas e artigos semelhantes, para mosaicos, de pedra natural (incluída a ardósia), mesmo com suporte; grânulos, fragmentos e",Vietnã,456799,430227,comexstat,2026-10-08
2026,06,6803,Ardósia natural trabalhada e obras de ardósia natural ou aglomerada,Irlanda,454585,1090451,comexstat,2026-10-08
2026,06,6802,"Pedras de cantaria ou de construção (exceto de ardósia) trabalhadas e obras destas pedras, exceto as da posição 6801; cubos, pastilhas e artigos semelhantes, para mosaicos, de pedra natural (incluída a ardósia), mesmo com suporte; grânulos, fragmentos e",Turquia,447802,278244,comexstat,2026-10-08
2026,01,6803,Ardósia natural trabalhada e obras de ardósia natural ou aglomerada,Estados Unidos,446792,884131,comexstat,2026-10-08
2026,09,6802,"Pedras de cantaria ou de construção (exceto de ardósia) trabalhadas e obras destas pedras, exceto as da posição 6801; cubos, pastilhas e artigos semelhantes, para mosaicos, de pedra natural (incluída a ardósia), mesmo com suporte; grânulos, fragmentos e",República Dominicana,446560,702157,comexstat,2026-10-08
2026,07,6802,"Pedras de cantaria ou de construção (exceto de ardósia) trabalhadas e obras destas pedras, exceto as da posição 6801; cubos, pastilhas e artigos semelhantes, para mosaicos, de pedra natural (incluída a ardósia), mesmo com suporte; grânulos, fragmentos e",República Dominicana,445930,841911,comexstat,2026-10-08
2026,06,6802,"Pedras de cantaria ou de construção (exceto de ardósia) trabalhadas e obras destas pedras, exceto as da posição 6801; cubos, pastilhas e artigos semelhantes, para mosaicos, de pedra natural (incluída a ardósia), mesmo com suporte; grânulos, fragmentos e",Romênia,438125,541313,comexstat,2026-10-08
2026,09,6802,"Pedras de cantaria ou de construção (exceto de ardósia) trabalhadas e obras destas pedras, exceto as da posição 6801; cubos, pastilhas e artigos semelhantes, para mosaicos, de pedra natural (incluída a ardósia), mesmo com suporte; grânulos, fragmentos e",Argentina,437713,517136,comexstat,2026-10-08
2026,03,6802,"Pedras de cantaria ou de construção (exceto de ardósia) trabalhadas e obras destas pedras, exceto as da posição 6801; cubos, pastilhas e artigos semelhantes, para mosaicos, de pedra natural (incluída a ardósia), mesmo com suporte; grânulos, fragmentos e",Colômbia,434284,915668,comexstat,2026-10-08
2026,07,6802,"Pedras de cantaria ou de construção (exceto de ardósia) trabalhadas e obras destas pedras, exceto as da posição 6801; cubos, pastilhas e artigos semelhantes, para mosaicos, de pedra natural (incluída a ardósia), mesmo com suporte; grânulos, fragmentos e",Rússia,432149,214245,comexstat,2026-10-08
2026,06,2516,"Granito, pórfiro, basalto, arenito e outras pedras de cantaria ou de construção, mesmo desbastados ou simplesmente cortados à serra ou por outro meio, em blocos ou placas de forma quadrada ou rectangular",Itália,428864,1365869,comexstat,2026-10-08
2026,01,6802,"Pedras de cantaria ou de construção (exceto de ardósia) trabalhadas e obras destas pedras, exceto as da posição 6801; cubos, pastilhas e artigos semelhantes, para mosaicos, de pedra natural (incluída a ardósia), mesmo com suporte; grânulos, fragmentos e",Alemanha,424384,169725,comexstat,2026-10-08
2026,04,6802,"Pedras de cantaria ou de construção (exceto de ardósia) trabalhadas e obras destas pedras, exceto as da posição 6801; cubos, pastilhas e artigos semelhantes, para mosaicos, de pedra natural (incluída a ardósia), mesmo com suporte; grânulos, fragmentos e",Israel,424064,156244,comexstat,2026-10-08
2026,03,2516,"Granito, pórfiro, basalto, arenito e outras pedras de cantaria ou de construção, mesmo desbastados ou simplesmente cortados à serra ou por outro meio, em blocos ou placas de forma quadrada ou rectangular",Polônia,419061,873170,comexstat,2026-10-08
2026,07,2515,"Mármores, travertinos, granitos belgas e outras pedras calcárias de cantaria ou de construção, de densidade aparente igual ou superior a 2,5, e alabastro, mesmo desbastados ou simplesmente cortados à serra ou por outro meio, em blocos ou placas de forma q",Itália,416734,622110,comexstat,2026-10-08
2026,05,6802,"Pedras de cantaria ou de construção (exceto de ardósia) trabalhadas e obras destas pedras, exceto as da posição 6801; cubos, pastilhas e artigos semelhantes, para mosaicos, de pedra natural (incluída a ardósia), mesmo com suporte; grânulos, fragmentos e",França,415094,221797,comexstat,2026-10-08
2026,03,6802,"Pedras de cantaria ou de construção (exceto de ardósia) trabalhadas e obras destas pedras, exceto as da posição 6801; cubos, pastilhas e artigos semelhantes, para mosaicos, de pedra natural (incluída a ardósia), mesmo com suporte; grânulos, fragmentos e",Argentina,410116,485039,comexstat,2026-10-08
2026,04,6802,"Pedras de cantaria ou de construção (exceto de ardósia) trabalhadas e obras destas pedras, exceto as da posição 6801; cubos, pastilhas e artigos semelhantes, para mosaicos, de pedra natural (incluída a ardósia), mesmo com suporte; grânulos, fragmentos e",Portugal,409819,219801,comexstat,2026-10-08
2026,06,6802,"Pedras de cantaria ou de construção (exceto de ardósia) trabalhadas e obras destas pedras, exceto as da posição 6801; cubos, pastilhas e artigos semelhantes, para mosaicos, de pedra natural (incluída a ardósia), mesmo com suporte; grânulos, fragmentos e",Reino Unido,408393,197015,comexstat,2026-10-08
2026,05,6802,"Pedras de cantaria ou de construção (exceto de ardósia) trabalhadas e obras destas pedras, exceto as da posição 6801; cubos, pastilhas e artigos semelhantes, para mosaicos, de pedra natural (incluída a ardósia), mesmo com suporte; grânulos, fragmentos e",República Dominicana,407104,895979,comexstat,2026-10-08
2026,06,6802,"Pedras de cantaria ou de construção (exceto de ardósia) trabalhadas e obras destas pedras, exceto as da posição 6801; cubos, pastilhas e artigos semelhantes, para mosaicos, de pedra natural (incluída a ardósia), mesmo com suporte; grânulos, fragmentos e",Colômbia,403991,706830,comexstat,2026-10-08
2026,03,6802,"Pedras de cantaria ou de construção (exceto de ardósia) trabalhadas e obras destas pedras, exceto as da posição 6801; cubos, pastilhas e artigos semelhantes, para mosaicos, de pedra natural (incluída a ardósia), mesmo com suporte; grânulos, fragmentos e",Países Baixos (Holanda),402653,150590,comexstat,2026-10-08
2026,07,6802,"Pedras de cantaria ou de construção (exceto de ardósia) trabalhadas e obras destas pedras, exceto as da posição 6801; cubos, pastilhas e artigos semelhantes, para mosaicos, de pedra natural (incluída a ardósia), mesmo com suporte; grânulos, fragmentos e",China,402505,119264,comexstat,2026-10-08
2026,03,6802,"Pedras de cantaria ou de construção (exceto de ardósia) trabalhadas e obras destas pedras, exceto as da posição 6801; cubos, pastilhas e artigos semelhantes, para mosaicos, de pedra natural (incluída a ardósia), mesmo com suporte; grânulos, fragmentos e",Israel,401567,165801,comexstat,2026-10-08
2026,01,6802,"Pedras de cantaria ou de construção (exceto de ardósia) trabalhadas e obras destas pedras, exceto as da posição 6801; cubos, pastilhas e artigos semelhantes, para mosaicos, de pedra natural (incluída a ardósia), mesmo com suporte; grânulos, fragmentos e",Colômbia,398781,840688,comexstat,2026-10-08
2026,01,6802,"Pedras de cantaria ou de construção (exceto de ardósia) trabalhadas e obras destas pedras, exceto as da posição 6801; cubos, pastilhas e artigos semelhantes, para mosaicos, de pedra natural (incluída a ardósia), mesmo com suporte; grânulos, fragmentos e",República Dominicana,384032,818636,comexstat,2026-10-08
2026,08,6802,"Pedras de cantaria ou de construção (exceto de ardósia) trabalhadas e obras destas pedras, exceto as da posição 6801; cubos, pastilhas e artigos semelhantes, para mosaicos, de pedra natural (incluída a ardósia), mesmo com suporte; grânulos, fragmentos e",Turquia,382864,204552,comexstat,2026-10-08
2026,01,2515,"Mármores, travertinos, granitos belgas e outras pedras calcárias de cantaria ou de construção, de densidade aparente igual ou superior a 2,5, e alabastro, mesmo desbastados ou simplesmente cortados à serra ou por outro meio, em blocos ou placas de forma q",Itália,382681,538061,comexstat,2026-10-08
2026,06,6803,Ardósia natural trabalhada e obras de ardósia natural ou aglomerada,França,382131,846784,comexstat,2026-10-08
2026,05,2516,"Granito, pórfiro, basalto, arenito e outras pedras de cantaria ou de construção, mesmo desbastados ou simplesmente cortados à serra ou por outro meio, em blocos ou placas de forma quadrada ou rectangular",Polônia,376209,780367,comexstat,2026-10-08
2026,02,6802,"Pedras de cantaria ou de construção (exceto de ardósia) trabalhadas e obras destas pedras, exceto as da posição 6801; cubos, pastilhas e artigos semelhantes, para mosaicos, de pedra natural (incluída a ardósia), mesmo com suporte; grânulos, fragmentos e",Colômbia,364130,833542,comexstat,2026-10-08
2026,01,6802,"Pedras de cantaria ou de construção (exceto de ardósia) trabalhadas e obras destas pedras, exceto as da posição 6801; cubos, pastilhas e artigos semelhantes, para mosaicos, de pedra natural (incluída a ardósia), mesmo com suporte; grânulos, fragmentos e",Países Baixos (Holanda),363659,176014,comexstat,2026-10-08
2026,03,6802,"Pedras de cantaria ou de construção (exceto de ardósia) trabalhadas e obras destas pedras, exceto as da posição 6801; cubos, pastilhas e artigos semelhantes, para mosaicos, de pedra natural (incluída a ardósia), mesmo com suporte; grânulos, fragmentos e",Índia,355904,197217,comexstat,2026-10-08
2026,04,6802,"Pedras de cantaria ou de construção (exceto de ardósia) trabalhadas e obras destas pedras, exceto as da posição 6801; cubos, pastilhas e artigos semelhantes, para mosaicos, de pedra natural (incluída a ardósia), mesmo com suporte; grânulos, fragmentos e",Reino Unido,352006,180802,comexstat,2026-10-08
2026,05,6802,"Pedras de cantaria ou de construção (exceto de ardósia) trabalhadas e obras destas pedras, exceto as da posição 6801; cubos, pastilhas e artigos semelhantes, para mosaicos, de pedra natural (incluída a ardósia), mesmo com suporte; grânulos, fragmentos e",Países Baixos (Holanda),350317,147720,comexstat,2026-10-08
2026,09,6802,"Pedras de cantaria ou de construção (exceto de ardósia) trabalhadas e obras destas pedras, exceto as da posição 6801; cubos, pastilhas e artigos semelhantes, para mosaicos, de pedra natural (incluída a ardósia), mesmo com suporte; grânulos, fragmentos e",França,350176,149077,comexstat,2026-10-08
2026,08,2515,"Mármores, travertinos, granitos belgas e outras pedras calcárias de cantaria ou de construção, de densidade aparente igual ou superior a 2,5, e alabastro, mesmo desbastados ou simplesmente cortados à serra ou por outro meio, em blocos ou placas de forma q",Itália,348955,401865,comexstat,2026-10-08
2026,02,6802,"Pedras de cantaria ou de construção (exceto de ardósia) trabalhadas e obras destas pedras, exceto as da posição 6801; cubos, pastilhas e artigos semelhantes, para mosaicos, de pedra natural (incluída a ardósia), mesmo com suporte; grânulos, fragmentos e",Bélgica,347230,154115,comexstat,2026-10-08
2026,02,6802,"Pedras de cantaria ou de construção (exceto de ardósia) trabalhadas e obras destas pedras, exceto as da posição 6801; cubos, pastilhas e artigos semelhantes, para mosaicos, de pedra natural (incluída a ardósia), mesmo com suporte; grânulos, fragmentos e",Países Baixos (Holanda),342054,151589,comexstat,2026-10-08
2026,07,6802,"Pedras de cantaria ou de construção (exceto de ardósia) trabalhadas e obras destas pedras, exceto as da posição 6801; cubos, pastilhas e artigos semelhantes, para mosaicos, de pedra natural (incluída a ardósia), mesmo com suporte; grânulos, fragmentos e",Argentina,337896,520000,comexstat,2026-10-08
2026,03,6802,"Pedras de cantaria ou de construção (exceto de ardósia) trabalhadas e obras destas pedras, exceto as da posição 6801; cubos, pastilhas e artigos semelhantes, para mosaicos, de pedra natural (incluída a ardósia), mesmo com suporte; grânulos, fragmentos e",Portugal,336222,218433,comexstat,2026-10-08
2026,03,6803,Ardósia natural trabalhada e obras de ardósia natural ou aglomerada,Irlanda,334629,755376,comexstat,2026-10-08
2026,01,6802,"Pedras de cantaria ou de construção (exceto de ardósia) trabalhadas e obras destas pedras, exceto as da posição 6801; cubos, pastilhas e artigos semelhantes, para mosaicos, de pedra natural (incluída a ardósia), mesmo com suporte; grânulos, fragmentos e",França,332327,152388,comexstat,2026-10-08
2026,02,6802,"Pedras de cantaria ou de construção (exceto de ardósia) trabalhadas e obras destas pedras, exceto as da posição 6801; cubos, pastilhas e artigos semelhantes, para mosaicos, de pedra natural (incluída a ardósia), mesmo com suporte; grânulos, fragmentos e",Emirados Árabes Unidos,329257,275985,comexstat,2026-10-08
2026,02,6802,"Pedras de cantaria ou de construção (exceto de ardósia) trabalhadas e obras destas pedras, exceto as da posição 6801; cubos, pastilhas e artigos semelhantes, para mosaicos, de pedra natural (incluída a ardósia), mesmo com suporte; grânulos, fragmentos e",Israel,321568,145259,comexstat,2026-10-08
2026,06,6802,"Pedras de cantaria ou de construção (exceto de ardósia) trabalhadas e obras destas pedras, exceto as da posição 6801; cubos, pastilhas e artigos semelhantes, para mosaicos, de pedra natural (incluída a ardósia), mesmo com suporte; grânulos, fragmentos e",Dinamarca,319181,174482,comexstat,2026-10-08
2026,09,6802,"Pedras de cantaria ou de construção (exceto de ardósia) trabalhadas e obras destas pedras, exceto as da posição 6801; cubos, pastilhas e artigos semelhantes, para mosaicos, de pedra natural (incluída a ardósia), mesmo com suporte; grânulos, fragmentos e",Portugal,312479,151987,comexstat,2026-10-08
2026,05,6803,Ardósia natural trabalhada e obras de ardósia natural ou aglomerada,Estados Unidos,307310,628664,comexstat,2026-10-08
2026,07,6802,"Pedras de cantaria ou de construção (exceto de ardósia) trabalhadas e obras destas pedras, exceto as da posição 6801; cubos, pastilhas e artigos semelhantes, para mosaicos, de pedra natural (incluída a ardósia), mesmo com suporte; grânulos, fragmentos e",Paraguai,300641,941109,comexstat,2026-10-08
2026,03,6803,Ardósia natural trabalhada e obras de ardósia natural ou aglomerada,Estados Unidos,299052,550404,comexstat,2026-10-08
2026,08,6803,Ardósia natural trabalhada e obras de ardósia natural ou aglomerada,Irlanda,298711,697544,comexstat,2026-10-08
2026,07,6802,"Pedras de cantaria ou de construção (exceto de ardósia) trabalhadas e obras destas pedras, exceto as da posição 6801; cubos, pastilhas e artigos semelhantes, para mosaicos, de pedra natural (incluída a ardósia), mesmo com suporte; grânulos, fragmentos e",Colômbia,297681,640296,comexstat,2026-10-08
2026,04,6802,"Pedras de cantaria ou de construção (exceto de ardósia) trabalhadas e obras destas pedras, exceto as da posição 6801; cubos, pastilhas e artigos semelhantes, para mosaicos, de pedra natural (incluída a ardósia), mesmo com suporte; grânulos, fragmentos e",Alemanha,294520,150760,comexstat,2026-10-08
2026,01,2516,"Granito, pórfiro, basalto, arenito e outras pedras de cantaria ou de construção, mesmo desbastados ou simplesmente cortados à serra ou por outro meio, em blocos ou placas de forma quadrada ou rectangular",Taiwan (Formosa),292738,2640730,comexstat,2026-10-08
2026,05,6803,Ardósia natural trabalhada e obras de ardósia natural ou aglomerada,França,292180,605738,comexstat,2026-10-08
2026,01,6802,"Pedras de cantaria ou de construção (exceto de ardósia) trabalhadas e obras destas pedras, exceto as da posição 6801; cubos, pastilhas e artigos semelhantes, para mosaicos, de pedra natural (incluída a ardósia), mesmo com suporte; grânulos, fragmentos e",Indonésia,290640,245926,comexstat,2026-10-08
2026,03,6802,"Pedras de cantaria ou de construção (exceto de ardósia) trabalhadas e obras destas pedras, exceto as da posição 6801; cubos, pastilhas e artigos semelhantes, para mosaicos, de pedra natural (incluída a ardósia), mesmo com suporte; grânulos, fragmentos e",Reino Unido,288143,209306,comexstat,2026-10-08
2026,08,6802,"Pedras de cantaria ou de construção (exceto de ardósia) trabalhadas e obras destas pedras, exceto as da posição 6801; cubos, pastilhas e artigos semelhantes, para mosaicos, de pedra natural (incluída a ardósia), mesmo com suporte; grânulos, fragmentos e",Portugal,287312,152854,comexstat,2026-10-08
2026,07,6802,"Pedras de cantaria ou de construção (exceto de ardósia) trabalhadas e obras destas pedras, exceto as da posição 6801; cubos, pastilhas e artigos semelhantes, para mosaicos, de pedra natural (incluída a ardósia), mesmo com suporte; grânulos, fragmentos e",Panamá,285487,97706,comexstat,2026-10-08
2026,05,6802,"Pedras de cantaria ou de construção (exceto de ardósia) trabalhadas e obras destas pedras, exceto as da posição 6801; cubos, pastilhas e artigos semelhantes, para mosaicos, de pedra natural (incluída a ardósia), mesmo com suporte; grânulos, fragmentos e",Equador,285322,285557,comexstat,2026-10-08
2026,04,6802,"Pedras de cantaria ou de construção (exceto de ardósia) trabalhadas e obras destas pedras, exceto as da posição 6801; cubos, pastilhas e artigos semelhantes, para mosaicos, de pedra natural (incluída a ardósia), mesmo com suporte; grânulos, fragmentos e",Turquia,285309,137500,comexstat,2026-10-08
2026,04,2516,"Granito, pórfiro, basalto, arenito e outras pedras de cantaria ou de construção, mesmo desbastados ou simplesmente cortados à serra ou por outro meio, em blocos ou placas de forma quadrada ou rectangular",Polônia,283254,554230,comexstat,2026-10-08
2026,09,6802,"Pedras de cantaria ou de construção (exceto de ardósia) trabalhadas e obras destas pedras, exceto as da posição 6801; cubos, pastilhas e artigos semelhantes, para mosaicos, de pedra natural (incluída a ardósia), mesmo com suporte; grânulos, fragmentos e",Países Baixos (Holanda),282787,106778,comexstat,2026-10-08
2026,02,6802,"Pedras de cantaria ou de construção (exceto de ardósia) trabalhadas e obras destas pedras, exceto as da posição 6801; cubos, pastilhas e artigos semelhantes, para mosaicos, de pedra natural (incluída a ardósia), mesmo com suporte; grânulos, fragmentos e",Alemanha,279816,164837,comexstat,2026-10-08
2026,06,2516,"Granito, pórfiro, basalto, arenito e outras pedras de cantaria ou de construção, mesmo desbastados ou simplesmente cortados à serra ou por outro meio, em blocos ou placas de forma quadrada ou rectangular",Índia,278392,389050,comexstat,2026-10-08
2026,09,6802,"Pedras de cantaria ou de construção (exceto de ardósia) trabalhadas e obras destas pedras, exceto as da posição 6801; cubos, pastilhas e artigos semelhantes, para mosaicos, de pedra natural (incluída a ardósia), mesmo com suporte; grânulos, fragmentos e",Turquia,275924,182818,comexstat,2026-10-08
2026,09,6802,"Pedras de cantaria ou de construção (exceto de ardósia) trabalhadas e obras destas pedras, exceto as da posição 6801; cubos, pastilhas e artigos semelhantes, para mosaicos, de pedra natural (incluída a ardósia), mesmo com suporte; grânulos, fragmentos e",Paraguai,269088,756040,comexstat,2026-10-08
2026,09,6802,"Pedras de cantaria ou de construção (exceto de ardósia) trabalhadas e obras destas pedras, exceto as da posição 6801; cubos, pastilhas e artigos semelhantes, para mosaicos, de pedra natural (incluída a ardósia), mesmo com suporte; grânulos, fragmentos e",Israel,266991,88316,comexstat,2026-10-08
2026,04,6802,"Pedras de cantaria ou de construção (exceto de ardósia) trabalhadas e obras destas pedras, exceto as da posição 6801; cubos, pastilhas e artigos semelhantes, para mosaicos, de pedra natural (incluída a ardósia), mesmo com suporte; grânulos, fragmentos e",Uruguai,266249,514910,comexstat,2026-10-08
2026,08,6802,"Pedras de cantaria ou de construção (exceto de ardósia) trabalhadas e obras destas pedras, exceto as da posição 6801; cubos, pastilhas e artigos semelhantes, para mosaicos, de pedra natural (incluída a ardósia), mesmo com suporte; grânulos, fragmentos e",Uruguai,263106,449858,comexstat,2026-10-08
2026,01,6802,"Pedras de cantaria ou de construção (exceto de ardósia) trabalhadas e obras destas pedras, exceto as da posição 6801; cubos, pastilhas e artigos semelhantes, para mosaicos, de pedra natural (incluída a ardósia), mesmo com suporte; grânulos, fragmentos e",Israel,261656,124397,comexstat,2026-10-08
2026,02,6803,Ardósia natural trabalhada e obras de ardósia natural ou aglomerada,Irlanda,261470,596237,comexstat,2026-10-08
2026,03,6802,"Pedras de cantaria ou de construção (exceto de ardósia) trabalhadas e obras destas pedras, exceto as da posição 6801; cubos, pastilhas e artigos semelhantes, para mosaicos, de pedra natural (incluída a ardósia), mesmo com suporte; grânulos, fragmentos e",Uruguai,259369,693390,comexstat,2026-10-08
2026,04,6803,Ardósia natural trabalhada e obras de ardósia natural ou aglomerada,Irlanda,259227,597013,comexstat,2026-10-08
2026,01,6802,"Pedras de cantaria ou de construção (exceto de ardósia) trabalhadas e obras destas pedras, exceto as da posição 6801; cubos, pastilhas e artigos semelhantes, para mosaicos, de pedra natural (incluída a ardósia), mesmo com suporte; grânulos, fragmentos e",Portugal,256299,102504,comexstat,2026-10-08
2026,08,6802,"Pedras de cantaria ou de construção (exceto de ardósia) trabalhadas e obras destas pedras, exceto as da posição 6801; cubos, pastilhas e artigos semelhantes, para mosaicos, de pedra natural (incluída a ardósia), mesmo com suporte; grânulos, fragmentos e",Países Baixos (Holanda),255114,128945,comexstat,2026-10-08
2026,03,6802,"Pedras de cantaria ou de construção (exceto de ardósia) trabalhadas e obras destas pedras, exceto as da posição 6801; cubos, pastilhas e artigos semelhantes, para mosaicos, de pedra natural (incluída a ardósia), mesmo com suporte; grânulos, fragmentos e",Emirados Árabes Unidos,252398,151696,comexstat,2026-10-08
2026,06,6802,"Pedras de cantaria ou de construção (exceto de ardósia) trabalhadas e obras destas pedras, exceto as da posição 6801; cubos, pastilhas e artigos semelhantes, para mosaicos, de pedra natural (incluída a ardósia), mesmo com suporte; grânulos, fragmentos e",Bélgica,251324,97079,comexstat,2026-10-08
2026,08,6802,"Pedras de cantaria ou de construção (exceto de ardósia) trabalhadas e obras destas pedras, exceto as da posição 6801; cubos, pastilhas e artigos semelhantes, para mosaicos, de pedra natural (incluída a ardósia), mesmo com suporte; grânulos, fragmentos e",Paraguai,249531,673070,comexstat,2026-10-08
2026,08,2516,"Granito, pórfiro, basalto, arenito e outras pedras de cantaria ou de construção, mesmo desbastados ou simplesmente cortados à serra ou por outro meio, em blocos ou placas de forma quadrada ou rectangular",Índia,247912,473811,comexstat,2026-10-08
2026,02,6802,"Pedras de cantaria ou de construção (exceto de ardósia) trabalhadas e obras destas pedras, exceto as da posição 6801; cubos, pastilhas e artigos semelhantes, para mosaicos, de pedra natural (incluída a ardósia), mesmo com suporte; grânulos, fragmentos e",Rússia,246756,126520,comexstat,2026-10-08
2026,09,6802,"Pedras de cantaria ou de construção (exceto de ardósia) trabalhadas e obras destas pedras, exceto as da posição 6801; cubos, pastilhas e artigos semelhantes, para mosaicos, de pedra natural (incluída a ardósia), mesmo com suporte; grânulos, fragmentos e",Taiwan (Formosa),246174,62661,comexstat,2026-10-08
2026,08,6802,"Pedras de cantaria ou de construção (exceto de ardósia) trabalhadas e obras destas pedras, exceto as da posição 6801; cubos, pastilhas e artigos semelhantes, para mosaicos, de pedra natural (incluída a ardósia), mesmo com suporte; grânulos, fragmentos e",Bélgica,243098,116020,comexstat,2026-10-08
2026,03,6802,"Pedras de cantaria ou de construção (exceto de ardósia) trabalhadas e obras destas pedras, exceto as da posição 6801; cubos, pastilhas e artigos semelhantes, para mosaicos, de pedra natural (incluída a ardósia), mesmo com suporte; grânulos, fragmentos e",Turquia,241696,168293,comexstat,2026-10-08
2026,02,6802,"Pedras de cantaria ou de construção (exceto de ardósia) trabalhadas e obras destas pedras, exceto as da posição 6801; cubos, pastilhas e artigos semelhantes, para mosaicos, de pedra natural (incluída a ardósia), mesmo com suporte; grânulos, fragmentos e",Turquia,237068,147220,comexstat,2026-10-08
2026,06,6802,"Pedras de cantaria ou de construção (exceto de ardósia) trabalhadas e obras destas pedras, exceto as da posição 6801; cubos, pastilhas e artigos semelhantes, para mosaicos, de pedra natural (incluída a ardósia), mesmo com suporte; grânulos, fragmentos e",Paraguai,235912,620265,comexstat,2026-10-08
2026,09,6802,"Pedras de cantaria ou de construção (exceto de ardósia) trabalhadas e obras destas pedras, exceto as da posição 6801; cubos, pastilhas e artigos semelhantes, para mosaicos, de pedra natural (incluída a ardósia), mesmo com suporte; grânulos, fragmentos e",Índia,232404,154351,comexstat,2026-10-08
2026,05,6802,"Pedras de cantaria ou de construção (exceto de ardósia) trabalhadas e obras destas pedras, exceto as da posição 6801; cubos, pastilhas e artigos semelhantes, para mosaicos, de pedra natural (incluída a ardósia), mesmo com suporte; grânulos, fragmentos e",Índia,230277,204858,comexstat,2026-10-08
2026,08,6802,"Pedras de cantaria ou de construção (exceto de ardósia) trabalhadas e obras destas pedras, exceto as da posição 6801; cubos, pastilhas e artigos semelhantes, para mosaicos, de pedra natural (incluída a ardósia), mesmo com suporte; grânulos, fragmentos e",Alemanha,229405,201506,comexstat,2026-10-08
2026,05,6802,"Pedras de cantaria ou de construção (exceto de ardósia) trabalhadas e obras destas pedras, exceto as da posição 6801; cubos, pastilhas e artigos semelhantes, para mosaicos, de pedra natural (incluída a ardósia), mesmo com suporte; grânulos, fragmentos e",Paraguai,229140,490394,comexstat,2026-10-08
2026,03,6803,Ardósia natural trabalhada e obras de ardósia natural ou aglomerada,França,228994,546279,comexstat,2026-10-08
2026,08,6802,"Pedras de cantaria ou de construção (exceto de ardósia) trabalhadas e obras destas pedras, exceto as da posição 6801; cubos, pastilhas e artigos semelhantes, para mosaicos, de pedra natural (incluída a ardósia), mesmo com suporte; grânulos, fragmentos e",França,228153,111069,comexstat,2026-10-08
2026,09,6802,"Pedras de cantaria ou de construção (exceto de ardósia) trabalhadas e obras destas pedras, exceto as da posição 6801; cubos, pastilhas e artigos semelhantes, para mosaicos, de pedra natural (incluída a ardósia), mesmo com suporte; grânulos, fragmentos e",Uruguai,225145,433418,comexstat,2026-10-08
2026,02,6802,"Pedras de cantaria ou de construção (exceto de ardósia) trabalhadas e obras destas pedras, exceto as da posição 6801; cubos, pastilhas e artigos semelhantes, para mosaicos, de pedra natural (incluída a ardósia), mesmo com suporte; grânulos, fragmentos e",Polônia,224632,182335,comexstat,2026-10-08
2026,05,6802,"Pedras de cantaria ou de construção (exceto de ardósia) trabalhadas e obras destas pedras, exceto as da posição 6801; cubos, pastilhas e artigos semelhantes, para mosaicos, de pedra natural (incluída a ardósia), mesmo com suporte; grânulos, fragmentos e",Bélgica,224464,100257,comexstat,2026-10-08
2026,05,6802,"Pedras de cantaria ou de construção (exceto de ardósia) trabalhadas e obras destas pedras, exceto as da posição 6801; cubos, pastilhas e artigos semelhantes, para mosaicos, de pedra natural (incluída a ardósia), mesmo com suporte; grânulos, fragmentos e",Honduras,222710,183176,comexstat,2026-10-08
2026,01,6802,"Pedras de cantaria ou de construção (exceto de ardósia) trabalhadas e obras destas pedras, exceto as da posição 6801; cubos, pastilhas e artigos semelhantes, para mosaicos, de pedra natural (incluída a ardósia), mesmo com suporte; grânulos, fragmentos e",Índia,220757,131827,comexstat,2026-10-08
2026,06,6802,"Pedras de cantaria ou de construção (exceto de ardósia) trabalhadas e obras destas pedras, exceto as da posição 6801; cubos, pastilhas e artigos semelhantes, para mosaicos, de pedra natural (incluída a ardósia), mesmo com suporte; grânulos, fragmentos e",Costa Rica,220052,125842,comexstat,2026-10-08
2026,09,6802,"Pedras de cantaria ou de construção (exceto de ardósia) trabalhadas e obras destas pedras, exceto as da posição 6801; cubos, pastilhas e artigos semelhantes, para mosaicos, de pedra natural (incluída a ardósia), mesmo com suporte; grânulos, fragmentos e",Bélgica,219195,101241,comexstat,2026-10-08
2026,09,2516,"Granito, pórfiro, basalto, arenito e outras pedras de cantaria ou de construção, mesmo desbastados ou simplesmente cortados à serra ou por outro meio, em blocos ou placas de forma quadrada ou rectangular",Polônia,216678,479843,comexstat,2026-10-08
2026,08,6802,"Pedras de cantaria ou de construção (exceto de ardósia) trabalhadas e obras destas pedras, exceto as da posição 6801; cubos, pastilhas e artigos semelhantes, para mosaicos, de pedra natural (incluída a ardósia), mesmo com suporte; grânulos, fragmentos e",Nova Zelândia,214501,74577,comexstat,2026-10-08
2026,07,6802,"Pedras de cantaria ou de construção (exceto de ardósia) trabalhadas e obras destas pedras, exceto as da posição 6801; cubos, pastilhas e artigos semelhantes, para mosaicos, de pedra natural (incluída a ardósia), mesmo com suporte; grânulos, fragmentos e",Indonésia,213043,179212,comexstat,2026-10-08
2026,04,6802,"Pedras de cantaria ou de construção (exceto de ardósia) trabalhadas e obras destas pedras, exceto as da posição 6801; cubos, pastilhas e artigos semelhantes, para mosaicos, de pedra natural (incluída a ardósia), mesmo com suporte; grânulos, fragmentos e",Paraguai,212917,508765,comexstat,2026-10-08
2026,09,2516,"Granito, pórfiro, basalto, arenito e outras pedras de cantaria ou de construção, mesmo desbastados ou simplesmente cortados à serra ou por outro meio, em blocos ou placas de forma quadrada ou rectangular",Índia,212373,427050,comexstat,2026-10-08
2026,08,6802,"Pedras de cantaria ou de construção (exceto de ardósia) trabalhadas e obras destas pedras, exceto as da posição 6801; cubos, pastilhas e artigos semelhantes, para mosaicos, de pedra natural (incluída a ardósia), mesmo com suporte; grânulos, fragmentos e",Índia,209247,159613,comexstat,2026-10-08
2026,07,6803,Ardósia natural trabalhada e obras de ardósia natural ou aglomerada,Itália,208900,480403,comexstat,2026-10-08
2026,03,6802,"Pedras de cantaria ou de construção (exceto de ardósia) trabalhadas e obras destas pedras, exceto as da posição 6801; cubos, pastilhas e artigos semelhantes, para mosaicos, de pedra natural (incluída a ardósia), mesmo com suporte; grânulos, fragmentos e",África do Sul,208830,156773,comexstat,2026-10-08
2026,06,6802,"Pedras de cantaria ou de construção (exceto de ardósia) trabalhadas e obras destas pedras, exceto as da posição 6801; cubos, pastilhas e artigos semelhantes, para mosaicos, de pedra natural (incluída a ardósia), mesmo com suporte; grânulos, fragmentos e",China,208565,131245,comexstat,2026-10-08
2026,03,6802,"Pedras de cantaria ou de construção (exceto de ardósia) trabalhadas e obras destas pedras, exceto as da posição 6801; cubos, pastilhas e artigos semelhantes, para mosaicos, de pedra natural (incluída a ardósia), mesmo com suporte; grânulos, fragmentos e",Paraguai,208552,559829,comexstat,2026-10-08
2026,09,2516,"Granito, pórfiro, basalto, arenito e outras pedras de cantaria ou de construção, mesmo desbastados ou simplesmente cortados à serra ou por outro meio, em blocos ou placas de forma quadrada ou rectangular",Vietnã,208514,548695,comexstat,2026-10-08
2026,09,6803,Ardósia natural trabalhada e obras de ardósia natural ou aglomerada,França,208292,370478,comexstat,2026-10-08
2026,04,6803,Ardósia natural trabalhada e obras de ardósia natural ou aglomerada,França,207250,471665,comexstat,2026-10-08
2026,09,6802,"Pedras de cantaria ou de construção (exceto de ardósia) trabalhadas e obras destas pedras, exceto as da posição 6801; cubos, pastilhas e artigos semelhantes, para mosaicos, de pedra natural (incluída a ardósia), mesmo com suporte; grânulos, fragmentos e",Costa Rica,206419,170105,comexstat,2026-10-08
2026,06,2516,"Granito, pórfiro, basalto, arenito e outras pedras de cantaria ou de construção, mesmo desbastados ou simplesmente cortados à serra ou por outro meio, em blocos ou placas de forma quadrada ou rectangular",Argentina,206104,732674,comexstat,2026-10-08
2026,07,6802,"Pedras de cantaria ou de construção (exceto de ardósia) trabalhadas e obras destas pedras, exceto as da posição 6801; cubos, pastilhas e artigos semelhantes, para mosaicos, de pedra natural (incluída a ardósia), mesmo com suporte; grânulos, fragmentos e",Alemanha,201625,99023,comexstat,2026-10-08
2026,02,6802,"Pedras de cantaria ou de construção (exceto de ardósia) trabalhadas e obras destas pedras, exceto as da posição 6801; cubos, pastilhas e artigos semelhantes, para mosaicos, de pedra natural (incluída a ardósia), mesmo com suporte; grânulos, fragmentos e",República Dominicana,201466,370460,comexstat,2026-10-08
2026,05,6802,"Pedras de cantaria ou de construção (exceto de ardósia) trabalhadas e obras destas pedras, exceto as da posição 6801; cubos, pastilhas e artigos semelhantes, para mosaicos, de pedra natural (incluída a ardósia), mesmo com suporte; grânulos, fragmentos e",Israel,200546,75317,comexstat,2026-10-08
2026,07,6803,Ardósia natural trabalhada e obras de ardósia natural ou aglomerada,Irlanda,200169,433364,comexstat,2026-10-08
2026,08,2516,"Granito, pórfiro, basalto, arenito e outras pedras de cantaria ou de construção, mesmo desbastados ou simplesmente cortados à serra ou por outro meio, em blocos ou placas de forma quadrada ou rectangular",Argentina,200078,749872,comexstat,2026-10-08
2026,09,6803,Ardósia natural trabalhada e obras de ardósia natural ou aglomerada,Colômbia,198634,316665,comexstat,2026-10-08
2026,04,6802,"Pedras de cantaria ou de construção (exceto de ardósia) trabalhadas e obras destas pedras, exceto as da posição 6801; cubos, pastilhas e artigos semelhantes, para mosaicos, de pedra natural (incluída a ardósia), mesmo com suporte; grânulos, fragmentos e",África do Sul,196793,128287,comexstat,2026-10-08
2026,08,6802,"Pedras de cantaria ou de construção (exceto de ardósia) trabalhadas e obras destas pedras, exceto as da posição 6801; cubos, pastilhas e artigos semelhantes, para mosaicos, de pedra natural (incluída a ardósia), mesmo com suporte; grânulos, fragmentos e",China,196734,98970,comexstat,2026-10-08
2026,06,6803,Ardósia natural trabalhada e obras de ardósia natural ou aglomerada,Espanha,194616,250743,comexstat,2026-10-08
2026,08,6802,"Pedras de cantaria ou de construção (exceto de ardósia) trabalhadas e obras destas pedras, exceto as da posição 6801; cubos, pastilhas e artigos semelhantes, para mosaicos, de pedra natural (incluída a ardósia), mesmo com suporte; grânulos, fragmentos e",Reino Unido,193031,77602,comexstat,2026-10-08
2026,07,6803,Ardósia natural trabalhada e obras de ardósia natural ou aglomerada,França,192514,452990,comexstat,2026-10-08
2026,04,6802,"Pedras de cantaria ou de construção (exceto de ardósia) trabalhadas e obras destas pedras, exceto as da posição 6801; cubos, pastilhas e artigos semelhantes, para mosaicos, de pedra natural (incluída a ardósia), mesmo com suporte; grânulos, fragmentos e",Panamá,188966,128623,comexstat,2026-10-08
2026,02,6802,"Pedras de cantaria ou de construção (exceto de ardósia) trabalhadas e obras destas pedras, exceto as da posição 6801; cubos, pastilhas e artigos semelhantes, para mosaicos, de pedra natural (incluída a ardósia), mesmo com suporte; grânulos, fragmentos e",Paraguai,187720,420496,comexstat,2026-10-08
2026,07,6802,"Pedras de cantaria ou de construção (exceto de ardósia) trabalhadas e obras destas pedras, exceto as da posição 6801; cubos, pastilhas e artigos semelhantes, para mosaicos, de pedra natural (incluída a ardósia), mesmo com suporte; grânulos, fragmentos e",Arábia Saudita,187571,77617,comexstat,2026-10-08
2026,03,6802,"Pedras de cantaria ou de construção (exceto de ardósia) trabalhadas e obras destas pedras, exceto as da posição 6801; cubos, pastilhas e artigos semelhantes, para mosaicos, de pedra natural (incluída a ardósia), mesmo com suporte; grânulos, fragmentos e",Costa Rica,185560,128094,comexstat,2026-10-08
2026,06,6803,Ardósia natural trabalhada e obras de ardósia natural ou aglomerada,Itália,185414,384759,comexstat,2026-10-08
2026,08,6802,"Pedras de cantaria ou de construção (exceto de ardósia) trabalhadas e obras destas pedras, exceto as da posição 6801; cubos, pastilhas e artigos semelhantes, para mosaicos, de pedra natural (incluída a ardósia), mesmo com suporte; grânulos, fragmentos e",Peru,185270,287715,comexstat,2026-10-08
2026,02,2516,"Granito, pórfiro, basalto, arenito e outras pedras de cantaria ou de construção, mesmo desbastados ou simplesmente cortados à serra ou por outro meio, em blocos ou placas de forma quadrada ou rectangular",Itália,181729,378274,comexstat,2026-10-08
2026,08,6803,Ardósia natural trabalhada e obras de ardósia natural ou aglomerada,França,180989,382854,comexstat,2026-10-08
2026,07,6802,"Pedras de cantaria ou de construção (exceto de ardósia) trabalhadas e obras destas pedras, exceto as da posição 6801; cubos, pastilhas e artigos semelhantes, para mosaicos, de pedra natural (incluída a ardósia), mesmo com suporte; grânulos, fragmentos e",Equador,179688,305731,comexstat,2026-10-08
2026,07,6802,"Pedras de cantaria ou de construção (exceto de ardósia) trabalhadas e obras destas pedras, exceto as da posição 6801; cubos, pastilhas e artigos semelhantes, para mosaicos, de pedra natural (incluída a ardósia), mesmo com suporte; grânulos, fragmentos e",França,179193,67617,comexstat,2026-10-08
2026,01,6802,"Pedras de cantaria ou de construção (exceto de ardósia) trabalhadas e obras destas pedras, exceto as da posição 6801; cubos, pastilhas e artigos semelhantes, para mosaicos, de pedra natural (incluída a ardósia), mesmo com suporte; grânulos, fragmentos e",Reino Unido,178861,149892,comexstat,2026-10-08
2026,07,6802,"Pedras de cantaria ou de construção (exceto de ardósia) trabalhadas e obras destas pedras, exceto as da posição 6801; cubos, pastilhas e artigos semelhantes, para mosaicos, de pedra natural (incluída a ardósia), mesmo com suporte; grânulos, fragmentos e",Uruguai,178242,420571,comexstat,2026-10-08
2026,09,6802,"Pedras de cantaria ou de construção (exceto de ardósia) trabalhadas e obras destas pedras, exceto as da posição 6801; cubos, pastilhas e artigos semelhantes, para mosaicos, de pedra natural (incluída a ardósia), mesmo com suporte; grânulos, fragmentos e",Indonésia,177983,176981,comexstat,2026-10-08
2026,07,2516,"Granito, pórfiro, basalto, arenito e outras pedras de cantaria ou de construção, mesmo desbastados ou simplesmente cortados à serra ou por outro meio, em blocos ou placas de forma quadrada ou rectangular",Argentina,177958,651536,comexstat,2026-10-08
2026,04,2516,"Granito, pórfiro, basalto, arenito e outras pedras de cantaria ou de construção, mesmo desbastados ou simplesmente cortados à serra ou por outro meio, em blocos ou placas de forma quadrada ou rectangular",Argentina,177875,676238,comexstat,2026-10-08
2026,04,6802,"Pedras de cantaria ou de construção (exceto de ardósia) trabalhadas e obras destas pedras, exceto as da posição 6801; cubos, pastilhas e artigos semelhantes, para mosaicos, de pedra natural (incluída a ardósia), mesmo com suporte; grânulos, fragmentos e",Hungria,176850,69827,comexstat,2026-10-08
2026,07,6802,"Pedras de cantaria ou de construção (exceto de ardósia) trabalhadas e obras destas pedras, exceto as da posição 6801; cubos, pastilhas e artigos semelhantes, para mosaicos, de pedra natural (incluída a ardósia), mesmo com suporte; grânulos, fragmentos e",Reino Unido,176835,78600,comexstat,2026-10-08
2026,01,6802,"Pedras de cantaria ou de construção (exceto de ardósia) trabalhadas e obras destas pedras, exceto as da posição 6801; cubos, pastilhas e artigos semelhantes, para mosaicos, de pedra natural (incluída a ardósia), mesmo com suporte; grânulos, fragmentos e",Paraguai,174450,510522,comexstat,2026-10-08
2026,04,6802,"Pedras de cantaria ou de construção (exceto de ardósia) trabalhadas e obras destas pedras, exceto as da posição 6801; cubos, pastilhas e artigos semelhantes, para mosaicos, de pedra natural (incluída a ardósia), mesmo com suporte; grânulos, fragmentos e",Peru,170382,257301,comexstat,2026-10-08
2026,02,6803,Ardósia natural trabalhada e obras de ardósia natural ou aglomerada,Itália,168516,286255,comexstat,2026-10-08
2026,05,6802,"Pedras de cantaria ou de construção (exceto de ardósia) trabalhadas e obras destas pedras, exceto as da posição 6801; cubos, pastilhas e artigos semelhantes, para mosaicos, de pedra natural (incluída a ardósia), mesmo com suporte; grânulos, fragmentos e",Nova Zelândia,167481,48891,comexstat,2026-10-08
2026,09,6802,"Pedras de cantaria ou de construção (exceto de ardósia) trabalhadas e obras destas pedras, exceto as da posição 6801; cubos, pastilhas e artigos semelhantes, para mosaicos, de pedra natural (incluída a ardósia), mesmo com suporte; grânulos, fragmentos e",Equador,167174,146223,comexstat,2026-10-08
2026,08,6802,"Pedras de cantaria ou de construção (exceto de ardósia) trabalhadas e obras destas pedras, exceto as da posição 6801; cubos, pastilhas e artigos semelhantes, para mosaicos, de pedra natural (incluída a ardósia), mesmo com suporte; grânulos, fragmentos e",Indonésia,166490,156120,comexstat,2026-10-08
2026,02,2516,"Granito, pórfiro, basalto, arenito e outras pedras de cantaria ou de construção, mesmo desbastados ou simplesmente cortados à serra ou por outro meio, em blocos ou placas de forma quadrada ou rectangular",Vietnã,164690,501490,comexstat,2026-10-08
2026,03,6802,"Pedras de cantaria ou de construção (exceto de ardósia) trabalhadas e obras destas pedras, exceto as da posição 6801; cubos, pastilhas e artigos semelhantes, para mosaicos, de pedra natural (incluída a ardósia), mesmo com suporte; grânulos, fragmentos e",Equador,164299,209191,comexstat,2026-10-08
2026,02,6802,"Pedras de cantaria ou de construção (exceto de ardósia) trabalhadas e obras destas pedras, exceto as da posição 6801; cubos, pastilhas e artigos semelhantes, para mosaicos, de pedra natural (incluída a ardósia), mesmo com suporte; grânulos, fragmentos e",Coveite (Kuweit),163059,268692,comexstat,2026-10-08
2026,01,6802,"Pedras de cantaria ou de construção (exceto de ardósia) trabalhadas e obras destas pedras, exceto as da posição 6801; cubos, pastilhas e artigos semelhantes, para mosaicos, de pedra natural (incluída a ardósia), mesmo com suporte; grânulos, fragmentos e",Arábia Saudita,162609,79188,comexstat,2026-10-08
2026,07,6802,"Pedras de cantaria ou de construção (exceto de ardósia) trabalhadas e obras destas pedras, exceto as da posição 6801; cubos, pastilhas e artigos semelhantes, para mosaicos, de pedra natural (incluída a ardósia), mesmo com suporte; grânulos, fragmentos e",Índia,162158,102562,comexstat,2026-10-08
2026,03,6803,Ardósia natural trabalhada e obras de ardósia natural ou aglomerada,Alemanha,162027,266761,comexstat,2026-10-08
2026,09,6802,"Pedras de cantaria ou de construção (exceto de ardósia) trabalhadas e obras destas pedras, exceto as da posição 6801; cubos, pastilhas e artigos semelhantes, para mosaicos, de pedra natural (incluída a ardósia), mesmo com suporte; grânulos, fragmentos e",Áustria,160131,186133,comexstat,2026-10-08
2026,04,2516,"Granito, pórfiro, basalto, arenito e outras pedras de cantaria ou de construção, mesmo desbastados ou simplesmente cortados à serra ou por outro meio, em blocos ou placas de forma quadrada ou rectangular",Taiwan (Formosa),159900,1331600,comexstat,2026-10-08
2026,04,6802,"Pedras de cantaria ou de construção (exceto de ardósia) trabalhadas e obras destas pedras, exceto as da posição 6801; cubos, pastilhas e artigos semelhantes, para mosaicos, de pedra natural (incluída a ardósia), mesmo com suporte; grânulos, fragmentos e",Nova Zelândia,159481,48163,comexstat,2026-10-08
2026,04,6802,"Pedras de cantaria ou de construção (exceto de ardósia) trabalhadas e obras destas pedras, exceto as da posição 6801; cubos, pastilhas e artigos semelhantes, para mosaicos, de pedra natural (incluída a ardósia), mesmo com suporte; grânulos, fragmentos e",Lituânia,158604,77365,comexstat,2026-10-08
2026,01,6802,"Pedras de cantaria ou de construção (exceto de ardósia) trabalhadas e obras destas pedras, exceto as da posição 6801; cubos, pastilhas e artigos semelhantes, para mosaicos, de pedra natural (incluída a ardósia), mesmo com suporte; grânulos, fragmentos e",Costa Rica,158212,103503,comexstat,2026-10-08
2026,05,6802,"Pedras de cantaria ou de construção (exceto de ardósia) trabalhadas e obras destas pedras, exceto as da posição 6801; cubos, pastilhas e artigos semelhantes, para mosaicos, de pedra natural (incluída a ardósia), mesmo com suporte; grânulos, fragmentos e",Dinamarca,157451,74709,comexstat,2026-10-08
2026,03,6802,"Pedras de cantaria ou de construção (exceto de ardósia) trabalhadas e obras destas pedras, exceto as da posição 6801; cubos, pastilhas e artigos semelhantes, para mosaicos, de pedra natural (incluída a ardósia), mesmo com suporte; grânulos, fragmentos e",Honduras,156269,157627,comexstat,2026-10-08
2026,04,6802,"Pedras de cantaria ou de construção (exceto de ardósia) trabalhadas e obras destas pedras, exceto as da posição 6801; cubos, pastilhas e artigos semelhantes, para mosaicos, de pedra natural (incluída a ardósia), mesmo com suporte; grânulos, fragmentos e",Países Baixos (Holanda),155351,112618,comexstat,2026-10-08
2026,07,6802,"Pedras de cantaria ou de construção (exceto de ardósia) trabalhadas e obras destas pedras, exceto as da posição 6801; cubos, pastilhas e artigos semelhantes, para mosaicos, de pedra natural (incluída a ardósia), mesmo com suporte; grânulos, fragmentos e",Costa Rica,154742,125516,comexstat,2026-10-08
2026,06,6802,"Pedras de cantaria ou de construção (exceto de ardósia) trabalhadas e obras destas pedras, exceto as da posição 6801; cubos, pastilhas e artigos semelhantes, para mosaicos, de pedra natural (incluída a ardósia), mesmo com suporte; grânulos, fragmentos e",Panamá,154682,122390,comexstat,2026-10-08
2026,09,2516,"Granito, pórfiro, basalto, arenito e outras pedras de cantaria ou de construção, mesmo desbastados ou simplesmente cortados à serra ou por outro meio, em blocos ou placas de forma quadrada ou rectangular",Taiwan (Formosa),154265,614040,comexstat,2026-10-08
2026,04,6802,"Pedras de cantaria ou de construção (exceto de ardósia) trabalhadas e obras destas pedras, exceto as da posição 6801; cubos, pastilhas e artigos semelhantes, para mosaicos, de pedra natural (incluída a ardósia), mesmo com suporte; grânulos, fragmentos e",Equador,153588,211338,comexstat,2026-10-08
2026,02,6802,"Pedras de cantaria ou de construção (exceto de ardósia) trabalhadas e obras destas pedras, exceto as da posição 6801; cubos, pastilhas e artigos semelhantes, para mosaicos, de pedra natural (incluída a ardósia), mesmo com suporte; grânulos, fragmentos e",Uruguai,151124,417070,comexstat,2026-10-08
2026,04,6802,"Pedras de cantaria ou de construção (exceto de ardósia) trabalhadas e obras destas pedras, exceto as da posição 6801; cubos, pastilhas e artigos semelhantes, para mosaicos, de pedra natural (incluída a ardósia), mesmo com suporte; grânulos, fragmentos e",Costa Rica,150801,125277,comexstat,2026-10-08
2026,08,6802,"Pedras de cantaria ou de construção (exceto de ardósia) trabalhadas e obras destas pedras, exceto as da posição 6801; cubos, pastilhas e artigos semelhantes, para mosaicos, de pedra natural (incluída a ardósia), mesmo com suporte; grânulos, fragmentos e",Honduras,150459,156650,comexstat,2026-10-08
2026,01,6802,"Pedras de cantaria ou de construção (exceto de ardósia) trabalhadas e obras destas pedras, exceto as da posição 6801; cubos, pastilhas e artigos semelhantes, para mosaicos, de pedra natural (incluída a ardósia), mesmo com suporte; grânulos, fragmentos e",Peru,150085,211351,comexstat,2026-10-08
2026,05,6802,"Pedras de cantaria ou de construção (exceto de ardósia) trabalhadas e obras destas pedras, exceto as da posição 6801; cubos, pastilhas e artigos semelhantes, para mosaicos, de pedra natural (incluída a ardósia), mesmo com suporte; grânulos, fragmentos e",Panamá,149936,77906,comexstat,2026-10-08
2026,01,6802,"Pedras de cantaria ou de construção (exceto de ardósia) trabalhadas e obras destas pedras, exceto as da posição 6801; cubos, pastilhas e artigos semelhantes, para mosaicos, de pedra natural (incluída a ardósia), mesmo com suporte; grânulos, fragmentos e",Bélgica,149322,51515,comexstat,2026-10-08
2026,08,6802,"Pedras de cantaria ou de construção (exceto de ardósia) trabalhadas e obras destas pedras, exceto as da posição 6801; cubos, pastilhas e artigos semelhantes, para mosaicos, de pedra natural (incluída a ardósia), mesmo com suporte; grânulos, fragmentos e",Guatemala,146739,125798,comexstat,2026-10-08
2026,05,6802,"Pedras de cantaria ou de construção (exceto de ardósia) trabalhadas e obras destas pedras, exceto as da posição 6801; cubos, pastilhas e artigos semelhantes, para mosaicos, de pedra natural (incluída a ardósia), mesmo com suporte; grânulos, fragmentos e",Reino Unido,145151,70264,comexstat,2026-10-08
2026,04,6802,"Pedras de cantaria ou de construção (exceto de ardósia) trabalhadas e obras destas pedras, exceto as da posição 6801; cubos, pastilhas e artigos semelhantes, para mosaicos, de pedra natural (incluída a ardósia), mesmo com suporte; grânulos, fragmentos e",Indonésia,144781,212943,comexstat,2026-10-08
2026,04,6802,"Pedras de cantaria ou de construção (exceto de ardósia) trabalhadas e obras destas pedras, exceto as da posição 6801; cubos, pastilhas e artigos semelhantes, para mosaicos, de pedra natural (incluída a ardósia), mesmo com suporte; grânulos, fragmentos e",Guatemala,144026,142824,comexstat,2026-10-08
2026,06,2515,"Mármores, travertinos, granitos belgas e outras pedras calcárias de cantaria ou de construção, de densidade aparente igual ou superior a 2,5, e alabastro, mesmo desbastados ou simplesmente cortados à serra ou por outro meio, em blocos ou placas de forma q",Itália,143926,90670,comexstat,2026-10-08
2026,05,6803,Ardósia natural trabalhada e obras de ardósia natural ou aglomerada,Irlanda,143190,315189,comexstat,2026-10-08
2026,06,6802,"Pedras de cantaria ou de construção (exceto de ardósia) trabalhadas e obras destas pedras, exceto as da posição 6801; cubos, pastilhas e artigos semelhantes, para mosaicos, de pedra natural (incluída a ardósia), mesmo com suporte; grânulos, fragmentos e",Chile,143103,176921,comexstat,2026-10-08
2026,09,6803,Ardósia natural trabalhada e obras de ardósia natural ou aglomerada,Dinamarca,143095,207115,comexstat,2026-10-08
2026,08,6802,"Pedras de cantaria ou de construção (exceto de ardósia) trabalhadas e obras destas pedras, exceto as da posição 6801; cubos, pastilhas e artigos semelhantes, para mosaicos, de pedra natural (incluída a ardósia), mesmo com suporte; grânulos, fragmentos e",Costa Rica,142380,76891,comexstat,2026-10-08
2026,07,6802,"Pedras de cantaria ou de construção (exceto de ardósia) trabalhadas e obras destas pedras, exceto as da posição 6801; cubos, pastilhas e artigos semelhantes, para mosaicos, de pedra natural (incluída a ardósia), mesmo com suporte; grânulos, fragmentos e",Israel,141726,52268,comexstat,2026-10-08
2026,05,6803,Ardósia natural trabalhada e obras de ardósia natural ou aglomerada,Itália,141507,255393,comexstat,2026-10-08
2026,04,6802,"Pedras de cantaria ou de construção (exceto de ardósia) trabalhadas e obras destas pedras, exceto as da posição 6801; cubos, pastilhas e artigos semelhantes, para mosaicos, de pedra natural (incluída a ardósia), mesmo com suporte; grânulos, fragmentos e",Bolívia,137629,235491,comexstat,2026-10-08
2026,09,6802,"Pedras de cantaria ou de construção (exceto de ardósia) trabalhadas e obras destas pedras, exceto as da posição 6801; cubos, pastilhas e artigos semelhantes, para mosaicos, de pedra natural (incluída a ardósia), mesmo com suporte; grânulos, fragmentos e",Geórgia,137274,54203,comexstat,2026-10-08
2026,06,6802,"Pedras de cantaria ou de construção (exceto de ardósia) trabalhadas e obras destas pedras, exceto as da posição 6801; cubos, pastilhas e artigos semelhantes, para mosaicos, de pedra natural (incluída a ardósia), mesmo com suporte; grânulos, fragmentos e",Lituânia,136890,48274,comexstat,2026-10-08
2026,04,6802,"Pedras de cantaria ou de construção (exceto de ardósia) trabalhadas e obras destas pedras, exceto as da posição 6801; cubos, pastilhas e artigos semelhantes, para mosaicos, de pedra natural (incluída a ardósia), mesmo com suporte; grânulos, fragmentos e",Chile,136228,72697,comexstat,2026-10-08
2026,04,6802,"Pedras de cantaria ou de construção (exceto de ardósia) trabalhadas e obras destas pedras, exceto as da posição 6801; cubos, pastilhas e artigos semelhantes, para mosaicos, de pedra natural (incluída a ardósia), mesmo com suporte; grânulos, fragmentos e",Taiwan (Formosa),136183,43708,comexstat,2026-10-08
2026,09,6802,"Pedras de cantaria ou de construção (exceto de ardósia) trabalhadas e obras destas pedras, exceto as da posição 6801; cubos, pastilhas e artigos semelhantes, para mosaicos, de pedra natural (incluída a ardósia), mesmo com suporte; grânulos, fragmentos e",Peru,135554,238221,comexstat,2026-10-08
2026,09,2516,"Granito, pórfiro, basalto, arenito e outras pedras de cantaria ou de construção, mesmo desbastados ou simplesmente cortados à serra ou por outro meio, em blocos ou placas de forma quadrada ou rectangular",Bélgica,135409,265080,comexstat,2026-10-08
2026,09,6802,"Pedras de cantaria ou de construção (exceto de ardósia) trabalhadas e obras destas pedras, exceto as da posição 6801; cubos, pastilhas e artigos semelhantes, para mosaicos, de pedra natural (incluída a ardósia), mesmo com suporte; grânulos, fragmentos e",Porto Rico,131532,130744,comexstat,2026-10-08
2026,06,6802,"Pedras de cantaria ou de construção (exceto de ardósia) trabalhadas e obras destas pedras, exceto as da posição 6801; cubos, pastilhas e artigos semelhantes, para mosaicos, de pedra natural (incluída a ardósia), mesmo com suporte; grânulos, fragmentos e",Portugal,131194,123090,comexstat,2026-10-08
2026,04,6802,"Pedras de cantaria ou de construção (exceto de ardósia) trabalhadas e obras destas pedras, exceto as da posição 6801; cubos, pastilhas e artigos semelhantes, para mosaicos, de pedra natural (incluída a ardósia), mesmo com suporte; grânulos, fragmentos e",Coreia do Sul,130454,96375,comexstat,2026-10-08
2026,04,6802,"Pedras de cantaria ou de construção (exceto de ardósia) trabalhadas e obras destas pedras, exceto as da posição 6801; cubos, pastilhas e artigos semelhantes, para mosaicos, de pedra natural (incluída a ardósia), mesmo com suporte; grânulos, fragmentos e",Porto Rico,129987,49201,comexstat,2026-10-08
2026,09,6803,Ardósia natural trabalhada e obras de ardósia natural ou aglomerada,Alemanha,129516,194625,comexstat,2026-10-08
2026,09,6802,"Pedras de cantaria ou de construção (exceto de ardósia) trabalhadas e obras destas pedras, exceto as da posição 6801; cubos, pastilhas e artigos semelhantes, para mosaicos, de pedra natural (incluída a ardósia), mesmo com suporte; grânulos, fragmentos e",Nigéria,129187,129107,comexstat,2026-10-08
2026,06,6802,"Pedras de cantaria ou de construção (exceto de ardósia) trabalhadas e obras destas pedras, exceto as da posição 6801; cubos, pastilhas e artigos semelhantes, para mosaicos, de pedra natural (incluída a ardósia), mesmo com suporte; grânulos, fragmentos e",Peru,128423,178369,comexstat,2026-10-08
2026,03,6802,"Pedras de cantaria ou de construção (exceto de ardósia) trabalhadas e obras destas pedras, exceto as da posição 6801; cubos, pastilhas e artigos semelhantes, para mosaicos, de pedra natural (incluída a ardósia), mesmo com suporte; grânulos, fragmentos e",Panamá,128133,130055,comexstat,2026-10-08
2026,02,6803,Ardósia natural trabalhada e obras de ardósia natural ou aglomerada,França,128055,280401,comexstat,2026-10-08
2026,06,2516,"Granito, pórfiro, basalto, arenito e outras pedras de cantaria ou de construção, mesmo desbastados ou simplesmente cortados à serra ou por outro meio, em blocos ou placas de forma quadrada ou rectangular",França,127617,475817,comexstat,2026-10-08
2026,05,6802,"Pedras de cantaria ou de construção (exceto de ardósia) trabalhadas e obras destas pedras, exceto as da posição 6801; cubos, pastilhas e artigos semelhantes, para mosaicos, de pedra natural (incluída a ardósia), mesmo com suporte; grânulos, fragmentos e",Turquia,126537,105489,comexstat,2026-10-08
2026,02,6802,"Pedras de cantaria ou de construção (exceto de ardósia) trabalhadas e obras destas pedras, exceto as da posição 6801; cubos, pastilhas e artigos semelhantes, para mosaicos, de pedra natural (incluída a ardósia), mesmo com suporte; grânulos, fragmentos e",Taiwan (Formosa),126114,44389,comexstat,2026-10-08
2026,07,6802,"Pedras de cantaria ou de construção (exceto de ardósia) trabalhadas e obras destas pedras, exceto as da posição 6801; cubos, pastilhas e artigos semelhantes, para mosaicos, de pedra natural (incluída a ardósia), mesmo com suporte; grânulos, fragmentos e",Peru,125639,234769,comexstat,2026-10-08
2026,06,6803,Ardósia natural trabalhada e obras de ardósia natural ou aglomerada,Alemanha,124157,193170,comexstat,2026-10-08
2026,01,6802,"Pedras de cantaria ou de construção (exceto de ardósia) trabalhadas e obras destas pedras, exceto as da posição 6801; cubos, pastilhas e artigos semelhantes, para mosaicos, de pedra natural (incluída a ardósia), mesmo com suporte; grânulos, fragmentos e",Equador,123082,152468,comexstat,2026-10-08
2026,08,6802,"Pedras de cantaria ou de construção (exceto de ardósia) trabalhadas e obras destas pedras, exceto as da posição 6801; cubos, pastilhas e artigos semelhantes, para mosaicos, de pedra natural (incluída a ardósia), mesmo com suporte; grânulos, fragmentos e",Bolívia,119876,272190,comexstat,2026-10-08
2026,04,6803,Ardósia natural trabalhada e obras de ardósia natural ou aglomerada,Itália,119713,226861,comexstat,2026-10-08
2026,04,6802,"Pedras de cantaria ou de construção (exceto de ardósia) trabalhadas e obras destas pedras, exceto as da posição 6801; cubos, pastilhas e artigos semelhantes, para mosaicos, de pedra natural (incluída a ardósia), mesmo com suporte; grânulos, fragmentos e",Índia,119154,77907,comexstat,2026-10-08
2026,09,6802,"Pedras de cantaria ou de construção (exceto de ardósia) trabalhadas e obras destas pedras, exceto as da posição 6801; cubos, pastilhas e artigos semelhantes, para mosaicos, de pedra natural (incluída a ardósia), mesmo com suporte; grânulos, fragmentos e",Nova Zelândia,118700,51915,comexstat,2026-10-08
2026,06,6803,Ardósia natural trabalhada e obras de ardósia natural ou aglomerada,Colômbia,118613,208967,comexstat,2026-10-08
2026,03,6802,"Pedras de cantaria ou de construção (exceto de ardósia) trabalhadas e obras destas pedras, exceto as da posição 6801; cubos, pastilhas e artigos semelhantes, para mosaicos, de pedra natural (incluída a ardósia), mesmo com suporte; grânulos, fragmentos e",Bolívia,118609,195270,comexstat,2026-10-08
2026,02,6802,"Pedras de cantaria ou de construção (exceto de ardósia) trabalhadas e obras destas pedras, exceto as da posição 6801; cubos, pastilhas e artigos semelhantes, para mosaicos, de pedra natural (incluída a ardósia), mesmo com suporte; grânulos, fragmentos e",Suécia,118138,48392,comexstat,2026-10-08
2026,02,6802,"Pedras de cantaria ou de construção (exceto de ardósia) trabalhadas e obras destas pedras, exceto as da posição 6801; cubos, pastilhas e artigos semelhantes, para mosaicos, de pedra natural (incluída a ardósia), mesmo com suporte; grânulos, fragmentos e",Peru,117589,212006,comexstat,2026-10-08
2026,04,6802,"Pedras de cantaria ou de construção (exceto de ardósia) trabalhadas e obras destas pedras, exceto as da posição 6801; cubos, pastilhas e artigos semelhantes, para mosaicos, de pedra natural (incluída a ardósia), mesmo com suporte; grânulos, fragmentos e",Dinamarca,117304,47781,comexstat,2026-10-08
2026,07,6802,"Pedras de cantaria ou de construção (exceto de ardósia) trabalhadas e obras destas pedras, exceto as da posição 6801; cubos, pastilhas e artigos semelhantes, para mosaicos, de pedra natural (incluída a ardósia), mesmo com suporte; grânulos, fragmentos e",Chile,116473,122319,comexstat,2026-10-08
2026,03,6802,"Pedras de cantaria ou de construção (exceto de ardósia) trabalhadas e obras destas pedras, exceto as da posição 6801; cubos, pastilhas e artigos semelhantes, para mosaicos, de pedra natural (incluída a ardósia), mesmo com suporte; grânulos, fragmentos e",Hungria,116235,48588,comexstat,2026-10-08
2026,07,6802,"Pedras de cantaria ou de construção (exceto de ardósia) trabalhadas e obras destas pedras, exceto as da posição 6801; cubos, pastilhas e artigos semelhantes, para mosaicos, de pedra natural (incluída a ardósia), mesmo com suporte; grânulos, fragmentos e",Irlanda,115942,48050,comexstat,2026-10-08
2026,02,6802,"Pedras de cantaria ou de construção (exceto de ardósia) trabalhadas e obras destas pedras, exceto as da posição 6801; cubos, pastilhas e artigos semelhantes, para mosaicos, de pedra natural (incluída a ardósia), mesmo com suporte; grânulos, fragmentos e",Equador,115613,263782,comexstat,2026-10-08
2026,01,6803,Ardósia natural trabalhada e obras de ardósia natural ou aglomerada,França,115475,256577,comexstat,2026-10-08
2026,04,6802,"Pedras de cantaria ou de construção (exceto de ardósia) trabalhadas e obras destas pedras, exceto as da posição 6801; cubos, pastilhas e artigos semelhantes, para mosaicos, de pedra natural (incluída a ardósia), mesmo com suporte; grânulos, fragmentos e",Honduras,115160,131586,comexstat,2026-10-08
2026,05,6802,"Pedras de cantaria ou de construção (exceto de ardósia) trabalhadas e obras destas pedras, exceto as da posição 6801; cubos, pastilhas e artigos semelhantes, para mosaicos, de pedra natural (incluída a ardósia), mesmo com suporte; grânulos, fragmentos e",Arábia Saudita,115025,107078,comexstat,2026-10-08
2026,07,2516,"Granito, pórfiro, basalto, arenito e outras pedras de cantaria ou de construção, mesmo desbastados ou simplesmente cortados à serra ou por outro meio, em blocos ou placas de forma quadrada ou rectangular",Taiwan (Formosa),114963,740220,comexstat,2026-10-08
2026,01,6802,"Pedras de cantaria ou de construção (exceto de ardósia) trabalhadas e obras destas pedras, exceto as da posição 6801; cubos, pastilhas e artigos semelhantes, para mosaicos, de pedra natural (incluída a ardósia), mesmo com suporte; grânulos, fragmentos e",Guatemala,113772,128405,comexstat,2026-10-08
2026,05,6802,"Pedras de cantaria ou de construção (exceto de ardósia) trabalhadas e obras destas pedras, exceto as da posição 6801; cubos, pastilhas e artigos semelhantes, para mosaicos, de pedra natural (incluída a ardósia), mesmo com suporte; grânulos, fragmentos e",Costa Rica,113426,74554,comexstat,2026-10-08
2026,02,6802,"Pedras de cantaria ou de construção (exceto de ardósia) trabalhadas e obras destas pedras, exceto as da posição 6801; cubos, pastilhas e artigos semelhantes, para mosaicos, de pedra natural (incluída a ardósia), mesmo com suporte; grânulos, fragmentos e",Portugal,113353,98870,comexstat,2026-10-08
2026,07,6803,Ardósia natural trabalhada e obras de ardósia natural ou aglomerada,Dinamarca,112588,163224,comexstat,2026-10-08
2026,04,6802,"Pedras de cantaria ou de construção (exceto de ardósia) trabalhadas e obras destas pedras, exceto as da posição 6801; cubos, pastilhas e artigos semelhantes, para mosaicos, de pedra natural (incluída a ardósia), mesmo com suporte; grânulos, fragmentos e",El Salvador,112553,98448,comexstat,2026-10-08
2026,08,6802,"Pedras de cantaria ou de construção (exceto de ardósia) trabalhadas e obras destas pedras, exceto as da posição 6801; cubos, pastilhas e artigos semelhantes, para mosaicos, de pedra natural (incluída a ardósia), mesmo com suporte; grânulos, fragmentos e",Geórgia,108762,51103,comexstat,2026-10-08
2026,05,6802,"Pedras de cantaria ou de construção (exceto de ardósia) trabalhadas e obras destas pedras, exceto as da posição 6801; cubos, pastilhas e artigos semelhantes, para mosaicos, de pedra natural (incluída a ardósia), mesmo com suporte; grânulos, fragmentos e",Indonésia,108752,50208,comexstat,2026-10-08
2026,01,6803,Ardósia natural trabalhada e obras de ardósia natural ou aglomerada,Espanha,108668,201794,comexstat,2026-10-08
2026,07,6802,"Pedras de cantaria ou de construção (exceto de ardósia) trabalhadas e obras destas pedras, exceto as da posição 6801; cubos, pastilhas e artigos semelhantes, para mosaicos, de pedra natural (incluída a ardósia), mesmo com suporte; grânulos, fragmentos e",Romênia,108138,177191,comexstat,2026-10-08
2026,08,6802,"Pedras de cantaria ou de construção (exceto de ardósia) trabalhadas e obras destas pedras, exceto as da posição 6801; cubos, pastilhas e artigos semelhantes, para mosaicos, de pedra natural (incluída a ardósia), mesmo com suporte; grânulos, fragmentos e",Chile,108056,98698,comexstat,2026-10-08
2026,06,6802,"Pedras de cantaria ou de construção (exceto de ardósia) trabalhadas e obras destas pedras, exceto as da posição 6801; cubos, pastilhas e artigos semelhantes, para mosaicos, de pedra natural (incluída a ardósia), mesmo com suporte; grânulos, fragmentos e",África do Sul,107271,52557,comexstat,2026-10-08
2026,04,2516,"Granito, pórfiro, basalto, arenito e outras pedras de cantaria ou de construção, mesmo desbastados ou simplesmente cortados à serra ou por outro meio, em blocos ou placas de forma quadrada ou rectangular",França,107142,536900,comexstat,2026-10-08
2026,04,6803,Ardósia natural trabalhada e obras de ardósia natural ou aglomerada,Dinamarca,106381,152409,comexstat,2026-10-08
2026,02,6802,"Pedras de cantaria ou de construção (exceto de ardósia) trabalhadas e obras destas pedras, exceto as da posição 6801; cubos, pastilhas e artigos semelhantes, para mosaicos, de pedra natural (incluída a ardósia), mesmo com suporte; grânulos, fragmentos e",Arábia Saudita,106106,160137,comexstat,2026-10-08
2026,01,6803,Ardósia natural trabalhada e obras de ardósia natural ou aglomerada,Países Baixos (Holanda),105910,161222,comexstat,2026-10-08
2026,08,6802,"Pedras de cantaria ou de construção (exceto de ardósia) trabalhadas e obras destas pedras, exceto as da posição 6801; cubos, pastilhas e artigos semelhantes, para mosaicos, de pedra natural (incluída a ardósia), mesmo com suporte; grânulos, fragmentos e",Irlanda,105885,43740,comexstat,2026-10-08
2026,08,6803,Ardósia natural trabalhada e obras de ardósia natural ou aglomerada,Geórgia,105510,153219,comexstat,2026-10-08
2026,03,6803,Ardósia natural trabalhada e obras de ardósia natural ou aglomerada,Dinamarca,105481,172397,comexstat,2026-10-08
2026,06,6802,"Pedras de cantaria ou de construção (exceto de ardósia) trabalhadas e obras destas pedras, exceto as da posição 6801; cubos, pastilhas e artigos semelhantes, para mosaicos, de pedra natural (incluída a ardósia), mesmo com suporte; grânulos, fragmentos e",Uruguai,105471,327700,comexstat,2026-10-08
2026,01,6802,"Pedras de cantaria ou de construção (exceto de ardósia) trabalhadas e obras destas pedras, exceto as da posição 6801; cubos, pastilhas e artigos semelhantes, para mosaicos, de pedra natural (incluída a ardósia), mesmo com suporte; grânulos, fragmentos e",Nigéria,105352,238289,comexstat,2026-10-08
2026,04,6803,Ardósia natural trabalhada e obras de ardósia natural ou aglomerada,Lituânia,105251,201777,comexstat,2026-10-08
2026,02,6802,"Pedras de cantaria ou de construção (exceto de ardósia) trabalhadas e obras destas pedras, exceto as da posição 6801; cubos, pastilhas e artigos semelhantes, para mosaicos, de pedra natural (incluída a ardósia), mesmo com suporte; grânulos, fragmentos e",Catar,105187,133125,comexstat,2026-10-08
2026,08,6803,Ardósia natural trabalhada e obras de ardósia natural ou aglomerada,Itália,103917,209740,comexstat,2026-10-08
2026,09,6802,"Pedras de cantaria ou de construção (exceto de ardósia) trabalhadas e obras destas pedras, exceto as da posição 6801; cubos, pastilhas e artigos semelhantes, para mosaicos, de pedra natural (incluída a ardósia), mesmo com suporte; grânulos, fragmentos e",Bolívia,103575,185198,comexstat,2026-10-08
2026,03,6802,"Pedras de cantaria ou de construção (exceto de ardósia) trabalhadas e obras destas pedras, exceto as da posição 6801; cubos, pastilhas e artigos semelhantes, para mosaicos, de pedra natural (incluída a ardósia), mesmo com suporte; grânulos, fragmentos e","Tcheca, República",102162,47371,comexstat,2026-10-08
2026,08,6803,Ardósia natural trabalhada e obras de ardósia natural ou aglomerada,Canadá,101916,154560,comexstat,2026-10-08
2026,05,6802,"Pedras de cantaria ou de construção (exceto de ardósia) trabalhadas e obras destas pedras, exceto as da posição 6801; cubos, pastilhas e artigos semelhantes, para mosaicos, de pedra natural (incluída a ardósia), mesmo com suporte; grânulos, fragmentos e",Portugal,101026,42431,comexstat,2026-10-08
2026,08,6802,"Pedras de cantaria ou de construção (exceto de ardósia) trabalhadas e obras destas pedras, exceto as da posição 6801; cubos, pastilhas e artigos semelhantes, para mosaicos, de pedra natural (incluída a ardósia), mesmo com suporte; grânulos, fragmentos e",Equador,100847,210980,comexstat,2026-10-08
2026,07,6802,"Pedras de cantaria ou de construção (exceto de ardósia) trabalhadas e obras destas pedras, exceto as da posição 6801; cubos, pastilhas e artigos semelhantes, para mosaicos, de pedra natural (incluída a ardósia), mesmo com suporte; grânulos, fragmentos e",Suíça,100799,47137,comexstat,2026-10-08
2026,07,2516,"Granito, pórfiro, basalto, arenito e outras pedras de cantaria ou de construção, mesmo desbastados ou simplesmente cortados à serra ou por outro meio, em blocos ou placas de forma quadrada ou rectangular",França,100320,357960,comexstat,2026-10-08
2026,05,6802,"Pedras de cantaria ou de construção (exceto de ardósia) trabalhadas e obras destas pedras, exceto as da posição 6801; cubos, pastilhas e artigos semelhantes, para mosaicos, de pedra natural (incluída a ardósia), mesmo com suporte; grânulos, fragmentos e",África do Sul,100302,51929,comexstat,2026-10-08
2026,05,6802,"Pedras de cantaria ou de construção (exceto de ardósia) trabalhadas e obras destas pedras, exceto as da posição 6801; cubos, pastilhas e artigos semelhantes, para mosaicos, de pedra natural (incluída a ardósia), mesmo com suporte; grânulos, fragmentos e",El Salvador,99947,127325,comexstat,2026-10-08
2026,01,6802,"Pedras de cantaria ou de construção (exceto de ardósia) trabalhadas e obras destas pedras, exceto as da posição 6801; cubos, pastilhas e artigos semelhantes, para mosaicos, de pedra natural (incluída a ardósia), mesmo com suporte; grânulos, fragmentos e",Rússia,99616,53450,comexstat,2026-10-08
2026,04,6803,Ardósia natural trabalhada e obras de ardósia natural ou aglomerada,Países Baixos (Holanda),98300,157538,comexstat,2026-10-08
2026,07,6803,Ardósia natural trabalhada e obras de ardósia natural ou aglomerada,Alemanha,97890,174493,comexstat,2026-10-08
2026,06,6802,"Pedras de cantaria ou de construção (exceto de ardósia) trabalhadas e obras destas pedras, exceto as da posição 6801; cubos, pastilhas e artigos semelhantes, para mosaicos, de pedra natural (incluída a ardósia), mesmo com suporte; grânulos, fragmentos e",Índia,97546,79325,comexstat,2026-10-08
2026,08,2516,"Granito, pórfiro, basalto, arenito e outras pedras de cantaria ou de construção, mesmo desbastados ou simplesmente cortados à serra ou por outro meio, em blocos ou placas de forma quadrada ou rectangular",Polônia,97395,248684,comexstat,2026-10-08
2026,08,2515,"Mármores, travertinos, granitos belgas e outras pedras calcárias de cantaria ou de construção, de densidade aparente igual ou superior a 2,5, e alabastro, mesmo desbastados ou simplesmente cortados à serra ou por outro meio, em blocos ou placas de forma q",Índia,96149,261600,comexstat,2026-10-08
2026,03,2516,"Granito, pórfiro, basalto, arenito e outras pedras de cantaria ou de construção, mesmo desbastados ou simplesmente cortados à serra ou por outro meio, em blocos ou placas de forma quadrada ou rectangular",Índia,95293,166510,comexstat,2026-10-08
2026,03,2516,"Granito, pórfiro, basalto, arenito e outras pedras de cantaria ou de construção, mesmo desbastados ou simplesmente cortados à serra ou por outro meio, em blocos ou placas de forma quadrada ou rectangular",França,94937,383720,comexstat,2026-10-08
2026,02,6802,"Pedras de cantaria ou de construção (exceto de ardósia) trabalhadas e obras destas pedras, exceto as da posição 6801; cubos, pastilhas e artigos semelhantes, para mosaicos, de pedra natural (incluída a ardósia), mesmo com suporte; grânulos, fragmentos e",Porto Rico,93915,46684,comexstat,2026-10-08
2026,09,6803,Ardósia natural trabalhada e obras de ardósia natural ou aglomerada,Itália,93591,220999,comexstat,2026-10-08
2026,09,6803,Ardósia natural trabalhada e obras de ardósia natural ou aglomerada,Países Baixos (Holanda),93384,126029,comexstat,2026-10-08
2026,07,6802,"Pedras de cantaria ou de construção (exceto de ardósia) trabalhadas e obras destas pedras, exceto as da posição 6801; cubos, pastilhas e artigos semelhantes, para mosaicos, de pedra natural (incluída a ardósia), mesmo com suporte; grânulos, fragmentos e",Nova Zelândia,91734,25091,comexstat,2026-10-08
2026,04,6803,Ardósia natural trabalhada e obras de ardósia natural ou aglomerada,Alemanha,91149,128489,comexstat,2026-10-08
2026,07,6802,"Pedras de cantaria ou de construção (exceto de ardósia) trabalhadas e obras destas pedras, exceto as da posição 6801; cubos, pastilhas e artigos semelhantes, para mosaicos, de pedra natural (incluída a ardósia), mesmo com suporte; grânulos, fragmentos e",Dinamarca,91067,48332,comexstat,2026-10-08
2026,04,2516,"Granito, pórfiro, basalto, arenito e outras pedras de cantaria ou de construção, mesmo desbastados ou simplesmente cortados à serra ou por outro meio, em blocos ou placas de forma quadrada ou rectangular",Egito,91009,55710,comexstat,2026-10-08
2026,05,6802,"Pedras de cantaria ou de construção (exceto de ardósia) trabalhadas e obras destas pedras, exceto as da posição 6801; cubos, pastilhas e artigos semelhantes, para mosaicos, de pedra natural (incluída a ardósia), mesmo com suporte; grânulos, fragmentos e",Belize,90944,72996,comexstat,2026-10-08
2026,01,6803,Ardósia natural trabalhada e obras de ardósia natural ou aglomerada,Colômbia,90668,156270,comexstat,2026-10-08
2026,07,6803,Ardósia natural trabalhada e obras de ardósia natural ou aglomerada,Espanha,90567,151391,comexstat,2026-10-08
2026,08,6802,"Pedras de cantaria ou de construção (exceto de ardósia) trabalhadas e obras destas pedras, exceto as da posição 6801; cubos, pastilhas e artigos semelhantes, para mosaicos, de pedra natural (incluída a ardósia), mesmo com suporte; grânulos, fragmentos e",Jamaica,90409,25700,comexstat,2026-10-08
2026,04,2516,"Granito, pórfiro, basalto, arenito e outras pedras de cantaria ou de construção, mesmo desbastados ou simplesmente cortados à serra ou por outro meio, em blocos ou placas de forma quadrada ou rectangular",Estados Unidos,90289,102900,comexstat,2026-10-08
2026,02,6802,"Pedras de cantaria ou de construção (exceto de ardósia) trabalhadas e obras destas pedras, exceto as da posição 6801; cubos, pastilhas e artigos semelhantes, para mosaicos, de pedra natural (incluída a ardósia), mesmo com suporte; grânulos, fragmentos e",Costa Rica,90279,102353,comexstat,2026-10-08
2026,08,6803,Ardósia natural trabalhada e obras de ardósia natural ou aglomerada,Chile,89793,202348,comexstat,2026-10-08
2026,01,6802,"Pedras de cantaria ou de construção (exceto de ardósia) trabalhadas e obras destas pedras, exceto as da posição 6801; cubos, pastilhas e artigos semelhantes, para mosaicos, de pedra natural (incluída a ardósia), mesmo com suporte; grânulos, fragmentos e",Panamá,89768,77772,comexstat,2026-10-08
2026,06,6802,"Pedras de cantaria ou de construção (exceto de ardósia) trabalhadas e obras destas pedras, exceto as da posição 6801; cubos, pastilhas e artigos semelhantes, para mosaicos, de pedra natural (incluída a ardósia), mesmo com suporte; grânulos, fragmentos e",Equador,89360,77848,comexstat,2026-10-08
2026,08,6803,Ardósia natural trabalhada e obras de ardósia natural ou aglomerada,Alemanha,88972,125733,comexstat,2026-10-08
2026,09,2515,"Mármores, travertinos, granitos belgas e outras pedras calcárias de cantaria ou de construção, de densidade aparente igual ou superior a 2,5, e alabastro, mesmo desbastados ou simplesmente cortados à serra ou por outro meio, em blocos ou placas de forma q",Índia,88842,364270,comexstat,2026-10-08
2026,03,6802,"Pedras de cantaria ou de construção (exceto de ardósia) trabalhadas e obras destas pedras, exceto as da posição 6801; cubos, pastilhas e artigos semelhantes, para mosaicos, de pedra natural (incluída a ardósia), mesmo com suporte; grânulos, fragmentos e",Egito,88127,26404,comexstat,2026-10-08
2026,04,6802,"Pedras de cantaria ou de construção (exceto de ardósia) trabalhadas e obras destas pedras, exceto as da posição 6801; cubos, pastilhas e artigos semelhantes, para mosaicos, de pedra natural (incluída a ardósia), mesmo com suporte; grânulos, fragmentos e",Jamaica,87702,67529,comexstat,2026-10-08
2026,03,6803,Ardósia natural trabalhada e obras de ardósia natural ou aglomerada,Espanha,87636,129254,comexstat,2026-10-08
2026,09,6802,"Pedras de cantaria ou de construção (exceto de ardósia) trabalhadas e obras destas pedras, exceto as da posição 6801; cubos, pastilhas e artigos semelhantes, para mosaicos, de pedra natural (incluída a ardósia), mesmo com suporte; grânulos, fragmentos e",Honduras,87523,103108,comexstat,2026-10-08
2026,01,6802,"Pedras de cantaria ou de construção (exceto de ardósia) trabalhadas e obras destas pedras, exceto as da posição 6801; cubos, pastilhas e artigos semelhantes, para mosaicos, de pedra natural (incluída a ardósia), mesmo com suporte; grânulos, fragmentos e",Turquia,87302,46028,comexstat,2026-10-08
2026,03,6803,Ardósia natural trabalhada e obras de ardósia natural ou aglomerada,Chile,87037,205092,comexstat,2026-10-08
2026,04,6803,Ardósia natural trabalhada e obras de ardósia natural ou aglomerada,China,86068,264360,comexstat,2026-10-08
2026,04,6802,"Pedras de cantaria ou de construção (exceto de ardósia) trabalhadas e obras destas pedras, exceto as da posição 6801; cubos, pastilhas e artigos semelhantes, para mosaicos, de pedra natural (incluída a ardósia), mesmo com suporte; grânulos, fragmentos e",Bulgária,85058,103943,comexstat,2026-10-08
2026,06,6802,"Pedras de cantaria ou de construção (exceto de ardósia) trabalhadas e obras destas pedras, exceto as da posição 6801; cubos, pastilhas e artigos semelhantes, para mosaicos, de pedra natural (incluída a ardósia), mesmo com suporte; grânulos, fragmentos e",Honduras,84356,73926,comexstat,2026-10-08
2026,02,6802,"Pedras de cantaria ou de construção (exceto de ardósia) trabalhadas e obras destas pedras, exceto as da posição 6801; cubos, pastilhas e artigos semelhantes, para mosaicos, de pedra natural (incluída a ardósia), mesmo com suporte; grânulos, fragmentos e",Honduras,83520,131126,comexstat,2026-10-08
2026,01,6802,"Pedras de cantaria ou de construção (exceto de ardósia) trabalhadas e obras destas pedras, exceto as da posição 6801; cubos, pastilhas e artigos semelhantes, para mosaicos, de pedra natural (incluída a ardósia), mesmo com suporte; grânulos, fragmentos e",Egito,83493,25252,comexstat,2026-10-08
2026,07,6803,Ardósia natural trabalhada e obras de ardósia natural ou aglomerada,Colômbia,82756,159636,comexstat,2026-10-08
2026,02,2516,"Granito, pórfiro, basalto, arenito e outras pedras de cantaria ou de construção, mesmo desbastados ou simplesmente cortados à serra ou por outro meio, em blocos ou placas de forma quadrada ou rectangular",Canadá,82469,744380,comexstat,2026-10-08
2026,02,6802,"Pedras de cantaria ou de construção (exceto de ardósia) trabalhadas e obras destas pedras, exceto as da posição 6801; cubos, pastilhas e artigos semelhantes, para mosaicos, de pedra natural (incluída a ardósia), mesmo com suporte; grânulos, fragmentos e",Dinamarca,82160,21368,comexstat,2026-10-08
2026,09,6803,Ardósia natural trabalhada e obras de ardósia natural ou aglomerada,Espanha,81569,131522,comexstat,2026-10-08
2026,02,6802,"Pedras de cantaria ou de construção (exceto de ardósia) trabalhadas e obras destas pedras, exceto as da posição 6801; cubos, pastilhas e artigos semelhantes, para mosaicos, de pedra natural (incluída a ardósia), mesmo com suporte; grânulos, fragmentos e",Nova Zelândia,81374,24300,comexstat,2026-10-08
2026,06,6802,"Pedras de cantaria ou de construção (exceto de ardósia) trabalhadas e obras destas pedras, exceto as da posição 6801; cubos, pastilhas e artigos semelhantes, para mosaicos, de pedra natural (incluída a ardósia), mesmo com suporte; grânulos, fragmentos e",Hong Kong,80912,77361,comexstat,2026-10-08
2026,06,6802,"Pedras de cantaria ou de construção (exceto de ardósia) trabalhadas e obras destas pedras, exceto as da posição 6801; cubos, pastilhas e artigos semelhantes, para mosaicos, de pedra natural (incluída a ardósia), mesmo com suporte; grânulos, fragmentos e",Indonésia,80654,79974,comexstat,2026-10-08
2026,05,6802,"Pedras de cantaria ou de construção (exceto de ardósia) trabalhadas e obras destas pedras, exceto as da posição 6801; cubos, pastilhas e artigos semelhantes, para mosaicos, de pedra natural (incluída a ardósia), mesmo com suporte; grânulos, fragmentos e",Chile,80497,71617,comexstat,2026-10-08
2026,09,6803,Ardósia natural trabalhada e obras de ardósia natural ou aglomerada,África do Sul,80440,133032,comexstat,2026-10-08
2026,07,6802,"Pedras de cantaria ou de construção (exceto de ardósia) trabalhadas e obras destas pedras, exceto as da posição 6801; cubos, pastilhas e artigos semelhantes, para mosaicos, de pedra natural (incluída a ardósia), mesmo com suporte; grânulos, fragmentos e",Coreia do Sul,79425,106244,comexstat,2026-10-08
2026,04,6802,"Pedras de cantaria ou de construção (exceto de ardósia) trabalhadas e obras destas pedras, exceto as da posição 6801; cubos, pastilhas e artigos semelhantes, para mosaicos, de pedra natural (incluída a ardósia), mesmo com suporte; grânulos, fragmentos e",Arábia Saudita,79159,53117,comexstat,2026-10-08
2026,03,6802,"Pedras de cantaria ou de construção (exceto de ardósia) trabalhadas e obras destas pedras, exceto as da posição 6801; cubos, pastilhas e artigos semelhantes, para mosaicos, de pedra natural (incluída a ardósia), mesmo com suporte; grânulos, fragmentos e",Marrocos,79090,52606,comexstat,2026-10-08
2026,02,2515,"Mármores, travertinos, granitos belgas e outras pedras calcárias de cantaria ou de construção, de densidade aparente igual ou superior a 2,5, e alabastro, mesmo desbastados ou simplesmente cortados à serra ou por outro meio, em blocos ou placas de forma q",Itália,79065,206000,comexstat,2026-10-08
2026,01,6802,"Pedras de cantaria ou de construção (exceto de ardósia) trabalhadas e obras destas pedras, exceto as da posição 6801; cubos, pastilhas e artigos semelhantes, para mosaicos, de pedra natural (incluída a ardósia), mesmo com suporte; grânulos, fragmentos e",Honduras,79026,99312,comexstat,2026-10-08
2026,08,6802,"Pedras de cantaria ou de construção (exceto de ardósia) trabalhadas e obras destas pedras, exceto as da posição 6801; cubos, pastilhas e artigos semelhantes, para mosaicos, de pedra natural (incluída a ardósia), mesmo com suporte; grânulos, fragmentos e",Taiwan (Formosa),78895,20215,comexstat,2026-10-08
2026,06,6802,"Pedras de cantaria ou de construção (exceto de ardósia) trabalhadas e obras destas pedras, exceto as da posição 6801; cubos, pastilhas e artigos semelhantes, para mosaicos, de pedra natural (incluída a ardósia), mesmo com suporte; grânulos, fragmentos e",Bulgária,77869,157237,comexstat,2026-10-08
2026,07,6802,"Pedras de cantaria ou de construção (exceto de ardósia) trabalhadas e obras destas pedras, exceto as da posição 6801; cubos, pastilhas e artigos semelhantes, para mosaicos, de pedra natural (incluída a ardósia), mesmo com suporte; grânulos, fragmentos e",Guatemala,77534,52470,comexstat,2026-10-08
2026,09,6803,Ardósia natural trabalhada e obras de ardósia natural ou aglomerada,Chile,77517,176295,comexstat,2026-10-08
2026,05,6803,Ardósia natural trabalhada e obras de ardósia natural ou aglomerada,Alemanha,76487,121828,comexstat,2026-10-08
2026,06,6801,"Pedras para calcetar, meios-fios e placas (lajes) para pavimentação, de pedra natural (exceto a ardósia)",Bélgica,76120,267440,comexstat,2026-10-08
2026,05,6802,"Pedras de cantaria ou de construção (exceto de ardósia) trabalhadas e obras destas pedras, exceto as da posição 6801; cubos, pastilhas e artigos semelhantes, para mosaicos, de pedra natural (incluída a ardósia), mesmo com suporte; grânulos, fragmentos e",Uruguai,75326,204176,comexstat,2026-10-08
2026,03,6802,"Pedras de cantaria ou de construção (exceto de ardósia) trabalhadas e obras destas pedras, exceto as da posição 6801; cubos, pastilhas e artigos semelhantes, para mosaicos, de pedra natural (incluída a ardósia), mesmo com suporte; grânulos, fragmentos e",Hong Kong,75297,76723,comexstat,2026-10-08
2026,06,6802,"Pedras de cantaria ou de construção (exceto de ardósia) trabalhadas e obras destas pedras, exceto as da posição 6801; cubos, pastilhas e artigos semelhantes, para mosaicos, de pedra natural (incluída a ardósia), mesmo com suporte; grânulos, fragmentos e",Arábia Saudita,75223,52533,comexstat,2026-10-08
2026,03,6803,Ardósia natural trabalhada e obras de ardósia natural ou aglomerada,Itália,75106,156169,comexstat,2026-10-08
2026,07,6802,"Pedras de cantaria ou de construção (exceto de ardósia) trabalhadas e obras destas pedras, exceto as da posição 6801; cubos, pastilhas e artigos semelhantes, para mosaicos, de pedra natural (incluída a ardósia), mesmo com suporte; grânulos, fragmentos e",Turquia,75047,75450,comexstat,2026-10-08
2026,05,6803,Ardósia natural trabalhada e obras de ardósia natural ou aglomerada,Espanha,74528,121632,comexstat,2026-10-08
2026,02,6802,"Pedras de cantaria ou de construção (exceto de ardósia) trabalhadas e obras destas pedras, exceto as da posição 6801; cubos, pastilhas e artigos semelhantes, para mosaicos, de pedra natural (incluída a ardósia), mesmo com suporte; grânulos, fragmentos e",Panamá,74448,73474,comexstat,2026-10-08
2026,01,2516,"Granito, pórfiro, basalto, arenito e outras pedras de cantaria ou de construção, mesmo desbastados ou simplesmente cortados à serra ou por outro meio, em blocos ou placas de forma quadrada ou rectangular",Índia,74122,153281,comexstat,2026-10-08
2026,01,2516,"Granito, pórfiro, basalto, arenito e outras pedras de cantaria ou de construção, mesmo desbastados ou simplesmente cortados à serra ou por outro meio, em blocos ou placas de forma quadrada ou rectangular",Argentina,73940,261758,comexstat,2026-10-08
2026,03,6802,"Pedras de cantaria ou de construção (exceto de ardósia) trabalhadas e obras destas pedras, exceto as da posição 6801; cubos, pastilhas e artigos semelhantes, para mosaicos, de pedra natural (incluída a ardósia), mesmo com suporte; grânulos, fragmentos e",Dinamarca,73774,27946,comexstat,2026-10-08
2026,08,2516,"Granito, pórfiro, basalto, arenito e outras pedras de cantaria ou de construção, mesmo desbastados ou simplesmente cortados à serra ou por outro meio, em blocos ou placas de forma quadrada ou rectangular",França,73673,231730,comexstat,2026-10-08
2026,02,6802,"Pedras de cantaria ou de construção (exceto de ardósia) trabalhadas e obras destas pedras, exceto as da posição 6801; cubos, pastilhas e artigos semelhantes, para mosaicos, de pedra natural (incluída a ardósia), mesmo com suporte; grânulos, fragmentos e",Guatemala,73622,52731,comexstat,2026-10-08
2026,06,6803,Ardósia natural trabalhada e obras de ardósia natural ou aglomerada,Dinamarca,73555,104470,comexstat,2026-10-08
2026,01,6802,"Pedras de cantaria ou de construção (exceto de ardósia) trabalhadas e obras destas pedras, exceto as da posição 6801; cubos, pastilhas e artigos semelhantes, para mosaicos, de pedra natural (incluída a ardósia), mesmo com suporte; grânulos, fragmentos e",Chile,72984,103515,comexstat,2026-10-08
2026,08,6803,Ardósia natural trabalhada e obras de ardósia natural ou aglomerada,Suécia,72593,140895,comexstat,2026-10-08
2026,02,6803,Ardósia natural trabalhada e obras de ardósia natural ou aglomerada,Espanha,72575,143538,comexstat,2026-10-08
2026,06,6802,"Pedras de cantaria ou de construção (exceto de ardósia) trabalhadas e obras destas pedras, exceto as da posição 6801; cubos, pastilhas e artigos semelhantes, para mosaicos, de pedra natural (incluída a ardósia), mesmo com suporte; grânulos, fragmentos e",Bolívia,72468,134796,comexstat,2026-10-08
2026,01,6803,Ardósia natural trabalhada e obras de ardósia natural ou aglomerada,Austrália,72361,101030,comexstat,2026-10-08
2026,06,2516,"Granito, pórfiro, basalto, arenito e outras pedras de cantaria ou de construção, mesmo desbastados ou simplesmente cortados à serra ou por outro meio, em blocos ou placas de forma quadrada ou rectangular",Espanha,71519,317851,comexstat,2026-10-08
2026,04,6803,Ardósia natural trabalhada e obras de ardósia natural ou aglomerada,Espanha,71441,128423,comexstat,2026-10-08
2026,09,6802,"Pedras de cantaria ou de construção (exceto de ardósia) trabalhadas e obras destas pedras, exceto as da posição 6801; cubos, pastilhas e artigos semelhantes, para mosaicos, de pedra natural (incluída a ardósia), mesmo com suporte; grânulos, fragmentos e",Panamá,71033,103803,comexstat,2026-10-08
2026,05,6802,"Pedras de cantaria ou de construção (exceto de ardósia) trabalhadas e obras destas pedras, exceto as da posição 6801; cubos, pastilhas e artigos semelhantes, para mosaicos, de pedra natural (incluída a ardósia), mesmo com suporte; grânulos, fragmentos e",Coreia do Sul,70890,70001,comexstat,2026-10-08
2026,03,6803,Ardósia natural trabalhada e obras de ardósia natural ou aglomerada,Colômbia,70495,130203,comexstat,2026-10-08
2026,05,6802,"Pedras de cantaria ou de construção (exceto de ardósia) trabalhadas e obras destas pedras, exceto as da posição 6801; cubos, pastilhas e artigos semelhantes, para mosaicos, de pedra natural (incluída a ardósia), mesmo com suporte; grânulos, fragmentos e",Guiné Equatorial,70239,27173,comexstat,2026-10-08
2026,03,2515,"Mármores, travertinos, granitos belgas e outras pedras calcárias de cantaria ou de construção, de densidade aparente igual ou superior a 2,5, e alabastro, mesmo desbastados ou simplesmente cortados à serra ou por outro meio, em blocos ou placas de forma q",Itália,70211,281940,comexstat,2026-10-08
2026,05,6802,"Pedras de cantaria ou de construção (exceto de ardósia) trabalhadas e obras destas pedras, exceto as da posição 6801; cubos, pastilhas e artigos semelhantes, para mosaicos, de pedra natural (incluída a ardósia), mesmo com suporte; grânulos, fragmentos e",Porto Rico,70103,52854,comexstat,2026-10-08
2026,08,6803,Ardósia natural trabalhada e obras de ardósia natural ou aglomerada,Lituânia,69937,138594,comexstat,2026-10-08
2026,03,6803,Ardósia natural trabalhada e obras de ardósia natural ou aglomerada,Portugal,69343,103631,comexstat,2026-10-08
2026,06,6802,"Pedras de cantaria ou de construção (exceto de ardósia) trabalhadas e obras destas pedras, exceto as da posição 6801; cubos, pastilhas e artigos semelhantes, para mosaicos, de pedra natural (incluída a ardósia), mesmo com suporte; grânulos, fragmentos e",Áustria,68684,118216,comexstat,2026-10-08
2026,08,6803,Ardósia natural trabalhada e obras de ardósia natural ou aglomerada,África do Sul,68388,104584,comexstat,2026-10-08
2026,06,6802,"Pedras de cantaria ou de construção (exceto de ardósia) trabalhadas e obras destas pedras, exceto as da posição 6801; cubos, pastilhas e artigos semelhantes, para mosaicos, de pedra natural (incluída a ardósia), mesmo com suporte; grânulos, fragmentos e",Jordânia,67766,25624,comexstat,2026-10-08
2026,03,2516,"Granito, pórfiro, basalto, arenito e outras pedras de cantaria ou de construção, mesmo desbastados ou simplesmente cortados à serra ou por outro meio, em blocos ou placas de forma quadrada ou rectangular",Síria,67662,255450,comexstat,2026-10-08
2026,03,6803,Ardósia natural trabalhada e obras de ardósia natural ou aglomerada,Lituânia,66950,130582,comexstat,2026-10-08
2026,02,6802,"Pedras de cantaria ou de construção (exceto de ardósia) trabalhadas e obras destas pedras, exceto as da posição 6801; cubos, pastilhas e artigos semelhantes, para mosaicos, de pedra natural (incluída a ardósia), mesmo com suporte; grânulos, fragmentos e",Suíça,66667,24825,comexstat,2026-10-08
2026,01,6802,"Pedras de cantaria ou de construção (exceto de ardósia) trabalhadas e obras destas pedras, exceto as da posição 6801; cubos, pastilhas e artigos semelhantes, para mosaicos, de pedra natural (incluída a ardósia), mesmo com suporte; grânulos, fragmentos e",Romênia,66492,126713,comexstat,2026-10-08
2026,03,6802,"Pedras de cantaria ou de construção (exceto de ardósia) trabalhadas e obras destas pedras, exceto as da posição 6801; cubos, pastilhas e artigos semelhantes, para mosaicos, de pedra natural (incluída a ardósia), mesmo com suporte; grânulos, fragmentos e",Bulgária,66368,77045,comexstat,2026-10-08
2026,03,6803,Ardósia natural trabalhada e obras de ardósia natural ou aglomerada,Países Baixos (Holanda),66251,96678,comexstat,2026-10-08
2026,01,6801,"Pedras para calcetar, meios-fios e placas (lajes) para pavimentação, de pedra natural (exceto a ardósia)",Alemanha,66199,312840,comexstat,2026-10-08
2026,09,2516,"Granito, pórfiro, basalto, arenito e outras pedras de cantaria ou de construção, mesmo desbastados ou simplesmente cortados à serra ou por outro meio, em blocos ou placas de forma quadrada ou rectangular",Argentina,65886,230213,comexstat,2026-10-08
2026,09,6802,"Pedras de cantaria ou de construção (exceto de ardósia) trabalhadas e obras destas pedras, exceto as da posição 6801; cubos, pastilhas e artigos semelhantes, para mosaicos, de pedra natural (incluída a ardósia), mesmo com suporte; grânulos, fragmentos e","Cayman, Ilhas",65868,25787,comexstat,2026-10-08
2026,05,6803,Ardósia natural trabalhada e obras de ardósia natural ou aglomerada,Países Baixos (Holanda),65771,132083,comexstat,2026-10-08
2026,05,6802,"Pedras de cantaria ou de construção (exceto de ardósia) trabalhadas e obras destas pedras, exceto as da posição 6801; cubos, pastilhas e artigos semelhantes, para mosaicos, de pedra natural (incluída a ardósia), mesmo com suporte; grânulos, fragmentos e",Guatemala,65597,78433,comexstat,2026-10-08
2026,07,6802,"Pedras de cantaria ou de construção (exceto de ardósia) trabalhadas e obras destas pedras, exceto as da posição 6801; cubos, pastilhas e artigos semelhantes, para mosaicos, de pedra natural (incluída a ardósia), mesmo com suporte; grânulos, fragmentos e",Países Baixos (Holanda),65332,31601,comexstat,2026-10-08
2026,07,6802,"Pedras de cantaria ou de construção (exceto de ardósia) trabalhadas e obras destas pedras, exceto as da posição 6801; cubos, pastilhas e artigos semelhantes, para mosaicos, de pedra natural (incluída a ardósia), mesmo com suporte; grânulos, fragmentos e",Jordânia,65202,26613,comexstat,2026-10-08
2026,01,6802,"Pedras de cantaria ou de construção (exceto de ardósia) trabalhadas e obras destas pedras, exceto as da posição 6801; cubos, pastilhas e artigos semelhantes, para mosaicos, de pedra natural (incluída a ardósia), mesmo com suporte; grânulos, fragmentos e",El Salvador,65043,71215,comexstat,2026-10-08
2026,06,2516,"Granito, pórfiro, basalto, arenito e outras pedras de cantaria ou de construção, mesmo desbastados ou simplesmente cortados à serra ou por outro meio, em blocos ou placas de forma quadrada ou rectangular",Síria,65032,252240,comexstat,2026-10-08
2026,02,6803,Ardósia natural trabalhada e obras de ardósia natural ou aglomerada,Chile,64731,139737,comexstat,2026-10-08
2026,01,2516,"Granito, pórfiro, basalto, arenito e outras pedras de cantaria ou de construção, mesmo desbastados ou simplesmente cortados à serra ou por outro meio, em blocos ou placas de forma quadrada ou rectangular",Bélgica,64157,236800,comexstat,2026-10-08
2026,01,6802,"Pedras de cantaria ou de construção (exceto de ardósia) trabalhadas e obras destas pedras, exceto as da posição 6801; cubos, pastilhas e artigos semelhantes, para mosaicos, de pedra natural (incluída a ardósia), mesmo com suporte; grânulos, fragmentos e",Áustria,63471,108643,comexstat,2026-10-08
2026,09,6802,"Pedras de cantaria ou de construção (exceto de ardósia) trabalhadas e obras destas pedras, exceto as da posição 6801; cubos, pastilhas e artigos semelhantes, para mosaicos, de pedra natural (incluída a ardósia), mesmo com suporte; grânulos, fragmentos e",Bulgária,63172,52145,comexstat,2026-10-08
2026,06,6802,"Pedras de cantaria ou de construção (exceto de ardósia) trabalhadas e obras destas pedras, exceto as da posição 6801; cubos, pastilhas e artigos semelhantes, para mosaicos, de pedra natural (incluída a ardósia), mesmo com suporte; grânulos, fragmentos e",Venezuela,62689,105345,comexstat,2026-10-08
2026,04,2515,"Mármores, travertinos, granitos belgas e outras pedras calcárias de cantaria ou de construção, de densidade aparente igual ou superior a 2,5, e alabastro, mesmo desbastados ou simplesmente cortados à serra ou por outro meio, em blocos ou placas de forma q",Paraguai,62643,27394,comexstat,2026-10-08
2026,08,6802,"Pedras de cantaria ou de construção (exceto de ardósia) trabalhadas e obras destas pedras, exceto as da posição 6801; cubos, pastilhas e artigos semelhantes, para mosaicos, de pedra natural (incluída a ardósia), mesmo com suporte; grânulos, fragmentos e",Áustria,61900,105235,comexstat,2026-10-08
2026,02,6802,"Pedras de cantaria ou de construção (exceto de ardósia) trabalhadas e obras destas pedras, exceto as da posição 6801; cubos, pastilhas e artigos semelhantes, para mosaicos, de pedra natural (incluída a ardósia), mesmo com suporte; grânulos, fragmentos e",Bolívia,61650,126836,comexstat,2026-10-08
2026,03,6802,"Pedras de cantaria ou de construção (exceto de ardósia) trabalhadas e obras destas pedras, exceto as da posição 6801; cubos, pastilhas e artigos semelhantes, para mosaicos, de pedra natural (incluída a ardósia), mesmo com suporte; grânulos, fragmentos e",Lituânia,61511,25760,comexstat,2026-10-08
2026,07,6802,"Pedras de cantaria ou de construção (exceto de ardósia) trabalhadas e obras destas pedras, exceto as da posição 6801; cubos, pastilhas e artigos semelhantes, para mosaicos, de pedra natural (incluída a ardósia), mesmo com suporte; grânulos, fragmentos e",Chipre,61312,25851,comexstat,2026-10-08
2026,04,6803,Ardósia natural trabalhada e obras de ardósia natural ou aglomerada,Chile,60668,139932,comexstat,2026-10-08
2026,06,6803,Ardósia natural trabalhada e obras de ardósia natural ou aglomerada,Países Baixos (Holanda),60667,116217,comexstat,2026-10-08
2026,05,6802,"Pedras de cantaria ou de construção (exceto de ardósia) trabalhadas e obras destas pedras, exceto as da posição 6801; cubos, pastilhas e artigos semelhantes, para mosaicos, de pedra natural (incluída a ardósia), mesmo com suporte; grânulos, fragmentos e",Bulgária,60156,79657,comexstat,2026-10-08
2026,03,6802,"Pedras de cantaria ou de construção (exceto de ardósia) trabalhadas e obras destas pedras, exceto as da posição 6801; cubos, pastilhas e artigos semelhantes, para mosaicos, de pedra natural (incluída a ardósia), mesmo com suporte; grânulos, fragmentos e",Áustria,60040,107294,comexstat,2026-10-08
2026,08,6802,"Pedras de cantaria ou de construção (exceto de ardósia) trabalhadas e obras destas pedras, exceto as da posição 6801; cubos, pastilhas e artigos semelhantes, para mosaicos, de pedra natural (incluída a ardósia), mesmo com suporte; grânulos, fragmentos e",Porto Rico,59839,24733,comexstat,2026-10-08
2026,07,2516,"Granito, pórfiro, basalto, arenito e outras pedras de cantaria ou de construção, mesmo desbastados ou simplesmente cortados à serra ou por outro meio, em blocos ou placas de forma quadrada ou rectangular",Turquia,59302,384120,comexstat,2026-10-08
2026,09,6802,"Pedras de cantaria ou de construção (exceto de ardósia) trabalhadas e obras destas pedras, exceto as da posição 6801; cubos, pastilhas e artigos semelhantes, para mosaicos, de pedra natural (incluída a ardósia), mesmo com suporte; grânulos, fragmentos e",Líbano,58516,201169,comexstat,2026-10-08
2026,03,6802,"Pedras de cantaria ou de construção (exceto de ardósia) trabalhadas e obras destas pedras, exceto as da posição 6801; cubos, pastilhas e artigos semelhantes, para mosaicos, de pedra natural (incluída a ardósia), mesmo com suporte; grânulos, fragmentos e",El Salvador,58515,104826,comexstat,2026-10-08
2026,08,6802,"Pedras de cantaria ou de construção (exceto de ardósia) trabalhadas e obras destas pedras, exceto as da posição 6801; cubos, pastilhas e artigos semelhantes, para mosaicos, de pedra natural (incluída a ardósia), mesmo com suporte; grânulos, fragmentos e",Suécia,58322,23345,comexstat,2026-10-08
2026,06,6802,"Pedras de cantaria ou de construção (exceto de ardósia) trabalhadas e obras destas pedras, exceto as da posição 6801; cubos, pastilhas e artigos semelhantes, para mosaicos, de pedra natural (incluída a ardósia), mesmo com suporte; grânulos, fragmentos e",Suécia,58068,23178,comexstat,2026-10-08
2026,06,6803,Ardósia natural trabalhada e obras de ardósia natural ou aglomerada,Austrália,58028,72126,comexstat,2026-10-08
2026,05,2516,"Granito, pórfiro, basalto, arenito e outras pedras de cantaria ou de construção, mesmo desbastados ou simplesmente cortados à serra ou por outro meio, em blocos ou placas de forma quadrada ou rectangular",França,58026,262640,comexstat,2026-10-08
2026,07,6802,"Pedras de cantaria ou de construção (exceto de ardósia) trabalhadas e obras destas pedras, exceto as da posição 6801; cubos, pastilhas e artigos semelhantes, para mosaicos, de pedra natural (incluída a ardósia), mesmo com suporte; grânulos, fragmentos e",Portugal,58022,23304,comexstat,2026-10-08
2026,03,6802,"Pedras de cantaria ou de construção (exceto de ardósia) trabalhadas e obras destas pedras, exceto as da posição 6801; cubos, pastilhas e artigos semelhantes, para mosaicos, de pedra natural (incluída a ardósia), mesmo com suporte; grânulos, fragmentos e",Suécia,57922,21432,comexstat,2026-10-08
2026,03,6802,"Pedras de cantaria ou de construção (exceto de ardósia) trabalhadas e obras destas pedras, exceto as da posição 6801; cubos, pastilhas e artigos semelhantes, para mosaicos, de pedra natural (incluída a ardósia), mesmo com suporte; grânulos, fragmentos e",Bahamas,57918,17370,comexstat,2026-10-08
2026,05,6803,Ardósia natural trabalhada e obras de ardósia natural ou aglomerada,Coreia do Sul,57600,69712,comexstat,2026-10-08
2026,05,6803,Ardósia natural trabalhada e obras de ardósia natural ou aglomerada,Argentina,57393,134712,comexstat,2026-10-08
2026,03,6802,"Pedras de cantaria ou de construção (exceto de ardósia) trabalhadas e obras destas pedras, exceto as da posição 6801; cubos, pastilhas e artigos semelhantes, para mosaicos, de pedra natural (incluída a ardósia), mesmo com suporte; grânulos, fragmentos e",Guatemala,57296,76809,comexstat,2026-10-08
2026,06,6802,"Pedras de cantaria ou de construção (exceto de ardósia) trabalhadas e obras destas pedras, exceto as da posição 6801; cubos, pastilhas e artigos semelhantes, para mosaicos, de pedra natural (incluída a ardósia), mesmo com suporte; grânulos, fragmentos e",Grécia,56801,53453,comexstat,2026-10-08
2026,03,2516,"Granito, pórfiro, basalto, arenito e outras pedras de cantaria ou de construção, mesmo desbastados ou simplesmente cortados à serra ou por outro meio, em blocos ou placas de forma quadrada ou rectangular",Argentina,56598,233407,comexstat,2026-10-08
2026,05,6803,Ardósia natural trabalhada e obras de ardósia natural ou aglomerada,Chile,56536,146705,comexstat,2026-10-08
2026,02,6803,Ardósia natural trabalhada e obras de ardósia natural ou aglomerada,África do Sul,56427,104823,comexstat,2026-10-08
2026,01,2516,"Granito, pórfiro, basalto, arenito e outras pedras de cantaria ou de construção, mesmo desbastados ou simplesmente cortados à serra ou por outro meio, em blocos ou placas de forma quadrada ou rectangular",Belize,55820,352040,comexstat,2026-10-08
2026,02,2516,"Granito, pórfiro, basalto, arenito e outras pedras de cantaria ou de construção, mesmo desbastados ou simplesmente cortados à serra ou por outro meio, em blocos ou placas de forma quadrada ou rectangular",Argélia,55688,451740,comexstat,2026-10-08
2026,05,6801,"Pedras para calcetar, meios-fios e placas (lajes) para pavimentação, de pedra natural (exceto a ardósia)",Países Baixos (Holanda),55328,184190,comexstat,2026-10-08
2026,09,6803,Ardósia natural trabalhada e obras de ardósia natural ou aglomerada,Austrália,55232,73126,comexstat,2026-10-08
2026,07,6802,"Pedras de cantaria ou de construção (exceto de ardósia) trabalhadas e obras destas pedras, exceto as da posição 6801; cubos, pastilhas e artigos semelhantes, para mosaicos, de pedra natural (incluída a ardósia), mesmo com suporte; grânulos, fragmentos e",Tailândia,55133,26192,comexstat,2026-10-08
2026,06,6801,"Pedras para calcetar, meios-fios e placas (lajes) para pavimentação, de pedra natural (exceto a ardósia)",França,55032,211540,comexstat,2026-10-08
2026,09,6803,Ardósia natural trabalhada e obras de ardósia natural ou aglomerada,México,55029,75398,comexstat,2026-10-08
2026,03,6802,"Pedras de cantaria ou de construção (exceto de ardósia) trabalhadas e obras destas pedras, exceto as da posição 6801; cubos, pastilhas e artigos semelhantes, para mosaicos, de pedra natural (incluída a ardósia), mesmo com suporte; grânulos, fragmentos e",Catar,54817,52996,comexstat,2026-10-08
2026,04,6801,"Pedras para calcetar, meios-fios e placas (lajes) para pavimentação, de pedra natural (exceto a ardósia)",Alemanha,54558,232420,comexstat,2026-10-08
2026,04,6801,"Pedras para calcetar, meios-fios e placas (lajes) para pavimentação, de pedra natural (exceto a ardósia)",Bélgica,54260,156900,comexstat,2026-10-08
2026,04,6802,"Pedras de cantaria ou de construção (exceto de ardósia) trabalhadas e obras destas pedras, exceto as da posição 6801; cubos, pastilhas e artigos semelhantes, para mosaicos, de pedra natural (incluída a ardósia), mesmo com suporte; grânulos, fragmentos e",Romênia,54235,50954,comexstat,2026-10-08
2026,01,6802,"Pedras de cantaria ou de construção (exceto de ardósia) trabalhadas e obras destas pedras, exceto as da posição 6801; cubos, pastilhas e artigos semelhantes, para mosaicos, de pedra natural (incluída a ardósia), mesmo com suporte; grânulos, fragmentos e",Uruguai,54166,160174,comexstat,2026-10-08
2026,03,2516,"Granito, pórfiro, basalto, arenito e outras pedras de cantaria ou de construção, mesmo desbastados ou simplesmente cortados à serra ou por outro meio, em blocos ou placas de forma quadrada ou rectangular",Turquia,53986,209460,comexstat,2026-10-08
2026,06,2516,"Granito, pórfiro, basalto, arenito e outras pedras de cantaria ou de construção, mesmo desbastados ou simplesmente cortados à serra ou por outro meio, em blocos ou placas de forma quadrada ou rectangular",Japão,53888,181960,comexstat,2026-10-08
2026,03,6802,"Pedras de cantaria ou de construção (exceto de ardósia) trabalhadas e obras destas pedras, exceto as da posição 6801; cubos, pastilhas e artigos semelhantes, para mosaicos, de pedra natural (incluída a ardósia), mesmo com suporte; grânulos, fragmentos e",Grécia,53741,101280,comexstat,2026-10-08
2026,05,6803,Ardósia natural trabalhada e obras de ardósia natural ou aglomerada,Lituânia,53663,101415,comexstat,2026-10-08
2026,03,2516,"Granito, pórfiro, basalto, arenito e outras pedras de cantaria ou de construção, mesmo desbastados ou simplesmente cortados à serra ou por outro meio, em blocos ou placas de forma quadrada ou rectangular",Vietnã,53317,230050,comexstat,2026-10-08
2026,07,6802,"Pedras de cantaria ou de construção (exceto de ardósia) trabalhadas e obras destas pedras, exceto as da posição 6801; cubos, pastilhas e artigos semelhantes, para mosaicos, de pedra natural (incluída a ardósia), mesmo com suporte; grânulos, fragmentos e",Singapura,52983,25629,comexstat,2026-10-08
2026,09,6802,"Pedras de cantaria ou de construção (exceto de ardósia) trabalhadas e obras destas pedras, exceto as da posição 6801; cubos, pastilhas e artigos semelhantes, para mosaicos, de pedra natural (incluída a ardósia), mesmo com suporte; grânulos, fragmentos e",Nicarágua,52758,52891,comexstat,2026-10-08
2026,05,6802,"Pedras de cantaria ou de construção (exceto de ardósia) trabalhadas e obras destas pedras, exceto as da posição 6801; cubos, pastilhas e artigos semelhantes, para mosaicos, de pedra natural (incluída a ardósia), mesmo com suporte; grânulos, fragmentos e",Bolívia,52721,109934,comexstat,2026-10-08
2026,04,2516,"Granito, pórfiro, basalto, arenito e outras pedras de cantaria ou de construção, mesmo desbastados ou simplesmente cortados à serra ou por outro meio, em blocos ou placas de forma quadrada ou rectangular",Espanha,52697,111531,comexstat,2026-10-08
2026,03,2515,"Mármores, travertinos, granitos belgas e outras pedras calcárias de cantaria ou de construção, de densidade aparente igual ou superior a 2,5, e alabastro, mesmo desbastados ou simplesmente cortados à serra ou por outro meio, em blocos ou placas de forma q",Índia,52352,216520,comexstat,2026-10-08
2026,02,2516,"Granito, pórfiro, basalto, arenito e outras pedras de cantaria ou de construção, mesmo desbastados ou simplesmente cortados à serra ou por outro meio, em blocos ou placas de forma quadrada ou rectangular",Polônia,52033,148030,comexstat,2026-10-08
2026,02,6803,Ardósia natural trabalhada e obras de ardósia natural ou aglomerada,Canadá,51593,84042,comexstat,2026-10-08
2026,03,6802,"Pedras de cantaria ou de construção (exceto de ardósia) trabalhadas e obras destas pedras, exceto as da posição 6801; cubos, pastilhas e artigos semelhantes, para mosaicos, de pedra natural (incluída a ardósia), mesmo com suporte; grânulos, fragmentos e",Indonésia,51555,79495,comexstat,2026-10-08
2026,07,6802,"Pedras de cantaria ou de construção (exceto de ardósia) trabalhadas e obras destas pedras, exceto as da posição 6801; cubos, pastilhas e artigos semelhantes, para mosaicos, de pedra natural (incluída a ardósia), mesmo com suporte; grânulos, fragmentos e",Porto Rico,51516,49663,comexstat,2026-10-08
2026,01,2516,"Granito, pórfiro, basalto, arenito e outras pedras de cantaria ou de construção, mesmo desbastados ou simplesmente cortados à serra ou por outro meio, em blocos ou placas de forma quadrada ou rectangular",França,51397,234040,comexstat,2026-10-08
2026,09,6802,"Pedras de cantaria ou de construção (exceto de ardósia) trabalhadas e obras destas pedras, exceto as da posição 6801; cubos, pastilhas e artigos semelhantes, para mosaicos, de pedra natural (incluída a ardósia), mesmo com suporte; grânulos, fragmentos e","Tcheca, República",51288,22761,comexstat,2026-10-08
2026,03,6801,"Pedras para calcetar, meios-fios e placas (lajes) para pavimentação, de pedra natural (exceto a ardósia)",Bélgica,50805,157180,comexstat,2026-10-08
2026,04,2516,"Granito, pórfiro, basalto, arenito e outras pedras de cantaria ou de construção, mesmo desbastados ou simplesmente cortados à serra ou por outro meio, em blocos ou placas de forma quadrada ou rectangular",Turquia,50750,179750,comexstat,2026-10-08
2026,03,6801,"Pedras para calcetar, meios-fios e placas (lajes) para pavimentação, de pedra natural (exceto a ardósia)",Alemanha,50330,231040,comexstat,2026-10-08
2026,03,6802,"Pedras de cantaria ou de construção (exceto de ardósia) trabalhadas e obras destas pedras, exceto as da posição 6801; cubos, pastilhas e artigos semelhantes, para mosaicos, de pedra natural (incluída a ardósia), mesmo com suporte; grânulos, fragmentos e",Arábia Saudita,50202,26434,comexstat,2026-10-08
2026,06,6802,"Pedras de cantaria ou de construção (exceto de ardósia) trabalhadas e obras destas pedras, exceto as da posição 6801; cubos, pastilhas e artigos semelhantes, para mosaicos, de pedra natural (incluída a ardósia), mesmo com suporte; grânulos, fragmentos e",Guatemala,50121,51672,comexstat,2026-10-08
2026,09,6802,"Pedras de cantaria ou de construção (exceto de ardósia) trabalhadas e obras destas pedras, exceto as da posição 6801; cubos, pastilhas e artigos semelhantes, para mosaicos, de pedra natural (incluída a ardósia), mesmo com suporte; grânulos, fragmentos e",Coveite (Kuweit),50060,159882,comexstat,2026-10-08
2026,06,6802,"Pedras de cantaria ou de construção (exceto de ardósia) trabalhadas e obras destas pedras, exceto as da posição 6801; cubos, pastilhas e artigos semelhantes, para mosaicos, de pedra natural (incluída a ardósia), mesmo com suporte; grânulos, fragmentos e",Hungria,50000,24683,comexstat,2026-10-08
2026,03,6802,"Pedras de cantaria ou de construção (exceto de ardósia) trabalhadas e obras destas pedras, exceto as da posição 6801; cubos, pastilhas e artigos semelhantes, para mosaicos, de pedra natural (incluída a ardósia), mesmo com suporte; grânulos, fragmentos e",Chile,49966,105041,comexstat,2026-10-08
2026,02,6802,"Pedras de cantaria ou de construção (exceto de ardósia) trabalhadas e obras destas pedras, exceto as da posição 6801; cubos, pastilhas e artigos semelhantes, para mosaicos, de pedra natural (incluída a ardósia), mesmo com suporte; grânulos, fragmentos e",El Salvador,49930,104825,comexstat,2026-10-08
2026,03,6801,"Pedras para calcetar, meios-fios e placas (lajes) para pavimentação, de pedra natural (exceto a ardósia)",França,49809,188916,comexstat,2026-10-08
2026,09,6802,"Pedras de cantaria ou de construção (exceto de ardósia) trabalhadas e obras destas pedras, exceto as da posição 6801; cubos, pastilhas e artigos semelhantes, para mosaicos, de pedra natural (incluída a ardósia), mesmo com suporte; grânulos, fragmentos e",Coreia do Sul,49660,49422,comexstat,2026-10-08
2026,03,6802,"Pedras de cantaria ou de construção (exceto de ardósia) trabalhadas e obras destas pedras, exceto as da posição 6801; cubos, pastilhas e artigos semelhantes, para mosaicos, de pedra natural (incluída a ardósia), mesmo com suporte; grânulos, fragmentos e",Porto Rico,49378,25271,comexstat,2026-10-08
2026,07,6803,Ardósia natural trabalhada e obras de ardósia natural ou aglomerada,Canadá,49212,71619,comexstat,2026-10-08
2026,06,6803,Ardósia natural trabalhada e obras de ardósia natural ou aglomerada,África do Sul,48468,78387,comexstat,2026-10-08
2026,06,6802,"Pedras de cantaria ou de construção (exceto de ardósia) trabalhadas e obras destas pedras, exceto as da posição 6801; cubos, pastilhas e artigos semelhantes, para mosaicos, de pedra natural (incluída a ardósia), mesmo com suporte; grânulos, fragmentos e",Singapura,47951,22345,comexstat,2026-10-08
2026,09,6802,"Pedras de cantaria ou de construção (exceto de ardósia) trabalhadas e obras destas pedras, exceto as da posição 6801; cubos, pastilhas e artigos semelhantes, para mosaicos, de pedra natural (incluída a ardósia), mesmo com suporte; grânulos, fragmentos e",Singapura,47728,23164,comexstat,2026-10-08
2026,08,6802,"Pedras de cantaria ou de construção (exceto de ardósia) trabalhadas e obras destas pedras, exceto as da posição 6801; cubos, pastilhas e artigos semelhantes, para mosaicos, de pedra natural (incluída a ardósia), mesmo com suporte; grânulos, fragmentos e",Marrocos,47715,22913,comexstat,2026-10-08
2026,08,6802,"Pedras de cantaria ou de construção (exceto de ardósia) trabalhadas e obras destas pedras, exceto as da posição 6801; cubos, pastilhas e artigos semelhantes, para mosaicos, de pedra natural (incluída a ardósia), mesmo com suporte; grânulos, fragmentos e",África do Sul,47694,27818,comexstat,2026-10-08
2026,08,6802,"Pedras de cantaria ou de construção (exceto de ardósia) trabalhadas e obras destas pedras, exceto as da posição 6801; cubos, pastilhas e artigos semelhantes, para mosaicos, de pedra natural (incluída a ardósia), mesmo com suporte; grânulos, fragmentos e",Venezuela,47342,106153,comexstat,2026-10-08
2026,06,6802,"Pedras de cantaria ou de construção (exceto de ardósia) trabalhadas e obras destas pedras, exceto as da posição 6801; cubos, pastilhas e artigos semelhantes, para mosaicos, de pedra natural (incluída a ardósia), mesmo com suporte; grânulos, fragmentos e",Coveite (Kuweit),47154,105579,comexstat,2026-10-08
2026,06,6803,Ardósia natural trabalhada e obras de ardósia natural ou aglomerada,Canadá,47128,69906,comexstat,2026-10-08
2026,04,6803,Ardósia natural trabalhada e obras de ardósia natural ou aglomerada,Colômbia,47030,79616,comexstat,2026-10-08
2026,05,6802,"Pedras de cantaria ou de construção (exceto de ardósia) trabalhadas e obras destas pedras, exceto as da posição 6801; cubos, pastilhas e artigos semelhantes, para mosaicos, de pedra natural (incluída a ardósia), mesmo com suporte; grânulos, fragmentos e",Irlanda,47017,23970,comexstat,2026-10-08
2026,04,6803,Ardósia natural trabalhada e obras de ardósia natural ou aglomerada,Canadá,47010,64169,comexstat,2026-10-08
2026,06,6803,Ardósia natural trabalhada e obras de ardósia natural ou aglomerada,Chile,46989,102190,comexstat,2026-10-08
2026,01,2516,"Granito, pórfiro, basalto, arenito e outras pedras de cantaria ou de construção, mesmo desbastados ou simplesmente cortados à serra ou por outro meio, em blocos ou placas de forma quadrada ou rectangular",Polônia,46918,124290,comexstat,2026-10-08
2026,02,6802,"Pedras de cantaria ou de construção (exceto de ardósia) trabalhadas e obras destas pedras, exceto as da posição 6801; cubos, pastilhas e artigos semelhantes, para mosaicos, de pedra natural (incluída a ardósia), mesmo com suporte; grânulos, fragmentos e",Índia,46608,52999,comexstat,2026-10-08
2026,08,6801,"Pedras para calcetar, meios-fios e placas (lajes) para pavimentação, de pedra natural (exceto a ardósia)",Bélgica,46595,131890,comexstat,2026-10-08
2026,09,6802,"Pedras de cantaria ou de construção (exceto de ardósia) trabalhadas e obras destas pedras, exceto as da posição 6801; cubos, pastilhas e artigos semelhantes, para mosaicos, de pedra natural (incluída a ardósia), mesmo com suporte; grânulos, fragmentos e",Lituânia,46330,26592,comexstat,2026-10-08
2026,01,6802,"Pedras de cantaria ou de construção (exceto de ardósia) trabalhadas e obras destas pedras, exceto as da posição 6801; cubos, pastilhas e artigos semelhantes, para mosaicos, de pedra natural (incluída a ardósia), mesmo com suporte; grânulos, fragmentos e",Venezuela,46182,52140,comexstat,2026-10-08
2026,07,6801,"Pedras para calcetar, meios-fios e placas (lajes) para pavimentação, de pedra natural (exceto a ardósia)",Bélgica,46180,132910,comexstat,2026-10-08
2026,07,6802,"Pedras de cantaria ou de construção (exceto de ardósia) trabalhadas e obras destas pedras, exceto as da posição 6801; cubos, pastilhas e artigos semelhantes, para mosaicos, de pedra natural (incluída a ardósia), mesmo com suporte; grânulos, fragmentos e",Bolívia,46170,95476,comexstat,2026-10-08
2026,05,6801,"Pedras para calcetar, meios-fios e placas (lajes) para pavimentação, de pedra natural (exceto a ardósia)",Itália,46006,162292,comexstat,2026-10-08
2026,04,6802,"Pedras de cantaria ou de construção (exceto de ardósia) trabalhadas e obras destas pedras, exceto as da posição 6801; cubos, pastilhas e artigos semelhantes, para mosaicos, de pedra natural (incluída a ardósia), mesmo com suporte; grânulos, fragmentos e",Áustria,45933,80778,comexstat,2026-10-08
2026,05,6803,Ardósia natural trabalhada e obras de ardósia natural ou aglomerada,África do Sul,45336,72941,comexstat,2026-10-08
2026,05,6802,"Pedras de cantaria ou de construção (exceto de ardósia) trabalhadas e obras destas pedras, exceto as da posição 6801; cubos, pastilhas e artigos semelhantes, para mosaicos, de pedra natural (incluída a ardósia), mesmo com suporte; grânulos, fragmentos e",Etiópia,45327,106000,comexstat,2026-10-08
2026,06,2515,"Mármores, travertinos, granitos belgas e outras pedras calcárias de cantaria ou de construção, de densidade aparente igual ou superior a 2,5, e alabastro, mesmo desbastados ou simplesmente cortados à serra ou por outro meio, em blocos ou placas de forma q",Índia,45085,238030,comexstat,2026-10-08
2026,03,6801,"Pedras para calcetar, meios-fios e placas (lajes) para pavimentação, de pedra natural (exceto a ardósia)",Itália,44567,134610,comexstat,2026-10-08
2026,05,6803,Ardósia natural trabalhada e obras de ardósia natural ou aglomerada,Portugal,44240,77606,comexstat,2026-10-08
2026,05,2514,"Ardósia, mesmo desbastada ou simplesmente cortada a serra ou por outro meio, em blocos ou placas de forma quadrada ou retangular",Estados Unidos,44116,139021,comexstat,2026-10-08
2026,03,6803,Ardósia natural trabalhada e obras de ardósia natural ou aglomerada,África do Sul,43768,72870,comexstat,2026-10-08
2026,09,6803,Ardósia natural trabalhada e obras de ardósia natural ou aglomerada,Canadá,43513,83549,comexstat,2026-10-08
2026,06,6802,"Pedras de cantaria ou de construção (exceto de ardósia) trabalhadas e obras destas pedras, exceto as da posição 6801; cubos, pastilhas e artigos semelhantes, para mosaicos, de pedra natural (incluída a ardósia), mesmo com suporte; grânulos, fragmentos e",Belize,43329,24926,comexstat,2026-10-08
2026,05,6801,"Pedras para calcetar, meios-fios e placas (lajes) para pavimentação, de pedra natural (exceto a ardósia)",Alemanha,42949,184920,comexstat,2026-10-08
2026,02,6802,"Pedras de cantaria ou de construção (exceto de ardósia) trabalhadas e obras destas pedras, exceto as da posição 6801; cubos, pastilhas e artigos semelhantes, para mosaicos, de pedra natural (incluída a ardósia), mesmo com suporte; grânulos, fragmentos e",Lituânia,42501,23270,comexstat,2026-10-08
2026,07,2516,"Granito, pórfiro, basalto, arenito e outras pedras de cantaria ou de construção, mesmo desbastados ou simplesmente cortados à serra ou por outro meio, em blocos ou placas de forma quadrada ou rectangular",Índia,42461,135620,comexstat,2026-10-08
2026,06,6801,"Pedras para calcetar, meios-fios e placas (lajes) para pavimentação, de pedra natural (exceto a ardósia)",Alemanha,42437,151704,comexstat,2026-10-08
2026,08,6802,"Pedras de cantaria ou de construção (exceto de ardósia) trabalhadas e obras destas pedras, exceto as da posição 6801; cubos, pastilhas e artigos semelhantes, para mosaicos, de pedra natural (incluída a ardósia), mesmo com suporte; grânulos, fragmentos e",Coveite (Kuweit),42335,158557,comexstat,2026-10-08
2026,03,6802,"Pedras de cantaria ou de construção (exceto de ardósia) trabalhadas e obras destas pedras, exceto as da posição 6801; cubos, pastilhas e artigos semelhantes, para mosaicos, de pedra natural (incluída a ardósia), mesmo com suporte; grânulos, fragmentos e",Jamaica,42012,78891,comexstat,2026-10-08
2026,07,6802,"Pedras de cantaria ou de construção (exceto de ardósia) trabalhadas e obras destas pedras, exceto as da posição 6801; cubos, pastilhas e artigos semelhantes, para mosaicos, de pedra natural (incluída a ardósia), mesmo com suporte; grânulos, fragmentos e",Jamaica,41981,50796,comexstat,2026-10-08
2026,05,6803,Ardósia natural trabalhada e obras de ardósia natural ou aglomerada,Colômbia,41604,78647,comexstat,2026-10-08
2026,01,6802,"Pedras de cantaria ou de construção (exceto de ardósia) trabalhadas e obras destas pedras, exceto as da posição 6801; cubos, pastilhas e artigos semelhantes, para mosaicos, de pedra natural (incluída a ardósia), mesmo com suporte; grânulos, fragmentos e",Geórgia,41497,26590,comexstat,2026-10-08
2026,05,6802,"Pedras de cantaria ou de construção (exceto de ardósia) trabalhadas e obras destas pedras, exceto as da posição 6801; cubos, pastilhas e artigos semelhantes, para mosaicos, de pedra natural (incluída a ardósia), mesmo com suporte; grânulos, fragmentos e",Peru,41452,79437,comexstat,2026-10-08
2026,01,6803,Ardósia natural trabalhada e obras de ardósia natural ou aglomerada,Bélgica,40959,76578,comexstat,2026-10-08
2026,09,6803,Ardósia natural trabalhada e obras de ardósia natural ou aglomerada,Lituânia,40924,79308,comexstat,2026-10-08
2026,05,6802,"Pedras de cantaria ou de construção (exceto de ardósia) trabalhadas e obras destas pedras, exceto as da posição 6801; cubos, pastilhas e artigos semelhantes, para mosaicos, de pedra natural (incluída a ardósia), mesmo com suporte; grânulos, fragmentos e",Venezuela,40783,97567,comexstat,2026-10-08
2026,06,6802,"Pedras de cantaria ou de construção (exceto de ardósia) trabalhadas e obras destas pedras, exceto as da posição 6801; cubos, pastilhas e artigos semelhantes, para mosaicos, de pedra natural (incluída a ardósia), mesmo com suporte; grânulos, fragmentos e",Nicarágua,40750,52575,comexstat,2026-10-08
2026,04,6802,"Pedras de cantaria ou de construção (exceto de ardósia) trabalhadas e obras destas pedras, exceto as da posição 6801; cubos, pastilhas e artigos semelhantes, para mosaicos, de pedra natural (incluída a ardósia), mesmo com suporte; grânulos, fragmentos e",Nicarágua,40694,52594,comexstat,2026-10-08
2026,08,6803,Ardósia natural trabalhada e obras de ardósia natural ou aglomerada,Países Baixos (Holanda),40442,72589,comexstat,2026-10-08
2026,09,6802,"Pedras de cantaria ou de construção (exceto de ardósia) trabalhadas e obras destas pedras, exceto as da posição 6801; cubos, pastilhas e artigos semelhantes, para mosaicos, de pedra natural (incluída a ardósia), mesmo com suporte; grânulos, fragmentos e",Guatemala,40273,53075,comexstat,2026-10-08
2026,07,6802,"Pedras de cantaria ou de construção (exceto de ardósia) trabalhadas e obras destas pedras, exceto as da posição 6801; cubos, pastilhas e artigos semelhantes, para mosaicos, de pedra natural (incluída a ardósia), mesmo com suporte; grânulos, fragmentos e",Suécia,40038,23480,comexstat,2026-10-08
2026,04,6802,"Pedras de cantaria ou de construção (exceto de ardósia) trabalhadas e obras destas pedras, exceto as da posição 6801; cubos, pastilhas e artigos semelhantes, para mosaicos, de pedra natural (incluída a ardósia), mesmo com suporte; grânulos, fragmentos e",Angola,39975,26315,comexstat,2026-10-08
2026,07,6803,Ardósia natural trabalhada e obras de ardósia natural ou aglomerada,México,39711,69968,comexstat,2026-10-08
2026,07,6801,"Pedras para calcetar, meios-fios e placas (lajes) para pavimentação, de pedra natural (exceto a ardósia)",França,39680,154876,comexstat,2026-10-08
2026,09,6802,"Pedras de cantaria ou de construção (exceto de ardósia) trabalhadas e obras destas pedras, exceto as da posição 6801; cubos, pastilhas e artigos semelhantes, para mosaicos, de pedra natural (incluída a ardósia), mesmo com suporte; grânulos, fragmentos e",Belize,39434,26682,comexstat,2026-10-08
2026,08,6802,"Pedras de cantaria ou de construção (exceto de ardósia) trabalhadas e obras destas pedras, exceto as da posição 6801; cubos, pastilhas e artigos semelhantes, para mosaicos, de pedra natural (incluída a ardósia), mesmo com suporte; grânulos, fragmentos e",Angola,39355,24712,comexstat,2026-10-08
2026,04,6801,"Pedras para calcetar, meios-fios e placas (lajes) para pavimentação, de pedra natural (exceto a ardósia)",Itália,39316,134299,comexstat,2026-10-08
2026,02,6802,"Pedras de cantaria ou de construção (exceto de ardósia) trabalhadas e obras destas pedras, exceto as da posição 6801; cubos, pastilhas e artigos semelhantes, para mosaicos, de pedra natural (incluída a ardósia), mesmo com suporte; grânulos, fragmentos e",Santa Lúcia,39009,26381,comexstat,2026-10-08
2026,09,6802,"Pedras de cantaria ou de construção (exceto de ardósia) trabalhadas e obras destas pedras, exceto as da posição 6801; cubos, pastilhas e artigos semelhantes, para mosaicos, de pedra natural (incluída a ardósia), mesmo com suporte; grânulos, fragmentos e",Venezuela,38851,76663,comexstat,2026-10-08
2026,05,2516,"Granito, pórfiro, basalto, arenito e outras pedras de cantaria ou de construção, mesmo desbastados ou simplesmente cortados à serra ou por outro meio, em blocos ou placas de forma quadrada ou rectangular",Estados Unidos,38784,44743,comexstat,2026-10-08
2026,06,6803,Ardósia natural trabalhada e obras de ardósia natural ou aglomerada,Lituânia,38684,79629,comexstat,2026-10-08
2026,01,6802,"Pedras de cantaria ou de construção (exceto de ardósia) trabalhadas e obras destas pedras, exceto as da posição 6801; cubos, pastilhas e artigos semelhantes, para mosaicos, de pedra natural (incluída a ardósia), mesmo com suporte; grânulos, fragmentos e",Singapura,38074,25244,comexstat,2026-10-08
2026,02,6803,Ardósia natural trabalhada e obras de ardósia natural ou aglomerada,Uruguai,37573,69458,comexstat,2026-10-08
2026,04,6802,"Pedras de cantaria ou de construção (exceto de ardósia) trabalhadas e obras destas pedras, exceto as da posição 6801; cubos, pastilhas e artigos semelhantes, para mosaicos, de pedra natural (incluída a ardósia), mesmo com suporte; grânulos, fragmentos e",Singapura,37412,26094,comexstat,2026-10-08
2026,05,6803,Ardósia natural trabalhada e obras de ardósia natural ou aglomerada,Canadá,37387,70765,comexstat,2026-10-08
2026,06,6802,"Pedras de cantaria ou de construção (exceto de ardósia) trabalhadas e obras destas pedras, exceto as da posição 6801; cubos, pastilhas e artigos semelhantes, para mosaicos, de pedra natural (incluída a ardósia), mesmo com suporte; grânulos, fragmentos e",Gana,36532,13515,comexstat,2026-10-08
2026,02,6803,Ardósia natural trabalhada e obras de ardósia natural ou aglomerada,Austrália,36259,49334,comexstat,2026-10-08
2026,07,6803,Ardósia natural trabalhada e obras de ardósia natural ou aglomerada,Rússia,36218,51710,comexstat,2026-10-08
2026,07,6802,"Pedras de cantaria ou de construção (exceto de ardósia) trabalhadas e obras destas pedras, exceto as da posição 6801; cubos, pastilhas e artigos semelhantes, para mosaicos, de pedra natural (incluída a ardósia), mesmo com suporte; grânulos, fragmentos e",Honduras,36030,39328,comexstat,2026-10-08
2026,03,2516,"Granito, pórfiro, basalto, arenito e outras pedras de cantaria ou de construção, mesmo desbastados ou simplesmente cortados à serra ou por outro meio, em blocos ou placas de forma quadrada ou rectangular",Bélgica,35941,79170,comexstat,2026-10-08
2026,07,6803,Ardósia natural trabalhada e obras de ardósia natural ou aglomerada,Coreia do Sul,35838,46581,comexstat,2026-10-08
2026,07,6803,Ardósia natural trabalhada e obras de ardósia natural ou aglomerada,Chile,35727,71680,comexstat,2026-10-08
2026,01,6802,"Pedras de cantaria ou de construção (exceto de ardósia) trabalhadas e obras destas pedras, exceto as da posição 6801; cubos, pastilhas e artigos semelhantes, para mosaicos, de pedra natural (incluída a ardósia), mesmo com suporte; grânulos, fragmentos e",Albânia,35260,26917,comexstat,2026-10-08
2026,06,2514,"Ardósia, mesmo desbastada ou simplesmente cortada a serra ou por outro meio, em blocos ou placas de forma quadrada ou retangular",Reino Unido,35183,60675,comexstat,2026-10-08
2026,02,2516,"Granito, pórfiro, basalto, arenito e outras pedras de cantaria ou de construção, mesmo desbastados ou simplesmente cortados à serra ou por outro meio, em blocos ou placas de forma quadrada ou rectangular",França,35061,146010,comexstat,2026-10-08
2026,06,6801,"Pedras para calcetar, meios-fios e placas (lajes) para pavimentação, de pedra natural (exceto a ardósia)",Japão,34810,123000,comexstat,2026-10-08
2026,07,6802,"Pedras de cantaria ou de construção (exceto de ardósia) trabalhadas e obras destas pedras, exceto as da posição 6801; cubos, pastilhas e artigos semelhantes, para mosaicos, de pedra natural (incluída a ardósia), mesmo com suporte; grânulos, fragmentos e",Líbano,34590,76050,comexstat,2026-10-08
2026,05,6803,Ardósia natural trabalhada e obras de ardósia natural ou aglomerada,Rússia,34366,52066,comexstat,2026-10-08
2026,08,2516,"Granito, pórfiro, basalto, arenito e outras pedras de cantaria ou de construção, mesmo desbastados ou simplesmente cortados à serra ou por outro meio, em blocos ou placas de forma quadrada ou rectangular",Turquia,34350,127090,comexstat,2026-10-08
2026,08,6803,Ardósia natural trabalhada e obras de ardósia natural ou aglomerada,Bélgica,34299,49964,comexstat,2026-10-08
2026,04,6803,Ardósia natural trabalhada e obras de ardósia natural ou aglomerada,Bélgica,34194,53614,comexstat,2026-10-08
2026,08,2516,"Granito, pórfiro, basalto, arenito e outras pedras de cantaria ou de construção, mesmo desbastados ou simplesmente cortados à serra ou por outro meio, em blocos ou placas de forma quadrada ou rectangular",Egito,34071,80580,comexstat,2026-10-08
2026,06,6803,Ardósia natural trabalhada e obras de ardósia natural ou aglomerada,Noruega,33849,49116,comexstat,2026-10-08
2026,09,6802,"Pedras de cantaria ou de construção (exceto de ardósia) trabalhadas e obras destas pedras, exceto as da posição 6801; cubos, pastilhas e artigos semelhantes, para mosaicos, de pedra natural (incluída a ardósia), mesmo com suporte; grânulos, fragmentos e",Grécia,33777,130270,comexstat,2026-10-08
2026,09,6802,"Pedras de cantaria ou de construção (exceto de ardósia) trabalhadas e obras destas pedras, exceto as da posição 6801; cubos, pastilhas e artigos semelhantes, para mosaicos, de pedra natural (incluída a ardósia), mesmo com suporte; grânulos, fragmentos e",Quênia,33506,19822,comexstat,2026-10-08
2026,09,6802,"Pedras de cantaria ou de construção (exceto de ardósia) trabalhadas e obras destas pedras, exceto as da posição 6801; cubos, pastilhas e artigos semelhantes, para mosaicos, de pedra natural (incluída a ardósia), mesmo com suporte; grânulos, fragmentos e",Angola,33433,52850,comexstat,2026-10-08
2026,07,6802,"Pedras de cantaria ou de construção (exceto de ardósia) trabalhadas e obras destas pedras, exceto as da posição 6801; cubos, pastilhas e artigos semelhantes, para mosaicos, de pedra natural (incluída a ardósia), mesmo com suporte; grânulos, fragmentos e",Geórgia,33402,24755,comexstat,2026-10-08
2026,07,6803,Ardósia natural trabalhada e obras de ardósia natural ou aglomerada,Tanzânia,33314,34390,comexstat,2026-10-08
2026,01,6802,"Pedras de cantaria ou de construção (exceto de ardósia) trabalhadas e obras destas pedras, exceto as da posição 6801; cubos, pastilhas e artigos semelhantes, para mosaicos, de pedra natural (incluída a ardósia), mesmo com suporte; grânulos, fragmentos e",Coveite (Kuweit),33179,51767,comexstat,2026-10-08
2026,02,6803,Ardósia natural trabalhada e obras de ardósia natural ou aglomerada,Dinamarca,33137,45296,comexstat,2026-10-08
2026,05,2515,"Mármores, travertinos, granitos belgas e outras pedras calcárias de cantaria ou de construção, de densidade aparente igual ou superior a 2,5, e alabastro, mesmo desbastados ou simplesmente cortados à serra ou por outro meio, em blocos ou placas de forma q",Estados Unidos,32639,59884,comexstat,2026-10-08
2026,03,6801,"Pedras para calcetar, meios-fios e placas (lajes) para pavimentação, de pedra natural (exceto a ardósia)",Espanha,32530,103640,comexstat,2026-10-08
2026,09,6801,"Pedras para calcetar, meios-fios e placas (lajes) para pavimentação, de pedra natural (exceto a ardósia)",França,32453,104380,comexstat,2026-10-08
2026,07,6803,Ardósia natural trabalhada e obras de ardósia natural ou aglomerada,Geórgia,32444,51858,comexstat,2026-10-08
2026,04,6801,"Pedras para calcetar, meios-fios e placas (lajes) para pavimentação, de pedra natural (exceto a ardósia)",Países Baixos (Holanda),32309,130770,comexstat,2026-10-08
2026,06,6803,Ardósia natural trabalhada e obras de ardósia natural ou aglomerada,Bélgica,32170,38810,comexstat,2026-10-08
2026,07,6803,Ardósia natural trabalhada e obras de ardósia natural ou aglomerada,Suécia,32006,69714,comexstat,2026-10-08
2026,07,6803,Ardósia natural trabalhada e obras de ardósia natural ou aglomerada,África do Sul,31972,52450,comexstat,2026-10-08
2026,09,6802,"Pedras de cantaria ou de construção (exceto de ardósia) trabalhadas e obras destas pedras, exceto as da posição 6801; cubos, pastilhas e artigos semelhantes, para mosaicos, de pedra natural (incluída a ardósia), mesmo com suporte; grânulos, fragmentos e",El Salvador,31898,23150,comexstat,2026-10-08
2026,06,6803,Ardósia natural trabalhada e obras de ardósia natural ou aglomerada,Japão,31814,41059,comexstat,2026-10-08
2026,02,6802,"Pedras de cantaria ou de construção (exceto de ardósia) trabalhadas e obras destas pedras, exceto as da posição 6801; cubos, pastilhas e artigos semelhantes, para mosaicos, de pedra natural (incluída a ardósia), mesmo com suporte; grânulos, fragmentos e",África do Sul,31787,21974,comexstat,2026-10-08
2026,05,6802,"Pedras de cantaria ou de construção (exceto de ardósia) trabalhadas e obras destas pedras, exceto as da posição 6801; cubos, pastilhas e artigos semelhantes, para mosaicos, de pedra natural (incluída a ardósia), mesmo com suporte; grânulos, fragmentos e",Áustria,31413,53570,comexstat,2026-10-08
2026,01,6802,"Pedras de cantaria ou de construção (exceto de ardósia) trabalhadas e obras destas pedras, exceto as da posição 6801; cubos, pastilhas e artigos semelhantes, para mosaicos, de pedra natural (incluída a ardósia), mesmo com suporte; grânulos, fragmentos e",África do Sul,31408,25396,comexstat,2026-10-08
2026,01,6803,Ardósia natural trabalhada e obras de ardósia natural ou aglomerada,Polônia,31313,49730,comexstat,2026-10-08
2026,04,6802,"Pedras de cantaria ou de construção (exceto de ardósia) trabalhadas e obras destas pedras, exceto as da posição 6801; cubos, pastilhas e artigos semelhantes, para mosaicos, de pedra natural (incluída a ardósia), mesmo com suporte; grânulos, fragmentos e",Santa Lúcia,31175,25348,comexstat,2026-10-08
2026,07,6801,"Pedras para calcetar, meios-fios e placas (lajes) para pavimentação, de pedra natural (exceto a ardósia)",Países Baixos (Holanda),31151,104580,comexstat,2026-10-08
2026,03,6803,Ardósia natural trabalhada e obras de ardósia natural ou aglomerada,Bélgica,31044,52497,comexstat,2026-10-08
2026,03,6803,Ardósia natural trabalhada e obras de ardósia natural ou aglomerada,Uruguai,31005,78465,comexstat,2026-10-08
2026,07,6803,Ardósia natural trabalhada e obras de ardósia natural ou aglomerada,Austrália,30804,49765,comexstat,2026-10-08
2026,09,6802,"Pedras de cantaria ou de construção (exceto de ardósia) trabalhadas e obras destas pedras, exceto as da posição 6801; cubos, pastilhas e artigos semelhantes, para mosaicos, de pedra natural (incluída a ardósia), mesmo com suporte; grânulos, fragmentos e",Chile,30783,52859,comexstat,2026-10-08
2026,01,6801,"Pedras para calcetar, meios-fios e placas (lajes) para pavimentação, de pedra natural (exceto a ardósia)",Países Baixos (Holanda),30696,152800,comexstat,2026-10-08
2026,09,6803,Ardósia natural trabalhada e obras de ardósia natural ou aglomerada,Bélgica,30460,53400,comexstat,2026-10-08
2026,09,6803,Ardósia natural trabalhada e obras de ardósia natural ou aglomerada,Suécia,30453,70500,comexstat,2026-10-08
2026,07,6802,"Pedras de cantaria ou de construção (exceto de ardósia) trabalhadas e obras destas pedras, exceto as da posição 6801; cubos, pastilhas e artigos semelhantes, para mosaicos, de pedra natural (incluída a ardósia), mesmo com suporte; grânulos, fragmentos e",Emirados Árabes Unidos,30348,24502,comexstat,2026-10-08
2026,09,6802,"Pedras de cantaria ou de construção (exceto de ardósia) trabalhadas e obras destas pedras, exceto as da posição 6801; cubos, pastilhas e artigos semelhantes, para mosaicos, de pedra natural (incluída a ardósia), mesmo com suporte; grânulos, fragmentos e",Jamaica,30168,52999,comexstat,2026-10-08
2026,07,6802,"Pedras de cantaria ou de construção (exceto de ardósia) trabalhadas e obras destas pedras, exceto as da posição 6801; cubos, pastilhas e artigos semelhantes, para mosaicos, de pedra natural (incluída a ardósia), mesmo com suporte; grânulos, fragmentos e",Congo,30099,5377,comexstat,2026-10-08
2026,04,6802,"Pedras de cantaria ou de construção (exceto de ardósia) trabalhadas e obras destas pedras, exceto as da posição 6801; cubos, pastilhas e artigos semelhantes, para mosaicos, de pedra natural (incluída a ardósia), mesmo com suporte; grânulos, fragmentos e",Gana,29942,25500,comexstat,2026-10-08
2026,04,6803,Ardósia natural trabalhada e obras de ardósia natural ou aglomerada,África do Sul,29809,48297,comexstat,2026-10-08
2026,09,2516,"Granito, pórfiro, basalto, arenito e outras pedras de cantaria ou de construção, mesmo desbastados ou simplesmente cortados à serra ou por outro meio, em blocos ou placas de forma quadrada ou rectangular",Espanha,29796,190160,comexstat,2026-10-08
2026,02,6803,Ardósia natural trabalhada e obras de ardósia natural ou aglomerada,Colômbia,29653,53216,comexstat,2026-10-08
2026,03,6802,"Pedras de cantaria ou de construção (exceto de ardósia) trabalhadas e obras destas pedras, exceto as da posição 6801; cubos, pastilhas e artigos semelhantes, para mosaicos, de pedra natural (incluída a ardósia), mesmo com suporte; grânulos, fragmentos e",Peru,29627,51808,comexstat,2026-10-08
2026,02,6803,Ardósia natural trabalhada e obras de ardósia natural ou aglomerada,México,29475,50029,comexstat,2026-10-08
2026,04,6802,"Pedras de cantaria ou de construção (exceto de ardósia) trabalhadas e obras destas pedras, exceto as da posição 6801; cubos, pastilhas e artigos semelhantes, para mosaicos, de pedra natural (incluída a ardósia), mesmo com suporte; grânulos, fragmentos e",Letônia,29093,51590,comexstat,2026-10-08
2026,09,6802,"Pedras de cantaria ou de construção (exceto de ardósia) trabalhadas e obras destas pedras, exceto as da posição 6801; cubos, pastilhas e artigos semelhantes, para mosaicos, de pedra natural (incluída a ardósia), mesmo com suporte; grânulos, fragmentos e",Romênia,29018,49252,comexstat,2026-10-08
2026,01,2516,"Granito, pórfiro, basalto, arenito e outras pedras de cantaria ou de construção, mesmo desbastados ou simplesmente cortados à serra ou por outro meio, em blocos ou placas de forma quadrada ou rectangular",Emirados Árabes Unidos,29004,75900,comexstat,2026-10-08
2026,09,2516,"Granito, pórfiro, basalto, arenito e outras pedras de cantaria ou de construção, mesmo desbastados ou simplesmente cortados à serra ou por outro meio, em blocos ou placas de forma quadrada ou rectangular",Turquia,28781,102050,comexstat,2026-10-08
2026,04,2515,"Mármores, travertinos, granitos belgas e outras pedras calcárias de cantaria ou de construção, de densidade aparente igual ou superior a 2,5, e alabastro, mesmo desbastados ou simplesmente cortados à serra ou por outro meio, em blocos ou placas de forma q",Índia,28723,159370,comexstat,2026-10-08
2026,08,6802,"Pedras de cantaria ou de construção (exceto de ardósia) trabalhadas e obras destas pedras, exceto as da posição 6801; cubos, pastilhas e artigos semelhantes, para mosaicos, de pedra natural (incluída a ardósia), mesmo com suporte; grânulos, fragmentos e",Nicarágua,28661,23433,comexstat,2026-10-08
2026,05,6801,"Pedras para calcetar, meios-fios e placas (lajes) para pavimentação, de pedra natural (exceto a ardósia)",Bélgica,28627,80690,comexstat,2026-10-08
2026,09,6803,Ardósia natural trabalhada e obras de ardósia natural ou aglomerada,Portugal,28599,49655,comexstat,2026-10-08
2026,08,2516,"Granito, pórfiro, basalto, arenito e outras pedras de cantaria ou de construção, mesmo desbastados ou simplesmente cortados à serra ou por outro meio, em blocos ou placas de forma quadrada ou rectangular",Síria,28597,101990,comexstat,2026-10-08
2026,03,6802,"Pedras de cantaria ou de construção (exceto de ardósia) trabalhadas e obras destas pedras, exceto as da posição 6801; cubos, pastilhas e artigos semelhantes, para mosaicos, de pedra natural (incluída a ardósia), mesmo com suporte; grânulos, fragmentos e",Cabo Verde,28477,79447,comexstat,2026-10-08
2026,09,6803,Ardósia natural trabalhada e obras de ardósia natural ou aglomerada,Áustria,28460,47234,comexstat,2026-10-08
2026,04,2516,"Granito, pórfiro, basalto, arenito e outras pedras de cantaria ou de construção, mesmo desbastados ou simplesmente cortados à serra ou por outro meio, em blocos ou placas de forma quadrada ou rectangular",Portugal,28230,61696,comexstat,2026-10-08
2026,01,6803,Ardósia natural trabalhada e obras de ardósia natural ou aglomerada,Alemanha,27861,51440,comexstat,2026-10-08
2026,02,6802,"Pedras de cantaria ou de construção (exceto de ardósia) trabalhadas e obras destas pedras, exceto as da posição 6801; cubos, pastilhas e artigos semelhantes, para mosaicos, de pedra natural (incluída a ardósia), mesmo com suporte; grânulos, fragmentos e",França,27805,64993,comexstat,2026-10-08
2026,07,6803,Ardósia natural trabalhada e obras de ardósia natural ou aglomerada,Lituânia,27798,51560,comexstat,2026-10-08
2026,02,6802,"Pedras de cantaria ou de construção (exceto de ardósia) trabalhadas e obras destas pedras, exceto as da posição 6801; cubos, pastilhas e artigos semelhantes, para mosaicos, de pedra natural (incluída a ardósia), mesmo com suporte; grânulos, fragmentos e",Moçambique,27792,79701,comexstat,2026-10-08
2026,08,6803,Ardósia natural trabalhada e obras de ardósia natural ou aglomerada,China,27784,78780,comexstat,2026-10-08
2026,02,6802,"Pedras de cantaria ou de construção (exceto de ardósia) trabalhadas e obras destas pedras, exceto as da posição 6801; cubos, pastilhas e artigos semelhantes, para mosaicos, de pedra natural (incluída a ardósia), mesmo com suporte; grânulos, fragmentos e",Coreia do Sul,27762,26526,comexstat,2026-10-08
2026,06,6802,"Pedras de cantaria ou de construção (exceto de ardósia) trabalhadas e obras destas pedras, exceto as da posição 6801; cubos, pastilhas e artigos semelhantes, para mosaicos, de pedra natural (incluída a ardósia), mesmo com suporte; grânulos, fragmentos e",Guiana,27539,19777,comexstat,2026-10-08
2026,05,6803,Ardósia natural trabalhada e obras de ardósia natural ou aglomerada,China,27496,26584,comexstat,2026-10-08
2026,04,6803,Ardósia natural trabalhada e obras de ardósia natural ou aglomerada,Japão,27394,38556,comexstat,2026-10-08
2026,02,6802,"Pedras de cantaria ou de construção (exceto de ardósia) trabalhadas e obras destas pedras, exceto as da posição 6801; cubos, pastilhas e artigos semelhantes, para mosaicos, de pedra natural (incluída a ardósia), mesmo com suporte; grânulos, fragmentos e",Grécia,27162,26602,comexstat,2026-10-08
2026,01,6801,"Pedras para calcetar, meios-fios e placas (lajes) para pavimentação, de pedra natural (exceto a ardósia)",Itália,27087,126930,comexstat,2026-10-08
2026,09,2516,"Granito, pórfiro, basalto, arenito e outras pedras de cantaria ou de construção, mesmo desbastados ou simplesmente cortados à serra ou por outro meio, em blocos ou placas de forma quadrada ou rectangular",Paraguai,26970,46559,comexstat,2026-10-08
2026,06,2515,"Mármores, travertinos, granitos belgas e outras pedras calcárias de cantaria ou de construção, de densidade aparente igual ou superior a 2,5, e alabastro, mesmo desbastados ou simplesmente cortados à serra ou por outro meio, em blocos ou placas de forma q",Tailândia,26897,50033,comexstat,2026-10-08
2026,06,6802,"Pedras de cantaria ou de construção (exceto de ardósia) trabalhadas e obras destas pedras, exceto as da posição 6801; cubos, pastilhas e artigos semelhantes, para mosaicos, de pedra natural (incluída a ardósia), mesmo com suporte; grânulos, fragmentos e","Tcheca, República",26414,23360,comexstat,2026-10-08
2026,01,2515,"Mármores, travertinos, granitos belgas e outras pedras calcárias de cantaria ou de construção, de densidade aparente igual ou superior a 2,5, e alabastro, mesmo desbastados ou simplesmente cortados à serra ou por outro meio, em blocos ou placas de forma q",Índia,25828,101881,comexstat,2026-10-08
2026,01,6803,Ardósia natural trabalhada e obras de ardósia natural ou aglomerada,Canadá,25587,41050,comexstat,2026-10-08
2026,03,6803,Ardósia natural trabalhada e obras de ardósia natural ou aglomerada,Grécia,25298,52784,comexstat,2026-10-08
2026,01,6802,"Pedras de cantaria ou de construção (exceto de ardósia) trabalhadas e obras destas pedras, exceto as da posição 6801; cubos, pastilhas e artigos semelhantes, para mosaicos, de pedra natural (incluída a ardósia), mesmo com suporte; grânulos, fragmentos e",Bolívia,25122,67230,comexstat,2026-10-08
2026,05,6803,Ardósia natural trabalhada e obras de ardósia natural ou aglomerada,Polônia,25094,46447,comexstat,2026-10-08
2026,05,6803,Ardósia natural trabalhada e obras de ardósia natural ou aglomerada,Nova Zelândia,24962,42584,comexstat,2026-10-08
2026,03,6802,"Pedras de cantaria ou de construção (exceto de ardósia) trabalhadas e obras destas pedras, exceto as da posição 6801; cubos, pastilhas e artigos semelhantes, para mosaicos, de pedra natural (incluída a ardósia), mesmo com suporte; grânulos, fragmentos e",Taiwan (Formosa),24864,8572,comexstat,2026-10-08
2026,08,6802,"Pedras de cantaria ou de construção (exceto de ardósia) trabalhadas e obras destas pedras, exceto as da posição 6801; cubos, pastilhas e artigos semelhantes, para mosaicos, de pedra natural (incluída a ardósia), mesmo com suporte; grânulos, fragmentos e",El Salvador,24736,49424,comexstat,2026-10-08
2026,06,6802,"Pedras de cantaria ou de construção (exceto de ardósia) trabalhadas e obras destas pedras, exceto as da posição 6801; cubos, pastilhas e artigos semelhantes, para mosaicos, de pedra natural (incluída a ardósia), mesmo com suporte; grânulos, fragmentos e",El Salvador,24731,52806,comexstat,2026-10-08
2026,05,2515,"Mármores, travertinos, granitos belgas e outras pedras calcárias de cantaria ou de construção, de densidade aparente igual ou superior a 2,5, e alabastro, mesmo desbastados ou simplesmente cortados à serra ou por outro meio, em blocos ou placas de forma q",Espanha,24709,50402,comexstat,2026-10-08
2026,02,6802,"Pedras de cantaria ou de construção (exceto de ardósia) trabalhadas e obras destas pedras, exceto as da posição 6801; cubos, pastilhas e artigos semelhantes, para mosaicos, de pedra natural (incluída a ardósia), mesmo com suporte; grânulos, fragmentos e",Nicarágua,24665,26533,comexstat,2026-10-08
2026,06,6803,Ardósia natural trabalhada e obras de ardósia natural ou aglomerada,Portugal,24509,24900,comexstat,2026-10-08
2026,01,6802,"Pedras de cantaria ou de construção (exceto de ardósia) trabalhadas e obras destas pedras, exceto as da posição 6801; cubos, pastilhas e artigos semelhantes, para mosaicos, de pedra natural (incluída a ardósia), mesmo com suporte; grânulos, fragmentos e",Porto Rico,24498,23096,comexstat,2026-10-08
2026,01,6802,"Pedras de cantaria ou de construção (exceto de ardósia) trabalhadas e obras destas pedras, exceto as da posição 6801; cubos, pastilhas e artigos semelhantes, para mosaicos, de pedra natural (incluída a ardósia), mesmo com suporte; grânulos, fragmentos e",Líbia,24439,208969,comexstat,2026-10-08
2026,01,2515,"Mármores, travertinos, granitos belgas e outras pedras calcárias de cantaria ou de construção, de densidade aparente igual ou superior a 2,5, e alabastro, mesmo desbastados ou simplesmente cortados à serra ou por outro meio, em blocos ou placas de forma q",Espanha,24315,126700,comexstat,2026-10-08
2026,07,6801,"Pedras para calcetar, meios-fios e placas (lajes) para pavimentação, de pedra natural (exceto a ardósia)",Espanha,24165,77486,comexstat,2026-10-08
2026,03,6802,"Pedras de cantaria ou de construção (exceto de ardósia) trabalhadas e obras destas pedras, exceto as da posição 6801; cubos, pastilhas e artigos semelhantes, para mosaicos, de pedra natural (incluída a ardósia), mesmo com suporte; grânulos, fragmentos e",Gana,24041,26535,comexstat,2026-10-08
2026,08,6802,"Pedras de cantaria ou de construção (exceto de ardósia) trabalhadas e obras destas pedras, exceto as da posição 6801; cubos, pastilhas e artigos semelhantes, para mosaicos, de pedra natural (incluída a ardósia), mesmo com suporte; grânulos, fragmentos e",Cabo Verde,24014,77467,comexstat,2026-10-08
2026,06,6801,"Pedras para calcetar, meios-fios e placas (lajes) para pavimentação, de pedra natural (exceto a ardósia)",Itália,23823,80520,comexstat,2026-10-08
2026,03,2516,"Granito, pórfiro, basalto, arenito e outras pedras de cantaria ou de construção, mesmo desbastados ou simplesmente cortados à serra ou por outro meio, em blocos ou placas de forma quadrada ou rectangular",Chipre,23508,147700,comexstat,2026-10-08
2026,03,6802,"Pedras de cantaria ou de construção (exceto de ardósia) trabalhadas e obras destas pedras, exceto as da posição 6801; cubos, pastilhas e artigos semelhantes, para mosaicos, de pedra natural (incluída a ardósia), mesmo com suporte; grânulos, fragmentos e",Nicarágua,23484,53201,comexstat,2026-10-08
2026,08,6801,"Pedras para calcetar, meios-fios e placas (lajes) para pavimentação, de pedra natural (exceto a ardósia)",México,23315,52172,comexstat,2026-10-08
2026,09,6802,"Pedras de cantaria ou de construção (exceto de ardósia) trabalhadas e obras destas pedras, exceto as da posição 6801; cubos, pastilhas e artigos semelhantes, para mosaicos, de pedra natural (incluída a ardósia), mesmo com suporte; grânulos, fragmentos e",Uganda,23095,7245,comexstat,2026-10-08
2026,02,6803,Ardósia natural trabalhada e obras de ardósia natural ou aglomerada,China,23027,24297,comexstat,2026-10-08
2026,07,6802,"Pedras de cantaria ou de construção (exceto de ardósia) trabalhadas e obras destas pedras, exceto as da posição 6801; cubos, pastilhas e artigos semelhantes, para mosaicos, de pedra natural (incluída a ardósia), mesmo com suporte; grânulos, fragmentos e",Eslovênia,22990,23878,comexstat,2026-10-08
2026,08,6803,Ardósia natural trabalhada e obras de ardósia natural ou aglomerada,Portugal,22709,27000,comexstat,2026-10-08
2026,02,6801,"Pedras para calcetar, meios-fios e placas (lajes) para pavimentação, de pedra natural (exceto a ardósia)",França,22685,78850,comexstat,2026-10-08
2026,07,6802,"Pedras de cantaria ou de construção (exceto de ardósia) trabalhadas e obras destas pedras, exceto as da posição 6801; cubos, pastilhas e artigos semelhantes, para mosaicos, de pedra natural (incluída a ardósia), mesmo com suporte; grânulos, fragmentos e",Venezuela,22511,52964,comexstat,2026-10-08
2026,02,6803,Ardósia natural trabalhada e obras de ardósia natural ou aglomerada,Países Baixos (Holanda),22486,37088,comexstat,2026-10-08
2026,01,6803,Ardósia natural trabalhada e obras de ardósia natural ou aglomerada,México,22365,44568,comexstat,2026-10-08
2026,07,6802,"Pedras de cantaria ou de construção (exceto de ardósia) trabalhadas e obras destas pedras, exceto as da posição 6801; cubos, pastilhas e artigos semelhantes, para mosaicos, de pedra natural (incluída a ardósia), mesmo com suporte; grânulos, fragmentos e",São Cristóvão e Névis,22229,26140,comexstat,2026-10-08
2026,04,6801,"Pedras para calcetar, meios-fios e placas (lajes) para pavimentação, de pedra natural (exceto a ardósia)",França,22228,80880,comexstat,2026-10-08
2026,02,6802,"Pedras de cantaria ou de construção (exceto de ardósia) trabalhadas e obras destas pedras, exceto as da posição 6801; cubos, pastilhas e artigos semelhantes, para mosaicos, de pedra natural (incluída a ardósia), mesmo com suporte; grânulos, fragmentos e",Angola,22160,27235,comexstat,2026-10-08
2026,09,6802,"Pedras de cantaria ou de construção (exceto de ardósia) trabalhadas e obras destas pedras, exceto as da posição 6801; cubos, pastilhas e artigos semelhantes, para mosaicos, de pedra natural (incluída a ardósia), mesmo com suporte; grânulos, fragmentos e",África do Sul,22091,26518,comexstat,2026-10-08
2026,05,2516,"Granito, pórfiro, basalto, arenito e outras pedras de cantaria ou de construção, mesmo desbastados ou simplesmente cortados à serra ou por outro meio, em blocos ou placas de forma quadrada ou rectangular",Argélia,22065,112152,comexstat,2026-10-08
2026,07,2516,"Granito, pórfiro, basalto, arenito e outras pedras de cantaria ou de construção, mesmo desbastados ou simplesmente cortados à serra ou por outro meio, em blocos ou placas de forma quadrada ou rectangular",Indonésia,21907,49960,comexstat,2026-10-08
2026,02,6803,Ardósia natural trabalhada e obras de ardósia natural ou aglomerada,Alemanha,21735,25730,comexstat,2026-10-08
2026,06,6802,"Pedras de cantaria ou de construção (exceto de ardósia) trabalhadas e obras destas pedras, exceto as da posição 6801; cubos, pastilhas e artigos semelhantes, para mosaicos, de pedra natural (incluída a ardósia), mesmo com suporte; grânulos, fragmentos e",Bahamas,21541,26594,comexstat,2026-10-08
2026,03,6802,"Pedras de cantaria ou de construção (exceto de ardósia) trabalhadas e obras destas pedras, exceto as da posição 6801; cubos, pastilhas e artigos semelhantes, para mosaicos, de pedra natural (incluída a ardósia), mesmo com suporte; grânulos, fragmentos e",Coveite (Kuweit),21420,78762,comexstat,2026-10-08
2026,08,6803,Ardósia natural trabalhada e obras de ardósia natural ou aglomerada,Austrália,21405,26028,comexstat,2026-10-08
2026,02,6801,"Pedras para calcetar, meios-fios e placas (lajes) para pavimentação, de pedra natural (exceto a ardósia)",Alemanha,21390,79300,comexstat,2026-10-08
2026,06,6803,Ardósia natural trabalhada e obras de ardósia natural ou aglomerada,Uruguai,21334,51355,comexstat,2026-10-08
2026,09,6803,Ardósia natural trabalhada e obras de ardósia natural ou aglomerada,Uruguai,21266,45764,comexstat,2026-10-08
2026,04,6803,Ardósia natural trabalhada e obras de ardósia natural ou aglomerada,Rússia,21200,26755,comexstat,2026-10-08
2026,05,6803,Ardósia natural trabalhada e obras de ardósia natural ou aglomerada,Austrália,21124,25920,comexstat,2026-10-08
2026,01,6803,Ardósia natural trabalhada e obras de ardósia natural ou aglomerada,Costa Rica,21120,25806,comexstat,2026-10-08
2026,03,6802,"Pedras de cantaria ou de construção (exceto de ardósia) trabalhadas e obras destas pedras, exceto as da posição 6801; cubos, pastilhas e artigos semelhantes, para mosaicos, de pedra natural (incluída a ardósia), mesmo com suporte; grânulos, fragmentos e",Jordânia,20922,53110,comexstat,2026-10-08
2026,03,6801,"Pedras para calcetar, meios-fios e placas (lajes) para pavimentação, de pedra natural (exceto a ardósia)",Chile,20646,51324,comexstat,2026-10-08
2026,05,2515,"Mármores, travertinos, granitos belgas e outras pedras calcárias de cantaria ou de construção, de densidade aparente igual ou superior a 2,5, e alabastro, mesmo desbastados ou simplesmente cortados à serra ou por outro meio, em blocos ou placas de forma q",Índia,20601,135920,comexstat,2026-10-08
2026,02,6802,"Pedras de cantaria ou de construção (exceto de ardósia) trabalhadas e obras destas pedras, exceto as da posição 6801; cubos, pastilhas e artigos semelhantes, para mosaicos, de pedra natural (incluída a ardósia), mesmo com suporte; grânulos, fragmentos e",Romênia,20459,131814,comexstat,2026-10-08
2026,09,6802,"Pedras de cantaria ou de construção (exceto de ardósia) trabalhadas e obras destas pedras, exceto as da posição 6801; cubos, pastilhas e artigos semelhantes, para mosaicos, de pedra natural (incluída a ardósia), mesmo com suporte; grânulos, fragmentos e",Guiana,20420,11631,comexstat,2026-10-08
2026,07,6802,"Pedras de cantaria ou de construção (exceto de ardósia) trabalhadas e obras destas pedras, exceto as da posição 6801; cubos, pastilhas e artigos semelhantes, para mosaicos, de pedra natural (incluída a ardósia), mesmo com suporte; grânulos, fragmentos e",El Salvador,20346,54648,comexstat,2026-10-08
2026,08,6802,"Pedras de cantaria ou de construção (exceto de ardósia) trabalhadas e obras destas pedras, exceto as da posição 6801; cubos, pastilhas e artigos semelhantes, para mosaicos, de pedra natural (incluída a ardósia), mesmo com suporte; grânulos, fragmentos e",Singapura,20319,26278,comexstat,2026-10-08
2026,07,6803,Ardósia natural trabalhada e obras de ardósia natural ou aglomerada,Uruguai,20179,52822,comexstat,2026-10-08
2026,02,6803,Ardósia natural trabalhada e obras de ardósia natural ou aglomerada,Polônia,20088,23795,comexstat,2026-10-08
2026,04,2514,"Ardósia, mesmo desbastada ou simplesmente cortada a serra ou por outro meio, em blocos ou placas de forma quadrada ou retangular",Estados Unidos,20000,100000,comexstat,2026-10-08
2026,09,6802,"Pedras de cantaria ou de construção (exceto de ardósia) trabalhadas e obras destas pedras, exceto as da posição 6801; cubos, pastilhas e artigos semelhantes, para mosaicos, de pedra natural (incluída a ardósia), mesmo com suporte; grânulos, fragmentos e",Eslovênia,19989,24116,comexstat,2026-10-08
2026,03,6801,"Pedras para calcetar, meios-fios e placas (lajes) para pavimentação, de pedra natural (exceto a ardósia)",Países Baixos (Holanda),19812,102100,comexstat,2026-10-08
2026,06,6802,"Pedras de cantaria ou de construção (exceto de ardósia) trabalhadas e obras destas pedras, exceto as da posição 6801; cubos, pastilhas e artigos semelhantes, para mosaicos, de pedra natural (incluída a ardósia), mesmo com suporte; grânulos, fragmentos e",Suíça,19800,23691,comexstat,2026-10-08
2026,02,2516,"Granito, pórfiro, basalto, arenito e outras pedras de cantaria ou de construção, mesmo desbastados ou simplesmente cortados à serra ou por outro meio, em blocos ou placas de forma quadrada ou rectangular",Portugal,19612,80813,comexstat,2026-10-08
2026,01,6803,Ardósia natural trabalhada e obras de ardósia natural ou aglomerada,Lituânia,19494,24960,comexstat,2026-10-08
2026,02,6802,"Pedras de cantaria ou de construção (exceto de ardósia) trabalhadas e obras destas pedras, exceto as da posição 6801; cubos, pastilhas e artigos semelhantes, para mosaicos, de pedra natural (incluída a ardósia), mesmo com suporte; grânulos, fragmentos e",Indonésia,19388,26935,comexstat,2026-10-08
2026,02,6803,Ardósia natural trabalhada e obras de ardósia natural ou aglomerada,Coreia do Sul,19200,23119,comexstat,2026-10-08
2026,01,6803,Ardósia natural trabalhada e obras de ardósia natural ou aglomerada,Chile,18955,46597,comexstat,2026-10-08
2026,01,6802,"Pedras de cantaria ou de construção (exceto de ardósia) trabalhadas e obras destas pedras, exceto as da posição 6801; cubos, pastilhas e artigos semelhantes, para mosaicos, de pedra natural (incluída a ardósia), mesmo com suporte; grânulos, fragmentos e",Líbano,18891,7105,comexstat,2026-10-08
2026,04,2514,"Ardósia, mesmo desbastada ou simplesmente cortada a serra ou por outro meio, em blocos ou placas de forma quadrada ou retangular",Lituânia,18887,51062,comexstat,2026-10-08
2026,06,6803,Ardósia natural trabalhada e obras de ardósia natural ou aglomerada,Taiwan (Formosa),18883,26208,comexstat,2026-10-08
2026,09,2514,"Ardósia, mesmo desbastada ou simplesmente cortada a serra ou por outro meio, em blocos ou placas de forma quadrada ou retangular",Espanha,18840,23395,comexstat,2026-10-08
2026,09,6803,Ardósia natural trabalhada e obras de ardósia natural ou aglomerada,Grécia,18535,26650,comexstat,2026-10-08
2026,05,6802,"Pedras de cantaria ou de construção (exceto de ardósia) trabalhadas e obras destas pedras, exceto as da posição 6801; cubos, pastilhas e artigos semelhantes, para mosaicos, de pedra natural (incluída a ardósia), mesmo com suporte; grânulos, fragmentos e",Gana,18491,26525,comexstat,2026-10-08
2026,01,6803,Ardósia natural trabalhada e obras de ardósia natural ou aglomerada,Irlanda,18379,53146,comexstat,2026-10-08
2026,02,2515,"Mármores, travertinos, granitos belgas e outras pedras calcárias de cantaria ou de construção, de densidade aparente igual ou superior a 2,5, e alabastro, mesmo desbastados ou simplesmente cortados à serra ou por outro meio, em blocos ou placas de forma q",Índia,18323,110430,comexstat,2026-10-08
2026,06,6801,"Pedras para calcetar, meios-fios e placas (lajes) para pavimentação, de pedra natural (exceto a ardósia)",Espanha,18103,52250,comexstat,2026-10-08
2026,07,2514,"Ardósia, mesmo desbastada ou simplesmente cortada a serra ou por outro meio, em blocos ou placas de forma quadrada ou retangular",Estados Unidos,18000,60000,comexstat,2026-10-08
2026,08,6802,"Pedras de cantaria ou de construção (exceto de ardósia) trabalhadas e obras destas pedras, exceto as da posição 6801; cubos, pastilhas e artigos semelhantes, para mosaicos, de pedra natural (incluída a ardósia), mesmo com suporte; grânulos, fragmentos e",Hungria,17991,24440,comexstat,2026-10-08
2026,02,6803,Ardósia natural trabalhada e obras de ardósia natural ou aglomerada,Japão,17960,38977,comexstat,2026-10-08
2026,09,2514,"Ardósia, mesmo desbastada ou simplesmente cortada a serra ou por outro meio, em blocos ou placas de forma quadrada ou retangular",Reino Unido,17897,28715,comexstat,2026-10-08
2026,02,6802,"Pedras de cantaria ou de construção (exceto de ardósia) trabalhadas e obras destas pedras, exceto as da posição 6801; cubos, pastilhas e artigos semelhantes, para mosaicos, de pedra natural (incluída a ardósia), mesmo com suporte; grânulos, fragmentos e",Hungria,17691,24872,comexstat,2026-10-08
2026,09,6801,"Pedras para calcetar, meios-fios e placas (lajes) para pavimentação, de pedra natural (exceto a ardósia)",Portugal,17636,50617,comexstat,2026-10-08
2026,05,2516,"Granito, pórfiro, basalto, arenito e outras pedras de cantaria ou de construção, mesmo desbastados ou simplesmente cortados à serra ou por outro meio, em blocos ou placas de forma quadrada ou rectangular",Argentina,17612,104600,comexstat,2026-10-08
2026,09,6801,"Pedras para calcetar, meios-fios e placas (lajes) para pavimentação, de pedra natural (exceto a ardósia)",Alemanha,17606,77919,comexstat,2026-10-08
2026,02,6802,"Pedras de cantaria ou de construção (exceto de ardósia) trabalhadas e obras destas pedras, exceto as da posição 6801; cubos, pastilhas e artigos semelhantes, para mosaicos, de pedra natural (incluída a ardósia), mesmo com suporte; grânulos, fragmentos e",Aruba,17508,26542,comexstat,2026-10-08
2026,08,2516,"Granito, pórfiro, basalto, arenito e outras pedras de cantaria ou de construção, mesmo desbastados ou simplesmente cortados à serra ou por outro meio, em blocos ou placas de forma quadrada ou rectangular",Rússia,17376,30876,comexstat,2026-10-08
2026,06,2516,"Granito, pórfiro, basalto, arenito e outras pedras de cantaria ou de construção, mesmo desbastados ou simplesmente cortados à serra ou por outro meio, em blocos ou placas de forma quadrada ou rectangular",Taiwan (Formosa),17245,201260,comexstat,2026-10-08
2026,02,6803,Ardósia natural trabalhada e obras de ardósia natural ou aglomerada,Peru,17212,26616,comexstat,2026-10-08
2026,05,2514,"Ardósia, mesmo desbastada ou simplesmente cortada a serra ou por outro meio, em blocos ou placas de forma quadrada ou retangular",República Dominicana,17165,24420,comexstat,2026-10-08
2026,09,6801,"Pedras para calcetar, meios-fios e placas (lajes) para pavimentação, de pedra natural (exceto a ardósia)",Japão,17111,60860,comexstat,2026-10-08
2026,06,6801,"Pedras para calcetar, meios-fios e placas (lajes) para pavimentação, de pedra natural (exceto a ardósia)","Tcheca, República",17101,77640,comexstat,2026-10-08
2026,07,2514,"Ardósia, mesmo desbastada ou simplesmente cortada a serra ou por outro meio, em blocos ou placas de forma quadrada ou retangular",Lituânia,17091,51076,comexstat,2026-10-08
2026,07,6803,Ardósia natural trabalhada e obras de ardósia natural ou aglomerada,Marrocos,17010,25650,comexstat,2026-10-08
2026,03,6803,Ardósia natural trabalhada e obras de ardósia natural ou aglomerada,Austrália,17000,23820,comexstat,2026-10-08
2026,05,6803,Ardósia natural trabalhada e obras de ardósia natural ou aglomerada,Dinamarca,16803,24401,comexstat,2026-10-08
2026,01,6803,Ardósia natural trabalhada e obras de ardósia natural ou aglomerada,Portugal,16763,26550,comexstat,2026-10-08
2026,06,6803,Ardósia natural trabalhada e obras de ardósia natural ou aglomerada,Grécia,16749,26683,comexstat,2026-10-08
2026,04,2516,"Granito, pórfiro, basalto, arenito e outras pedras de cantaria ou de construção, mesmo desbastados ou simplesmente cortados à serra ou por outro meio, em blocos ou placas de forma quadrada ou rectangular",Vietnã,16469,50800,comexstat,2026-10-08
2026,06,6803,Ardósia natural trabalhada e obras de ardósia natural ou aglomerada,Rússia,16468,26089,comexstat,2026-10-08
2026,07,6801,"Pedras para calcetar, meios-fios e placas (lajes) para pavimentação, de pedra natural (exceto a ardósia)",Itália,16436,53670,comexstat,2026-10-08
2026,01,6803,Ardósia natural trabalhada e obras de ardósia natural ou aglomerada,Hong Kong,16425,25468,comexstat,2026-10-08
2026,09,6801,"Pedras para calcetar, meios-fios e placas (lajes) para pavimentação, de pedra natural (exceto a ardósia)",Espanha,16387,51890,comexstat,2026-10-08
2026,05,6802,"Pedras de cantaria ou de construção (exceto de ardósia) trabalhadas e obras destas pedras, exceto as da posição 6801; cubos, pastilhas e artigos semelhantes, para mosaicos, de pedra natural (incluída a ardósia), mesmo com suporte; grânulos, fragmentos e",Japão,16380,30436,comexstat,2026-10-08
2026,05,6803,Ardósia natural trabalhada e obras de ardósia natural ou aglomerada,México,16325,27055,comexstat,2026-10-08
2026,04,6803,Ardósia natural trabalhada e obras de ardósia natural ou aglomerada,Austrália,16308,24218,comexstat,2026-10-08
2026,03,6802,"Pedras de cantaria ou de construção (exceto de ardósia) trabalhadas e obras destas pedras, exceto as da posição 6801; cubos, pastilhas e artigos semelhantes, para mosaicos, de pedra natural (incluída a ardósia), mesmo com suporte; grânulos, fragmentos e",Singapura,16296,27500,comexstat,2026-10-08
2026,08,6803,Ardósia natural trabalhada e obras de ardósia natural ou aglomerada,Espanha,16170,56561,comexstat,2026-10-08
2026,08,6802,"Pedras de cantaria ou de construção (exceto de ardósia) trabalhadas e obras destas pedras, exceto as da posição 6801; cubos, pastilhas e artigos semelhantes, para mosaicos, de pedra natural (incluída a ardósia), mesmo com suporte; grânulos, fragmentos e",Letônia,15931,26285,comexstat,2026-10-08
2026,09,6802,"Pedras de cantaria ou de construção (exceto de ardósia) trabalhadas e obras destas pedras, exceto as da posição 6801; cubos, pastilhas e artigos semelhantes, para mosaicos, de pedra natural (incluída a ardósia), mesmo com suporte; grânulos, fragmentos e",Guiné Equatorial,15889,7327,comexstat,2026-10-08
2026,06,6801,"Pedras para calcetar, meios-fios e placas (lajes) para pavimentação, de pedra natural (exceto a ardósia)",Portugal,15840,50199,comexstat,2026-10-08
2026,06,6802,"Pedras de cantaria ou de construção (exceto de ardósia) trabalhadas e obras destas pedras, exceto as da posição 6801; cubos, pastilhas e artigos semelhantes, para mosaicos, de pedra natural (incluída a ardósia), mesmo com suporte; grânulos, fragmentos e",Omã,15800,26603,comexstat,2026-10-08
2026,03,6803,Ardósia natural trabalhada e obras de ardósia natural ou aglomerada,Emirados Árabes Unidos,15800,23305,comexstat,2026-10-08
2026,04,6801,"Pedras para calcetar, meios-fios e placas (lajes) para pavimentação, de pedra natural (exceto a ardósia)",Espanha,15714,52550,comexstat,2026-10-08
2026,04,6801,"Pedras para calcetar, meios-fios e placas (lajes) para pavimentação, de pedra natural (exceto a ardósia)",Portugal,15714,51163,comexstat,2026-10-08
2026,04,6803,Ardósia natural trabalhada e obras de ardósia natural ou aglomerada,Suécia,15567,47000,comexstat,2026-10-08
2026,02,6801,"Pedras para calcetar, meios-fios e placas (lajes) para pavimentação, de pedra natural (exceto a ardósia)",Bélgica,15299,48235,comexstat,2026-10-08
2026,06,2516,"Granito, pórfiro, basalto, arenito e outras pedras de cantaria ou de construção, mesmo desbastados ou simplesmente cortados à serra ou por outro meio, em blocos ou placas de forma quadrada ou rectangular",Tailândia,15141,48979,comexstat,2026-10-08
2026,07,2516,"Granito, pórfiro, basalto, arenito e outras pedras de cantaria ou de construção, mesmo desbastados ou simplesmente cortados à serra ou por outro meio, em blocos ou placas de forma quadrada ou rectangular",Japão,15090,107170,comexstat,2026-10-08
2026,07,6801,"Pedras para calcetar, meios-fios e placas (lajes) para pavimentação, de pedra natural (exceto a ardósia)",Portugal,15057,26250,comexstat,2026-10-08
2026,08,6802,"Pedras de cantaria ou de construção (exceto de ardósia) trabalhadas e obras destas pedras, exceto as da posição 6801; cubos, pastilhas e artigos semelhantes, para mosaicos, de pedra natural (incluída a ardósia), mesmo com suporte; grânulos, fragmentos e",Suíça,14891,22664,comexstat,2026-10-08
2026,05,6801,"Pedras para calcetar, meios-fios e placas (lajes) para pavimentação, de pedra natural (exceto a ardósia)",França,14877,58860,comexstat,2026-10-08
2026,05,6802,"Pedras de cantaria ou de construção (exceto de ardósia) trabalhadas e obras destas pedras, exceto as da posição 6801; cubos, pastilhas e artigos semelhantes, para mosaicos, de pedra natural (incluída a ardósia), mesmo com suporte; grânulos, fragmentos e",Bahamas,14866,26591,comexstat,2026-10-08
2026,07,2516,"Granito, pórfiro, basalto, arenito e outras pedras de cantaria ou de construção, mesmo desbastados ou simplesmente cortados à serra ou por outro meio, em blocos ou placas de forma quadrada ou rectangular",Bélgica,14757,46600,comexstat,2026-10-08
2026,04,6803,Ardósia natural trabalhada e obras de ardósia natural ou aglomerada,República Dominicana,14729,19491,comexstat,2026-10-08
2026,08,2514,"Ardósia, mesmo desbastada ou simplesmente cortada a serra ou por outro meio, em blocos ou placas de forma quadrada ou retangular",Reino Unido,14725,25164,comexstat,2026-10-08
2026,07,2514,"Ardósia, mesmo desbastada ou simplesmente cortada a serra ou por outro meio, em blocos ou placas de forma quadrada ou retangular",Reino Unido,14725,25164,comexstat,2026-10-08
2026,01,6802,"Pedras de cantaria ou de construção (exceto de ardósia) trabalhadas e obras destas pedras, exceto as da posição 6801; cubos, pastilhas e artigos semelhantes, para mosaicos, de pedra natural (incluída a ardósia), mesmo com suporte; grânulos, fragmentos e",Coreia do Sul,14492,24559,comexstat,2026-10-08
2026,06,6801,"Pedras para calcetar, meios-fios e placas (lajes) para pavimentação, de pedra natural (exceto a ardósia)",Países Baixos (Holanda),14488,52570,comexstat,2026-10-08
2026,09,6801,"Pedras para calcetar, meios-fios e placas (lajes) para pavimentação, de pedra natural (exceto a ardósia)",Reino Unido,14471,52554,comexstat,2026-10-08
2026,01,6802,"Pedras de cantaria ou de construção (exceto de ardósia) trabalhadas e obras destas pedras, exceto as da posição 6801; cubos, pastilhas e artigos semelhantes, para mosaicos, de pedra natural (incluída a ardósia), mesmo com suporte; grânulos, fragmentos e",Moçambique,14451,26306,comexstat,2026-10-08
2026,06,6803,Ardósia natural trabalhada e obras de ardósia natural ou aglomerada,Nova Zelândia,14434,19040,comexstat,2026-10-08
2026,07,6801,"Pedras para calcetar, meios-fios e placas (lajes) para pavimentação, de pedra natural (exceto a ardósia)",Alemanha,14414,52095,comexstat,2026-10-08
2026,05,2516,"Granito, pórfiro, basalto, arenito e outras pedras de cantaria ou de construção, mesmo desbastados ou simplesmente cortados à serra ou por outro meio, em blocos ou placas de forma quadrada ou rectangular",Espanha,14344,39937,comexstat,2026-10-08
2026,08,6801,"Pedras para calcetar, meios-fios e placas (lajes) para pavimentação, de pedra natural (exceto a ardósia)",Alemanha,14327,56600,comexstat,2026-10-08
2026,08,6802,"Pedras de cantaria ou de construção (exceto de ardósia) trabalhadas e obras destas pedras, exceto as da posição 6801; cubos, pastilhas e artigos semelhantes, para mosaicos, de pedra natural (incluída a ardósia), mesmo com suporte; grânulos, fragmentos e",Bulgária,14297,22886,comexstat,2026-10-08
2026,01,6803,Ardósia natural trabalhada e obras de ardósia natural ou aglomerada,Trinidad e Tobago,14243,25960,comexstat,2026-10-08
2026,02,6802,"Pedras de cantaria ou de construção (exceto de ardósia) trabalhadas e obras destas pedras, exceto as da posição 6801; cubos, pastilhas e artigos semelhantes, para mosaicos, de pedra natural (incluída a ardósia), mesmo com suporte; grânulos, fragmentos e",Chile,14230,26600,comexstat,2026-10-08
2026,02,2515,"Mármores, travertinos, granitos belgas e outras pedras calcárias de cantaria ou de construção, de densidade aparente igual ou superior a 2,5, e alabastro, mesmo desbastados ou simplesmente cortados à serra ou por outro meio, em blocos ou placas de forma q",Egito,14160,54710,comexstat,2026-10-08
2026,06,6803,Ardósia natural trabalhada e obras de ardósia natural ou aglomerada,República Dominicana,14112,19390,comexstat,2026-10-08
2026,07,2515,"Mármores, travertinos, granitos belgas e outras pedras calcárias de cantaria ou de construção, de densidade aparente igual ou superior a 2,5, e alabastro, mesmo desbastados ou simplesmente cortados à serra ou por outro meio, em blocos ou placas de forma q",Emirados Árabes Unidos,14030,559,comexstat,2026-10-08
2026,02,6803,Ardósia natural trabalhada e obras de ardósia natural ou aglomerada,República Dominicana,13910,19485,comexstat,2026-10-08
2026,02,6802,"Pedras de cantaria ou de construção (exceto de ardósia) trabalhadas e obras destas pedras, exceto as da posição 6801; cubos, pastilhas e artigos semelhantes, para mosaicos, de pedra natural (incluída a ardósia), mesmo com suporte; grânulos, fragmentos e",Singapura,13818,24993,comexstat,2026-10-08
2026,03,6803,Ardósia natural trabalhada e obras de ardósia natural ou aglomerada,Suécia,13768,23165,comexstat,2026-10-08
2026,01,6803,Ardósia natural trabalhada e obras de ardósia natural ou aglomerada,Japão,13729,19700,comexstat,2026-10-08
2026,06,6803,Ardósia natural trabalhada e obras de ardósia natural ou aglomerada,Eslováquia,13716,26555,comexstat,2026-10-08
2026,06,6803,Ardósia natural trabalhada e obras de ardósia natural ou aglomerada,México,13693,21075,comexstat,2026-10-08
2026,05,6802,"Pedras de cantaria ou de construção (exceto de ardósia) trabalhadas e obras destas pedras, exceto as da posição 6801; cubos, pastilhas e artigos semelhantes, para mosaicos, de pedra natural (incluída a ardósia), mesmo com suporte; grânulos, fragmentos e",Nicarágua,13461,26636,comexstat,2026-10-08
2026,08,2516,"Granito, pórfiro, basalto, arenito e outras pedras de cantaria ou de construção, mesmo desbastados ou simplesmente cortados à serra ou por outro meio, em blocos ou placas de forma quadrada ou rectangular",Espanha,13396,38428,comexstat,2026-10-08
2026,02,6802,"Pedras de cantaria ou de construção (exceto de ardósia) trabalhadas e obras destas pedras, exceto as da posição 6801; cubos, pastilhas e artigos semelhantes, para mosaicos, de pedra natural (incluída a ardósia), mesmo com suporte; grânulos, fragmentos e",Gana,13326,24235,comexstat,2026-10-08
2026,09,2515,"Mármores, travertinos, granitos belgas e outras pedras calcárias de cantaria ou de construção, de densidade aparente igual ou superior a 2,5, e alabastro, mesmo desbastados ou simplesmente cortados à serra ou por outro meio, em blocos ou placas de forma q",Paraguai,13267,10441,comexstat,2026-10-08
2026,04,6803,Ardósia natural trabalhada e obras de ardósia natural ou aglomerada,Eslováquia,13233,26570,comexstat,2026-10-08
2026,07,6802,"Pedras de cantaria ou de construção (exceto de ardósia) trabalhadas e obras destas pedras, exceto as da posição 6801; cubos, pastilhas e artigos semelhantes, para mosaicos, de pedra natural (incluída a ardósia), mesmo com suporte; grânulos, fragmentos e",Mauritânia,13015,26590,comexstat,2026-10-08
2026,07,6801,"Pedras para calcetar, meios-fios e placas (lajes) para pavimentação, de pedra natural (exceto a ardósia)",Japão,12998,40970,comexstat,2026-10-08
2026,06,6802,"Pedras de cantaria ou de construção (exceto de ardósia) trabalhadas e obras destas pedras, exceto as da posição 6801; cubos, pastilhas e artigos semelhantes, para mosaicos, de pedra natural (incluída a ardósia), mesmo com suporte; grânulos, fragmentos e",Coreia do Sul,12984,23621,comexstat,2026-10-08
2026,01,6802,"Pedras de cantaria ou de construção (exceto de ardósia) trabalhadas e obras destas pedras, exceto as da posição 6801; cubos, pastilhas e artigos semelhantes, para mosaicos, de pedra natural (incluída a ardósia), mesmo com suporte; grânulos, fragmentos e",Senegal,12894,26482,comexstat,2026-10-08
2026,08,6801,"Pedras para calcetar, meios-fios e placas (lajes) para pavimentação, de pedra natural (exceto a ardósia)",França,12709,55040,comexstat,2026-10-08
2026,03,6802,"Pedras de cantaria ou de construção (exceto de ardósia) trabalhadas e obras destas pedras, exceto as da posição 6801; cubos, pastilhas e artigos semelhantes, para mosaicos, de pedra natural (incluída a ardósia), mesmo com suporte; grânulos, fragmentos e",Guiana,12535,8709,comexstat,2026-10-08
2026,09,2515,"Mármores, travertinos, granitos belgas e outras pedras calcárias de cantaria ou de construção, de densidade aparente igual ou superior a 2,5, e alabastro, mesmo desbastados ou simplesmente cortados à serra ou por outro meio, em blocos ou placas de forma q",Estados Unidos,12512,27264,comexstat,2026-10-08
2026,04,6803,Ardósia natural trabalhada e obras de ardósia natural ou aglomerada,Nova Zelândia,12480,19375,comexstat,2026-10-08
2026,08,2516,"Granito, pórfiro, basalto, arenito e outras pedras de cantaria ou de construção, mesmo desbastados ou simplesmente cortados à serra ou por outro meio, em blocos ou placas de forma quadrada ou rectangular",Paraguai,12460,8737,comexstat,2026-10-08
2026,03,6802,"Pedras de cantaria ou de construção (exceto de ardósia) trabalhadas e obras destas pedras, exceto as da posição 6801; cubos, pastilhas e artigos semelhantes, para mosaicos, de pedra natural (incluída a ardósia), mesmo com suporte; grânulos, fragmentos e",São Vicente e Granadinas,12459,26320,comexstat,2026-10-08
2026,06,2515,"Mármores, travertinos, granitos belgas e outras pedras calcárias de cantaria ou de construção, de densidade aparente igual ou superior a 2,5, e alabastro, mesmo desbastados ou simplesmente cortados à serra ou por outro meio, em blocos ou placas de forma q",Estados Unidos,12426,4824,comexstat,2026-10-08
2026,03,6803,Ardósia natural trabalhada e obras de ardósia natural ou aglomerada,Islândia,12379,26860,comexstat,2026-10-08
2026,03,6802,"Pedras de cantaria ou de construção (exceto de ardósia) trabalhadas e obras destas pedras, exceto as da posição 6801; cubos, pastilhas e artigos semelhantes, para mosaicos, de pedra natural (incluída a ardósia), mesmo com suporte; grânulos, fragmentos e",Senegal,12307,26549,comexstat,2026-10-08
2026,07,6803,Ardósia natural trabalhada e obras de ardósia natural ou aglomerada,Grécia,12232,26378,comexstat,2026-10-08
2026,02,6802,"Pedras de cantaria ou de construção (exceto de ardósia) trabalhadas e obras destas pedras, exceto as da posição 6801; cubos, pastilhas e artigos semelhantes, para mosaicos, de pedra natural (incluída a ardósia), mesmo com suporte; grânulos, fragmentos e",Cabo Verde,12206,27595,comexstat,2026-10-08
2026,08,2515,"Mármores, travertinos, granitos belgas e outras pedras calcárias de cantaria ou de construção, de densidade aparente igual ou superior a 2,5, e alabastro, mesmo desbastados ou simplesmente cortados à serra ou por outro meio, em blocos ou placas de forma q",Estados Unidos,12158,30,comexstat,2026-10-08
2026,03,6803,Ardósia natural trabalhada e obras de ardósia natural ou aglomerada,Japão,12100,20173,comexstat,2026-10-08
2026,05,6801,"Pedras para calcetar, meios-fios e placas (lajes) para pavimentação, de pedra natural (exceto a ardósia)",Portugal,12079,27000,comexstat,2026-10-08
2026,09,6802,"Pedras de cantaria ou de construção (exceto de ardósia) trabalhadas e obras destas pedras, exceto as da posição 6801; cubos, pastilhas e artigos semelhantes, para mosaicos, de pedra natural (incluída a ardósia), mesmo com suporte; grânulos, fragmentos e",Guadalupe,12063,8075,comexstat,2026-10-08
2026,03,6802,"Pedras de cantaria ou de construção (exceto de ardósia) trabalhadas e obras destas pedras, exceto as da posição 6801; cubos, pastilhas e artigos semelhantes, para mosaicos, de pedra natural (incluída a ardósia), mesmo com suporte; grânulos, fragmentos e",Iraque,12059,52400,comexstat,2026-10-08
2026,09,2514,"Ardósia, mesmo desbastada ou simplesmente cortada a serra ou por outro meio, em blocos ou placas de forma quadrada ou retangular",Estados Unidos,12000,60000,comexstat,2026-10-08
2026,04,6802,"Pedras de cantaria ou de construção (exceto de ardósia) trabalhadas e obras destas pedras, exceto as da posição 6801; cubos, pastilhas e artigos semelhantes, para mosaicos, de pedra natural (incluída a ardósia), mesmo com suporte; grânulos, fragmentos e",Eslovênia,11955,15466,comexstat,2026-10-08
2026,06,2515,"Mármores, travertinos, granitos belgas e outras pedras calcárias de cantaria ou de construção, de densidade aparente igual ou superior a 2,5, e alabastro, mesmo desbastados ou simplesmente cortados à serra ou por outro meio, em blocos ou placas de forma q",Espanha,11951,27885,comexstat,2026-10-08
2026,09,2516,"Granito, pórfiro, basalto, arenito e outras pedras de cantaria ou de construção, mesmo desbastados ou simplesmente cortados à serra ou por outro meio, em blocos ou placas de forma quadrada ou rectangular",Barbados,11946,7029,comexstat,2026-10-08
2026,03,2516,"Granito, pórfiro, basalto, arenito e outras pedras de cantaria ou de construção, mesmo desbastados ou simplesmente cortados à serra ou por outro meio, em blocos ou placas de forma quadrada ou rectangular",Paraguai,11924,30247,comexstat,2026-10-08
2026,04,6802,"Pedras de cantaria ou de construção (exceto de ardósia) trabalhadas e obras destas pedras, exceto as da posição 6801; cubos, pastilhas e artigos semelhantes, para mosaicos, de pedra natural (incluída a ardósia), mesmo com suporte; grânulos, fragmentos e",Venezuela,11609,25012,comexstat,2026-10-08
2026,08,6803,Ardósia natural trabalhada e obras de ardósia natural ou aglomerada,Uruguai,11526,26158,comexstat,2026-10-08
2026,04,2514,"Ardósia, mesmo desbastada ou simplesmente cortada a serra ou por outro meio, em blocos ou placas de forma quadrada ou retangular",Bélgica,11526,24379,comexstat,2026-10-08
2026,04,2514,"Ardósia, mesmo desbastada ou simplesmente cortada a serra ou por outro meio, em blocos ou placas de forma quadrada ou retangular",Eslováquia,11517,26690,comexstat,2026-10-08
2026,04,6801,"Pedras para calcetar, meios-fios e placas (lajes) para pavimentação, de pedra natural (exceto a ardósia)",Japão,11484,20600,comexstat,2026-10-08
2026,01,6803,Ardósia natural trabalhada e obras de ardósia natural ou aglomerada,Itália,11272,28367,comexstat,2026-10-08
2026,06,2516,"Granito, pórfiro, basalto, arenito e outras pedras de cantaria ou de construção, mesmo desbastados ou simplesmente cortados à serra ou por outro meio, em blocos ou placas de forma quadrada ou rectangular",México,11176,21235,comexstat,2026-10-08
2026,09,6803,Ardósia natural trabalhada e obras de ardósia natural ou aglomerada,Japão,11082,1848,comexstat,2026-10-08
2026,01,6801,"Pedras para calcetar, meios-fios e placas (lajes) para pavimentação, de pedra natural (exceto a ardósia)",México,11017,24983,comexstat,2026-10-08
2026,08,2516,"Granito, pórfiro, basalto, arenito e outras pedras de cantaria ou de construção, mesmo desbastados ou simplesmente cortados à serra ou por outro meio, em blocos ou placas de forma quadrada ou rectangular",Bélgica,10942,25790,comexstat,2026-10-08
2026,05,2516,"Granito, pórfiro, basalto, arenito e outras pedras de cantaria ou de construção, mesmo desbastados ou simplesmente cortados à serra ou por outro meio, em blocos ou placas de forma quadrada ou rectangular",Bélgica,10921,25200,comexstat,2026-10-08
2026,03,2516,"Granito, pórfiro, basalto, arenito e outras pedras de cantaria ou de construção, mesmo desbastados ou simplesmente cortados à serra ou por outro meio, em blocos ou placas de forma quadrada ou rectangular",México,10918,24020,comexstat,2026-10-08
2026,06,6802,"Pedras de cantaria ou de construção (exceto de ardósia) trabalhadas e obras destas pedras, exceto as da posição 6801; cubos, pastilhas e artigos semelhantes, para mosaicos, de pedra natural (incluída a ardósia), mesmo com suporte; grânulos, fragmentos e",Jamaica,10892,6325,comexstat,2026-10-08
2026,08,6802,"Pedras de cantaria ou de construção (exceto de ardósia) trabalhadas e obras destas pedras, exceto as da posição 6801; cubos, pastilhas e artigos semelhantes, para mosaicos, de pedra natural (incluída a ardósia), mesmo com suporte; grânulos, fragmentos e",Senegal,10876,26606,comexstat,2026-10-08
2026,03,2514,"Ardósia, mesmo desbastada ou simplesmente cortada a serra ou por outro meio, em blocos ou placas de forma quadrada ou retangular",Reino Unido,10850,25164,comexstat,2026-10-08
2026,01,6802,"Pedras de cantaria ou de construção (exceto de ardósia) trabalhadas e obras destas pedras, exceto as da posição 6801; cubos, pastilhas e artigos semelhantes, para mosaicos, de pedra natural (incluída a ardósia), mesmo com suporte; grânulos, fragmentos e",Trinidad e Tobago,10831,26576,comexstat,2026-10-08
2026,07,6802,"Pedras de cantaria ou de construção (exceto de ardósia) trabalhadas e obras destas pedras, exceto as da posição 6801; cubos, pastilhas e artigos semelhantes, para mosaicos, de pedra natural (incluída a ardósia), mesmo com suporte; grânulos, fragmentos e",Bulgária,10809,26589,comexstat,2026-10-08
2026,03,2516,"Granito, pórfiro, basalto, arenito e outras pedras de cantaria ou de construção, mesmo desbastados ou simplesmente cortados à serra ou por outro meio, em blocos ou placas de forma quadrada ou rectangular",Ucrânia,10770,24997,comexstat,2026-10-08
2026,05,6803,Ardósia natural trabalhada e obras de ardósia natural ou aglomerada,Reunião,10757,25615,comexstat,2026-10-08
2026,04,6802,"Pedras de cantaria ou de construção (exceto de ardósia) trabalhadas e obras destas pedras, exceto as da posição 6801; cubos, pastilhas e artigos semelhantes, para mosaicos, de pedra natural (incluída a ardósia), mesmo com suporte; grânulos, fragmentos e",Senegal,10715,26535,comexstat,2026-10-08
2026,07,2516,"Granito, pórfiro, basalto, arenito e outras pedras de cantaria ou de construção, mesmo desbastados ou simplesmente cortados à serra ou por outro meio, em blocos ou placas de forma quadrada ou rectangular",Polônia,10682,26060,comexstat,2026-10-08
2026,04,2514,"Ardósia, mesmo desbastada ou simplesmente cortada a serra ou por outro meio, em blocos ou placas de forma quadrada ou retangular",Reino Unido,10605,22726,comexstat,2026-10-08
2026,04,6803,Ardósia natural trabalhada e obras de ardósia natural ou aglomerada,Uruguai,10560,26894,comexstat,2026-10-08
2026,07,6802,"Pedras de cantaria ou de construção (exceto de ardósia) trabalhadas e obras destas pedras, exceto as da posição 6801; cubos, pastilhas e artigos semelhantes, para mosaicos, de pedra natural (incluída a ardósia), mesmo com suporte; grânulos, fragmentos e",Coveite (Kuweit),10503,26953,comexstat,2026-10-08
2026,06,6801,"Pedras para calcetar, meios-fios e placas (lajes) para pavimentação, de pedra natural (exceto a ardósia)",México,10464,19768,comexstat,2026-10-08
2026,01,6802,"Pedras de cantaria ou de construção (exceto de ardósia) trabalhadas e obras destas pedras, exceto as da posição 6801; cubos, pastilhas e artigos semelhantes, para mosaicos, de pedra natural (incluída a ardósia), mesmo com suporte; grânulos, fragmentos e",Hong Kong,10408,21970,comexstat,2026-10-08
2026,09,6801,"Pedras para calcetar, meios-fios e placas (lajes) para pavimentação, de pedra natural (exceto a ardósia)",México,10385,24538,comexstat,2026-10-08
2026,05,2516,"Granito, pórfiro, basalto, arenito e outras pedras de cantaria ou de construção, mesmo desbastados ou simplesmente cortados à serra ou por outro meio, em blocos ou placas de forma quadrada ou rectangular",México,10356,23769,comexstat,2026-10-08
2026,04,2515,"Mármores, travertinos, granitos belgas e outras pedras calcárias de cantaria ou de construção, de densidade aparente igual ou superior a 2,5, e alabastro, mesmo desbastados ou simplesmente cortados à serra ou por outro meio, em blocos ou placas de forma q",Chile,10241,624,comexstat,2026-10-08
2026,06,2514,"Ardósia, mesmo desbastada ou simplesmente cortada a serra ou por outro meio, em blocos ou placas de forma quadrada ou retangular",Eslováquia,10191,26625,comexstat,2026-10-08
2026,01,2516,"Granito, pórfiro, basalto, arenito e outras pedras de cantaria ou de construção, mesmo desbastados ou simplesmente cortados à serra ou por outro meio, em blocos ou placas de forma quadrada ou rectangular",Paraguai,9994,7120,comexstat,2026-10-08
2026,01,6802,"Pedras de cantaria ou de construção (exceto de ardósia) trabalhadas e obras destas pedras, exceto as da posição 6801; cubos, pastilhas e artigos semelhantes, para mosaicos, de pedra natural (incluída a ardósia), mesmo com suporte; grânulos, fragmentos e",Cabo Verde,9986,27129,comexstat,2026-10-08
2026,06,2514,"Ardósia, mesmo desbastada ou simplesmente cortada a serra ou por outro meio, em blocos ou placas de forma quadrada ou retangular",Colômbia,9932,15439,comexstat,2026-10-08
2026,01,2516,"Granito, pórfiro, basalto, arenito e outras pedras de cantaria ou de construção, mesmo desbastados ou simplesmente cortados à serra ou por outro meio, em blocos ou placas de forma quadrada ou rectangular",Espanha,9894,18336,comexstat,2026-10-08
2026,06,6803,Ardósia natural trabalhada e obras de ardósia natural ou aglomerada,Argentina,9858,26161,comexstat,2026-10-08
2026,04,6802,"Pedras de cantaria ou de construção (exceto de ardósia) trabalhadas e obras destas pedras, exceto as da posição 6801; cubos, pastilhas e artigos semelhantes, para mosaicos, de pedra natural (incluída a ardósia), mesmo com suporte; grânulos, fragmentos e",Grécia,9824,23437,comexstat,2026-10-08
2026,04,2516,"Granito, pórfiro, basalto, arenito e outras pedras de cantaria ou de construção, mesmo desbastados ou simplesmente cortados à serra ou por outro meio, em blocos ou placas de forma quadrada ou rectangular",Índia,9794,25780,comexstat,2026-10-08
2026,06,6802,"Pedras de cantaria ou de construção (exceto de ardósia) trabalhadas e obras destas pedras, exceto as da posição 6801; cubos, pastilhas e artigos semelhantes, para mosaicos, de pedra natural (incluída a ardósia), mesmo com suporte; grânulos, fragmentos e",Suriname,9753,17791,comexstat,2026-10-08
2026,05,6801,"Pedras para calcetar, meios-fios e placas (lajes) para pavimentação, de pedra natural (exceto a ardósia)",México,9517,17937,comexstat,2026-10-08
2026,02,6802,"Pedras de cantaria ou de construção (exceto de ardósia) trabalhadas e obras destas pedras, exceto as da posição 6801; cubos, pastilhas e artigos semelhantes, para mosaicos, de pedra natural (incluída a ardósia), mesmo com suporte; grânulos, fragmentos e",Malásia,9500,25000,comexstat,2026-10-08
2026,01,6801,"Pedras para calcetar, meios-fios e placas (lajes) para pavimentação, de pedra natural (exceto a ardósia)",Bélgica,9416,26280,comexstat,2026-10-08
2026,04,6802,"Pedras de cantaria ou de construção (exceto de ardósia) trabalhadas e obras destas pedras, exceto as da posição 6801; cubos, pastilhas e artigos semelhantes, para mosaicos, de pedra natural (incluída a ardósia), mesmo com suporte; grânulos, fragmentos e",Suriname,9403,17971,comexstat,2026-10-08
2026,04,6803,Ardósia natural trabalhada e obras de ardósia natural ou aglomerada,México,9315,21814,comexstat,2026-10-08
2026,05,2514,"Ardósia, mesmo desbastada ou simplesmente cortada a serra ou por outro meio, em blocos ou placas de forma quadrada ou retangular",Lituânia,9248,25517,comexstat,2026-10-08
2026,07,2515,"Mármores, travertinos, granitos belgas e outras pedras calcárias de cantaria ou de construção, de densidade aparente igual ou superior a 2,5, e alabastro, mesmo desbastados ou simplesmente cortados à serra ou por outro meio, em blocos ou placas de forma q",Turquia,9237,52780,comexstat,2026-10-08
2026,05,2516,"Granito, pórfiro, basalto, arenito e outras pedras de cantaria ou de construção, mesmo desbastados ou simplesmente cortados à serra ou por outro meio, em blocos ou placas de forma quadrada ou rectangular",Equador,9186,24974,comexstat,2026-10-08
2026,01,6801,"Pedras para calcetar, meios-fios e placas (lajes) para pavimentação, de pedra natural (exceto a ardósia)",Estados Unidos,9169,33600,comexstat,2026-10-08
2026,05,6801,"Pedras para calcetar, meios-fios e placas (lajes) para pavimentação, de pedra natural (exceto a ardósia)",China,9135,27027,comexstat,2026-10-08
2026,01,6801,"Pedras para calcetar, meios-fios e placas (lajes) para pavimentação, de pedra natural (exceto a ardósia)",China,9135,26756,comexstat,2026-10-08
2026,05,6803,Ardósia natural trabalhada e obras de ardósia natural ou aglomerada,Costa Rica,9118,23114,comexstat,2026-10-08
2026,03,2514,"Ardósia, mesmo desbastada ou simplesmente cortada a serra ou por outro meio, em blocos ou placas de forma quadrada ou retangular",Lituânia,9052,25473,comexstat,2026-10-08
2026,05,6802,"Pedras de cantaria ou de construção (exceto de ardósia) trabalhadas e obras destas pedras, exceto as da posição 6801; cubos, pastilhas e artigos semelhantes, para mosaicos, de pedra natural (incluída a ardósia), mesmo com suporte; grânulos, fragmentos e",Letônia,8958,26390,comexstat,2026-10-08
2026,02,6801,"Pedras para calcetar, meios-fios e placas (lajes) para pavimentação, de pedra natural (exceto a ardósia)",Portugal,8799,24634,comexstat,2026-10-08
2026,05,2516,"Granito, pórfiro, basalto, arenito e outras pedras de cantaria ou de construção, mesmo desbastados ou simplesmente cortados à serra ou por outro meio, em blocos ou placas de forma quadrada ou rectangular",Paraguai,8536,4877,comexstat,2026-10-08
2026,04,2516,"Granito, pórfiro, basalto, arenito e outras pedras de cantaria ou de construção, mesmo desbastados ou simplesmente cortados à serra ou por outro meio, em blocos ou placas de forma quadrada ou rectangular",Eslovênia,8302,7424,comexstat,2026-10-08
2026,06,2516,"Granito, pórfiro, basalto, arenito e outras pedras de cantaria ou de construção, mesmo desbastados ou simplesmente cortados à serra ou por outro meio, em blocos ou placas de forma quadrada ou rectangular",Canadá,8262,26760,comexstat,2026-10-08
2026,02,6801,"Pedras para calcetar, meios-fios e placas (lajes) para pavimentação, de pedra natural (exceto a ardósia)",Itália,8224,53580,comexstat,2026-10-08
2026,06,2514,"Ardósia, mesmo desbastada ou simplesmente cortada a serra ou por outro meio, em blocos ou placas de forma quadrada ou retangular",Itália,8050,21699,comexstat,2026-10-08
2026,06,6802,"Pedras de cantaria ou de construção (exceto de ardósia) trabalhadas e obras destas pedras, exceto as da posição 6801; cubos, pastilhas e artigos semelhantes, para mosaicos, de pedra natural (incluída a ardósia), mesmo com suporte; grânulos, fragmentos e",Croácia,7874,24645,comexstat,2026-10-08
2026,02,2514,"Ardósia, mesmo desbastada ou simplesmente cortada a serra ou por outro meio, em blocos ou placas de forma quadrada ou retangular",Itália,7820,20638,comexstat,2026-10-08
2026,03,2516,"Granito, pórfiro, basalto, arenito e outras pedras de cantaria ou de construção, mesmo desbastados ou simplesmente cortados à serra ou por outro meio, em blocos ou placas de forma quadrada ou rectangular",Portugal,7812,28110,comexstat,2026-10-08
2026,04,6801,"Pedras para calcetar, meios-fios e placas (lajes) para pavimentação, de pedra natural (exceto a ardósia)",China,7708,26890,comexstat,2026-10-08
2026,02,6802,"Pedras de cantaria ou de construção (exceto de ardósia) trabalhadas e obras destas pedras, exceto as da posição 6801; cubos, pastilhas e artigos semelhantes, para mosaicos, de pedra natural (incluída a ardósia), mesmo com suporte; grânulos, fragmentos e",Irlanda,7622,26212,comexstat,2026-10-08
2026,03,6801,"Pedras para calcetar, meios-fios e placas (lajes) para pavimentação, de pedra natural (exceto a ardósia)",Coreia do Sul,7603,26260,comexstat,2026-10-08
2026,08,2514,"Ardósia, mesmo desbastada ou simplesmente cortada a serra ou por outro meio, em blocos ou placas de forma quadrada ou retangular",Lituânia,7519,16965,comexstat,2026-10-08
2026,02,6801,"Pedras para calcetar, meios-fios e placas (lajes) para pavimentação, de pedra natural (exceto a ardósia)",Grécia,7433,26530,comexstat,2026-10-08
2026,08,6801,"Pedras para calcetar, meios-fios e placas (lajes) para pavimentação, de pedra natural (exceto a ardósia)",Países Baixos (Holanda),7383,26515,comexstat,2026-10-08
2026,07,6802,"Pedras de cantaria ou de construção (exceto de ardósia) trabalhadas e obras destas pedras, exceto as da posição 6801; cubos, pastilhas e artigos semelhantes, para mosaicos, de pedra natural (incluída a ardósia), mesmo com suporte; grânulos, fragmentos e",Japão,7350,20210,comexstat,2026-10-08
2026,08,6801,"Pedras para calcetar, meios-fios e placas (lajes) para pavimentação, de pedra natural (exceto a ardósia)",Itália,7331,27000,comexstat,2026-10-08
2026,05,6803,Ardósia natural trabalhada e obras de ardósia natural ou aglomerada,"Tcheca, República",7269,9795,comexstat,2026-10-08
2026,06,6802,"Pedras de cantaria ou de construção (exceto de ardósia) trabalhadas e obras destas pedras, exceto as da posição 6801; cubos, pastilhas e artigos semelhantes, para mosaicos, de pedra natural (incluída a ardósia), mesmo com suporte; grânulos, fragmentos e",Irlanda,7255,26465,comexstat,2026-10-08
2026,07,6803,Ardósia natural trabalhada e obras de ardósia natural ou aglomerada,República Dominicana,7135,8415,comexstat,2026-10-08
2026,09,6801,"Pedras para calcetar, meios-fios e placas (lajes) para pavimentação, de pedra natural (exceto a ardósia)",Itália,6799,25800,comexstat,2026-10-08
2026,05,6802,"Pedras de cantaria ou de construção (exceto de ardósia) trabalhadas e obras destas pedras, exceto as da posição 6801; cubos, pastilhas e artigos semelhantes, para mosaicos, de pedra natural (incluída a ardósia), mesmo com suporte; grânulos, fragmentos e",Grécia,6780,26755,comexstat,2026-10-08
2026,08,6801,"Pedras para calcetar, meios-fios e placas (lajes) para pavimentação, de pedra natural (exceto a ardósia)",Estônia,6707,26870,comexstat,2026-10-08
2026,04,2516,"Granito, pórfiro, basalto, arenito e outras pedras de cantaria ou de construção, mesmo desbastados ou simplesmente cortados à serra ou por outro meio, em blocos ou placas de forma quadrada ou rectangular",México,6600,8800,comexstat,2026-10-08
2026,03,2515,"Mármores, travertinos, granitos belgas e outras pedras calcárias de cantaria ou de construção, de densidade aparente igual ou superior a 2,5, e alabastro, mesmo desbastados ou simplesmente cortados à serra ou por outro meio, em blocos ou placas de forma q",Argentina,6559,23850,comexstat,2026-10-08
2026,09,2516,"Granito, pórfiro, basalto, arenito e outras pedras de cantaria ou de construção, mesmo desbastados ou simplesmente cortados à serra ou por outro meio, em blocos ou placas de forma quadrada ou rectangular",França,6336,25500,comexstat,2026-10-08
2026,08,6802,"Pedras de cantaria ou de construção (exceto de ardósia) trabalhadas e obras destas pedras, exceto as da posição 6801; cubos, pastilhas e artigos semelhantes, para mosaicos, de pedra natural (incluída a ardósia), mesmo com suporte; grânulos, fragmentos e",Líbia,6160,52425,comexstat,2026-10-08
2026,08,6801,"Pedras para calcetar, meios-fios e placas (lajes) para pavimentação, de pedra natural (exceto a ardósia)",Grécia,6148,26610,comexstat,2026-10-08
2026,01,6801,"Pedras para calcetar, meios-fios e placas (lajes) para pavimentação, de pedra natural (exceto a ardósia)",Espanha,6106,16115,comexstat,2026-10-08
2026,05,6802,"Pedras de cantaria ou de construção (exceto de ardósia) trabalhadas e obras destas pedras, exceto as da posição 6801; cubos, pastilhas e artigos semelhantes, para mosaicos, de pedra natural (incluída a ardósia), mesmo com suporte; grânulos, fragmentos e",Romênia,6048,26375,comexstat,2026-10-08
2026,07,6801,"Pedras para calcetar, meios-fios e placas (lajes) para pavimentação, de pedra natural (exceto a ardósia)",Estados Unidos,5997,21220,comexstat,2026-10-08
2026,04,6801,"Pedras para calcetar, meios-fios e placas (lajes) para pavimentação, de pedra natural (exceto a ardósia)",Chile,5918,25314,comexstat,2026-10-08
2026,01,2516,"Granito, pórfiro, basalto, arenito e outras pedras de cantaria ou de construção, mesmo desbastados ou simplesmente cortados à serra ou por outro meio, em blocos ou placas de forma quadrada ou rectangular",Colômbia,5833,24760,comexstat,2026-10-08
2026,07,2516,"Granito, pórfiro, basalto, arenito e outras pedras de cantaria ou de construção, mesmo desbastados ou simplesmente cortados à serra ou por outro meio, em blocos ou placas de forma quadrada ou rectangular",Alemanha,5694,19810,comexstat,2026-10-08
2026,08,6803,Ardósia natural trabalhada e obras de ardósia natural ou aglomerada,Argentina,5234,9815,comexstat,2026-10-08
2026,06,6802,"Pedras de cantaria ou de construção (exceto de ardósia) trabalhadas e obras destas pedras, exceto as da posição 6801; cubos, pastilhas e artigos semelhantes, para mosaicos, de pedra natural (incluída a ardósia), mesmo com suporte; grânulos, fragmentos e","Marshall, Ilhas",4992,3193,comexstat,2026-10-08
2026,02,2516,"Granito, pórfiro, basalto, arenito e outras pedras de cantaria ou de construção, mesmo desbastados ou simplesmente cortados à serra ou por outro meio, em blocos ou placas de forma quadrada ou rectangular",Paraguai,4679,26430,comexstat,2026-10-08
2026,06,6801,"Pedras para calcetar, meios-fios e placas (lajes) para pavimentação, de pedra natural (exceto a ardósia)",Estados Unidos,4638,16730,comexstat,2026-10-08
2026,06,6801,"Pedras para calcetar, meios-fios e placas (lajes) para pavimentação, de pedra natural (exceto a ardósia)",Áustria,4601,16425,comexstat,2026-10-08
2026,01,6802,"Pedras de cantaria ou de construção (exceto de ardósia) trabalhadas e obras destas pedras, exceto as da posição 6801; cubos, pastilhas e artigos semelhantes, para mosaicos, de pedra natural (incluída a ardósia), mesmo com suporte; grânulos, fragmentos e",Guiana,4587,2530,comexstat,2026-10-08
2026,07,6802,"Pedras de cantaria ou de construção (exceto de ardósia) trabalhadas e obras destas pedras, exceto as da posição 6801; cubos, pastilhas e artigos semelhantes, para mosaicos, de pedra natural (incluída a ardósia), mesmo com suporte; grânulos, fragmentos e",Grécia,4578,25983,comexstat,2026-10-08
2026,04,2516,"Granito, pórfiro, basalto, arenito e outras pedras de cantaria ou de construção, mesmo desbastados ou simplesmente cortados à serra ou por outro meio, em blocos ou placas de forma quadrada ou rectangular",Paraguai,4405,1650,comexstat,2026-10-08
2026,08,6802,"Pedras de cantaria ou de construção (exceto de ardósia) trabalhadas e obras destas pedras, exceto as da posição 6801; cubos, pastilhas e artigos semelhantes, para mosaicos, de pedra natural (incluída a ardósia), mesmo com suporte; grânulos, fragmentos e",Guiana,4237,2000,comexstat,2026-10-08
2026,01,6801,"Pedras para calcetar, meios-fios e placas (lajes) para pavimentação, de pedra natural (exceto a ardósia)",Argentina,4027,10405,comexstat,2026-10-08
2026,07,2514,"Ardósia, mesmo desbastada ou simplesmente cortada a serra ou por outro meio, em blocos ou placas de forma quadrada ou retangular",Itália,4025,13055,comexstat,2026-10-08
2026,01,2514,"Ardósia, mesmo desbastada ou simplesmente cortada a serra ou por outro meio, em blocos ou placas de forma quadrada ou retangular",França,3959,3458,comexstat,2026-10-08
2026,08,2515,"Mármores, travertinos, granitos belgas e outras pedras calcárias de cantaria ou de construção, de densidade aparente igual ou superior a 2,5, e alabastro, mesmo desbastados ou simplesmente cortados à serra ou por outro meio, em blocos ou placas de forma q",Paraguai,3942,1968,comexstat,2026-10-08
2026,08,6803,Ardósia natural trabalhada e obras de ardósia natural ou aglomerada,Paraguai,3713,32000,comexstat,2026-10-08
2026,02,6801,"Pedras para calcetar, meios-fios e placas (lajes) para pavimentação, de pedra natural (exceto a ardósia)",México,3680,26720,comexstat,2026-10-08
2026,02,6803,Ardósia natural trabalhada e obras de ardósia natural ou aglomerada,Argentina,3589,20776,comexstat,2026-10-08
2026,08,6803,Ardósia natural trabalhada e obras de ardósia natural ou aglomerada,Polônia,3430,4000,comexstat,2026-10-08
2026,03,2516,"Granito, pórfiro, basalto, arenito e outras pedras de cantaria ou de construção, mesmo desbastados ou simplesmente cortados à serra ou por outro meio, em blocos ou placas de forma quadrada ou rectangular",Países Baixos (Holanda),3013,12160,comexstat,2026-10-08
2026,04,2516,"Granito, pórfiro, basalto, arenito e outras pedras de cantaria ou de construção, mesmo desbastados ou simplesmente cortados à serra ou por outro meio, em blocos ou placas de forma quadrada ou rectangular",Uruguai,2853,7000,comexstat,2026-10-08
2026,07,2516,"Granito, pórfiro, basalto, arenito e outras pedras de cantaria ou de construção, mesmo desbastados ou simplesmente cortados à serra ou por outro meio, em blocos ou placas de forma quadrada ou rectangular",Colômbia,2809,13920,comexstat,2026-10-08
2026,08,2514,"Ardósia, mesmo desbastada ou simplesmente cortada a serra ou por outro meio, em blocos ou placas de forma quadrada ou retangular",Itália,2785,8720,comexstat,2026-10-08
2026,06,2515,"Mármores, travertinos, granitos belgas e outras pedras calcárias de cantaria ou de construção, de densidade aparente igual ou superior a 2,5, e alabastro, mesmo desbastados ou simplesmente cortados à serra ou por outro meio, em blocos ou placas de forma q",Portugal,2776,35,comexstat,2026-10-08
2026,09,6802,"Pedras de cantaria ou de construção (exceto de ardósia) trabalhadas e obras destas pedras, exceto as da posição 6801; cubos, pastilhas e artigos semelhantes, para mosaicos, de pedra natural (incluída a ardósia), mesmo com suporte; grânulos, fragmentos e",Barbados,2687,567,comexstat,2026-10-08
2026,07,6802,"Pedras de cantaria ou de construção (exceto de ardósia) trabalhadas e obras destas pedras, exceto as da posição 6801; cubos, pastilhas e artigos semelhantes, para mosaicos, de pedra natural (incluída a ardósia), mesmo com suporte; grânulos, fragmentos e",Guiana,2138,1446,comexstat,2026-10-08
2026,08,2515,"Mármores, travertinos, granitos belgas e outras pedras calcárias de cantaria ou de construção, de densidade aparente igual ou superior a 2,5, e alabastro, mesmo desbastados ou simplesmente cortados à serra ou por outro meio, em blocos ou placas de forma q",Argentina,1918,34,comexstat,2026-10-08
2026,06,2514,"Ardósia, mesmo desbastada ou simplesmente cortada a serra ou por outro meio, em blocos ou placas de forma quadrada ou retangular",Estados Unidos,1841,3282,comexstat,2026-10-08
2026,03,2516,"Granito, pórfiro, basalto, arenito e outras pedras de cantaria ou de construção, mesmo desbastados ou simplesmente cortados à serra ou por outro meio, em blocos ou placas de forma quadrada ou rectangular",Estados Unidos,1500,500,comexstat,2026-10-08
2026,04,6801,"Pedras para calcetar, meios-fios e placas (lajes) para pavimentação, de pedra natural (exceto a ardósia)",Áustria,1411,5820,comexstat,2026-10-08
2026,07,6803,Ardósia natural trabalhada e obras de ardósia natural ou aglomerada,Argentina,1364,7018,comexstat,2026-10-08
2026,03,2515,"Mármores, travertinos, granitos belgas e outras pedras calcárias de cantaria ou de construção, de densidade aparente igual ou superior a 2,5, e alabastro, mesmo desbastados ou simplesmente cortados à serra ou por outro meio, em blocos ou placas de forma q",Paraguai,1199,1349,comexstat,2026-10-08
2026,06,6802,"Pedras de cantaria ou de construção (exceto de ardósia) trabalhadas e obras destas pedras, exceto as da posição 6801; cubos, pastilhas e artigos semelhantes, para mosaicos, de pedra natural (incluída a ardósia), mesmo com suporte; grânulos, fragmentos e",Angola,1194,54,comexstat,2026-10-08
2026,04,6803,Ardósia natural trabalhada e obras de ardósia natural ou aglomerada,Paraguai,1180,8,comexstat,2026-10-08
2026,07,6803,Ardósia natural trabalhada e obras de ardósia natural ou aglomerada,Paraguai,1125,8,comexstat,2026-10-08
2026,09,6803,Ardósia natural trabalhada e obras de ardósia natural ou aglomerada,Paraguai,1077,3250,comexstat,2026-10-08
2026,05,6803,Ardósia natural trabalhada e obras de ardósia natural ou aglomerada,Paraguai,1022,5,comexstat,2026-10-08
2026,02,6802,"Pedras de cantaria ou de construção (exceto de ardósia) trabalhadas e obras destas pedras, exceto as da posição 6801; cubos, pastilhas e artigos semelhantes, para mosaicos, de pedra natural (incluída a ardósia), mesmo com suporte; grânulos, fragmentos e",Suriname,880,194,comexstat,2026-10-08
2026,03,6803,Ardósia natural trabalhada e obras de ardósia natural ou aglomerada,Paraguai,848,2600,comexstat,2026-10-08
2026,02,2515,"Mármores, travertinos, granitos belgas e outras pedras calcárias de cantaria ou de construção, de densidade aparente igual ou superior a 2,5, e alabastro, mesmo desbastados ou simplesmente cortados à serra ou por outro meio, em blocos ou placas de forma q",Estados Unidos,775,145,comexstat,2026-10-08
2026,06,6802,"Pedras de cantaria ou de construção (exceto de ardósia) trabalhadas e obras destas pedras, exceto as da posição 6801; cubos, pastilhas e artigos semelhantes, para mosaicos, de pedra natural (incluída a ardósia), mesmo com suporte; grânulos, fragmentos e",Granada,765,40,comexstat,2026-10-08
2026,08,6802,"Pedras de cantaria ou de construção (exceto de ardósia) trabalhadas e obras destas pedras, exceto as da posição 6801; cubos, pastilhas e artigos semelhantes, para mosaicos, de pedra natural (incluída a ardósia), mesmo com suporte; grânulos, fragmentos e",Guiana Francesa,515,280,comexstat,2026-10-08
2026,08,2514,"Ardósia, mesmo desbastada ou simplesmente cortada a serra ou por outro meio, em blocos ou placas de forma quadrada ou retangular",Canadá,403,1159,comexstat,2026-10-08
2026,08,6803,Ardósia natural trabalhada e obras de ardósia natural ou aglomerada,Suíça,388,150,comexstat,2026-10-08
2026,06,2516,"Granito, pórfiro, basalto, arenito e outras pedras de cantaria ou de construção, mesmo desbastados ou simplesmente cortados à serra ou por outro meio, em blocos ou placas de forma quadrada ou rectangular",Uruguai,376,8256,comexstat,2026-10-08
2026,01,2515,"Mármores, travertinos, granitos belgas e outras pedras calcárias de cantaria ou de construção, de densidade aparente igual ou superior a 2,5, e alabastro, mesmo desbastados ou simplesmente cortados à serra ou por outro meio, em blocos ou placas de forma q",Estados Unidos,373,40,comexstat,2026-10-08
2026,02,2516,"Granito, pórfiro, basalto, arenito e outras pedras de cantaria ou de construção, mesmo desbastados ou simplesmente cortados à serra ou por outro meio, em blocos ou placas de forma quadrada ou rectangular",Estados Unidos,309,1731,comexstat,2026-10-08
2026,01,2515,"Mármores, travertinos, granitos belgas e outras pedras calcárias de cantaria ou de construção, de densidade aparente igual ou superior a 2,5, e alabastro, mesmo desbastados ou simplesmente cortados à serra ou por outro meio, em blocos ou placas de forma q",Uruguai,272,4,comexstat,2026-10-08
2026,08,2516,"Granito, pórfiro, basalto, arenito e outras pedras de cantaria ou de construção, mesmo desbastados ou simplesmente cortados à serra ou por outro meio, em blocos ou placas de forma quadrada ou rectangular",Estados Unidos,260,40,comexstat,2026-10-08
2026,07,6802,"Pedras de cantaria ou de construção (exceto de ardósia) trabalhadas e obras destas pedras, exceto as da posição 6801; cubos, pastilhas e artigos semelhantes, para mosaicos, de pedra natural (incluída a ardósia), mesmo com suporte; grânulos, fragmentos e","Marshall, Ilhas",235,100,comexstat,2026-10-08
2026,08,2516,"Granito, pórfiro, basalto, arenito e outras pedras de cantaria ou de construção, mesmo desbastados ou simplesmente cortados à serra ou por outro meio, em blocos ou placas de forma quadrada ou rectangular",Emirados Árabes Unidos,200,20,comexstat,2026-10-08
2026,02,6803,Ardósia natural trabalhada e obras de ardósia natural ou aglomerada,Portugal,191,300,comexstat,2026-10-08
2026,03,6802,"Pedras de cantaria ou de construção (exceto de ardósia) trabalhadas e obras destas pedras, exceto as da posição 6801; cubos, pastilhas e artigos semelhantes, para mosaicos, de pedra natural (incluída a ardósia), mesmo com suporte; grânulos, fragmentos e",Argélia,169,708,comexstat,2026-10-08
2026,04,6802,"Pedras de cantaria ou de construção (exceto de ardósia) trabalhadas e obras destas pedras, exceto as da posição 6801; cubos, pastilhas e artigos semelhantes, para mosaicos, de pedra natural (incluída a ardósia), mesmo com suporte; grânulos, fragmentos e",Suécia,150,445,comexstat,2026-10-08
2026,09,2516,"Granito, pórfiro, basalto, arenito e outras pedras de cantaria ou de construção, mesmo desbastados ou simplesmente cortados à serra ou por outro meio, em blocos ou placas de forma quadrada ou rectangular",Uruguai,123,770,comexstat,2026-10-08
2026,01,6802,"Pedras de cantaria ou de construção (exceto de ardósia) trabalhadas e obras destas pedras, exceto as da posição 6801; cubos, pastilhas e artigos semelhantes, para mosaicos, de pedra natural (incluída a ardósia), mesmo com suporte; grânulos, fragmentos e",Armênia,113,15,comexstat,2026-10-08
2026,06,6802,"Pedras de cantaria ou de construção (exceto de ardósia) trabalhadas e obras destas pedras, exceto as da posição 6801; cubos, pastilhas e artigos semelhantes, para mosaicos, de pedra natural (incluída a ardósia), mesmo com suporte; grânulos, fragmentos e",Libéria,70,65,comexstat,2026-10-08
2026,08,2516,"Granito, pórfiro, basalto, arenito e outras pedras de cantaria ou de construção, mesmo desbastados ou simplesmente cortados à serra ou por outro meio, em blocos ou placas de forma quadrada ou rectangular",Israel,60,204,comexstat,2026-10-08
2026,08,6802,"Pedras de cantaria ou de construção (exceto de ardósia) trabalhadas e obras destas pedras, exceto as da posição 6801; cubos, pastilhas e artigos semelhantes, para mosaicos, de pedra natural (incluída a ardósia), mesmo com suporte; grânulos, fragmentos e",Panamá,50,24,comexstat,2026-10-08
2026,05,6801,"Pedras para calcetar, meios-fios e placas (lajes) para pavimentação, de pedra natural (exceto a ardósia)",Suíça,48,2,comexstat,2026-10-08
2026,03,6801,"Pedras para calcetar, meios-fios e placas (lajes) para pavimentação, de pedra natural (exceto a ardósia)",Reino Unido,8,15,comexstat,2026-10-08
2026,03,6801,"Pedras para calcetar, meios-fios e placas (lajes) para pavimentação, de pedra natural (exceto a ardósia)",Japão,0,151,comexstat,2026-10-08
