year,monthNumber,headingCode,heading,state,metricFOB,metricKG,fonte,coletado_em
2025,08,6802,"Pedras de cantaria ou de construção (exceto de ardósia) trabalhadas e obras destas pedras, exceto as da posição 6801; cubos, pastilhas e artigos semelhantes, para mosaicos, de pedra natural (incluída a ardósia), mesmo com suporte; grânulos, fragmentos e",São Paulo,1598214,753181,comexstat,2026-10-08
2025,10,2515,"Mármores, travertinos, granitos belgas e outras pedras calcárias de cantaria ou de construção, de densidade aparente igual ou superior a 2,5, e alabastro, mesmo desbastados ou simplesmente cortados à serra ou por outro meio, em blocos ou placas de forma q",Rondônia,1546763,4032296,comexstat,2026-10-08
2025,09,2515,"Mármores, travertinos, granitos belgas e outras pedras calcárias de cantaria ou de construção, de densidade aparente igual ou superior a 2,5, e alabastro, mesmo desbastados ou simplesmente cortados à serra ou por outro meio, em blocos ou placas de forma q",Rondônia,1329695,3523156,comexstat,2026-10-08
2025,07,6802,"Pedras de cantaria ou de construção (exceto de ardósia) trabalhadas e obras destas pedras, exceto as da posição 6801; cubos, pastilhas e artigos semelhantes, para mosaicos, de pedra natural (incluída a ardósia), mesmo com suporte; grânulos, fragmentos e",Rondônia,1295402,2376789,comexstat,2026-10-08
2025,07,2515,"Mármores, travertinos, granitos belgas e outras pedras calcárias de cantaria ou de construção, de densidade aparente igual ou superior a 2,5, e alabastro, mesmo desbastados ou simplesmente cortados à serra ou por outro meio, em blocos ou placas de forma q",Rondônia,1215621,2964920,comexstat,2026-10-08
2025,01,2515,"Mármores, travertinos, granitos belgas e outras pedras calcárias de cantaria ou de construção, de densidade aparente igual ou superior a 2,5, e alabastro, mesmo desbastados ou simplesmente cortados à serra ou por outro meio, em blocos ou placas de forma q",Rondônia,997530,2200922,comexstat,2026-10-08
2025,11,2515,"Mármores, travertinos, granitos belgas e outras pedras calcárias de cantaria ou de construção, de densidade aparente igual ou superior a 2,5, e alabastro, mesmo desbastados ou simplesmente cortados à serra ou por outro meio, em blocos ou placas de forma q",Rondônia,967733,2169842,comexstat,2026-10-08
2025,12,2515,"Mármores, travertinos, granitos belgas e outras pedras calcárias de cantaria ou de construção, de densidade aparente igual ou superior a 2,5, e alabastro, mesmo desbastados ou simplesmente cortados à serra ou por outro meio, em blocos ou placas de forma q",Rondônia,816666,2216607,comexstat,2026-10-08
2025,06,2515,"Mármores, travertinos, granitos belgas e outras pedras calcárias de cantaria ou de construção, de densidade aparente igual ou superior a 2,5, e alabastro, mesmo desbastados ou simplesmente cortados à serra ou por outro meio, em blocos ou placas de forma q",Rondônia,803842,2267341,comexstat,2026-10-08
2025,11,6802,"Pedras de cantaria ou de construção (exceto de ardósia) trabalhadas e obras destas pedras, exceto as da posição 6801; cubos, pastilhas e artigos semelhantes, para mosaicos, de pedra natural (incluída a ardósia), mesmo com suporte; grânulos, fragmentos e",São Paulo,728876,1261252,comexstat,2026-10-08
2025,09,6802,"Pedras de cantaria ou de construção (exceto de ardósia) trabalhadas e obras destas pedras, exceto as da posição 6801; cubos, pastilhas e artigos semelhantes, para mosaicos, de pedra natural (incluída a ardósia), mesmo com suporte; grânulos, fragmentos e",São Paulo,707921,1329090,comexstat,2026-10-08
2025,10,6802,"Pedras de cantaria ou de construção (exceto de ardósia) trabalhadas e obras destas pedras, exceto as da posição 6801; cubos, pastilhas e artigos semelhantes, para mosaicos, de pedra natural (incluída a ardósia), mesmo com suporte; grânulos, fragmentos e",São Paulo,701755,1238896,comexstat,2026-10-08
2025,05,2515,"Mármores, travertinos, granitos belgas e outras pedras calcárias de cantaria ou de construção, de densidade aparente igual ou superior a 2,5, e alabastro, mesmo desbastados ou simplesmente cortados à serra ou por outro meio, em blocos ou placas de forma q",Rondônia,680495,1594025,comexstat,2026-10-08
2025,08,2515,"Mármores, travertinos, granitos belgas e outras pedras calcárias de cantaria ou de construção, de densidade aparente igual ou superior a 2,5, e alabastro, mesmo desbastados ou simplesmente cortados à serra ou por outro meio, em blocos ou placas de forma q",Rondônia,661784,1762054,comexstat,2026-10-08
2025,01,6802,"Pedras de cantaria ou de construção (exceto de ardósia) trabalhadas e obras destas pedras, exceto as da posição 6801; cubos, pastilhas e artigos semelhantes, para mosaicos, de pedra natural (incluída a ardósia), mesmo com suporte; grânulos, fragmentos e",São Paulo,655585,1002402,comexstat,2026-10-08
2025,01,6802,"Pedras de cantaria ou de construção (exceto de ardósia) trabalhadas e obras destas pedras, exceto as da posição 6801; cubos, pastilhas e artigos semelhantes, para mosaicos, de pedra natural (incluída a ardósia), mesmo com suporte; grânulos, fragmentos e",Rondônia,623149,1241903,comexstat,2026-10-08
2025,04,2515,"Mármores, travertinos, granitos belgas e outras pedras calcárias de cantaria ou de construção, de densidade aparente igual ou superior a 2,5, e alabastro, mesmo desbastados ou simplesmente cortados à serra ou por outro meio, em blocos ou placas de forma q",Rondônia,622198,1379018,comexstat,2026-10-08
2025,12,6802,"Pedras de cantaria ou de construção (exceto de ardósia) trabalhadas e obras destas pedras, exceto as da posição 6801; cubos, pastilhas e artigos semelhantes, para mosaicos, de pedra natural (incluída a ardósia), mesmo com suporte; grânulos, fragmentos e",São Paulo,578737,889421,comexstat,2026-10-08
2025,03,2515,"Mármores, travertinos, granitos belgas e outras pedras calcárias de cantaria ou de construção, de densidade aparente igual ou superior a 2,5, e alabastro, mesmo desbastados ou simplesmente cortados à serra ou por outro meio, em blocos ou placas de forma q",Rondônia,561750,1085409,comexstat,2026-10-08
2025,02,2515,"Mármores, travertinos, granitos belgas e outras pedras calcárias de cantaria ou de construção, de densidade aparente igual ou superior a 2,5, e alabastro, mesmo desbastados ou simplesmente cortados à serra ou por outro meio, em blocos ou placas de forma q",Rondônia,547876,1565171,comexstat,2026-10-08
2025,05,6802,"Pedras de cantaria ou de construção (exceto de ardósia) trabalhadas e obras destas pedras, exceto as da posição 6801; cubos, pastilhas e artigos semelhantes, para mosaicos, de pedra natural (incluída a ardósia), mesmo com suporte; grânulos, fragmentos e",Rondônia,511719,986503,comexstat,2026-10-08
2025,02,6802,"Pedras de cantaria ou de construção (exceto de ardósia) trabalhadas e obras destas pedras, exceto as da posição 6801; cubos, pastilhas e artigos semelhantes, para mosaicos, de pedra natural (incluída a ardósia), mesmo com suporte; grânulos, fragmentos e",São Paulo,508176,968922,comexstat,2026-10-08
2025,06,6802,"Pedras de cantaria ou de construção (exceto de ardósia) trabalhadas e obras destas pedras, exceto as da posição 6801; cubos, pastilhas e artigos semelhantes, para mosaicos, de pedra natural (incluída a ardósia), mesmo com suporte; grânulos, fragmentos e",São Paulo,503897,997952,comexstat,2026-10-08
2025,04,6802,"Pedras de cantaria ou de construção (exceto de ardósia) trabalhadas e obras destas pedras, exceto as da posição 6801; cubos, pastilhas e artigos semelhantes, para mosaicos, de pedra natural (incluída a ardósia), mesmo com suporte; grânulos, fragmentos e",Rondônia,491191,1413964,comexstat,2026-10-08
2025,07,6802,"Pedras de cantaria ou de construção (exceto de ardósia) trabalhadas e obras destas pedras, exceto as da posição 6801; cubos, pastilhas e artigos semelhantes, para mosaicos, de pedra natural (incluída a ardósia), mesmo com suporte; grânulos, fragmentos e",São Paulo,470017,755230,comexstat,2026-10-08
2025,03,6802,"Pedras de cantaria ou de construção (exceto de ardósia) trabalhadas e obras destas pedras, exceto as da posição 6801; cubos, pastilhas e artigos semelhantes, para mosaicos, de pedra natural (incluída a ardósia), mesmo com suporte; grânulos, fragmentos e",São Paulo,428729,629809,comexstat,2026-10-08
2025,08,2515,"Mármores, travertinos, granitos belgas e outras pedras calcárias de cantaria ou de construção, de densidade aparente igual ou superior a 2,5, e alabastro, mesmo desbastados ou simplesmente cortados à serra ou por outro meio, em blocos ou placas de forma q",Espírito Santo,422741,536842,comexstat,2026-10-08
2025,08,6802,"Pedras de cantaria ou de construção (exceto de ardósia) trabalhadas e obras destas pedras, exceto as da posição 6801; cubos, pastilhas e artigos semelhantes, para mosaicos, de pedra natural (incluída a ardósia), mesmo com suporte; grânulos, fragmentos e",Rondônia,395185,537966,comexstat,2026-10-08
2025,12,6802,"Pedras de cantaria ou de construção (exceto de ardósia) trabalhadas e obras destas pedras, exceto as da posição 6801; cubos, pastilhas e artigos semelhantes, para mosaicos, de pedra natural (incluída a ardósia), mesmo com suporte; grânulos, fragmentos e",Rondônia,390443,982788,comexstat,2026-10-08
2025,07,2515,"Mármores, travertinos, granitos belgas e outras pedras calcárias de cantaria ou de construção, de densidade aparente igual ou superior a 2,5, e alabastro, mesmo desbastados ou simplesmente cortados à serra ou por outro meio, em blocos ou placas de forma q",Santa Catarina,389717,1244765,comexstat,2026-10-08
2025,01,2515,"Mármores, travertinos, granitos belgas e outras pedras calcárias de cantaria ou de construção, de densidade aparente igual ou superior a 2,5, e alabastro, mesmo desbastados ou simplesmente cortados à serra ou por outro meio, em blocos ou placas de forma q",Santa Catarina,373028,961316,comexstat,2026-10-08
2025,09,6802,"Pedras de cantaria ou de construção (exceto de ardósia) trabalhadas e obras destas pedras, exceto as da posição 6801; cubos, pastilhas e artigos semelhantes, para mosaicos, de pedra natural (incluída a ardósia), mesmo com suporte; grânulos, fragmentos e",Rondônia,367065,801504,comexstat,2026-10-08
2025,06,2515,"Mármores, travertinos, granitos belgas e outras pedras calcárias de cantaria ou de construção, de densidade aparente igual ou superior a 2,5, e alabastro, mesmo desbastados ou simplesmente cortados à serra ou por outro meio, em blocos ou placas de forma q",Espírito Santo,362525,509097,comexstat,2026-10-08
2025,04,6802,"Pedras de cantaria ou de construção (exceto de ardósia) trabalhadas e obras destas pedras, exceto as da posição 6801; cubos, pastilhas e artigos semelhantes, para mosaicos, de pedra natural (incluída a ardósia), mesmo com suporte; grânulos, fragmentos e",São Paulo,358931,673403,comexstat,2026-10-08
2025,06,6802,"Pedras de cantaria ou de construção (exceto de ardósia) trabalhadas e obras destas pedras, exceto as da posição 6801; cubos, pastilhas e artigos semelhantes, para mosaicos, de pedra natural (incluída a ardósia), mesmo com suporte; grânulos, fragmentos e",Rondônia,358309,889097,comexstat,2026-10-08
2025,08,2515,"Mármores, travertinos, granitos belgas e outras pedras calcárias de cantaria ou de construção, de densidade aparente igual ou superior a 2,5, e alabastro, mesmo desbastados ou simplesmente cortados à serra ou por outro meio, em blocos ou placas de forma q",São Paulo,354703,594256,comexstat,2026-10-08
2025,05,6802,"Pedras de cantaria ou de construção (exceto de ardósia) trabalhadas e obras destas pedras, exceto as da posição 6801; cubos, pastilhas e artigos semelhantes, para mosaicos, de pedra natural (incluída a ardósia), mesmo com suporte; grânulos, fragmentos e",São Paulo,353392,680041,comexstat,2026-10-08
2025,01,2515,"Mármores, travertinos, granitos belgas e outras pedras calcárias de cantaria ou de construção, de densidade aparente igual ou superior a 2,5, e alabastro, mesmo desbastados ou simplesmente cortados à serra ou por outro meio, em blocos ou placas de forma q",São Paulo,349282,555015,comexstat,2026-10-08
2025,02,6802,"Pedras de cantaria ou de construção (exceto de ardósia) trabalhadas e obras destas pedras, exceto as da posição 6801; cubos, pastilhas e artigos semelhantes, para mosaicos, de pedra natural (incluída a ardósia), mesmo com suporte; grânulos, fragmentos e",Rondônia,335335,865588,comexstat,2026-10-08
2025,10,2515,"Mármores, travertinos, granitos belgas e outras pedras calcárias de cantaria ou de construção, de densidade aparente igual ou superior a 2,5, e alabastro, mesmo desbastados ou simplesmente cortados à serra ou por outro meio, em blocos ou placas de forma q",Santa Catarina,334306,836263,comexstat,2026-10-08
2025,11,6802,"Pedras de cantaria ou de construção (exceto de ardósia) trabalhadas e obras destas pedras, exceto as da posição 6801; cubos, pastilhas e artigos semelhantes, para mosaicos, de pedra natural (incluída a ardósia), mesmo com suporte; grânulos, fragmentos e",Rondônia,330250,792677,comexstat,2026-10-08
2025,10,6802,"Pedras de cantaria ou de construção (exceto de ardósia) trabalhadas e obras destas pedras, exceto as da posição 6801; cubos, pastilhas e artigos semelhantes, para mosaicos, de pedra natural (incluída a ardósia), mesmo com suporte; grânulos, fragmentos e",Rondônia,323991,746552,comexstat,2026-10-08
2025,06,2515,"Mármores, travertinos, granitos belgas e outras pedras calcárias de cantaria ou de construção, de densidade aparente igual ou superior a 2,5, e alabastro, mesmo desbastados ou simplesmente cortados à serra ou por outro meio, em blocos ou placas de forma q",Santa Catarina,323085,795053,comexstat,2026-10-08
2025,11,2515,"Mármores, travertinos, granitos belgas e outras pedras calcárias de cantaria ou de construção, de densidade aparente igual ou superior a 2,5, e alabastro, mesmo desbastados ou simplesmente cortados à serra ou por outro meio, em blocos ou placas de forma q",Santa Catarina,322659,1040586,comexstat,2026-10-08
2025,01,6802,"Pedras de cantaria ou de construção (exceto de ardósia) trabalhadas e obras destas pedras, exceto as da posição 6801; cubos, pastilhas e artigos semelhantes, para mosaicos, de pedra natural (incluída a ardósia), mesmo com suporte; grânulos, fragmentos e",Santa Catarina,321195,459389,comexstat,2026-10-08
2025,07,6802,"Pedras de cantaria ou de construção (exceto de ardósia) trabalhadas e obras destas pedras, exceto as da posição 6801; cubos, pastilhas e artigos semelhantes, para mosaicos, de pedra natural (incluída a ardósia), mesmo com suporte; grânulos, fragmentos e",Santa Catarina,319215,232760,comexstat,2026-10-08
2025,09,2515,"Mármores, travertinos, granitos belgas e outras pedras calcárias de cantaria ou de construção, de densidade aparente igual ou superior a 2,5, e alabastro, mesmo desbastados ou simplesmente cortados à serra ou por outro meio, em blocos ou placas de forma q",São Paulo,313003,698332,comexstat,2026-10-08
2025,11,2515,"Mármores, travertinos, granitos belgas e outras pedras calcárias de cantaria ou de construção, de densidade aparente igual ou superior a 2,5, e alabastro, mesmo desbastados ou simplesmente cortados à serra ou por outro meio, em blocos ou placas de forma q",São Paulo,279388,663333,comexstat,2026-10-08
2025,09,6802,"Pedras de cantaria ou de construção (exceto de ardósia) trabalhadas e obras destas pedras, exceto as da posição 6801; cubos, pastilhas e artigos semelhantes, para mosaicos, de pedra natural (incluída a ardósia), mesmo com suporte; grânulos, fragmentos e",Paraná,263422,280709,comexstat,2026-10-08
2025,04,2515,"Mármores, travertinos, granitos belgas e outras pedras calcárias de cantaria ou de construção, de densidade aparente igual ou superior a 2,5, e alabastro, mesmo desbastados ou simplesmente cortados à serra ou por outro meio, em blocos ou placas de forma q",São Paulo,253576,355699,comexstat,2026-10-08
2025,07,2515,"Mármores, travertinos, granitos belgas e outras pedras calcárias de cantaria ou de construção, de densidade aparente igual ou superior a 2,5, e alabastro, mesmo desbastados ou simplesmente cortados à serra ou por outro meio, em blocos ou placas de forma q",São Paulo,249396,528132,comexstat,2026-10-08
2025,04,2515,"Mármores, travertinos, granitos belgas e outras pedras calcárias de cantaria ou de construção, de densidade aparente igual ou superior a 2,5, e alabastro, mesmo desbastados ou simplesmente cortados à serra ou por outro meio, em blocos ou placas de forma q",Espírito Santo,243370,339385,comexstat,2026-10-08
2025,09,2515,"Mármores, travertinos, granitos belgas e outras pedras calcárias de cantaria ou de construção, de densidade aparente igual ou superior a 2,5, e alabastro, mesmo desbastados ou simplesmente cortados à serra ou por outro meio, em blocos ou placas de forma q",Santa Catarina,241951,592001,comexstat,2026-10-08
2025,02,6802,"Pedras de cantaria ou de construção (exceto de ardósia) trabalhadas e obras destas pedras, exceto as da posição 6801; cubos, pastilhas e artigos semelhantes, para mosaicos, de pedra natural (incluída a ardósia), mesmo com suporte; grânulos, fragmentos e",Santa Catarina,239258,409616,comexstat,2026-10-08
2025,02,6802,"Pedras de cantaria ou de construção (exceto de ardósia) trabalhadas e obras destas pedras, exceto as da posição 6801; cubos, pastilhas e artigos semelhantes, para mosaicos, de pedra natural (incluída a ardósia), mesmo com suporte; grânulos, fragmentos e",Espírito Santo,239103,456640,comexstat,2026-10-08
2025,08,2515,"Mármores, travertinos, granitos belgas e outras pedras calcárias de cantaria ou de construção, de densidade aparente igual ou superior a 2,5, e alabastro, mesmo desbastados ou simplesmente cortados à serra ou por outro meio, em blocos ou placas de forma q",Paraná,234538,335188,comexstat,2026-10-08
2025,03,6802,"Pedras de cantaria ou de construção (exceto de ardósia) trabalhadas e obras destas pedras, exceto as da posição 6801; cubos, pastilhas e artigos semelhantes, para mosaicos, de pedra natural (incluída a ardósia), mesmo com suporte; grânulos, fragmentos e",Santa Catarina,231883,243389,comexstat,2026-10-08
2025,09,6802,"Pedras de cantaria ou de construção (exceto de ardósia) trabalhadas e obras destas pedras, exceto as da posição 6801; cubos, pastilhas e artigos semelhantes, para mosaicos, de pedra natural (incluída a ardósia), mesmo com suporte; grânulos, fragmentos e",Espírito Santo,226417,341198,comexstat,2026-10-08
2025,05,2515,"Mármores, travertinos, granitos belgas e outras pedras calcárias de cantaria ou de construção, de densidade aparente igual ou superior a 2,5, e alabastro, mesmo desbastados ou simplesmente cortados à serra ou por outro meio, em blocos ou placas de forma q",São Paulo,224210,296138,comexstat,2026-10-08
2025,05,2515,"Mármores, travertinos, granitos belgas e outras pedras calcárias de cantaria ou de construção, de densidade aparente igual ou superior a 2,5, e alabastro, mesmo desbastados ou simplesmente cortados à serra ou por outro meio, em blocos ou placas de forma q",Paraná,216265,329265,comexstat,2026-10-08
2025,03,2515,"Mármores, travertinos, granitos belgas e outras pedras calcárias de cantaria ou de construção, de densidade aparente igual ou superior a 2,5, e alabastro, mesmo desbastados ou simplesmente cortados à serra ou por outro meio, em blocos ou placas de forma q",São Paulo,211777,493154,comexstat,2026-10-08
2025,02,2515,"Mármores, travertinos, granitos belgas e outras pedras calcárias de cantaria ou de construção, de densidade aparente igual ou superior a 2,5, e alabastro, mesmo desbastados ou simplesmente cortados à serra ou por outro meio, em blocos ou placas de forma q",Santa Catarina,210782,550856,comexstat,2026-10-08
2025,06,2515,"Mármores, travertinos, granitos belgas e outras pedras calcárias de cantaria ou de construção, de densidade aparente igual ou superior a 2,5, e alabastro, mesmo desbastados ou simplesmente cortados à serra ou por outro meio, em blocos ou placas de forma q",São Paulo,206551,314786,comexstat,2026-10-08
2025,12,2515,"Mármores, travertinos, granitos belgas e outras pedras calcárias de cantaria ou de construção, de densidade aparente igual ou superior a 2,5, e alabastro, mesmo desbastados ou simplesmente cortados à serra ou por outro meio, em blocos ou placas de forma q",Minas Gerais,202550,374000,comexstat,2026-10-08
2025,08,6802,"Pedras de cantaria ou de construção (exceto de ardósia) trabalhadas e obras destas pedras, exceto as da posição 6801; cubos, pastilhas e artigos semelhantes, para mosaicos, de pedra natural (incluída a ardósia), mesmo com suporte; grânulos, fragmentos e",Santa Catarina,198506,270304,comexstat,2026-10-08
2025,11,6802,"Pedras de cantaria ou de construção (exceto de ardósia) trabalhadas e obras destas pedras, exceto as da posição 6801; cubos, pastilhas e artigos semelhantes, para mosaicos, de pedra natural (incluída a ardósia), mesmo com suporte; grânulos, fragmentos e",Espírito Santo,190391,446281,comexstat,2026-10-08
2025,11,6802,"Pedras de cantaria ou de construção (exceto de ardósia) trabalhadas e obras destas pedras, exceto as da posição 6801; cubos, pastilhas e artigos semelhantes, para mosaicos, de pedra natural (incluída a ardósia), mesmo com suporte; grânulos, fragmentos e",Santa Catarina,185044,307719,comexstat,2026-10-08
2025,04,6802,"Pedras de cantaria ou de construção (exceto de ardósia) trabalhadas e obras destas pedras, exceto as da posição 6801; cubos, pastilhas e artigos semelhantes, para mosaicos, de pedra natural (incluída a ardósia), mesmo com suporte; grânulos, fragmentos e",Santa Catarina,182969,302557,comexstat,2026-10-08
2025,12,2515,"Mármores, travertinos, granitos belgas e outras pedras calcárias de cantaria ou de construção, de densidade aparente igual ou superior a 2,5, e alabastro, mesmo desbastados ou simplesmente cortados à serra ou por outro meio, em blocos ou placas de forma q",Santa Catarina,181201,544656,comexstat,2026-10-08
2025,12,6802,"Pedras de cantaria ou de construção (exceto de ardósia) trabalhadas e obras destas pedras, exceto as da posição 6801; cubos, pastilhas e artigos semelhantes, para mosaicos, de pedra natural (incluída a ardósia), mesmo com suporte; grânulos, fragmentos e",Santa Catarina,177709,267012,comexstat,2026-10-08
2025,12,2515,"Mármores, travertinos, granitos belgas e outras pedras calcárias de cantaria ou de construção, de densidade aparente igual ou superior a 2,5, e alabastro, mesmo desbastados ou simplesmente cortados à serra ou por outro meio, em blocos ou placas de forma q",São Paulo,176930,297116,comexstat,2026-10-08
2025,07,2515,"Mármores, travertinos, granitos belgas e outras pedras calcárias de cantaria ou de construção, de densidade aparente igual ou superior a 2,5, e alabastro, mesmo desbastados ou simplesmente cortados à serra ou por outro meio, em blocos ou placas de forma q",Espírito Santo,167575,319957,comexstat,2026-10-08
2025,03,2515,"Mármores, travertinos, granitos belgas e outras pedras calcárias de cantaria ou de construção, de densidade aparente igual ou superior a 2,5, e alabastro, mesmo desbastados ou simplesmente cortados à serra ou por outro meio, em blocos ou placas de forma q",Santa Catarina,160547,323572,comexstat,2026-10-08
2025,09,6802,"Pedras de cantaria ou de construção (exceto de ardósia) trabalhadas e obras destas pedras, exceto as da posição 6801; cubos, pastilhas e artigos semelhantes, para mosaicos, de pedra natural (incluída a ardósia), mesmo com suporte; grânulos, fragmentos e",Santa Catarina,158513,268485,comexstat,2026-10-08
2025,10,2515,"Mármores, travertinos, granitos belgas e outras pedras calcárias de cantaria ou de construção, de densidade aparente igual ou superior a 2,5, e alabastro, mesmo desbastados ou simplesmente cortados à serra ou por outro meio, em blocos ou placas de forma q",São Paulo,156552,248041,comexstat,2026-10-08
2025,06,6802,"Pedras de cantaria ou de construção (exceto de ardósia) trabalhadas e obras destas pedras, exceto as da posição 6801; cubos, pastilhas e artigos semelhantes, para mosaicos, de pedra natural (incluída a ardósia), mesmo com suporte; grânulos, fragmentos e",Espírito Santo,155847,410665,comexstat,2026-10-08
2025,01,6802,"Pedras de cantaria ou de construção (exceto de ardósia) trabalhadas e obras destas pedras, exceto as da posição 6801; cubos, pastilhas e artigos semelhantes, para mosaicos, de pedra natural (incluída a ardósia), mesmo com suporte; grânulos, fragmentos e",Espírito Santo,154114,361439,comexstat,2026-10-08
2025,05,2515,"Mármores, travertinos, granitos belgas e outras pedras calcárias de cantaria ou de construção, de densidade aparente igual ou superior a 2,5, e alabastro, mesmo desbastados ou simplesmente cortados à serra ou por outro meio, em blocos ou placas de forma q",Espírito Santo,145561,335223,comexstat,2026-10-08
2025,08,2515,"Mármores, travertinos, granitos belgas e outras pedras calcárias de cantaria ou de construção, de densidade aparente igual ou superior a 2,5, e alabastro, mesmo desbastados ou simplesmente cortados à serra ou por outro meio, em blocos ou placas de forma q",Santa Catarina,142392,513639,comexstat,2026-10-08
2025,08,6802,"Pedras de cantaria ou de construção (exceto de ardósia) trabalhadas e obras destas pedras, exceto as da posição 6801; cubos, pastilhas e artigos semelhantes, para mosaicos, de pedra natural (incluída a ardósia), mesmo com suporte; grânulos, fragmentos e",Espírito Santo,135857,364212,comexstat,2026-10-08
2025,02,2515,"Mármores, travertinos, granitos belgas e outras pedras calcárias de cantaria ou de construção, de densidade aparente igual ou superior a 2,5, e alabastro, mesmo desbastados ou simplesmente cortados à serra ou por outro meio, em blocos ou placas de forma q",São Paulo,135395,204252,comexstat,2026-10-08
2025,10,6802,"Pedras de cantaria ou de construção (exceto de ardósia) trabalhadas e obras destas pedras, exceto as da posição 6801; cubos, pastilhas e artigos semelhantes, para mosaicos, de pedra natural (incluída a ardósia), mesmo com suporte; grânulos, fragmentos e",Santa Catarina,131573,254038,comexstat,2026-10-08
2025,05,6802,"Pedras de cantaria ou de construção (exceto de ardósia) trabalhadas e obras destas pedras, exceto as da posição 6801; cubos, pastilhas e artigos semelhantes, para mosaicos, de pedra natural (incluída a ardósia), mesmo com suporte; grânulos, fragmentos e",Espírito Santo,130179,362299,comexstat,2026-10-08
2025,06,6802,"Pedras de cantaria ou de construção (exceto de ardósia) trabalhadas e obras destas pedras, exceto as da posição 6801; cubos, pastilhas e artigos semelhantes, para mosaicos, de pedra natural (incluída a ardósia), mesmo com suporte; grânulos, fragmentos e",Santa Catarina,129907,63065,comexstat,2026-10-08
2025,04,6802,"Pedras de cantaria ou de construção (exceto de ardósia) trabalhadas e obras destas pedras, exceto as da posição 6801; cubos, pastilhas e artigos semelhantes, para mosaicos, de pedra natural (incluída a ardósia), mesmo com suporte; grânulos, fragmentos e",Paraná,129015,145210,comexstat,2026-10-08
2025,02,6802,"Pedras de cantaria ou de construção (exceto de ardósia) trabalhadas e obras destas pedras, exceto as da posição 6801; cubos, pastilhas e artigos semelhantes, para mosaicos, de pedra natural (incluída a ardósia), mesmo com suporte; grânulos, fragmentos e",Rio Grande do Sul,127772,298445,comexstat,2026-10-08
2025,09,2515,"Mármores, travertinos, granitos belgas e outras pedras calcárias de cantaria ou de construção, de densidade aparente igual ou superior a 2,5, e alabastro, mesmo desbastados ou simplesmente cortados à serra ou por outro meio, em blocos ou placas de forma q",Minas Gerais,121946,208816,comexstat,2026-10-08
2025,04,2515,"Mármores, travertinos, granitos belgas e outras pedras calcárias de cantaria ou de construção, de densidade aparente igual ou superior a 2,5, e alabastro, mesmo desbastados ou simplesmente cortados à serra ou por outro meio, em blocos ou placas de forma q",Santa Catarina,121824,277546,comexstat,2026-10-08
2025,03,6802,"Pedras de cantaria ou de construção (exceto de ardósia) trabalhadas e obras destas pedras, exceto as da posição 6801; cubos, pastilhas e artigos semelhantes, para mosaicos, de pedra natural (incluída a ardósia), mesmo com suporte; grânulos, fragmentos e",Paraná,121766,146186,comexstat,2026-10-08
2025,07,6802,"Pedras de cantaria ou de construção (exceto de ardósia) trabalhadas e obras destas pedras, exceto as da posição 6801; cubos, pastilhas e artigos semelhantes, para mosaicos, de pedra natural (incluída a ardósia), mesmo com suporte; grânulos, fragmentos e",Espírito Santo,120603,316983,comexstat,2026-10-08
2025,05,2515,"Mármores, travertinos, granitos belgas e outras pedras calcárias de cantaria ou de construção, de densidade aparente igual ou superior a 2,5, e alabastro, mesmo desbastados ou simplesmente cortados à serra ou por outro meio, em blocos ou placas de forma q",Santa Catarina,120031,326116,comexstat,2026-10-08
2025,09,2515,"Mármores, travertinos, granitos belgas e outras pedras calcárias de cantaria ou de construção, de densidade aparente igual ou superior a 2,5, e alabastro, mesmo desbastados ou simplesmente cortados à serra ou por outro meio, em blocos ou placas de forma q",Paraná,116705,148440,comexstat,2026-10-08
2025,02,6802,"Pedras de cantaria ou de construção (exceto de ardósia) trabalhadas e obras destas pedras, exceto as da posição 6801; cubos, pastilhas e artigos semelhantes, para mosaicos, de pedra natural (incluída a ardósia), mesmo com suporte; grânulos, fragmentos e",Paraná,115833,121585,comexstat,2026-10-08
2025,09,6802,"Pedras de cantaria ou de construção (exceto de ardósia) trabalhadas e obras destas pedras, exceto as da posição 6801; cubos, pastilhas e artigos semelhantes, para mosaicos, de pedra natural (incluída a ardósia), mesmo com suporte; grânulos, fragmentos e",Goiás,113065,436550,comexstat,2026-10-08
2025,09,6802,"Pedras de cantaria ou de construção (exceto de ardósia) trabalhadas e obras destas pedras, exceto as da posição 6801; cubos, pastilhas e artigos semelhantes, para mosaicos, de pedra natural (incluída a ardósia), mesmo com suporte; grânulos, fragmentos e",Rio Grande do Sul,108489,168249,comexstat,2026-10-08
2025,07,6802,"Pedras de cantaria ou de construção (exceto de ardósia) trabalhadas e obras destas pedras, exceto as da posição 6801; cubos, pastilhas e artigos semelhantes, para mosaicos, de pedra natural (incluída a ardósia), mesmo com suporte; grânulos, fragmentos e",Rio Grande do Sul,107633,207217,comexstat,2026-10-08
2025,10,6802,"Pedras de cantaria ou de construção (exceto de ardósia) trabalhadas e obras destas pedras, exceto as da posição 6801; cubos, pastilhas e artigos semelhantes, para mosaicos, de pedra natural (incluída a ardósia), mesmo com suporte; grânulos, fragmentos e",Minas Gerais,106410,178459,comexstat,2026-10-08
2025,10,2515,"Mármores, travertinos, granitos belgas e outras pedras calcárias de cantaria ou de construção, de densidade aparente igual ou superior a 2,5, e alabastro, mesmo desbastados ou simplesmente cortados à serra ou por outro meio, em blocos ou placas de forma q",Paraná,106154,142090,comexstat,2026-10-08
2025,06,6802,"Pedras de cantaria ou de construção (exceto de ardósia) trabalhadas e obras destas pedras, exceto as da posição 6801; cubos, pastilhas e artigos semelhantes, para mosaicos, de pedra natural (incluída a ardósia), mesmo com suporte; grânulos, fragmentos e",Rio Grande do Sul,106012,214436,comexstat,2026-10-08
2025,10,6802,"Pedras de cantaria ou de construção (exceto de ardósia) trabalhadas e obras destas pedras, exceto as da posição 6801; cubos, pastilhas e artigos semelhantes, para mosaicos, de pedra natural (incluída a ardósia), mesmo com suporte; grânulos, fragmentos e",Goiás,105446,303234,comexstat,2026-10-08
2025,02,2515,"Mármores, travertinos, granitos belgas e outras pedras calcárias de cantaria ou de construção, de densidade aparente igual ou superior a 2,5, e alabastro, mesmo desbastados ou simplesmente cortados à serra ou por outro meio, em blocos ou placas de forma q",Minas Gerais,104236,244310,comexstat,2026-10-08
2025,06,6802,"Pedras de cantaria ou de construção (exceto de ardósia) trabalhadas e obras destas pedras, exceto as da posição 6801; cubos, pastilhas e artigos semelhantes, para mosaicos, de pedra natural (incluída a ardósia), mesmo com suporte; grânulos, fragmentos e",Paraná,104193,119708,comexstat,2026-10-08
2025,10,6802,"Pedras de cantaria ou de construção (exceto de ardósia) trabalhadas e obras destas pedras, exceto as da posição 6801; cubos, pastilhas e artigos semelhantes, para mosaicos, de pedra natural (incluída a ardósia), mesmo com suporte; grânulos, fragmentos e",Rio Grande do Sul,103913,169691,comexstat,2026-10-08
2025,01,6802,"Pedras de cantaria ou de construção (exceto de ardósia) trabalhadas e obras destas pedras, exceto as da posição 6801; cubos, pastilhas e artigos semelhantes, para mosaicos, de pedra natural (incluída a ardósia), mesmo com suporte; grânulos, fragmentos e",Paraná,97840,146422,comexstat,2026-10-08
2025,01,6802,"Pedras de cantaria ou de construção (exceto de ardósia) trabalhadas e obras destas pedras, exceto as da posição 6801; cubos, pastilhas e artigos semelhantes, para mosaicos, de pedra natural (incluída a ardósia), mesmo com suporte; grânulos, fragmentos e",Rio Grande do Sul,97548,177512,comexstat,2026-10-08
2025,03,6802,"Pedras de cantaria ou de construção (exceto de ardósia) trabalhadas e obras destas pedras, exceto as da posição 6801; cubos, pastilhas e artigos semelhantes, para mosaicos, de pedra natural (incluída a ardósia), mesmo com suporte; grânulos, fragmentos e",Rondônia,95602,206448,comexstat,2026-10-08
2025,02,6802,"Pedras de cantaria ou de construção (exceto de ardósia) trabalhadas e obras destas pedras, exceto as da posição 6801; cubos, pastilhas e artigos semelhantes, para mosaicos, de pedra natural (incluída a ardósia), mesmo com suporte; grânulos, fragmentos e",Bahia,95548,79063,comexstat,2026-10-08
2025,03,6802,"Pedras de cantaria ou de construção (exceto de ardósia) trabalhadas e obras destas pedras, exceto as da posição 6801; cubos, pastilhas e artigos semelhantes, para mosaicos, de pedra natural (incluída a ardósia), mesmo com suporte; grânulos, fragmentos e",Bahia,92440,151917,comexstat,2026-10-08
2025,09,6802,"Pedras de cantaria ou de construção (exceto de ardósia) trabalhadas e obras destas pedras, exceto as da posição 6801; cubos, pastilhas e artigos semelhantes, para mosaicos, de pedra natural (incluída a ardósia), mesmo com suporte; grânulos, fragmentos e",Amazonas,90579,126351,comexstat,2026-10-08
2025,11,6802,"Pedras de cantaria ou de construção (exceto de ardósia) trabalhadas e obras destas pedras, exceto as da posição 6801; cubos, pastilhas e artigos semelhantes, para mosaicos, de pedra natural (incluída a ardósia), mesmo com suporte; grânulos, fragmentos e",Paraná,89273,114584,comexstat,2026-10-08
2025,12,6802,"Pedras de cantaria ou de construção (exceto de ardósia) trabalhadas e obras destas pedras, exceto as da posição 6801; cubos, pastilhas e artigos semelhantes, para mosaicos, de pedra natural (incluída a ardósia), mesmo com suporte; grânulos, fragmentos e",Rio Grande do Sul,87971,175061,comexstat,2026-10-08
2025,12,6802,"Pedras de cantaria ou de construção (exceto de ardósia) trabalhadas e obras destas pedras, exceto as da posição 6801; cubos, pastilhas e artigos semelhantes, para mosaicos, de pedra natural (incluída a ardósia), mesmo com suporte; grânulos, fragmentos e",Espírito Santo,87933,185270,comexstat,2026-10-08
2025,09,6802,"Pedras de cantaria ou de construção (exceto de ardósia) trabalhadas e obras destas pedras, exceto as da posição 6801; cubos, pastilhas e artigos semelhantes, para mosaicos, de pedra natural (incluída a ardósia), mesmo com suporte; grânulos, fragmentos e",Minas Gerais,87547,179247,comexstat,2026-10-08
2025,03,6802,"Pedras de cantaria ou de construção (exceto de ardósia) trabalhadas e obras destas pedras, exceto as da posição 6801; cubos, pastilhas e artigos semelhantes, para mosaicos, de pedra natural (incluída a ardósia), mesmo com suporte; grânulos, fragmentos e",Espírito Santo,87336,177016,comexstat,2026-10-08
2025,11,6802,"Pedras de cantaria ou de construção (exceto de ardósia) trabalhadas e obras destas pedras, exceto as da posição 6801; cubos, pastilhas e artigos semelhantes, para mosaicos, de pedra natural (incluída a ardósia), mesmo com suporte; grânulos, fragmentos e",Rio Grande do Sul,85178,116649,comexstat,2026-10-08
2025,10,6802,"Pedras de cantaria ou de construção (exceto de ardósia) trabalhadas e obras destas pedras, exceto as da posição 6801; cubos, pastilhas e artigos semelhantes, para mosaicos, de pedra natural (incluída a ardósia), mesmo com suporte; grânulos, fragmentos e",Bahia,83005,212990,comexstat,2026-10-08
2025,12,6802,"Pedras de cantaria ou de construção (exceto de ardósia) trabalhadas e obras destas pedras, exceto as da posição 6801; cubos, pastilhas e artigos semelhantes, para mosaicos, de pedra natural (incluída a ardósia), mesmo com suporte; grânulos, fragmentos e",Goiás,82372,258910,comexstat,2026-10-08
2025,10,2515,"Mármores, travertinos, granitos belgas e outras pedras calcárias de cantaria ou de construção, de densidade aparente igual ou superior a 2,5, e alabastro, mesmo desbastados ou simplesmente cortados à serra ou por outro meio, em blocos ou placas de forma q",Minas Gerais,78970,141860,comexstat,2026-10-08
2025,06,6802,"Pedras de cantaria ou de construção (exceto de ardósia) trabalhadas e obras destas pedras, exceto as da posição 6801; cubos, pastilhas e artigos semelhantes, para mosaicos, de pedra natural (incluída a ardósia), mesmo com suporte; grânulos, fragmentos e",Goiás,75269,249260,comexstat,2026-10-08
2025,05,2515,"Mármores, travertinos, granitos belgas e outras pedras calcárias de cantaria ou de construção, de densidade aparente igual ou superior a 2,5, e alabastro, mesmo desbastados ou simplesmente cortados à serra ou por outro meio, em blocos ou placas de forma q",Minas Gerais,74893,193305,comexstat,2026-10-08
2025,01,6802,"Pedras de cantaria ou de construção (exceto de ardósia) trabalhadas e obras destas pedras, exceto as da posição 6801; cubos, pastilhas e artigos semelhantes, para mosaicos, de pedra natural (incluída a ardósia), mesmo com suporte; grânulos, fragmentos e",Minas Gerais,74370,136176,comexstat,2026-10-08
2025,04,6802,"Pedras de cantaria ou de construção (exceto de ardósia) trabalhadas e obras destas pedras, exceto as da posição 6801; cubos, pastilhas e artigos semelhantes, para mosaicos, de pedra natural (incluída a ardósia), mesmo com suporte; grânulos, fragmentos e",Espírito Santo,74106,177350,comexstat,2026-10-08
2025,05,6802,"Pedras de cantaria ou de construção (exceto de ardósia) trabalhadas e obras destas pedras, exceto as da posição 6801; cubos, pastilhas e artigos semelhantes, para mosaicos, de pedra natural (incluída a ardósia), mesmo com suporte; grânulos, fragmentos e",Santa Catarina,73606,160689,comexstat,2026-10-08
2025,07,2515,"Mármores, travertinos, granitos belgas e outras pedras calcárias de cantaria ou de construção, de densidade aparente igual ou superior a 2,5, e alabastro, mesmo desbastados ou simplesmente cortados à serra ou por outro meio, em blocos ou placas de forma q",Ceará,73002,97090,comexstat,2026-10-08
2025,12,2515,"Mármores, travertinos, granitos belgas e outras pedras calcárias de cantaria ou de construção, de densidade aparente igual ou superior a 2,5, e alabastro, mesmo desbastados ou simplesmente cortados à serra ou por outro meio, em blocos ou placas de forma q",Pernambuco,72879,196050,comexstat,2026-10-08
2025,03,6802,"Pedras de cantaria ou de construção (exceto de ardósia) trabalhadas e obras destas pedras, exceto as da posição 6801; cubos, pastilhas e artigos semelhantes, para mosaicos, de pedra natural (incluída a ardósia), mesmo com suporte; grânulos, fragmentos e",Minas Gerais,70893,71990,comexstat,2026-10-08
2025,11,6802,"Pedras de cantaria ou de construção (exceto de ardósia) trabalhadas e obras destas pedras, exceto as da posição 6801; cubos, pastilhas e artigos semelhantes, para mosaicos, de pedra natural (incluída a ardósia), mesmo com suporte; grânulos, fragmentos e",Goiás,70780,174450,comexstat,2026-10-08
2025,12,2515,"Mármores, travertinos, granitos belgas e outras pedras calcárias de cantaria ou de construção, de densidade aparente igual ou superior a 2,5, e alabastro, mesmo desbastados ou simplesmente cortados à serra ou por outro meio, em blocos ou placas de forma q",Paraná,69896,103142,comexstat,2026-10-08
2025,10,2516,"Granito, pórfiro, basalto, arenito e outras pedras de cantaria ou de construção, mesmo desbastados ou simplesmente cortados à serra ou por outro meio, em blocos ou placas de forma quadrada ou rectangular",Rondônia,68460,47900,comexstat,2026-10-08
2025,11,2516,"Granito, pórfiro, basalto, arenito e outras pedras de cantaria ou de construção, mesmo desbastados ou simplesmente cortados à serra ou por outro meio, em blocos ou placas de forma quadrada ou rectangular",Rondônia,68000,48280,comexstat,2026-10-08
2025,08,6802,"Pedras de cantaria ou de construção (exceto de ardósia) trabalhadas e obras destas pedras, exceto as da posição 6801; cubos, pastilhas e artigos semelhantes, para mosaicos, de pedra natural (incluída a ardósia), mesmo com suporte; grânulos, fragmentos e",Minas Gerais,67471,213577,comexstat,2026-10-08
2025,05,6802,"Pedras de cantaria ou de construção (exceto de ardósia) trabalhadas e obras destas pedras, exceto as da posição 6801; cubos, pastilhas e artigos semelhantes, para mosaicos, de pedra natural (incluída a ardósia), mesmo com suporte; grânulos, fragmentos e",Goiás,66808,202600,comexstat,2026-10-08
2025,02,2515,"Mármores, travertinos, granitos belgas e outras pedras calcárias de cantaria ou de construção, de densidade aparente igual ou superior a 2,5, e alabastro, mesmo desbastados ou simplesmente cortados à serra ou por outro meio, em blocos ou placas de forma q",Paraná,66611,120425,comexstat,2026-10-08
2025,04,6802,"Pedras de cantaria ou de construção (exceto de ardósia) trabalhadas e obras destas pedras, exceto as da posição 6801; cubos, pastilhas e artigos semelhantes, para mosaicos, de pedra natural (incluída a ardósia), mesmo com suporte; grânulos, fragmentos e",Amazonas,66597,107231,comexstat,2026-10-08
2025,07,6802,"Pedras de cantaria ou de construção (exceto de ardósia) trabalhadas e obras destas pedras, exceto as da posição 6801; cubos, pastilhas e artigos semelhantes, para mosaicos, de pedra natural (incluída a ardósia), mesmo com suporte; grânulos, fragmentos e",Bahia,65705,230361,comexstat,2026-10-08
2025,02,6802,"Pedras de cantaria ou de construção (exceto de ardósia) trabalhadas e obras destas pedras, exceto as da posição 6801; cubos, pastilhas e artigos semelhantes, para mosaicos, de pedra natural (incluída a ardósia), mesmo com suporte; grânulos, fragmentos e",Minas Gerais,65237,134460,comexstat,2026-10-08
2025,07,6802,"Pedras de cantaria ou de construção (exceto de ardósia) trabalhadas e obras destas pedras, exceto as da posição 6801; cubos, pastilhas e artigos semelhantes, para mosaicos, de pedra natural (incluída a ardósia), mesmo com suporte; grânulos, fragmentos e",Goiás,65211,229560,comexstat,2026-10-08
2025,06,2515,"Mármores, travertinos, granitos belgas e outras pedras calcárias de cantaria ou de construção, de densidade aparente igual ou superior a 2,5, e alabastro, mesmo desbastados ou simplesmente cortados à serra ou por outro meio, em blocos ou placas de forma q",Paraná,61121,80057,comexstat,2026-10-08
2025,03,6802,"Pedras de cantaria ou de construção (exceto de ardósia) trabalhadas e obras destas pedras, exceto as da posição 6801; cubos, pastilhas e artigos semelhantes, para mosaicos, de pedra natural (incluída a ardósia), mesmo com suporte; grânulos, fragmentos e",Rio Grande do Sul,60098,148000,comexstat,2026-10-08
2025,06,6802,"Pedras de cantaria ou de construção (exceto de ardósia) trabalhadas e obras destas pedras, exceto as da posição 6801; cubos, pastilhas e artigos semelhantes, para mosaicos, de pedra natural (incluída a ardósia), mesmo com suporte; grânulos, fragmentos e",Minas Gerais,59356,155489,comexstat,2026-10-08
2025,02,2515,"Mármores, travertinos, granitos belgas e outras pedras calcárias de cantaria ou de construção, de densidade aparente igual ou superior a 2,5, e alabastro, mesmo desbastados ou simplesmente cortados à serra ou por outro meio, em blocos ou placas de forma q",Tocantins,58522,243840,comexstat,2026-10-08
2025,04,2515,"Mármores, travertinos, granitos belgas e outras pedras calcárias de cantaria ou de construção, de densidade aparente igual ou superior a 2,5, e alabastro, mesmo desbastados ou simplesmente cortados à serra ou por outro meio, em blocos ou placas de forma q",Minas Gerais,58019,126485,comexstat,2026-10-08
2025,02,2516,"Granito, pórfiro, basalto, arenito e outras pedras de cantaria ou de construção, mesmo desbastados ou simplesmente cortados à serra ou por outro meio, em blocos ou placas de forma quadrada ou rectangular",Espírito Santo,57570,358160,comexstat,2026-10-08
2025,10,6802,"Pedras de cantaria ou de construção (exceto de ardósia) trabalhadas e obras destas pedras, exceto as da posição 6801; cubos, pastilhas e artigos semelhantes, para mosaicos, de pedra natural (incluída a ardósia), mesmo com suporte; grânulos, fragmentos e",Paraná,56677,60969,comexstat,2026-10-08
2025,08,2515,"Mármores, travertinos, granitos belgas e outras pedras calcárias de cantaria ou de construção, de densidade aparente igual ou superior a 2,5, e alabastro, mesmo desbastados ou simplesmente cortados à serra ou por outro meio, em blocos ou placas de forma q",Tocantins,56263,301535,comexstat,2026-10-08
2025,05,6802,"Pedras de cantaria ou de construção (exceto de ardósia) trabalhadas e obras destas pedras, exceto as da posição 6801; cubos, pastilhas e artigos semelhantes, para mosaicos, de pedra natural (incluída a ardósia), mesmo com suporte; grânulos, fragmentos e",Minas Gerais,55333,74000,comexstat,2026-10-08
2025,04,2515,"Mármores, travertinos, granitos belgas e outras pedras calcárias de cantaria ou de construção, de densidade aparente igual ou superior a 2,5, e alabastro, mesmo desbastados ou simplesmente cortados à serra ou por outro meio, em blocos ou placas de forma q",Pernambuco,55204,76125,comexstat,2026-10-08
2025,11,2515,"Mármores, travertinos, granitos belgas e outras pedras calcárias de cantaria ou de construção, de densidade aparente igual ou superior a 2,5, e alabastro, mesmo desbastados ou simplesmente cortados à serra ou por outro meio, em blocos ou placas de forma q",Ceará,55110,72500,comexstat,2026-10-08
2025,04,2514,"Ardósia, mesmo desbastada ou simplesmente cortada a serra ou por outro meio, em blocos ou placas de forma quadrada ou retangular",São Paulo,54691,104200,comexstat,2026-10-08
2025,07,6802,"Pedras de cantaria ou de construção (exceto de ardósia) trabalhadas e obras destas pedras, exceto as da posição 6801; cubos, pastilhas e artigos semelhantes, para mosaicos, de pedra natural (incluída a ardósia), mesmo com suporte; grânulos, fragmentos e",Ceará,54638,95110,comexstat,2026-10-08
2025,09,6802,"Pedras de cantaria ou de construção (exceto de ardósia) trabalhadas e obras destas pedras, exceto as da posição 6801; cubos, pastilhas e artigos semelhantes, para mosaicos, de pedra natural (incluída a ardósia), mesmo com suporte; grânulos, fragmentos e",Pernambuco,53780,49839,comexstat,2026-10-08
2025,04,2515,"Mármores, travertinos, granitos belgas e outras pedras calcárias de cantaria ou de construção, de densidade aparente igual ou superior a 2,5, e alabastro, mesmo desbastados ou simplesmente cortados à serra ou por outro meio, em blocos ou placas de forma q",Paraná,53653,76491,comexstat,2026-10-08
2025,12,2515,"Mármores, travertinos, granitos belgas e outras pedras calcárias de cantaria ou de construção, de densidade aparente igual ou superior a 2,5, e alabastro, mesmo desbastados ou simplesmente cortados à serra ou por outro meio, em blocos ou placas de forma q",Ceará,53406,68971,comexstat,2026-10-08
2025,01,2515,"Mármores, travertinos, granitos belgas e outras pedras calcárias de cantaria ou de construção, de densidade aparente igual ou superior a 2,5, e alabastro, mesmo desbastados ou simplesmente cortados à serra ou por outro meio, em blocos ou placas de forma q",Ceará,52267,76380,comexstat,2026-10-08
2025,11,6802,"Pedras de cantaria ou de construção (exceto de ardósia) trabalhadas e obras destas pedras, exceto as da posição 6801; cubos, pastilhas e artigos semelhantes, para mosaicos, de pedra natural (incluída a ardósia), mesmo com suporte; grânulos, fragmentos e",Minas Gerais,51307,126981,comexstat,2026-10-08
2025,08,6802,"Pedras de cantaria ou de construção (exceto de ardósia) trabalhadas e obras destas pedras, exceto as da posição 6801; cubos, pastilhas e artigos semelhantes, para mosaicos, de pedra natural (incluída a ardósia), mesmo com suporte; grânulos, fragmentos e",Rio Grande do Sul,50907,105092,comexstat,2026-10-08
2025,06,2515,"Mármores, travertinos, granitos belgas e outras pedras calcárias de cantaria ou de construção, de densidade aparente igual ou superior a 2,5, e alabastro, mesmo desbastados ou simplesmente cortados à serra ou por outro meio, em blocos ou placas de forma q",Minas Gerais,49370,108348,comexstat,2026-10-08
2025,01,6802,"Pedras de cantaria ou de construção (exceto de ardósia) trabalhadas e obras destas pedras, exceto as da posição 6801; cubos, pastilhas e artigos semelhantes, para mosaicos, de pedra natural (incluída a ardósia), mesmo com suporte; grânulos, fragmentos e",Goiás,49243,198800,comexstat,2026-10-08
2025,12,6802,"Pedras de cantaria ou de construção (exceto de ardósia) trabalhadas e obras destas pedras, exceto as da posição 6801; cubos, pastilhas e artigos semelhantes, para mosaicos, de pedra natural (incluída a ardósia), mesmo com suporte; grânulos, fragmentos e",Bahia,46939,67520,comexstat,2026-10-08
2025,01,6802,"Pedras de cantaria ou de construção (exceto de ardósia) trabalhadas e obras destas pedras, exceto as da posição 6801; cubos, pastilhas e artigos semelhantes, para mosaicos, de pedra natural (incluída a ardósia), mesmo com suporte; grânulos, fragmentos e",Ceará,46772,76260,comexstat,2026-10-08
2025,05,6802,"Pedras de cantaria ou de construção (exceto de ardósia) trabalhadas e obras destas pedras, exceto as da posição 6801; cubos, pastilhas e artigos semelhantes, para mosaicos, de pedra natural (incluída a ardósia), mesmo com suporte; grânulos, fragmentos e",Rio Grande do Sul,46723,69884,comexstat,2026-10-08
2025,02,6802,"Pedras de cantaria ou de construção (exceto de ardósia) trabalhadas e obras destas pedras, exceto as da posição 6801; cubos, pastilhas e artigos semelhantes, para mosaicos, de pedra natural (incluída a ardósia), mesmo com suporte; grânulos, fragmentos e",Goiás,46651,150760,comexstat,2026-10-08
2025,04,6802,"Pedras de cantaria ou de construção (exceto de ardósia) trabalhadas e obras destas pedras, exceto as da posição 6801; cubos, pastilhas e artigos semelhantes, para mosaicos, de pedra natural (incluída a ardósia), mesmo com suporte; grânulos, fragmentos e",Rio Grande do Sul,45785,88418,comexstat,2026-10-08
2025,09,6802,"Pedras de cantaria ou de construção (exceto de ardósia) trabalhadas e obras destas pedras, exceto as da posição 6801; cubos, pastilhas e artigos semelhantes, para mosaicos, de pedra natural (incluída a ardósia), mesmo com suporte; grânulos, fragmentos e",Bahia,44926,99015,comexstat,2026-10-08
2025,07,6802,"Pedras de cantaria ou de construção (exceto de ardósia) trabalhadas e obras destas pedras, exceto as da posição 6801; cubos, pastilhas e artigos semelhantes, para mosaicos, de pedra natural (incluída a ardósia), mesmo com suporte; grânulos, fragmentos e",Minas Gerais,44812,122791,comexstat,2026-10-08
2025,04,6803,Ardósia natural trabalhada e obras de ardósia natural ou aglomerada,Santa Catarina,44441,11500,comexstat,2026-10-08
2025,11,2515,"Mármores, travertinos, granitos belgas e outras pedras calcárias de cantaria ou de construção, de densidade aparente igual ou superior a 2,5, e alabastro, mesmo desbastados ou simplesmente cortados à serra ou por outro meio, em blocos ou placas de forma q",Goiás,43895,44953,comexstat,2026-10-08
2025,04,2516,"Granito, pórfiro, basalto, arenito e outras pedras de cantaria ou de construção, mesmo desbastados ou simplesmente cortados à serra ou por outro meio, em blocos ou placas de forma quadrada ou rectangular",São Paulo,43630,50505,comexstat,2026-10-08
2025,07,2515,"Mármores, travertinos, granitos belgas e outras pedras calcárias de cantaria ou de construção, de densidade aparente igual ou superior a 2,5, e alabastro, mesmo desbastados ou simplesmente cortados à serra ou por outro meio, em blocos ou placas de forma q",Goiás,43409,44365,comexstat,2026-10-08
2025,11,2514,"Ardósia, mesmo desbastada ou simplesmente cortada a serra ou por outro meio, em blocos ou placas de forma quadrada ou retangular",São Paulo,43161,37000,comexstat,2026-10-08
2025,06,2516,"Granito, pórfiro, basalto, arenito e outras pedras de cantaria ou de construção, mesmo desbastados ou simplesmente cortados à serra ou por outro meio, em blocos ou placas de forma quadrada ou rectangular",São Paulo,42929,57330,comexstat,2026-10-08
2025,08,6802,"Pedras de cantaria ou de construção (exceto de ardósia) trabalhadas e obras destas pedras, exceto as da posição 6801; cubos, pastilhas e artigos semelhantes, para mosaicos, de pedra natural (incluída a ardósia), mesmo com suporte; grânulos, fragmentos e",Paraná,40843,50704,comexstat,2026-10-08
2025,09,2515,"Mármores, travertinos, granitos belgas e outras pedras calcárias de cantaria ou de construção, de densidade aparente igual ou superior a 2,5, e alabastro, mesmo desbastados ou simplesmente cortados à serra ou por outro meio, em blocos ou placas de forma q",Espírito Santo,40098,99007,comexstat,2026-10-08
2025,10,2515,"Mármores, travertinos, granitos belgas e outras pedras calcárias de cantaria ou de construção, de densidade aparente igual ou superior a 2,5, e alabastro, mesmo desbastados ou simplesmente cortados à serra ou por outro meio, em blocos ou placas de forma q",Espírito Santo,39868,100622,comexstat,2026-10-08
2025,09,6802,"Pedras de cantaria ou de construção (exceto de ardósia) trabalhadas e obras destas pedras, exceto as da posição 6801; cubos, pastilhas e artigos semelhantes, para mosaicos, de pedra natural (incluída a ardósia), mesmo com suporte; grânulos, fragmentos e",Rio de Janeiro,39750,51053,comexstat,2026-10-08
2025,05,6802,"Pedras de cantaria ou de construção (exceto de ardósia) trabalhadas e obras destas pedras, exceto as da posição 6801; cubos, pastilhas e artigos semelhantes, para mosaicos, de pedra natural (incluída a ardósia), mesmo com suporte; grânulos, fragmentos e",Ceará,38810,74900,comexstat,2026-10-08
2025,07,2515,"Mármores, travertinos, granitos belgas e outras pedras calcárias de cantaria ou de construção, de densidade aparente igual ou superior a 2,5, e alabastro, mesmo desbastados ou simplesmente cortados à serra ou por outro meio, em blocos ou placas de forma q",Minas Gerais,38727,56980,comexstat,2026-10-08
2025,05,2516,"Granito, pórfiro, basalto, arenito e outras pedras de cantaria ou de construção, mesmo desbastados ou simplesmente cortados à serra ou por outro meio, em blocos ou placas de forma quadrada ou rectangular",São Paulo,38656,48605,comexstat,2026-10-08
2025,12,6802,"Pedras de cantaria ou de construção (exceto de ardósia) trabalhadas e obras destas pedras, exceto as da posição 6801; cubos, pastilhas e artigos semelhantes, para mosaicos, de pedra natural (incluída a ardósia), mesmo com suporte; grânulos, fragmentos e",Distrito Federal,37988,105600,comexstat,2026-10-08
2025,11,6802,"Pedras de cantaria ou de construção (exceto de ardósia) trabalhadas e obras destas pedras, exceto as da posição 6801; cubos, pastilhas e artigos semelhantes, para mosaicos, de pedra natural (incluída a ardósia), mesmo com suporte; grânulos, fragmentos e",Alagoas,36848,79430,comexstat,2026-10-08
2025,12,6802,"Pedras de cantaria ou de construção (exceto de ardósia) trabalhadas e obras destas pedras, exceto as da posição 6801; cubos, pastilhas e artigos semelhantes, para mosaicos, de pedra natural (incluída a ardósia), mesmo com suporte; grânulos, fragmentos e",Paraná,36848,45567,comexstat,2026-10-08
2025,03,2515,"Mármores, travertinos, granitos belgas e outras pedras calcárias de cantaria ou de construção, de densidade aparente igual ou superior a 2,5, e alabastro, mesmo desbastados ou simplesmente cortados à serra ou por outro meio, em blocos ou placas de forma q",Paraná,35292,62141,comexstat,2026-10-08
2025,05,6802,"Pedras de cantaria ou de construção (exceto de ardósia) trabalhadas e obras destas pedras, exceto as da posição 6801; cubos, pastilhas e artigos semelhantes, para mosaicos, de pedra natural (incluída a ardósia), mesmo com suporte; grânulos, fragmentos e",Paraná,34983,55454,comexstat,2026-10-08
2025,03,6802,"Pedras de cantaria ou de construção (exceto de ardósia) trabalhadas e obras destas pedras, exceto as da posição 6801; cubos, pastilhas e artigos semelhantes, para mosaicos, de pedra natural (incluída a ardósia), mesmo com suporte; grânulos, fragmentos e",Goiás,34727,73320,comexstat,2026-10-08
2025,07,6802,"Pedras de cantaria ou de construção (exceto de ardósia) trabalhadas e obras destas pedras, exceto as da posição 6801; cubos, pastilhas e artigos semelhantes, para mosaicos, de pedra natural (incluída a ardósia), mesmo com suporte; grânulos, fragmentos e",Rio de Janeiro,32864,25932,comexstat,2026-10-08
2025,03,2516,"Granito, pórfiro, basalto, arenito e outras pedras de cantaria ou de construção, mesmo desbastados ou simplesmente cortados à serra ou por outro meio, em blocos ou placas de forma quadrada ou rectangular",Rondônia,32720,25700,comexstat,2026-10-08
2025,08,2515,"Mármores, travertinos, granitos belgas e outras pedras calcárias de cantaria ou de construção, de densidade aparente igual ou superior a 2,5, e alabastro, mesmo desbastados ou simplesmente cortados à serra ou por outro meio, em blocos ou placas de forma q",Rio de Janeiro,32719,43195,comexstat,2026-10-08
2025,10,6802,"Pedras de cantaria ou de construção (exceto de ardósia) trabalhadas e obras destas pedras, exceto as da posição 6801; cubos, pastilhas e artigos semelhantes, para mosaicos, de pedra natural (incluída a ardósia), mesmo com suporte; grânulos, fragmentos e",Ceará,32342,29208,comexstat,2026-10-08
2025,09,6802,"Pedras de cantaria ou de construção (exceto de ardósia) trabalhadas e obras destas pedras, exceto as da posição 6801; cubos, pastilhas e artigos semelhantes, para mosaicos, de pedra natural (incluída a ardósia), mesmo com suporte; grânulos, fragmentos e",Alagoas,32246,45558,comexstat,2026-10-08
2025,11,2515,"Mármores, travertinos, granitos belgas e outras pedras calcárias de cantaria ou de construção, de densidade aparente igual ou superior a 2,5, e alabastro, mesmo desbastados ou simplesmente cortados à serra ou por outro meio, em blocos ou placas de forma q",Tocantins,32115,118360,comexstat,2026-10-08
2025,11,2515,"Mármores, travertinos, granitos belgas e outras pedras calcárias de cantaria ou de construção, de densidade aparente igual ou superior a 2,5, e alabastro, mesmo desbastados ou simplesmente cortados à serra ou por outro meio, em blocos ou placas de forma q",Rio de Janeiro,31900,42241,comexstat,2026-10-08
2025,03,6802,"Pedras de cantaria ou de construção (exceto de ardósia) trabalhadas e obras destas pedras, exceto as da posição 6801; cubos, pastilhas e artigos semelhantes, para mosaicos, de pedra natural (incluída a ardósia), mesmo com suporte; grânulos, fragmentos e",Pernambuco,31603,57184,comexstat,2026-10-08
2025,08,2515,"Mármores, travertinos, granitos belgas e outras pedras calcárias de cantaria ou de construção, de densidade aparente igual ou superior a 2,5, e alabastro, mesmo desbastados ou simplesmente cortados à serra ou por outro meio, em blocos ou placas de forma q",Goiás,31560,64910,comexstat,2026-10-08
2025,06,6802,"Pedras de cantaria ou de construção (exceto de ardósia) trabalhadas e obras destas pedras, exceto as da posição 6801; cubos, pastilhas e artigos semelhantes, para mosaicos, de pedra natural (incluída a ardósia), mesmo com suporte; grânulos, fragmentos e",Pernambuco,31242,48059,comexstat,2026-10-08
2025,07,6802,"Pedras de cantaria ou de construção (exceto de ardósia) trabalhadas e obras destas pedras, exceto as da posição 6801; cubos, pastilhas e artigos semelhantes, para mosaicos, de pedra natural (incluída a ardósia), mesmo com suporte; grânulos, fragmentos e",Alagoas,31041,50898,comexstat,2026-10-08
2025,07,2516,"Granito, pórfiro, basalto, arenito e outras pedras de cantaria ou de construção, mesmo desbastados ou simplesmente cortados à serra ou por outro meio, em blocos ou placas de forma quadrada ou rectangular",Santa Catarina,30869,45820,comexstat,2026-10-08
2025,10,6802,"Pedras de cantaria ou de construção (exceto de ardósia) trabalhadas e obras destas pedras, exceto as da posição 6801; cubos, pastilhas e artigos semelhantes, para mosaicos, de pedra natural (incluída a ardósia), mesmo com suporte; grânulos, fragmentos e",Pernambuco,29547,36875,comexstat,2026-10-08
2025,01,2515,"Mármores, travertinos, granitos belgas e outras pedras calcárias de cantaria ou de construção, de densidade aparente igual ou superior a 2,5, e alabastro, mesmo desbastados ou simplesmente cortados à serra ou por outro meio, em blocos ou placas de forma q",Paraíba,29240,43405,comexstat,2026-10-08
2025,12,2515,"Mármores, travertinos, granitos belgas e outras pedras calcárias de cantaria ou de construção, de densidade aparente igual ou superior a 2,5, e alabastro, mesmo desbastados ou simplesmente cortados à serra ou por outro meio, em blocos ou placas de forma q",Amazonas,29234,25570,comexstat,2026-10-08
2025,10,6802,"Pedras de cantaria ou de construção (exceto de ardósia) trabalhadas e obras destas pedras, exceto as da posição 6801; cubos, pastilhas e artigos semelhantes, para mosaicos, de pedra natural (incluída a ardósia), mesmo com suporte; grânulos, fragmentos e",Rio de Janeiro,28709,26100,comexstat,2026-10-08
2025,10,6802,"Pedras de cantaria ou de construção (exceto de ardósia) trabalhadas e obras destas pedras, exceto as da posição 6801; cubos, pastilhas e artigos semelhantes, para mosaicos, de pedra natural (incluída a ardósia), mesmo com suporte; grânulos, fragmentos e",Espírito Santo,28510,48048,comexstat,2026-10-08
2025,01,2515,"Mármores, travertinos, granitos belgas e outras pedras calcárias de cantaria ou de construção, de densidade aparente igual ou superior a 2,5, e alabastro, mesmo desbastados ou simplesmente cortados à serra ou por outro meio, em blocos ou placas de forma q",Minas Gerais,28277,75936,comexstat,2026-10-08
2025,12,2515,"Mármores, travertinos, granitos belgas e outras pedras calcárias de cantaria ou de construção, de densidade aparente igual ou superior a 2,5, e alabastro, mesmo desbastados ou simplesmente cortados à serra ou por outro meio, em blocos ou placas de forma q",Alagoas,28230,43921,comexstat,2026-10-08
2025,01,2515,"Mármores, travertinos, granitos belgas e outras pedras calcárias de cantaria ou de construção, de densidade aparente igual ou superior a 2,5, e alabastro, mesmo desbastados ou simplesmente cortados à serra ou por outro meio, em blocos ou placas de forma q",Paraná,27790,36134,comexstat,2026-10-08
2025,07,6802,"Pedras de cantaria ou de construção (exceto de ardósia) trabalhadas e obras destas pedras, exceto as da posição 6801; cubos, pastilhas e artigos semelhantes, para mosaicos, de pedra natural (incluída a ardósia), mesmo com suporte; grânulos, fragmentos e",Amazonas,27647,54028,comexstat,2026-10-08
2025,12,2516,"Granito, pórfiro, basalto, arenito e outras pedras de cantaria ou de construção, mesmo desbastados ou simplesmente cortados à serra ou por outro meio, em blocos ou placas de forma quadrada ou rectangular",Minas Gerais,27323,22820,comexstat,2026-10-08
2025,12,6802,"Pedras de cantaria ou de construção (exceto de ardósia) trabalhadas e obras destas pedras, exceto as da posição 6801; cubos, pastilhas e artigos semelhantes, para mosaicos, de pedra natural (incluída a ardósia), mesmo com suporte; grânulos, fragmentos e",Minas Gerais,27275,54112,comexstat,2026-10-08
2025,09,2516,"Granito, pórfiro, basalto, arenito e outras pedras de cantaria ou de construção, mesmo desbastados ou simplesmente cortados à serra ou por outro meio, em blocos ou placas de forma quadrada ou rectangular",Minas Gerais,27055,22820,comexstat,2026-10-08
2025,08,6802,"Pedras de cantaria ou de construção (exceto de ardósia) trabalhadas e obras destas pedras, exceto as da posição 6801; cubos, pastilhas e artigos semelhantes, para mosaicos, de pedra natural (incluída a ardósia), mesmo com suporte; grânulos, fragmentos e",Goiás,26805,75140,comexstat,2026-10-08
2025,05,2515,"Mármores, travertinos, granitos belgas e outras pedras calcárias de cantaria ou de construção, de densidade aparente igual ou superior a 2,5, e alabastro, mesmo desbastados ou simplesmente cortados à serra ou por outro meio, em blocos ou placas de forma q",Alagoas,26100,42632,comexstat,2026-10-08
2025,06,2515,"Mármores, travertinos, granitos belgas e outras pedras calcárias de cantaria ou de construção, de densidade aparente igual ou superior a 2,5, e alabastro, mesmo desbastados ou simplesmente cortados à serra ou por outro meio, em blocos ou placas de forma q",Alagoas,26050,49187,comexstat,2026-10-08
2025,06,6802,"Pedras de cantaria ou de construção (exceto de ardósia) trabalhadas e obras destas pedras, exceto as da posição 6801; cubos, pastilhas e artigos semelhantes, para mosaicos, de pedra natural (incluída a ardósia), mesmo com suporte; grânulos, fragmentos e",Amazonas,25920,25280,comexstat,2026-10-08
2025,03,6802,"Pedras de cantaria ou de construção (exceto de ardósia) trabalhadas e obras destas pedras, exceto as da posição 6801; cubos, pastilhas e artigos semelhantes, para mosaicos, de pedra natural (incluída a ardósia), mesmo com suporte; grânulos, fragmentos e",Ceará,25835,48000,comexstat,2026-10-08
2025,09,2515,"Mármores, travertinos, granitos belgas e outras pedras calcárias de cantaria ou de construção, de densidade aparente igual ou superior a 2,5, e alabastro, mesmo desbastados ou simplesmente cortados à serra ou por outro meio, em blocos ou placas de forma q",Rio Grande do Sul,25617,45515,comexstat,2026-10-08
2025,11,6802,"Pedras de cantaria ou de construção (exceto de ardósia) trabalhadas e obras destas pedras, exceto as da posição 6801; cubos, pastilhas e artigos semelhantes, para mosaicos, de pedra natural (incluída a ardósia), mesmo com suporte; grânulos, fragmentos e",Ceará,25088,42511,comexstat,2026-10-08
2025,04,6802,"Pedras de cantaria ou de construção (exceto de ardósia) trabalhadas e obras destas pedras, exceto as da posição 6801; cubos, pastilhas e artigos semelhantes, para mosaicos, de pedra natural (incluída a ardósia), mesmo com suporte; grânulos, fragmentos e",Goiás,24755,52916,comexstat,2026-10-08
2025,06,6802,"Pedras de cantaria ou de construção (exceto de ardósia) trabalhadas e obras destas pedras, exceto as da posição 6801; cubos, pastilhas e artigos semelhantes, para mosaicos, de pedra natural (incluída a ardósia), mesmo com suporte; grânulos, fragmentos e",Rio de Janeiro,24295,23577,comexstat,2026-10-08
2025,01,6803,Ardósia natural trabalhada e obras de ardósia natural ou aglomerada,Santa Catarina,22163,20084,comexstat,2026-10-08
2025,03,2515,"Mármores, travertinos, granitos belgas e outras pedras calcárias de cantaria ou de construção, de densidade aparente igual ou superior a 2,5, e alabastro, mesmo desbastados ou simplesmente cortados à serra ou por outro meio, em blocos ou placas de forma q",Minas Gerais,21771,50726,comexstat,2026-10-08
2025,03,6802,"Pedras de cantaria ou de construção (exceto de ardósia) trabalhadas e obras destas pedras, exceto as da posição 6801; cubos, pastilhas e artigos semelhantes, para mosaicos, de pedra natural (incluída a ardósia), mesmo com suporte; grânulos, fragmentos e",Rio de Janeiro,21600,24530,comexstat,2026-10-08
2025,09,6802,"Pedras de cantaria ou de construção (exceto de ardósia) trabalhadas e obras destas pedras, exceto as da posição 6801; cubos, pastilhas e artigos semelhantes, para mosaicos, de pedra natural (incluída a ardósia), mesmo com suporte; grânulos, fragmentos e",Ceará,21471,25370,comexstat,2026-10-08
2025,11,2515,"Mármores, travertinos, granitos belgas e outras pedras calcárias de cantaria ou de construção, de densidade aparente igual ou superior a 2,5, e alabastro, mesmo desbastados ou simplesmente cortados à serra ou por outro meio, em blocos ou placas de forma q",Pernambuco,21333,48851,comexstat,2026-10-08
2025,05,6802,"Pedras de cantaria ou de construção (exceto de ardósia) trabalhadas e obras destas pedras, exceto as da posição 6801; cubos, pastilhas e artigos semelhantes, para mosaicos, de pedra natural (incluída a ardósia), mesmo com suporte; grânulos, fragmentos e",Pernambuco,20625,97020,comexstat,2026-10-08
2025,11,2516,"Granito, pórfiro, basalto, arenito e outras pedras de cantaria ou de construção, mesmo desbastados ou simplesmente cortados à serra ou por outro meio, em blocos ou placas de forma quadrada ou rectangular",Santa Catarina,20556,18100,comexstat,2026-10-08
2025,01,6802,"Pedras de cantaria ou de construção (exceto de ardósia) trabalhadas e obras destas pedras, exceto as da posição 6801; cubos, pastilhas e artigos semelhantes, para mosaicos, de pedra natural (incluída a ardósia), mesmo com suporte; grânulos, fragmentos e",Bahia,20409,72359,comexstat,2026-10-08
2025,06,2515,"Mármores, travertinos, granitos belgas e outras pedras calcárias de cantaria ou de construção, de densidade aparente igual ou superior a 2,5, e alabastro, mesmo desbastados ou simplesmente cortados à serra ou por outro meio, em blocos ou placas de forma q",Ceará,20131,24900,comexstat,2026-10-08
2025,07,2515,"Mármores, travertinos, granitos belgas e outras pedras calcárias de cantaria ou de construção, de densidade aparente igual ou superior a 2,5, e alabastro, mesmo desbastados ou simplesmente cortados à serra ou por outro meio, em blocos ou placas de forma q",Pernambuco,19878,52820,comexstat,2026-10-08
2025,09,6803,Ardósia natural trabalhada e obras de ardósia natural ou aglomerada,São Paulo,19711,49670,comexstat,2026-10-08
2025,08,2515,"Mármores, travertinos, granitos belgas e outras pedras calcárias de cantaria ou de construção, de densidade aparente igual ou superior a 2,5, e alabastro, mesmo desbastados ou simplesmente cortados à serra ou por outro meio, em blocos ou placas de forma q",Ceará,19574,25880,comexstat,2026-10-08
2025,10,6802,"Pedras de cantaria ou de construção (exceto de ardósia) trabalhadas e obras destas pedras, exceto as da posição 6801; cubos, pastilhas e artigos semelhantes, para mosaicos, de pedra natural (incluída a ardósia), mesmo com suporte; grânulos, fragmentos e",Distrito Federal,18844,50400,comexstat,2026-10-08
2025,01,2515,"Mármores, travertinos, granitos belgas e outras pedras calcárias de cantaria ou de construção, de densidade aparente igual ou superior a 2,5, e alabastro, mesmo desbastados ou simplesmente cortados à serra ou por outro meio, em blocos ou placas de forma q",Espírito Santo,18258,52982,comexstat,2026-10-08
2025,12,2516,"Granito, pórfiro, basalto, arenito e outras pedras de cantaria ou de construção, mesmo desbastados ou simplesmente cortados à serra ou por outro meio, em blocos ou placas de forma quadrada ou rectangular",São Paulo,18232,42380,comexstat,2026-10-08
2025,09,6802,"Pedras de cantaria ou de construção (exceto de ardósia) trabalhadas e obras destas pedras, exceto as da posição 6801; cubos, pastilhas e artigos semelhantes, para mosaicos, de pedra natural (incluída a ardósia), mesmo com suporte; grânulos, fragmentos e",Paraíba,17693,48396,comexstat,2026-10-08
2025,08,2515,"Mármores, travertinos, granitos belgas e outras pedras calcárias de cantaria ou de construção, de densidade aparente igual ou superior a 2,5, e alabastro, mesmo desbastados ou simplesmente cortados à serra ou por outro meio, em blocos ou placas de forma q",Pernambuco,17571,19219,comexstat,2026-10-08
2025,12,2515,"Mármores, travertinos, granitos belgas e outras pedras calcárias de cantaria ou de construção, de densidade aparente igual ou superior a 2,5, e alabastro, mesmo desbastados ou simplesmente cortados à serra ou por outro meio, em blocos ou placas de forma q",Espírito Santo,17386,24130,comexstat,2026-10-08
2025,08,2515,"Mármores, travertinos, granitos belgas e outras pedras calcárias de cantaria ou de construção, de densidade aparente igual ou superior a 2,5, e alabastro, mesmo desbastados ou simplesmente cortados à serra ou por outro meio, em blocos ou placas de forma q",Minas Gerais,17216,22280,comexstat,2026-10-08
2025,10,2515,"Mármores, travertinos, granitos belgas e outras pedras calcárias de cantaria ou de construção, de densidade aparente igual ou superior a 2,5, e alabastro, mesmo desbastados ou simplesmente cortados à serra ou por outro meio, em blocos ou placas de forma q",Ceará,17131,20152,comexstat,2026-10-08
2025,04,6803,Ardósia natural trabalhada e obras de ardósia natural ou aglomerada,São Paulo,17012,53000,comexstat,2026-10-08
2025,04,6802,"Pedras de cantaria ou de construção (exceto de ardósia) trabalhadas e obras destas pedras, exceto as da posição 6801; cubos, pastilhas e artigos semelhantes, para mosaicos, de pedra natural (incluída a ardósia), mesmo com suporte; grânulos, fragmentos e",Ceará,16974,34685,comexstat,2026-10-08
2025,11,2515,"Mármores, travertinos, granitos belgas e outras pedras calcárias de cantaria ou de construção, de densidade aparente igual ou superior a 2,5, e alabastro, mesmo desbastados ou simplesmente cortados à serra ou por outro meio, em blocos ou placas de forma q",Minas Gerais,16972,21000,comexstat,2026-10-08
2025,02,6803,Ardósia natural trabalhada e obras de ardósia natural ou aglomerada,São Paulo,16892,28051,comexstat,2026-10-08
2025,04,6802,"Pedras de cantaria ou de construção (exceto de ardósia) trabalhadas e obras destas pedras, exceto as da posição 6801; cubos, pastilhas e artigos semelhantes, para mosaicos, de pedra natural (incluída a ardósia), mesmo com suporte; grânulos, fragmentos e",Rio de Janeiro,16794,23882,comexstat,2026-10-08
2025,02,6801,"Pedras para calcetar, meios-fios e placas (lajes) para pavimentação, de pedra natural (exceto a ardósia)",Paraná,16409,26700,comexstat,2026-10-08
2025,04,6802,"Pedras de cantaria ou de construção (exceto de ardósia) trabalhadas e obras destas pedras, exceto as da posição 6801; cubos, pastilhas e artigos semelhantes, para mosaicos, de pedra natural (incluída a ardósia), mesmo com suporte; grânulos, fragmentos e",Bahia,16271,79500,comexstat,2026-10-08
2025,07,2516,"Granito, pórfiro, basalto, arenito e outras pedras de cantaria ou de construção, mesmo desbastados ou simplesmente cortados à serra ou por outro meio, em blocos ou placas de forma quadrada ou rectangular",São Paulo,16193,34685,comexstat,2026-10-08
2025,07,6803,Ardósia natural trabalhada e obras de ardósia natural ou aglomerada,São Paulo,15636,51842,comexstat,2026-10-08
2025,03,6802,"Pedras de cantaria ou de construção (exceto de ardósia) trabalhadas e obras destas pedras, exceto as da posição 6801; cubos, pastilhas e artigos semelhantes, para mosaicos, de pedra natural (incluída a ardósia), mesmo com suporte; grânulos, fragmentos e",Amazonas,14784,24640,comexstat,2026-10-08
2025,10,6802,"Pedras de cantaria ou de construção (exceto de ardósia) trabalhadas e obras destas pedras, exceto as da posição 6801; cubos, pastilhas e artigos semelhantes, para mosaicos, de pedra natural (incluída a ardósia), mesmo com suporte; grânulos, fragmentos e",Alagoas,14475,25200,comexstat,2026-10-08
2025,10,6802,"Pedras de cantaria ou de construção (exceto de ardósia) trabalhadas e obras destas pedras, exceto as da posição 6801; cubos, pastilhas e artigos semelhantes, para mosaicos, de pedra natural (incluída a ardósia), mesmo com suporte; grânulos, fragmentos e",Maranhão,14140,36775,comexstat,2026-10-08
2025,02,2516,"Granito, pórfiro, basalto, arenito e outras pedras de cantaria ou de construção, mesmo desbastados ou simplesmente cortados à serra ou por outro meio, em blocos ou placas de forma quadrada ou rectangular",Minas Gerais,14018,20880,comexstat,2026-10-08
2025,02,2516,"Granito, pórfiro, basalto, arenito e outras pedras de cantaria ou de construção, mesmo desbastados ou simplesmente cortados à serra ou por outro meio, em blocos ou placas de forma quadrada ou rectangular",Rio de Janeiro,13550,80,comexstat,2026-10-08
2025,03,2515,"Mármores, travertinos, granitos belgas e outras pedras calcárias de cantaria ou de construção, de densidade aparente igual ou superior a 2,5, e alabastro, mesmo desbastados ou simplesmente cortados à serra ou por outro meio, em blocos ou placas de forma q",Ceará,13453,24599,comexstat,2026-10-08
2025,04,6802,"Pedras de cantaria ou de construção (exceto de ardósia) trabalhadas e obras destas pedras, exceto as da posição 6801; cubos, pastilhas e artigos semelhantes, para mosaicos, de pedra natural (incluída a ardósia), mesmo com suporte; grânulos, fragmentos e",Pernambuco,13452,34413,comexstat,2026-10-08
2025,03,2515,"Mármores, travertinos, granitos belgas e outras pedras calcárias de cantaria ou de construção, de densidade aparente igual ou superior a 2,5, e alabastro, mesmo desbastados ou simplesmente cortados à serra ou por outro meio, em blocos ou placas de forma q",Mato Grosso do Sul,13388,25138,comexstat,2026-10-08
2025,03,2515,"Mármores, travertinos, granitos belgas e outras pedras calcárias de cantaria ou de construção, de densidade aparente igual ou superior a 2,5, e alabastro, mesmo desbastados ou simplesmente cortados à serra ou por outro meio, em blocos ou placas de forma q",Pernambuco,13273,25795,comexstat,2026-10-08
2025,09,2514,"Ardósia, mesmo desbastada ou simplesmente cortada a serra ou por outro meio, em blocos ou placas de forma quadrada ou retangular",São Paulo,12990,54000,comexstat,2026-10-08
2025,06,6802,"Pedras de cantaria ou de construção (exceto de ardósia) trabalhadas e obras destas pedras, exceto as da posição 6801; cubos, pastilhas e artigos semelhantes, para mosaicos, de pedra natural (incluída a ardósia), mesmo com suporte; grânulos, fragmentos e",Alagoas,12813,23128,comexstat,2026-10-08
2025,02,6802,"Pedras de cantaria ou de construção (exceto de ardósia) trabalhadas e obras destas pedras, exceto as da posição 6801; cubos, pastilhas e artigos semelhantes, para mosaicos, de pedra natural (incluída a ardósia), mesmo com suporte; grânulos, fragmentos e",Ceará,12644,23164,comexstat,2026-10-08
2025,01,6802,"Pedras de cantaria ou de construção (exceto de ardósia) trabalhadas e obras destas pedras, exceto as da posição 6801; cubos, pastilhas e artigos semelhantes, para mosaicos, de pedra natural (incluída a ardósia), mesmo com suporte; grânulos, fragmentos e",Alagoas,12094,24338,comexstat,2026-10-08
2025,12,2515,"Mármores, travertinos, granitos belgas e outras pedras calcárias de cantaria ou de construção, de densidade aparente igual ou superior a 2,5, e alabastro, mesmo desbastados ou simplesmente cortados à serra ou por outro meio, em blocos ou placas de forma q",Rio Grande do Sul,11705,24500,comexstat,2026-10-08
2025,12,6802,"Pedras de cantaria ou de construção (exceto de ardósia) trabalhadas e obras destas pedras, exceto as da posição 6801; cubos, pastilhas e artigos semelhantes, para mosaicos, de pedra natural (incluída a ardósia), mesmo com suporte; grânulos, fragmentos e",Alagoas,11360,53120,comexstat,2026-10-08
2025,02,2515,"Mármores, travertinos, granitos belgas e outras pedras calcárias de cantaria ou de construção, de densidade aparente igual ou superior a 2,5, e alabastro, mesmo desbastados ou simplesmente cortados à serra ou por outro meio, em blocos ou placas de forma q",Rio Grande do Sul,11142,26000,comexstat,2026-10-08
2025,08,6802,"Pedras de cantaria ou de construção (exceto de ardósia) trabalhadas e obras destas pedras, exceto as da posição 6801; cubos, pastilhas e artigos semelhantes, para mosaicos, de pedra natural (incluída a ardósia), mesmo com suporte; grânulos, fragmentos e",Ceará,10787,21800,comexstat,2026-10-08
2025,09,2515,"Mármores, travertinos, granitos belgas e outras pedras calcárias de cantaria ou de construção, de densidade aparente igual ou superior a 2,5, e alabastro, mesmo desbastados ou simplesmente cortados à serra ou por outro meio, em blocos ou placas de forma q",Alagoas,10786,14920,comexstat,2026-10-08
2025,05,6802,"Pedras de cantaria ou de construção (exceto de ardósia) trabalhadas e obras destas pedras, exceto as da posição 6801; cubos, pastilhas e artigos semelhantes, para mosaicos, de pedra natural (incluída a ardósia), mesmo com suporte; grânulos, fragmentos e",Paraíba,10691,27000,comexstat,2026-10-08
2025,02,2515,"Mármores, travertinos, granitos belgas e outras pedras calcárias de cantaria ou de construção, de densidade aparente igual ou superior a 2,5, e alabastro, mesmo desbastados ou simplesmente cortados à serra ou por outro meio, em blocos ou placas de forma q",Mato Grosso do Sul,10640,24500,comexstat,2026-10-08
2025,08,6802,"Pedras de cantaria ou de construção (exceto de ardósia) trabalhadas e obras destas pedras, exceto as da posição 6801; cubos, pastilhas e artigos semelhantes, para mosaicos, de pedra natural (incluída a ardósia), mesmo com suporte; grânulos, fragmentos e",Bahia,10608,53000,comexstat,2026-10-08
2025,07,6802,"Pedras de cantaria ou de construção (exceto de ardósia) trabalhadas e obras destas pedras, exceto as da posição 6801; cubos, pastilhas e artigos semelhantes, para mosaicos, de pedra natural (incluída a ardósia), mesmo com suporte; grânulos, fragmentos e",Paraná,10417,26529,comexstat,2026-10-08
2025,08,6802,"Pedras de cantaria ou de construção (exceto de ardósia) trabalhadas e obras destas pedras, exceto as da posição 6801; cubos, pastilhas e artigos semelhantes, para mosaicos, de pedra natural (incluída a ardósia), mesmo com suporte; grânulos, fragmentos e",Pernambuco,10025,24600,comexstat,2026-10-08
2025,02,2516,"Granito, pórfiro, basalto, arenito e outras pedras de cantaria ou de construção, mesmo desbastados ou simplesmente cortados à serra ou por outro meio, em blocos ou placas de forma quadrada ou rectangular",São Paulo,9840,87,comexstat,2026-10-08
2025,03,2515,"Mármores, travertinos, granitos belgas e outras pedras calcárias de cantaria ou de construção, de densidade aparente igual ou superior a 2,5, e alabastro, mesmo desbastados ou simplesmente cortados à serra ou por outro meio, em blocos ou placas de forma q",Espírito Santo,9617,15610,comexstat,2026-10-08
2025,10,2515,"Mármores, travertinos, granitos belgas e outras pedras calcárias de cantaria ou de construção, de densidade aparente igual ou superior a 2,5, e alabastro, mesmo desbastados ou simplesmente cortados à serra ou por outro meio, em blocos ou placas de forma q",Goiás,9395,53500,comexstat,2026-10-08
2025,11,2515,"Mármores, travertinos, granitos belgas e outras pedras calcárias de cantaria ou de construção, de densidade aparente igual ou superior a 2,5, e alabastro, mesmo desbastados ou simplesmente cortados à serra ou por outro meio, em blocos ou placas de forma q",Paraná,9272,29421,comexstat,2026-10-08
2025,01,6802,"Pedras de cantaria ou de construção (exceto de ardósia) trabalhadas e obras destas pedras, exceto as da posição 6801; cubos, pastilhas e artigos semelhantes, para mosaicos, de pedra natural (incluída a ardósia), mesmo com suporte; grânulos, fragmentos e",Paraíba,9219,26820,comexstat,2026-10-08
2025,12,2515,"Mármores, travertinos, granitos belgas e outras pedras calcárias de cantaria ou de construção, de densidade aparente igual ou superior a 2,5, e alabastro, mesmo desbastados ou simplesmente cortados à serra ou por outro meio, em blocos ou placas de forma q",Goiás,9135,25052,comexstat,2026-10-08
2025,10,2516,"Granito, pórfiro, basalto, arenito e outras pedras de cantaria ou de construção, mesmo desbastados ou simplesmente cortados à serra ou por outro meio, em blocos ou placas de forma quadrada ou rectangular",Santa Catarina,8902,22400,comexstat,2026-10-08
2025,11,6802,"Pedras de cantaria ou de construção (exceto de ardósia) trabalhadas e obras destas pedras, exceto as da posição 6801; cubos, pastilhas e artigos semelhantes, para mosaicos, de pedra natural (incluída a ardósia), mesmo com suporte; grânulos, fragmentos e",Pernambuco,8899,25933,comexstat,2026-10-08
2025,06,2515,"Mármores, travertinos, granitos belgas e outras pedras calcárias de cantaria ou de construção, de densidade aparente igual ou superior a 2,5, e alabastro, mesmo desbastados ou simplesmente cortados à serra ou por outro meio, em blocos ou placas de forma q",Goiás,8880,54000,comexstat,2026-10-08
2025,02,6802,"Pedras de cantaria ou de construção (exceto de ardósia) trabalhadas e obras destas pedras, exceto as da posição 6801; cubos, pastilhas e artigos semelhantes, para mosaicos, de pedra natural (incluída a ardósia), mesmo com suporte; grânulos, fragmentos e",Pernambuco,8785,39259,comexstat,2026-10-08
2025,10,2514,"Ardósia, mesmo desbastada ou simplesmente cortada a serra ou por outro meio, em blocos ou placas de forma quadrada ou retangular",São Paulo,8732,42000,comexstat,2026-10-08
2025,08,6802,"Pedras de cantaria ou de construção (exceto de ardósia) trabalhadas e obras destas pedras, exceto as da posição 6801; cubos, pastilhas e artigos semelhantes, para mosaicos, de pedra natural (incluída a ardósia), mesmo com suporte; grânulos, fragmentos e",Rio de Janeiro,8700,2960,comexstat,2026-10-08
2025,01,6802,"Pedras de cantaria ou de construção (exceto de ardósia) trabalhadas e obras destas pedras, exceto as da posição 6801; cubos, pastilhas e artigos semelhantes, para mosaicos, de pedra natural (incluída a ardósia), mesmo com suporte; grânulos, fragmentos e",Pernambuco,8230,27161,comexstat,2026-10-08
2025,11,6802,"Pedras de cantaria ou de construção (exceto de ardósia) trabalhadas e obras destas pedras, exceto as da posição 6801; cubos, pastilhas e artigos semelhantes, para mosaicos, de pedra natural (incluída a ardósia), mesmo com suporte; grânulos, fragmentos e",Distrito Federal,7859,54650,comexstat,2026-10-08
2025,10,2515,"Mármores, travertinos, granitos belgas e outras pedras calcárias de cantaria ou de construção, de densidade aparente igual ou superior a 2,5, e alabastro, mesmo desbastados ou simplesmente cortados à serra ou por outro meio, em blocos ou placas de forma q",Mato Grosso do Sul,7498,46310,comexstat,2026-10-08
2025,02,2516,"Granito, pórfiro, basalto, arenito e outras pedras de cantaria ou de construção, mesmo desbastados ou simplesmente cortados à serra ou por outro meio, em blocos ou placas de forma quadrada ou rectangular",Santa Catarina,7396,21860,comexstat,2026-10-08
2025,11,6803,Ardósia natural trabalhada e obras de ardósia natural ou aglomerada,São Paulo,7237,14998,comexstat,2026-10-08
2025,10,2515,"Mármores, travertinos, granitos belgas e outras pedras calcárias de cantaria ou de construção, de densidade aparente igual ou superior a 2,5, e alabastro, mesmo desbastados ou simplesmente cortados à serra ou por outro meio, em blocos ou placas de forma q",Bahia,7128,24740,comexstat,2026-10-08
2025,10,6801,"Pedras para calcetar, meios-fios e placas (lajes) para pavimentação, de pedra natural (exceto a ardósia)",Maranhão,6908,11695,comexstat,2026-10-08
2025,09,2515,"Mármores, travertinos, granitos belgas e outras pedras calcárias de cantaria ou de construção, de densidade aparente igual ou superior a 2,5, e alabastro, mesmo desbastados ou simplesmente cortados à serra ou por outro meio, em blocos ou placas de forma q",Bahia,6821,52470,comexstat,2026-10-08
2025,09,2515,"Mármores, travertinos, granitos belgas e outras pedras calcárias de cantaria ou de construção, de densidade aparente igual ou superior a 2,5, e alabastro, mesmo desbastados ou simplesmente cortados à serra ou por outro meio, em blocos ou placas de forma q",Pernambuco,6572,27000,comexstat,2026-10-08
2025,11,6802,"Pedras de cantaria ou de construção (exceto de ardósia) trabalhadas e obras destas pedras, exceto as da posição 6801; cubos, pastilhas e artigos semelhantes, para mosaicos, de pedra natural (incluída a ardósia), mesmo com suporte; grânulos, fragmentos e",Bahia,6517,16303,comexstat,2026-10-08
2025,12,6802,"Pedras de cantaria ou de construção (exceto de ardósia) trabalhadas e obras destas pedras, exceto as da posição 6801; cubos, pastilhas e artigos semelhantes, para mosaicos, de pedra natural (incluída a ardósia), mesmo com suporte; grânulos, fragmentos e",Pernambuco,6090,23088,comexstat,2026-10-08
2025,07,2516,"Granito, pórfiro, basalto, arenito e outras pedras de cantaria ou de construção, mesmo desbastados ou simplesmente cortados à serra ou por outro meio, em blocos ou placas de forma quadrada ou rectangular",Bahia,6075,24256,comexstat,2026-10-08
2025,11,2515,"Mármores, travertinos, granitos belgas e outras pedras calcárias de cantaria ou de construção, de densidade aparente igual ou superior a 2,5, e alabastro, mesmo desbastados ou simplesmente cortados à serra ou por outro meio, em blocos ou placas de forma q",Bahia,5886,10717,comexstat,2026-10-08
2025,11,2516,"Granito, pórfiro, basalto, arenito e outras pedras de cantaria ou de construção, mesmo desbastados ou simplesmente cortados à serra ou por outro meio, em blocos ou placas de forma quadrada ou rectangular",São Paulo,5554,14467,comexstat,2026-10-08
2025,02,6802,"Pedras de cantaria ou de construção (exceto de ardósia) trabalhadas e obras destas pedras, exceto as da posição 6801; cubos, pastilhas e artigos semelhantes, para mosaicos, de pedra natural (incluída a ardósia), mesmo com suporte; grânulos, fragmentos e",Sergipe,5518,25000,comexstat,2026-10-08
2025,07,6802,"Pedras de cantaria ou de construção (exceto de ardósia) trabalhadas e obras destas pedras, exceto as da posição 6801; cubos, pastilhas e artigos semelhantes, para mosaicos, de pedra natural (incluída a ardósia), mesmo com suporte; grânulos, fragmentos e",Pernambuco,5410,24531,comexstat,2026-10-08
2025,12,6802,"Pedras de cantaria ou de construção (exceto de ardósia) trabalhadas e obras destas pedras, exceto as da posição 6801; cubos, pastilhas e artigos semelhantes, para mosaicos, de pedra natural (incluída a ardósia), mesmo com suporte; grânulos, fragmentos e",Ceará,5261,21227,comexstat,2026-10-08
2025,03,2516,"Granito, pórfiro, basalto, arenito e outras pedras de cantaria ou de construção, mesmo desbastados ou simplesmente cortados à serra ou por outro meio, em blocos ou placas de forma quadrada ou rectangular",São Paulo,4986,15298,comexstat,2026-10-08
2025,12,6802,"Pedras de cantaria ou de construção (exceto de ardósia) trabalhadas e obras destas pedras, exceto as da posição 6801; cubos, pastilhas e artigos semelhantes, para mosaicos, de pedra natural (incluída a ardósia), mesmo com suporte; grânulos, fragmentos e",Amazonas,4966,25007,comexstat,2026-10-08
2025,09,2516,"Granito, pórfiro, basalto, arenito e outras pedras de cantaria ou de construção, mesmo desbastados ou simplesmente cortados à serra ou por outro meio, em blocos ou placas de forma quadrada ou rectangular",Rio de Janeiro,4914,30,comexstat,2026-10-08
2025,02,2514,"Ardósia, mesmo desbastada ou simplesmente cortada a serra ou por outro meio, em blocos ou placas de forma quadrada ou retangular",São Paulo,4864,27000,comexstat,2026-10-08
2025,09,2516,"Granito, pórfiro, basalto, arenito e outras pedras de cantaria ou de construção, mesmo desbastados ou simplesmente cortados à serra ou por outro meio, em blocos ou placas de forma quadrada ou rectangular",Pernambuco,4800,24,comexstat,2026-10-08
2025,06,2515,"Mármores, travertinos, granitos belgas e outras pedras calcárias de cantaria ou de construção, de densidade aparente igual ou superior a 2,5, e alabastro, mesmo desbastados ou simplesmente cortados à serra ou por outro meio, em blocos ou placas de forma q",Rio de Janeiro,4641,16,comexstat,2026-10-08
2025,10,6803,Ardósia natural trabalhada e obras de ardósia natural ou aglomerada,Paraná,4630,901,comexstat,2026-10-08
2025,07,2515,"Mármores, travertinos, granitos belgas e outras pedras calcárias de cantaria ou de construção, de densidade aparente igual ou superior a 2,5, e alabastro, mesmo desbastados ou simplesmente cortados à serra ou por outro meio, em blocos ou placas de forma q",Alagoas,4626,24672,comexstat,2026-10-08
2025,12,2514,"Ardósia, mesmo desbastada ou simplesmente cortada a serra ou por outro meio, em blocos ou placas de forma quadrada ou retangular",São Paulo,4479,21000,comexstat,2026-10-08
2025,07,2514,"Ardósia, mesmo desbastada ou simplesmente cortada a serra ou por outro meio, em blocos ou placas de forma quadrada ou retangular",São Paulo,4322,21000,comexstat,2026-10-08
2025,08,2514,"Ardósia, mesmo desbastada ou simplesmente cortada a serra ou por outro meio, em blocos ou placas de forma quadrada ou retangular",São Paulo,4281,21000,comexstat,2026-10-08
2025,06,2514,"Ardósia, mesmo desbastada ou simplesmente cortada a serra ou por outro meio, em blocos ou placas de forma quadrada ou retangular",São Paulo,4212,21000,comexstat,2026-10-08
2025,01,2516,"Granito, pórfiro, basalto, arenito e outras pedras de cantaria ou de construção, mesmo desbastados ou simplesmente cortados à serra ou por outro meio, em blocos ou placas de forma quadrada ou rectangular",São Paulo,4081,18710,comexstat,2026-10-08
2025,09,2516,"Granito, pórfiro, basalto, arenito e outras pedras de cantaria ou de construção, mesmo desbastados ou simplesmente cortados à serra ou por outro meio, em blocos ou placas de forma quadrada ou rectangular",São Paulo,3985,8273,comexstat,2026-10-08
2025,11,6802,"Pedras de cantaria ou de construção (exceto de ardósia) trabalhadas e obras destas pedras, exceto as da posição 6801; cubos, pastilhas e artigos semelhantes, para mosaicos, de pedra natural (incluída a ardósia), mesmo com suporte; grânulos, fragmentos e",Amazonas,3968,1350,comexstat,2026-10-08
2025,04,2516,"Granito, pórfiro, basalto, arenito e outras pedras de cantaria ou de construção, mesmo desbastados ou simplesmente cortados à serra ou por outro meio, em blocos ou placas de forma quadrada ou rectangular",Rio de Janeiro,3800,21,comexstat,2026-10-08
2025,09,6803,Ardósia natural trabalhada e obras de ardósia natural ou aglomerada,Paraná,3548,663,comexstat,2026-10-08
2025,05,2515,"Mármores, travertinos, granitos belgas e outras pedras calcárias de cantaria ou de construção, de densidade aparente igual ou superior a 2,5, e alabastro, mesmo desbastados ou simplesmente cortados à serra ou por outro meio, em blocos ou placas de forma q",Bahia,3497,26900,comexstat,2026-10-08
2025,04,6803,Ardósia natural trabalhada e obras de ardósia natural ou aglomerada,Paraná,3438,719,comexstat,2026-10-08
2025,07,6803,Ardósia natural trabalhada e obras de ardósia natural ou aglomerada,Paraná,3388,677,comexstat,2026-10-08
2025,01,6802,"Pedras de cantaria ou de construção (exceto de ardósia) trabalhadas e obras destas pedras, exceto as da posição 6801; cubos, pastilhas e artigos semelhantes, para mosaicos, de pedra natural (incluída a ardósia), mesmo com suporte; grânulos, fragmentos e",Rio de Janeiro,3370,3744,comexstat,2026-10-08
2025,08,6802,"Pedras de cantaria ou de construção (exceto de ardósia) trabalhadas e obras destas pedras, exceto as da posição 6801; cubos, pastilhas e artigos semelhantes, para mosaicos, de pedra natural (incluída a ardósia), mesmo com suporte; grânulos, fragmentos e",Alagoas,3308,26810,comexstat,2026-10-08
2025,06,6803,Ardósia natural trabalhada e obras de ardósia natural ou aglomerada,São Paulo,3246,2724,comexstat,2026-10-08
2025,01,2516,"Granito, pórfiro, basalto, arenito e outras pedras de cantaria ou de construção, mesmo desbastados ou simplesmente cortados à serra ou por outro meio, em blocos ou placas de forma quadrada ou rectangular",Ceará,3200,12,comexstat,2026-10-08
2025,03,6803,Ardósia natural trabalhada e obras de ardósia natural ou aglomerada,São Paulo,3077,269,comexstat,2026-10-08
2025,05,2515,"Mármores, travertinos, granitos belgas e outras pedras calcárias de cantaria ou de construção, de densidade aparente igual ou superior a 2,5, e alabastro, mesmo desbastados ou simplesmente cortados à serra ou por outro meio, em blocos ou placas de forma q",Mato Grosso do Sul,2673,27260,comexstat,2026-10-08
2025,12,2515,"Mármores, travertinos, granitos belgas e outras pedras calcárias de cantaria ou de construção, de densidade aparente igual ou superior a 2,5, e alabastro, mesmo desbastados ou simplesmente cortados à serra ou por outro meio, em blocos ou placas de forma q",Bahia,2602,3730,comexstat,2026-10-08
2025,03,2516,"Granito, pórfiro, basalto, arenito e outras pedras de cantaria ou de construção, mesmo desbastados ou simplesmente cortados à serra ou por outro meio, em blocos ou placas de forma quadrada ou rectangular",Espírito Santo,2458,5647,comexstat,2026-10-08
2025,01,6803,Ardósia natural trabalhada e obras de ardósia natural ou aglomerada,São Paulo,2311,301,comexstat,2026-10-08
2025,08,6803,Ardósia natural trabalhada e obras de ardósia natural ou aglomerada,Pernambuco,2308,935,comexstat,2026-10-08
2025,09,2516,"Granito, pórfiro, basalto, arenito e outras pedras de cantaria ou de construção, mesmo desbastados ou simplesmente cortados à serra ou por outro meio, em blocos ou placas de forma quadrada ou rectangular",Amazonas,2265,60,comexstat,2026-10-08
2025,08,6803,Ardósia natural trabalhada e obras de ardósia natural ou aglomerada,Santa Catarina,2156,2799,comexstat,2026-10-08
2025,10,2516,"Granito, pórfiro, basalto, arenito e outras pedras de cantaria ou de construção, mesmo desbastados ou simplesmente cortados à serra ou por outro meio, em blocos ou placas de forma quadrada ou rectangular",Rio de Janeiro,2125,48,comexstat,2026-10-08
2025,12,6802,"Pedras de cantaria ou de construção (exceto de ardósia) trabalhadas e obras destas pedras, exceto as da posição 6801; cubos, pastilhas e artigos semelhantes, para mosaicos, de pedra natural (incluída a ardósia), mesmo com suporte; grânulos, fragmentos e",Rio de Janeiro,2118,1432,comexstat,2026-10-08
2025,01,2515,"Mármores, travertinos, granitos belgas e outras pedras calcárias de cantaria ou de construção, de densidade aparente igual ou superior a 2,5, e alabastro, mesmo desbastados ou simplesmente cortados à serra ou por outro meio, em blocos ou placas de forma q",Bahia,2011,7437,comexstat,2026-10-08
2025,07,6802,"Pedras de cantaria ou de construção (exceto de ardósia) trabalhadas e obras destas pedras, exceto as da posição 6801; cubos, pastilhas e artigos semelhantes, para mosaicos, de pedra natural (incluída a ardósia), mesmo com suporte; grânulos, fragmentos e",Maranhão,1817,3016,comexstat,2026-10-08
2025,12,6803,Ardósia natural trabalhada e obras de ardósia natural ou aglomerada,Rondônia,1816,587,comexstat,2026-10-08
2025,07,2516,"Granito, pórfiro, basalto, arenito e outras pedras de cantaria ou de construção, mesmo desbastados ou simplesmente cortados à serra ou por outro meio, em blocos ou placas de forma quadrada ou rectangular",Rio de Janeiro,1425,12,comexstat,2026-10-08
2025,11,6802,"Pedras de cantaria ou de construção (exceto de ardósia) trabalhadas e obras destas pedras, exceto as da posição 6801; cubos, pastilhas e artigos semelhantes, para mosaicos, de pedra natural (incluída a ardósia), mesmo com suporte; grânulos, fragmentos e",Piauí,1334,330,comexstat,2026-10-08
2025,05,6803,Ardósia natural trabalhada e obras de ardósia natural ou aglomerada,Santa Catarina,1260,1442,comexstat,2026-10-08
2025,10,6803,Ardósia natural trabalhada e obras de ardósia natural ou aglomerada,Santa Catarina,1236,1306,comexstat,2026-10-08
2025,10,6803,Ardósia natural trabalhada e obras de ardósia natural ou aglomerada,Rondônia,1150,320,comexstat,2026-10-08
2025,01,6802,"Pedras de cantaria ou de construção (exceto de ardósia) trabalhadas e obras destas pedras, exceto as da posição 6801; cubos, pastilhas e artigos semelhantes, para mosaicos, de pedra natural (incluída a ardósia), mesmo com suporte; grânulos, fragmentos e",Rio Grande do Norte,1073,1298,comexstat,2026-10-08
2025,10,6803,Ardósia natural trabalhada e obras de ardósia natural ou aglomerada,São Paulo,847,10,comexstat,2026-10-08
2025,09,6803,Ardósia natural trabalhada e obras de ardósia natural ou aglomerada,Pernambuco,821,465,comexstat,2026-10-08
2025,06,6802,"Pedras de cantaria ou de construção (exceto de ardósia) trabalhadas e obras destas pedras, exceto as da posição 6801; cubos, pastilhas e artigos semelhantes, para mosaicos, de pedra natural (incluída a ardósia), mesmo com suporte; grânulos, fragmentos e",Pará,741,268,comexstat,2026-10-08
2025,05,6802,"Pedras de cantaria ou de construção (exceto de ardósia) trabalhadas e obras destas pedras, exceto as da posição 6801; cubos, pastilhas e artigos semelhantes, para mosaicos, de pedra natural (incluída a ardósia), mesmo com suporte; grânulos, fragmentos e",Amazonas,625,126,comexstat,2026-10-08
2025,12,6802,"Pedras de cantaria ou de construção (exceto de ardósia) trabalhadas e obras destas pedras, exceto as da posição 6801; cubos, pastilhas e artigos semelhantes, para mosaicos, de pedra natural (incluída a ardósia), mesmo com suporte; grânulos, fragmentos e",Piauí,577,210,comexstat,2026-10-08
2025,03,6803,Ardósia natural trabalhada e obras de ardósia natural ou aglomerada,Pernambuco,575,704,comexstat,2026-10-08
2025,05,6803,Ardósia natural trabalhada e obras de ardósia natural ou aglomerada,Distrito Federal,571,134,comexstat,2026-10-08
2025,01,6803,Ardósia natural trabalhada e obras de ardósia natural ou aglomerada,Espírito Santo,547,301,comexstat,2026-10-08
2025,02,6802,"Pedras de cantaria ou de construção (exceto de ardósia) trabalhadas e obras destas pedras, exceto as da posição 6801; cubos, pastilhas e artigos semelhantes, para mosaicos, de pedra natural (incluída a ardósia), mesmo com suporte; grânulos, fragmentos e",Rio Grande do Norte,486,298,comexstat,2026-10-08
2025,03,2516,"Granito, pórfiro, basalto, arenito e outras pedras de cantaria ou de construção, mesmo desbastados ou simplesmente cortados à serra ou por outro meio, em blocos ou placas de forma quadrada ou rectangular",Rio Grande do Sul,468,320,comexstat,2026-10-08
2025,07,6803,Ardósia natural trabalhada e obras de ardósia natural ou aglomerada,Distrito Federal,468,160,comexstat,2026-10-08
2025,02,6802,"Pedras de cantaria ou de construção (exceto de ardósia) trabalhadas e obras destas pedras, exceto as da posição 6801; cubos, pastilhas e artigos semelhantes, para mosaicos, de pedra natural (incluída a ardósia), mesmo com suporte; grânulos, fragmentos e",Amazonas,432,746,comexstat,2026-10-08
2025,06,2516,"Granito, pórfiro, basalto, arenito e outras pedras de cantaria ou de construção, mesmo desbastados ou simplesmente cortados à serra ou por outro meio, em blocos ou placas de forma quadrada ou rectangular",Rio de Janeiro,418,929,comexstat,2026-10-08
2025,05,2515,"Mármores, travertinos, granitos belgas e outras pedras calcárias de cantaria ou de construção, de densidade aparente igual ou superior a 2,5, e alabastro, mesmo desbastados ou simplesmente cortados à serra ou por outro meio, em blocos ou placas de forma q",Rio de Janeiro,408,0,comexstat,2026-10-08
2025,05,6802,"Pedras de cantaria ou de construção (exceto de ardósia) trabalhadas e obras destas pedras, exceto as da posição 6801; cubos, pastilhas e artigos semelhantes, para mosaicos, de pedra natural (incluída a ardósia), mesmo com suporte; grânulos, fragmentos e",Pará,389,202,comexstat,2026-10-08
2025,03,6803,Ardósia natural trabalhada e obras de ardósia natural ou aglomerada,Distrito Federal,296,88,comexstat,2026-10-08
2025,08,6803,Ardósia natural trabalhada e obras de ardósia natural ou aglomerada,São Paulo,277,2,comexstat,2026-10-08
2025,04,2516,"Granito, pórfiro, basalto, arenito e outras pedras de cantaria ou de construção, mesmo desbastados ou simplesmente cortados à serra ou por outro meio, em blocos ou placas de forma quadrada ou rectangular",Minas Gerais,260,2,comexstat,2026-10-08
2025,06,6803,Ardósia natural trabalhada e obras de ardósia natural ou aglomerada,Distrito Federal,242,71,comexstat,2026-10-08
2025,02,6802,"Pedras de cantaria ou de construção (exceto de ardósia) trabalhadas e obras destas pedras, exceto as da posição 6801; cubos, pastilhas e artigos semelhantes, para mosaicos, de pedra natural (incluída a ardósia), mesmo com suporte; grânulos, fragmentos e",Rio de Janeiro,212,775,comexstat,2026-10-08
2025,09,6803,Ardósia natural trabalhada e obras de ardósia natural ou aglomerada,Distrito Federal,202,68,comexstat,2026-10-08
2025,11,6803,Ardósia natural trabalhada e obras de ardósia natural ou aglomerada,Rondônia,179,33,comexstat,2026-10-08
2025,08,6803,Ardósia natural trabalhada e obras de ardósia natural ou aglomerada,Distrito Federal,161,52,comexstat,2026-10-08
2025,02,6803,Ardósia natural trabalhada e obras de ardósia natural ou aglomerada,Distrito Federal,157,64,comexstat,2026-10-08
2025,11,6802,"Pedras de cantaria ou de construção (exceto de ardósia) trabalhadas e obras destas pedras, exceto as da posição 6801; cubos, pastilhas e artigos semelhantes, para mosaicos, de pedra natural (incluída a ardósia), mesmo com suporte; grânulos, fragmentos e",Rio Grande do Norte,114,51,comexstat,2026-10-08
2025,06,6802,"Pedras de cantaria ou de construção (exceto de ardósia) trabalhadas e obras destas pedras, exceto as da posição 6801; cubos, pastilhas e artigos semelhantes, para mosaicos, de pedra natural (incluída a ardósia), mesmo com suporte; grânulos, fragmentos e",Bahia,103,35,comexstat,2026-10-08
2025,01,6802,"Pedras de cantaria ou de construção (exceto de ardósia) trabalhadas e obras destas pedras, exceto as da posição 6801; cubos, pastilhas e artigos semelhantes, para mosaicos, de pedra natural (incluída a ardósia), mesmo com suporte; grânulos, fragmentos e",Amazonas,99,30,comexstat,2026-10-08
2025,03,6802,"Pedras de cantaria ou de construção (exceto de ardósia) trabalhadas e obras destas pedras, exceto as da posição 6801; cubos, pastilhas e artigos semelhantes, para mosaicos, de pedra natural (incluída a ardósia), mesmo com suporte; grânulos, fragmentos e",Alagoas,75,97,comexstat,2026-10-08
2025,07,6803,Ardósia natural trabalhada e obras de ardósia natural ou aglomerada,Amapá,41,8,comexstat,2026-10-08
2025,05,6803,Ardósia natural trabalhada e obras de ardósia natural ou aglomerada,Amazonas,40,8,comexstat,2026-10-08
2025,11,2516,"Granito, pórfiro, basalto, arenito e outras pedras de cantaria ou de construção, mesmo desbastados ou simplesmente cortados à serra ou por outro meio, em blocos ou placas de forma quadrada ou rectangular",Rio de Janeiro,33,6,comexstat,2026-10-08
2025,03,6802,"Pedras de cantaria ou de construção (exceto de ardósia) trabalhadas e obras destas pedras, exceto as da posição 6801; cubos, pastilhas e artigos semelhantes, para mosaicos, de pedra natural (incluída a ardósia), mesmo com suporte; grânulos, fragmentos e",Distrito Federal,18,0,comexstat,2026-10-08
2025,05,6803,Ardósia natural trabalhada e obras de ardósia natural ou aglomerada,São Paulo,7,1,comexstat,2026-10-08
2026,01,2515,"Mármores, travertinos, granitos belgas e outras pedras calcárias de cantaria ou de construção, de densidade aparente igual ou superior a 2,5, e alabastro, mesmo desbastados ou simplesmente cortados à serra ou por outro meio, em blocos ou placas de forma q",Rondônia,1465345,6630664,comexstat,2026-10-08
2026,02,2515,"Mármores, travertinos, granitos belgas e outras pedras calcárias de cantaria ou de construção, de densidade aparente igual ou superior a 2,5, e alabastro, mesmo desbastados ou simplesmente cortados à serra ou por outro meio, em blocos ou placas de forma q",Rondônia,794111,3482591,comexstat,2026-10-08
2026,08,2515,"Mármores, travertinos, granitos belgas e outras pedras calcárias de cantaria ou de construção, de densidade aparente igual ou superior a 2,5, e alabastro, mesmo desbastados ou simplesmente cortados à serra ou por outro meio, em blocos ou placas de forma q",Rondônia,768212,3331666,comexstat,2026-10-08
2026,06,6802,"Pedras de cantaria ou de construção (exceto de ardósia) trabalhadas e obras destas pedras, exceto as da posição 6801; cubos, pastilhas e artigos semelhantes, para mosaicos, de pedra natural (incluída a ardósia), mesmo com suporte; grânulos, fragmentos e",São Paulo,709762,1109503,comexstat,2026-10-08
2026,08,6802,"Pedras de cantaria ou de construção (exceto de ardósia) trabalhadas e obras destas pedras, exceto as da posição 6801; cubos, pastilhas e artigos semelhantes, para mosaicos, de pedra natural (incluída a ardósia), mesmo com suporte; grânulos, fragmentos e",Rondônia,674497,1262702,comexstat,2026-10-08
2026,01,6802,"Pedras de cantaria ou de construção (exceto de ardósia) trabalhadas e obras destas pedras, exceto as da posição 6801; cubos, pastilhas e artigos semelhantes, para mosaicos, de pedra natural (incluída a ardósia), mesmo com suporte; grânulos, fragmentos e",São Paulo,653316,1035096,comexstat,2026-10-08
2026,05,2515,"Mármores, travertinos, granitos belgas e outras pedras calcárias de cantaria ou de construção, de densidade aparente igual ou superior a 2,5, e alabastro, mesmo desbastados ou simplesmente cortados à serra ou por outro meio, em blocos ou placas de forma q",Rondônia,641095,2303665,comexstat,2026-10-08
2026,05,6802,"Pedras de cantaria ou de construção (exceto de ardósia) trabalhadas e obras destas pedras, exceto as da posição 6801; cubos, pastilhas e artigos semelhantes, para mosaicos, de pedra natural (incluída a ardósia), mesmo com suporte; grânulos, fragmentos e",São Paulo,637671,810314,comexstat,2026-10-08
2026,06,2515,"Mármores, travertinos, granitos belgas e outras pedras calcárias de cantaria ou de construção, de densidade aparente igual ou superior a 2,5, e alabastro, mesmo desbastados ou simplesmente cortados à serra ou por outro meio, em blocos ou placas de forma q",Rondônia,626918,1327767,comexstat,2026-10-08
2026,09,2515,"Mármores, travertinos, granitos belgas e outras pedras calcárias de cantaria ou de construção, de densidade aparente igual ou superior a 2,5, e alabastro, mesmo desbastados ou simplesmente cortados à serra ou por outro meio, em blocos ou placas de forma q",Rondônia,626263,1476817,comexstat,2026-10-08
2026,03,2515,"Mármores, travertinos, granitos belgas e outras pedras calcárias de cantaria ou de construção, de densidade aparente igual ou superior a 2,5, e alabastro, mesmo desbastados ou simplesmente cortados à serra ou por outro meio, em blocos ou placas de forma q",Rondônia,601291,1638679,comexstat,2026-10-08
2026,09,6802,"Pedras de cantaria ou de construção (exceto de ardósia) trabalhadas e obras destas pedras, exceto as da posição 6801; cubos, pastilhas e artigos semelhantes, para mosaicos, de pedra natural (incluída a ardósia), mesmo com suporte; grânulos, fragmentos e",São Paulo,594401,1099873,comexstat,2026-10-08
2026,04,2515,"Mármores, travertinos, granitos belgas e outras pedras calcárias de cantaria ou de construção, de densidade aparente igual ou superior a 2,5, e alabastro, mesmo desbastados ou simplesmente cortados à serra ou por outro meio, em blocos ou placas de forma q",Rondônia,581758,1950196,comexstat,2026-10-08
2026,04,6802,"Pedras de cantaria ou de construção (exceto de ardósia) trabalhadas e obras destas pedras, exceto as da posição 6801; cubos, pastilhas e artigos semelhantes, para mosaicos, de pedra natural (incluída a ardósia), mesmo com suporte; grânulos, fragmentos e",São Paulo,526030,936840,comexstat,2026-10-08
2026,08,6802,"Pedras de cantaria ou de construção (exceto de ardósia) trabalhadas e obras destas pedras, exceto as da posição 6801; cubos, pastilhas e artigos semelhantes, para mosaicos, de pedra natural (incluída a ardósia), mesmo com suporte; grânulos, fragmentos e",São Paulo,502773,742174,comexstat,2026-10-08
2026,06,6802,"Pedras de cantaria ou de construção (exceto de ardósia) trabalhadas e obras destas pedras, exceto as da posição 6801; cubos, pastilhas e artigos semelhantes, para mosaicos, de pedra natural (incluída a ardósia), mesmo com suporte; grânulos, fragmentos e",Rondônia,490541,965551,comexstat,2026-10-08
2026,07,6802,"Pedras de cantaria ou de construção (exceto de ardósia) trabalhadas e obras destas pedras, exceto as da posição 6801; cubos, pastilhas e artigos semelhantes, para mosaicos, de pedra natural (incluída a ardósia), mesmo com suporte; grânulos, fragmentos e",São Paulo,486983,938527,comexstat,2026-10-08
2026,04,6802,"Pedras de cantaria ou de construção (exceto de ardósia) trabalhadas e obras destas pedras, exceto as da posição 6801; cubos, pastilhas e artigos semelhantes, para mosaicos, de pedra natural (incluída a ardósia), mesmo com suporte; grânulos, fragmentos e",Rondônia,476699,916767,comexstat,2026-10-08
2026,07,2515,"Mármores, travertinos, granitos belgas e outras pedras calcárias de cantaria ou de construção, de densidade aparente igual ou superior a 2,5, e alabastro, mesmo desbastados ou simplesmente cortados à serra ou por outro meio, em blocos ou placas de forma q",Rondônia,465386,1600596,comexstat,2026-10-08
2026,07,6802,"Pedras de cantaria ou de construção (exceto de ardósia) trabalhadas e obras destas pedras, exceto as da posição 6801; cubos, pastilhas e artigos semelhantes, para mosaicos, de pedra natural (incluída a ardósia), mesmo com suporte; grânulos, fragmentos e",Rondônia,453044,699692,comexstat,2026-10-08
2026,07,2515,"Mármores, travertinos, granitos belgas e outras pedras calcárias de cantaria ou de construção, de densidade aparente igual ou superior a 2,5, e alabastro, mesmo desbastados ou simplesmente cortados à serra ou por outro meio, em blocos ou placas de forma q",São Paulo,451711,665214,comexstat,2026-10-08
2026,02,6802,"Pedras de cantaria ou de construção (exceto de ardósia) trabalhadas e obras destas pedras, exceto as da posição 6801; cubos, pastilhas e artigos semelhantes, para mosaicos, de pedra natural (incluída a ardósia), mesmo com suporte; grânulos, fragmentos e",São Paulo,444433,903596,comexstat,2026-10-08
2026,03,6802,"Pedras de cantaria ou de construção (exceto de ardósia) trabalhadas e obras destas pedras, exceto as da posição 6801; cubos, pastilhas e artigos semelhantes, para mosaicos, de pedra natural (incluída a ardósia), mesmo com suporte; grânulos, fragmentos e",São Paulo,441142,737832,comexstat,2026-10-08
2026,01,6802,"Pedras de cantaria ou de construção (exceto de ardósia) trabalhadas e obras destas pedras, exceto as da posição 6801; cubos, pastilhas e artigos semelhantes, para mosaicos, de pedra natural (incluída a ardósia), mesmo com suporte; grânulos, fragmentos e",Rondônia,422116,898647,comexstat,2026-10-08
2026,05,6802,"Pedras de cantaria ou de construção (exceto de ardósia) trabalhadas e obras destas pedras, exceto as da posição 6801; cubos, pastilhas e artigos semelhantes, para mosaicos, de pedra natural (incluída a ardósia), mesmo com suporte; grânulos, fragmentos e",Rondônia,410966,718316,comexstat,2026-10-08
2026,06,2515,"Mármores, travertinos, granitos belgas e outras pedras calcárias de cantaria ou de construção, de densidade aparente igual ou superior a 2,5, e alabastro, mesmo desbastados ou simplesmente cortados à serra ou por outro meio, em blocos ou placas de forma q",São Paulo,402675,653068,comexstat,2026-10-08
2026,03,6802,"Pedras de cantaria ou de construção (exceto de ardósia) trabalhadas e obras destas pedras, exceto as da posição 6801; cubos, pastilhas e artigos semelhantes, para mosaicos, de pedra natural (incluída a ardósia), mesmo com suporte; grânulos, fragmentos e",Rondônia,373274,870006,comexstat,2026-10-08
2026,09,2515,"Mármores, travertinos, granitos belgas e outras pedras calcárias de cantaria ou de construção, de densidade aparente igual ou superior a 2,5, e alabastro, mesmo desbastados ou simplesmente cortados à serra ou por outro meio, em blocos ou placas de forma q",São Paulo,320156,502093,comexstat,2026-10-08
2026,05,2515,"Mármores, travertinos, granitos belgas e outras pedras calcárias de cantaria ou de construção, de densidade aparente igual ou superior a 2,5, e alabastro, mesmo desbastados ou simplesmente cortados à serra ou por outro meio, em blocos ou placas de forma q",Santa Catarina,302759,799613,comexstat,2026-10-08
2026,02,6802,"Pedras de cantaria ou de construção (exceto de ardósia) trabalhadas e obras destas pedras, exceto as da posição 6801; cubos, pastilhas e artigos semelhantes, para mosaicos, de pedra natural (incluída a ardósia), mesmo com suporte; grânulos, fragmentos e",Rondônia,298535,829587,comexstat,2026-10-08
2026,08,2515,"Mármores, travertinos, granitos belgas e outras pedras calcárias de cantaria ou de construção, de densidade aparente igual ou superior a 2,5, e alabastro, mesmo desbastados ou simplesmente cortados à serra ou por outro meio, em blocos ou placas de forma q",São Paulo,266662,463861,comexstat,2026-10-08
2026,01,6802,"Pedras de cantaria ou de construção (exceto de ardósia) trabalhadas e obras destas pedras, exceto as da posição 6801; cubos, pastilhas e artigos semelhantes, para mosaicos, de pedra natural (incluída a ardósia), mesmo com suporte; grânulos, fragmentos e",Espírito Santo,264644,397747,comexstat,2026-10-08
2026,04,6802,"Pedras de cantaria ou de construção (exceto de ardósia) trabalhadas e obras destas pedras, exceto as da posição 6801; cubos, pastilhas e artigos semelhantes, para mosaicos, de pedra natural (incluída a ardósia), mesmo com suporte; grânulos, fragmentos e",Santa Catarina,260461,376750,comexstat,2026-10-08
2026,06,2515,"Mármores, travertinos, granitos belgas e outras pedras calcárias de cantaria ou de construção, de densidade aparente igual ou superior a 2,5, e alabastro, mesmo desbastados ou simplesmente cortados à serra ou por outro meio, em blocos ou placas de forma q",Santa Catarina,239775,729857,comexstat,2026-10-08
2026,01,2515,"Mármores, travertinos, granitos belgas e outras pedras calcárias de cantaria ou de construção, de densidade aparente igual ou superior a 2,5, e alabastro, mesmo desbastados ou simplesmente cortados à serra ou por outro meio, em blocos ou placas de forma q",São Paulo,237704,452386,comexstat,2026-10-08
2026,03,2515,"Mármores, travertinos, granitos belgas e outras pedras calcárias de cantaria ou de construção, de densidade aparente igual ou superior a 2,5, e alabastro, mesmo desbastados ou simplesmente cortados à serra ou por outro meio, em blocos ou placas de forma q",São Paulo,231507,418019,comexstat,2026-10-08
2026,04,2515,"Mármores, travertinos, granitos belgas e outras pedras calcárias de cantaria ou de construção, de densidade aparente igual ou superior a 2,5, e alabastro, mesmo desbastados ou simplesmente cortados à serra ou por outro meio, em blocos ou placas de forma q",São Paulo,216581,300614,comexstat,2026-10-08
2026,09,6802,"Pedras de cantaria ou de construção (exceto de ardósia) trabalhadas e obras destas pedras, exceto as da posição 6801; cubos, pastilhas e artigos semelhantes, para mosaicos, de pedra natural (incluída a ardósia), mesmo com suporte; grânulos, fragmentos e",Rondônia,212417,513799,comexstat,2026-10-08
2026,09,2515,"Mármores, travertinos, granitos belgas e outras pedras calcárias de cantaria ou de construção, de densidade aparente igual ou superior a 2,5, e alabastro, mesmo desbastados ou simplesmente cortados à serra ou por outro meio, em blocos ou placas de forma q",Santa Catarina,209377,362589,comexstat,2026-10-08
2026,03,6802,"Pedras de cantaria ou de construção (exceto de ardósia) trabalhadas e obras destas pedras, exceto as da posição 6801; cubos, pastilhas e artigos semelhantes, para mosaicos, de pedra natural (incluída a ardósia), mesmo com suporte; grânulos, fragmentos e",Santa Catarina,205446,186873,comexstat,2026-10-08
2026,02,6802,"Pedras de cantaria ou de construção (exceto de ardósia) trabalhadas e obras destas pedras, exceto as da posição 6801; cubos, pastilhas e artigos semelhantes, para mosaicos, de pedra natural (incluída a ardósia), mesmo com suporte; grânulos, fragmentos e",Santa Catarina,202307,347336,comexstat,2026-10-08
2026,01,2515,"Mármores, travertinos, granitos belgas e outras pedras calcárias de cantaria ou de construção, de densidade aparente igual ou superior a 2,5, e alabastro, mesmo desbastados ou simplesmente cortados à serra ou por outro meio, em blocos ou placas de forma q",Paraná,195464,287620,comexstat,2026-10-08
2026,05,2516,"Granito, pórfiro, basalto, arenito e outras pedras de cantaria ou de construção, mesmo desbastados ou simplesmente cortados à serra ou por outro meio, em blocos ou placas de forma quadrada ou rectangular",Espírito Santo,187920,20880,comexstat,2026-10-08
2026,05,6802,"Pedras de cantaria ou de construção (exceto de ardósia) trabalhadas e obras destas pedras, exceto as da posição 6801; cubos, pastilhas e artigos semelhantes, para mosaicos, de pedra natural (incluída a ardósia), mesmo com suporte; grânulos, fragmentos e",Santa Catarina,186836,338943,comexstat,2026-10-08
2026,01,2515,"Mármores, travertinos, granitos belgas e outras pedras calcárias de cantaria ou de construção, de densidade aparente igual ou superior a 2,5, e alabastro, mesmo desbastados ou simplesmente cortados à serra ou por outro meio, em blocos ou placas de forma q",Santa Catarina,180358,359233,comexstat,2026-10-08
2026,06,6802,"Pedras de cantaria ou de construção (exceto de ardósia) trabalhadas e obras destas pedras, exceto as da posição 6801; cubos, pastilhas e artigos semelhantes, para mosaicos, de pedra natural (incluída a ardósia), mesmo com suporte; grânulos, fragmentos e",Santa Catarina,174046,312456,comexstat,2026-10-08
2026,03,2515,"Mármores, travertinos, granitos belgas e outras pedras calcárias de cantaria ou de construção, de densidade aparente igual ou superior a 2,5, e alabastro, mesmo desbastados ou simplesmente cortados à serra ou por outro meio, em blocos ou placas de forma q",Paraná,173168,214810,comexstat,2026-10-08
2026,06,2515,"Mármores, travertinos, granitos belgas e outras pedras calcárias de cantaria ou de construção, de densidade aparente igual ou superior a 2,5, e alabastro, mesmo desbastados ou simplesmente cortados à serra ou por outro meio, em blocos ou placas de forma q",Paraná,172719,194770,comexstat,2026-10-08
2026,09,6802,"Pedras de cantaria ou de construção (exceto de ardósia) trabalhadas e obras destas pedras, exceto as da posição 6801; cubos, pastilhas e artigos semelhantes, para mosaicos, de pedra natural (incluída a ardósia), mesmo com suporte; grânulos, fragmentos e",Santa Catarina,170959,283688,comexstat,2026-10-08
2026,03,2515,"Mármores, travertinos, granitos belgas e outras pedras calcárias de cantaria ou de construção, de densidade aparente igual ou superior a 2,5, e alabastro, mesmo desbastados ou simplesmente cortados à serra ou por outro meio, em blocos ou placas de forma q",Santa Catarina,165635,488249,comexstat,2026-10-08
2026,01,6802,"Pedras de cantaria ou de construção (exceto de ardósia) trabalhadas e obras destas pedras, exceto as da posição 6801; cubos, pastilhas e artigos semelhantes, para mosaicos, de pedra natural (incluída a ardósia), mesmo com suporte; grânulos, fragmentos e",Santa Catarina,160133,235527,comexstat,2026-10-08
2026,07,6802,"Pedras de cantaria ou de construção (exceto de ardósia) trabalhadas e obras destas pedras, exceto as da posição 6801; cubos, pastilhas e artigos semelhantes, para mosaicos, de pedra natural (incluída a ardósia), mesmo com suporte; grânulos, fragmentos e",Santa Catarina,159751,256704,comexstat,2026-10-08
2026,05,2515,"Mármores, travertinos, granitos belgas e outras pedras calcárias de cantaria ou de construção, de densidade aparente igual ou superior a 2,5, e alabastro, mesmo desbastados ou simplesmente cortados à serra ou por outro meio, em blocos ou placas de forma q",Espírito Santo,149636,416910,comexstat,2026-10-08
2026,08,6802,"Pedras de cantaria ou de construção (exceto de ardósia) trabalhadas e obras destas pedras, exceto as da posição 6801; cubos, pastilhas e artigos semelhantes, para mosaicos, de pedra natural (incluída a ardósia), mesmo com suporte; grânulos, fragmentos e",Santa Catarina,147989,271998,comexstat,2026-10-08
2026,04,6802,"Pedras de cantaria ou de construção (exceto de ardósia) trabalhadas e obras destas pedras, exceto as da posição 6801; cubos, pastilhas e artigos semelhantes, para mosaicos, de pedra natural (incluída a ardósia), mesmo com suporte; grânulos, fragmentos e",Espírito Santo,145976,381754,comexstat,2026-10-08
2026,04,2515,"Mármores, travertinos, granitos belgas e outras pedras calcárias de cantaria ou de construção, de densidade aparente igual ou superior a 2,5, e alabastro, mesmo desbastados ou simplesmente cortados à serra ou por outro meio, em blocos ou placas de forma q",Santa Catarina,144193,287943,comexstat,2026-10-08
2026,05,2515,"Mármores, travertinos, granitos belgas e outras pedras calcárias de cantaria ou de construção, de densidade aparente igual ou superior a 2,5, e alabastro, mesmo desbastados ou simplesmente cortados à serra ou por outro meio, em blocos ou placas de forma q",São Paulo,130923,206836,comexstat,2026-10-08
2026,01,6802,"Pedras de cantaria ou de construção (exceto de ardósia) trabalhadas e obras destas pedras, exceto as da posição 6801; cubos, pastilhas e artigos semelhantes, para mosaicos, de pedra natural (incluída a ardósia), mesmo com suporte; grânulos, fragmentos e",Rio de Janeiro,130646,56027,comexstat,2026-10-08
2026,08,6802,"Pedras de cantaria ou de construção (exceto de ardósia) trabalhadas e obras destas pedras, exceto as da posição 6801; cubos, pastilhas e artigos semelhantes, para mosaicos, de pedra natural (incluída a ardósia), mesmo com suporte; grânulos, fragmentos e",Espírito Santo,119667,339789,comexstat,2026-10-08
2026,06,6802,"Pedras de cantaria ou de construção (exceto de ardósia) trabalhadas e obras destas pedras, exceto as da posição 6801; cubos, pastilhas e artigos semelhantes, para mosaicos, de pedra natural (incluída a ardósia), mesmo com suporte; grânulos, fragmentos e",Espírito Santo,116179,255892,comexstat,2026-10-08
2026,05,2515,"Mármores, travertinos, granitos belgas e outras pedras calcárias de cantaria ou de construção, de densidade aparente igual ou superior a 2,5, e alabastro, mesmo desbastados ou simplesmente cortados à serra ou por outro meio, em blocos ou placas de forma q",Minas Gerais,109186,125150,comexstat,2026-10-08
2026,06,6802,"Pedras de cantaria ou de construção (exceto de ardósia) trabalhadas e obras destas pedras, exceto as da posição 6801; cubos, pastilhas e artigos semelhantes, para mosaicos, de pedra natural (incluída a ardósia), mesmo com suporte; grânulos, fragmentos e",Paraná,107365,136274,comexstat,2026-10-08
2026,01,6802,"Pedras de cantaria ou de construção (exceto de ardósia) trabalhadas e obras destas pedras, exceto as da posição 6801; cubos, pastilhas e artigos semelhantes, para mosaicos, de pedra natural (incluída a ardósia), mesmo com suporte; grânulos, fragmentos e",Rio Grande do Sul,106120,175174,comexstat,2026-10-08
2026,03,6802,"Pedras de cantaria ou de construção (exceto de ardósia) trabalhadas e obras destas pedras, exceto as da posição 6801; cubos, pastilhas e artigos semelhantes, para mosaicos, de pedra natural (incluída a ardósia), mesmo com suporte; grânulos, fragmentos e",Goiás,100387,270180,comexstat,2026-10-08
2026,03,2515,"Mármores, travertinos, granitos belgas e outras pedras calcárias de cantaria ou de construção, de densidade aparente igual ou superior a 2,5, e alabastro, mesmo desbastados ou simplesmente cortados à serra ou por outro meio, em blocos ou placas de forma q",Minas Gerais,99571,209720,comexstat,2026-10-08
2026,03,6802,"Pedras de cantaria ou de construção (exceto de ardósia) trabalhadas e obras destas pedras, exceto as da posição 6801; cubos, pastilhas e artigos semelhantes, para mosaicos, de pedra natural (incluída a ardósia), mesmo com suporte; grânulos, fragmentos e",Espírito Santo,98200,263554,comexstat,2026-10-08
2026,06,2515,"Mármores, travertinos, granitos belgas e outras pedras calcárias de cantaria ou de construção, de densidade aparente igual ou superior a 2,5, e alabastro, mesmo desbastados ou simplesmente cortados à serra ou por outro meio, em blocos ou placas de forma q",Minas Gerais,96161,202580,comexstat,2026-10-08
2026,02,6802,"Pedras de cantaria ou de construção (exceto de ardósia) trabalhadas e obras destas pedras, exceto as da posição 6801; cubos, pastilhas e artigos semelhantes, para mosaicos, de pedra natural (incluída a ardósia), mesmo com suporte; grânulos, fragmentos e",Espírito Santo,94068,142053,comexstat,2026-10-08
2026,08,2515,"Mármores, travertinos, granitos belgas e outras pedras calcárias de cantaria ou de construção, de densidade aparente igual ou superior a 2,5, e alabastro, mesmo desbastados ou simplesmente cortados à serra ou por outro meio, em blocos ou placas de forma q",Paraná,88915,134980,comexstat,2026-10-08
2026,07,2515,"Mármores, travertinos, granitos belgas e outras pedras calcárias de cantaria ou de construção, de densidade aparente igual ou superior a 2,5, e alabastro, mesmo desbastados ou simplesmente cortados à serra ou por outro meio, em blocos ou placas de forma q",Minas Gerais,86587,143325,comexstat,2026-10-08
2026,02,6802,"Pedras de cantaria ou de construção (exceto de ardósia) trabalhadas e obras destas pedras, exceto as da posição 6801; cubos, pastilhas e artigos semelhantes, para mosaicos, de pedra natural (incluída a ardósia), mesmo com suporte; grânulos, fragmentos e",Rio Grande do Sul,85173,145795,comexstat,2026-10-08
2026,09,6802,"Pedras de cantaria ou de construção (exceto de ardósia) trabalhadas e obras destas pedras, exceto as da posição 6801; cubos, pastilhas e artigos semelhantes, para mosaicos, de pedra natural (incluída a ardósia), mesmo com suporte; grânulos, fragmentos e",Paraná,83449,114853,comexstat,2026-10-08
2026,07,2515,"Mármores, travertinos, granitos belgas e outras pedras calcárias de cantaria ou de construção, de densidade aparente igual ou superior a 2,5, e alabastro, mesmo desbastados ou simplesmente cortados à serra ou por outro meio, em blocos ou placas de forma q",Santa Catarina,82458,295371,comexstat,2026-10-08
2026,04,6802,"Pedras de cantaria ou de construção (exceto de ardósia) trabalhadas e obras destas pedras, exceto as da posição 6801; cubos, pastilhas e artigos semelhantes, para mosaicos, de pedra natural (incluída a ardósia), mesmo com suporte; grânulos, fragmentos e",Rio Grande do Sul,81176,135512,comexstat,2026-10-08
2026,04,2515,"Mármores, travertinos, granitos belgas e outras pedras calcárias de cantaria ou de construção, de densidade aparente igual ou superior a 2,5, e alabastro, mesmo desbastados ou simplesmente cortados à serra ou por outro meio, em blocos ou placas de forma q",Minas Gerais,80769,194268,comexstat,2026-10-08
2026,02,6802,"Pedras de cantaria ou de construção (exceto de ardósia) trabalhadas e obras destas pedras, exceto as da posição 6801; cubos, pastilhas e artigos semelhantes, para mosaicos, de pedra natural (incluída a ardósia), mesmo com suporte; grânulos, fragmentos e",Paraná,80153,108271,comexstat,2026-10-08
2026,07,6802,"Pedras de cantaria ou de construção (exceto de ardósia) trabalhadas e obras destas pedras, exceto as da posição 6801; cubos, pastilhas e artigos semelhantes, para mosaicos, de pedra natural (incluída a ardósia), mesmo com suporte; grânulos, fragmentos e",Espírito Santo,77573,172376,comexstat,2026-10-08
2026,05,6802,"Pedras de cantaria ou de construção (exceto de ardósia) trabalhadas e obras destas pedras, exceto as da posição 6801; cubos, pastilhas e artigos semelhantes, para mosaicos, de pedra natural (incluída a ardósia), mesmo com suporte; grânulos, fragmentos e",Espírito Santo,77505,130100,comexstat,2026-10-08
2026,02,2515,"Mármores, travertinos, granitos belgas e outras pedras calcárias de cantaria ou de construção, de densidade aparente igual ou superior a 2,5, e alabastro, mesmo desbastados ou simplesmente cortados à serra ou por outro meio, em blocos ou placas de forma q",Minas Gerais,77317,96210,comexstat,2026-10-08
2026,03,6802,"Pedras de cantaria ou de construção (exceto de ardósia) trabalhadas e obras destas pedras, exceto as da posição 6801; cubos, pastilhas e artigos semelhantes, para mosaicos, de pedra natural (incluída a ardósia), mesmo com suporte; grânulos, fragmentos e",Minas Gerais,74534,151354,comexstat,2026-10-08
2026,09,6802,"Pedras de cantaria ou de construção (exceto de ardósia) trabalhadas e obras destas pedras, exceto as da posição 6801; cubos, pastilhas e artigos semelhantes, para mosaicos, de pedra natural (incluída a ardósia), mesmo com suporte; grânulos, fragmentos e",Rio Grande do Sul,73841,128840,comexstat,2026-10-08
2026,08,2515,"Mármores, travertinos, granitos belgas e outras pedras calcárias de cantaria ou de construção, de densidade aparente igual ou superior a 2,5, e alabastro, mesmo desbastados ou simplesmente cortados à serra ou por outro meio, em blocos ou placas de forma q",Espírito Santo,73692,205625,comexstat,2026-10-08
2026,08,6802,"Pedras de cantaria ou de construção (exceto de ardósia) trabalhadas e obras destas pedras, exceto as da posição 6801; cubos, pastilhas e artigos semelhantes, para mosaicos, de pedra natural (incluída a ardósia), mesmo com suporte; grânulos, fragmentos e",Paraná,73575,64034,comexstat,2026-10-08
2026,06,2515,"Mármores, travertinos, granitos belgas e outras pedras calcárias de cantaria ou de construção, de densidade aparente igual ou superior a 2,5, e alabastro, mesmo desbastados ou simplesmente cortados à serra ou por outro meio, em blocos ou placas de forma q",Ceará,73565,93021,comexstat,2026-10-08
2026,08,2515,"Mármores, travertinos, granitos belgas e outras pedras calcárias de cantaria ou de construção, de densidade aparente igual ou superior a 2,5, e alabastro, mesmo desbastados ou simplesmente cortados à serra ou por outro meio, em blocos ou placas de forma q",Alagoas,71394,27020,comexstat,2026-10-08
2026,09,6802,"Pedras de cantaria ou de construção (exceto de ardósia) trabalhadas e obras destas pedras, exceto as da posição 6801; cubos, pastilhas e artigos semelhantes, para mosaicos, de pedra natural (incluída a ardósia), mesmo com suporte; grânulos, fragmentos e",Minas Gerais,70800,178096,comexstat,2026-10-08
2026,02,6802,"Pedras de cantaria ou de construção (exceto de ardósia) trabalhadas e obras destas pedras, exceto as da posição 6801; cubos, pastilhas e artigos semelhantes, para mosaicos, de pedra natural (incluída a ardósia), mesmo com suporte; grânulos, fragmentos e",Rio de Janeiro,67364,21441,comexstat,2026-10-08
2026,01,2515,"Mármores, travertinos, granitos belgas e outras pedras calcárias de cantaria ou de construção, de densidade aparente igual ou superior a 2,5, e alabastro, mesmo desbastados ou simplesmente cortados à serra ou por outro meio, em blocos ou placas de forma q",Tocantins,67159,253430,comexstat,2026-10-08
2026,06,6802,"Pedras de cantaria ou de construção (exceto de ardósia) trabalhadas e obras destas pedras, exceto as da posição 6801; cubos, pastilhas e artigos semelhantes, para mosaicos, de pedra natural (incluída a ardósia), mesmo com suporte; grânulos, fragmentos e",Minas Gerais,64084,117462,comexstat,2026-10-08
2026,06,6802,"Pedras de cantaria ou de construção (exceto de ardósia) trabalhadas e obras destas pedras, exceto as da posição 6801; cubos, pastilhas e artigos semelhantes, para mosaicos, de pedra natural (incluída a ardósia), mesmo com suporte; grânulos, fragmentos e",Rio Grande do Sul,63527,87002,comexstat,2026-10-08
2026,09,6802,"Pedras de cantaria ou de construção (exceto de ardósia) trabalhadas e obras destas pedras, exceto as da posição 6801; cubos, pastilhas e artigos semelhantes, para mosaicos, de pedra natural (incluída a ardósia), mesmo com suporte; grânulos, fragmentos e",Amazonas,63370,48885,comexstat,2026-10-08
2026,05,6802,"Pedras de cantaria ou de construção (exceto de ardósia) trabalhadas e obras destas pedras, exceto as da posição 6801; cubos, pastilhas e artigos semelhantes, para mosaicos, de pedra natural (incluída a ardósia), mesmo com suporte; grânulos, fragmentos e",Rio Grande do Sul,60906,120324,comexstat,2026-10-08
2026,04,6802,"Pedras de cantaria ou de construção (exceto de ardósia) trabalhadas e obras destas pedras, exceto as da posição 6801; cubos, pastilhas e artigos semelhantes, para mosaicos, de pedra natural (incluída a ardósia), mesmo com suporte; grânulos, fragmentos e",Paraná,58055,73482,comexstat,2026-10-08
2026,02,2515,"Mármores, travertinos, granitos belgas e outras pedras calcárias de cantaria ou de construção, de densidade aparente igual ou superior a 2,5, e alabastro, mesmo desbastados ou simplesmente cortados à serra ou por outro meio, em blocos ou placas de forma q",Alagoas,56015,62500,comexstat,2026-10-08
2026,06,6802,"Pedras de cantaria ou de construção (exceto de ardósia) trabalhadas e obras destas pedras, exceto as da posição 6801; cubos, pastilhas e artigos semelhantes, para mosaicos, de pedra natural (incluída a ardósia), mesmo com suporte; grânulos, fragmentos e",Ceará,54856,83724,comexstat,2026-10-08
2026,02,6802,"Pedras de cantaria ou de construção (exceto de ardósia) trabalhadas e obras destas pedras, exceto as da posição 6801; cubos, pastilhas e artigos semelhantes, para mosaicos, de pedra natural (incluída a ardósia), mesmo com suporte; grânulos, fragmentos e",Bahia,54674,15536,comexstat,2026-10-08
2026,08,6802,"Pedras de cantaria ou de construção (exceto de ardósia) trabalhadas e obras destas pedras, exceto as da posição 6801; cubos, pastilhas e artigos semelhantes, para mosaicos, de pedra natural (incluída a ardósia), mesmo com suporte; grânulos, fragmentos e",Minas Gerais,54451,188412,comexstat,2026-10-08
2026,02,2515,"Mármores, travertinos, granitos belgas e outras pedras calcárias de cantaria ou de construção, de densidade aparente igual ou superior a 2,5, e alabastro, mesmo desbastados ou simplesmente cortados à serra ou por outro meio, em blocos ou placas de forma q",Santa Catarina,53579,66888,comexstat,2026-10-08
2026,02,2515,"Mármores, travertinos, granitos belgas e outras pedras calcárias de cantaria ou de construção, de densidade aparente igual ou superior a 2,5, e alabastro, mesmo desbastados ou simplesmente cortados à serra ou por outro meio, em blocos ou placas de forma q",São Paulo,52244,119090,comexstat,2026-10-08
2026,03,6802,"Pedras de cantaria ou de construção (exceto de ardósia) trabalhadas e obras destas pedras, exceto as da posição 6801; cubos, pastilhas e artigos semelhantes, para mosaicos, de pedra natural (incluída a ardósia), mesmo com suporte; grânulos, fragmentos e",Rio Grande do Sul,51129,122631,comexstat,2026-10-08
2026,04,6802,"Pedras de cantaria ou de construção (exceto de ardósia) trabalhadas e obras destas pedras, exceto as da posição 6801; cubos, pastilhas e artigos semelhantes, para mosaicos, de pedra natural (incluída a ardósia), mesmo com suporte; grânulos, fragmentos e",Rio de Janeiro,50957,49758,comexstat,2026-10-08
2026,01,2515,"Mármores, travertinos, granitos belgas e outras pedras calcárias de cantaria ou de construção, de densidade aparente igual ou superior a 2,5, e alabastro, mesmo desbastados ou simplesmente cortados à serra ou por outro meio, em blocos ou placas de forma q",Minas Gerais,50436,62760,comexstat,2026-10-08
2026,02,6802,"Pedras de cantaria ou de construção (exceto de ardósia) trabalhadas e obras destas pedras, exceto as da posição 6801; cubos, pastilhas e artigos semelhantes, para mosaicos, de pedra natural (incluída a ardósia), mesmo com suporte; grânulos, fragmentos e",Amazonas,50386,80930,comexstat,2026-10-08
2026,07,6802,"Pedras de cantaria ou de construção (exceto de ardósia) trabalhadas e obras destas pedras, exceto as da posição 6801; cubos, pastilhas e artigos semelhantes, para mosaicos, de pedra natural (incluída a ardósia), mesmo com suporte; grânulos, fragmentos e",Rio Grande do Sul,49740,87368,comexstat,2026-10-08
2026,02,6802,"Pedras de cantaria ou de construção (exceto de ardósia) trabalhadas e obras destas pedras, exceto as da posição 6801; cubos, pastilhas e artigos semelhantes, para mosaicos, de pedra natural (incluída a ardósia), mesmo com suporte; grânulos, fragmentos e",Minas Gerais,49038,129264,comexstat,2026-10-08
2026,07,2516,"Granito, pórfiro, basalto, arenito e outras pedras de cantaria ou de construção, mesmo desbastados ou simplesmente cortados à serra ou por outro meio, em blocos ou placas de forma quadrada ou rectangular",São Paulo,48869,59362,comexstat,2026-10-08
2026,04,2515,"Mármores, travertinos, granitos belgas e outras pedras calcárias de cantaria ou de construção, de densidade aparente igual ou superior a 2,5, e alabastro, mesmo desbastados ou simplesmente cortados à serra ou por outro meio, em blocos ou placas de forma q",Paraná,48157,54280,comexstat,2026-10-08
2026,07,6802,"Pedras de cantaria ou de construção (exceto de ardósia) trabalhadas e obras destas pedras, exceto as da posição 6801; cubos, pastilhas e artigos semelhantes, para mosaicos, de pedra natural (incluída a ardósia), mesmo com suporte; grânulos, fragmentos e",Paraíba,47971,90107,comexstat,2026-10-08
2026,01,6802,"Pedras de cantaria ou de construção (exceto de ardósia) trabalhadas e obras destas pedras, exceto as da posição 6801; cubos, pastilhas e artigos semelhantes, para mosaicos, de pedra natural (incluída a ardósia), mesmo com suporte; grânulos, fragmentos e",Paraná,47905,56912,comexstat,2026-10-08
2026,01,6802,"Pedras de cantaria ou de construção (exceto de ardósia) trabalhadas e obras destas pedras, exceto as da posição 6801; cubos, pastilhas e artigos semelhantes, para mosaicos, de pedra natural (incluída a ardósia), mesmo com suporte; grânulos, fragmentos e",Minas Gerais,46652,81881,comexstat,2026-10-08
2026,08,2515,"Mármores, travertinos, granitos belgas e outras pedras calcárias de cantaria ou de construção, de densidade aparente igual ou superior a 2,5, e alabastro, mesmo desbastados ou simplesmente cortados à serra ou por outro meio, em blocos ou placas de forma q",Santa Catarina,46201,94967,comexstat,2026-10-08
2026,03,6802,"Pedras de cantaria ou de construção (exceto de ardósia) trabalhadas e obras destas pedras, exceto as da posição 6801; cubos, pastilhas e artigos semelhantes, para mosaicos, de pedra natural (incluída a ardósia), mesmo com suporte; grânulos, fragmentos e",Bahia,44111,103862,comexstat,2026-10-08
2026,03,6802,"Pedras de cantaria ou de construção (exceto de ardósia) trabalhadas e obras destas pedras, exceto as da posição 6801; cubos, pastilhas e artigos semelhantes, para mosaicos, de pedra natural (incluída a ardósia), mesmo com suporte; grânulos, fragmentos e",Paraná,42704,76291,comexstat,2026-10-08
2026,05,2514,"Ardósia, mesmo desbastada ou simplesmente cortada a serra ou por outro meio, em blocos ou placas de forma quadrada ou retangular",São Paulo,41933,53800,comexstat,2026-10-08
2026,03,2516,"Granito, pórfiro, basalto, arenito e outras pedras de cantaria ou de construção, mesmo desbastados ou simplesmente cortados à serra ou por outro meio, em blocos ou placas de forma quadrada ou rectangular",São Paulo,40737,26640,comexstat,2026-10-08
2026,07,6802,"Pedras de cantaria ou de construção (exceto de ardósia) trabalhadas e obras destas pedras, exceto as da posição 6801; cubos, pastilhas e artigos semelhantes, para mosaicos, de pedra natural (incluída a ardósia), mesmo com suporte; grânulos, fragmentos e",Pernambuco,39191,97325,comexstat,2026-10-08
2026,08,6802,"Pedras de cantaria ou de construção (exceto de ardósia) trabalhadas e obras destas pedras, exceto as da posição 6801; cubos, pastilhas e artigos semelhantes, para mosaicos, de pedra natural (incluída a ardósia), mesmo com suporte; grânulos, fragmentos e",Pernambuco,39061,65119,comexstat,2026-10-08
2026,07,6802,"Pedras de cantaria ou de construção (exceto de ardósia) trabalhadas e obras destas pedras, exceto as da posição 6801; cubos, pastilhas e artigos semelhantes, para mosaicos, de pedra natural (incluída a ardósia), mesmo com suporte; grânulos, fragmentos e",Ceará,38347,74307,comexstat,2026-10-08
2026,09,2515,"Mármores, travertinos, granitos belgas e outras pedras calcárias de cantaria ou de construção, de densidade aparente igual ou superior a 2,5, e alabastro, mesmo desbastados ou simplesmente cortados à serra ou por outro meio, em blocos ou placas de forma q",Paraná,38124,47051,comexstat,2026-10-08
2026,04,6802,"Pedras de cantaria ou de construção (exceto de ardósia) trabalhadas e obras destas pedras, exceto as da posição 6801; cubos, pastilhas e artigos semelhantes, para mosaicos, de pedra natural (incluída a ardósia), mesmo com suporte; grânulos, fragmentos e",Amazonas,37234,54154,comexstat,2026-10-08
2026,02,2515,"Mármores, travertinos, granitos belgas e outras pedras calcárias de cantaria ou de construção, de densidade aparente igual ou superior a 2,5, e alabastro, mesmo desbastados ou simplesmente cortados à serra ou por outro meio, em blocos ou placas de forma q",Espírito Santo,36831,62006,comexstat,2026-10-08
2026,04,6802,"Pedras de cantaria ou de construção (exceto de ardósia) trabalhadas e obras destas pedras, exceto as da posição 6801; cubos, pastilhas e artigos semelhantes, para mosaicos, de pedra natural (incluída a ardósia), mesmo com suporte; grânulos, fragmentos e",Pernambuco,35622,78806,comexstat,2026-10-08
2026,04,6802,"Pedras de cantaria ou de construção (exceto de ardósia) trabalhadas e obras destas pedras, exceto as da posição 6801; cubos, pastilhas e artigos semelhantes, para mosaicos, de pedra natural (incluída a ardósia), mesmo com suporte; grânulos, fragmentos e",Minas Gerais,35373,77849,comexstat,2026-10-08
2026,06,6802,"Pedras de cantaria ou de construção (exceto de ardósia) trabalhadas e obras destas pedras, exceto as da posição 6801; cubos, pastilhas e artigos semelhantes, para mosaicos, de pedra natural (incluída a ardósia), mesmo com suporte; grânulos, fragmentos e",Goiás,33676,98812,comexstat,2026-10-08
2026,06,2515,"Mármores, travertinos, granitos belgas e outras pedras calcárias de cantaria ou de construção, de densidade aparente igual ou superior a 2,5, e alabastro, mesmo desbastados ou simplesmente cortados à serra ou por outro meio, em blocos ou placas de forma q",Paraíba,33480,63013,comexstat,2026-10-08
2026,07,2515,"Mármores, travertinos, granitos belgas e outras pedras calcárias de cantaria ou de construção, de densidade aparente igual ou superior a 2,5, e alabastro, mesmo desbastados ou simplesmente cortados à serra ou por outro meio, em blocos ou placas de forma q",Espírito Santo,33180,190800,comexstat,2026-10-08
2026,07,6802,"Pedras de cantaria ou de construção (exceto de ardósia) trabalhadas e obras destas pedras, exceto as da posição 6801; cubos, pastilhas e artigos semelhantes, para mosaicos, de pedra natural (incluída a ardósia), mesmo com suporte; grânulos, fragmentos e",Minas Gerais,33153,54458,comexstat,2026-10-08
2026,01,6802,"Pedras de cantaria ou de construção (exceto de ardósia) trabalhadas e obras destas pedras, exceto as da posição 6801; cubos, pastilhas e artigos semelhantes, para mosaicos, de pedra natural (incluída a ardósia), mesmo com suporte; grânulos, fragmentos e",Goiás,32352,108500,comexstat,2026-10-08
2026,04,6802,"Pedras de cantaria ou de construção (exceto de ardósia) trabalhadas e obras destas pedras, exceto as da posição 6801; cubos, pastilhas e artigos semelhantes, para mosaicos, de pedra natural (incluída a ardósia), mesmo com suporte; grânulos, fragmentos e",Ceará,32096,52670,comexstat,2026-10-08
2026,08,2515,"Mármores, travertinos, granitos belgas e outras pedras calcárias de cantaria ou de construção, de densidade aparente igual ou superior a 2,5, e alabastro, mesmo desbastados ou simplesmente cortados à serra ou por outro meio, em blocos ou placas de forma q",Pernambuco,31998,57483,comexstat,2026-10-08
2026,05,6802,"Pedras de cantaria ou de construção (exceto de ardósia) trabalhadas e obras destas pedras, exceto as da posição 6801; cubos, pastilhas e artigos semelhantes, para mosaicos, de pedra natural (incluída a ardósia), mesmo com suporte; grânulos, fragmentos e",Amazonas,31549,46010,comexstat,2026-10-08
2026,06,2515,"Mármores, travertinos, granitos belgas e outras pedras calcárias de cantaria ou de construção, de densidade aparente igual ou superior a 2,5, e alabastro, mesmo desbastados ou simplesmente cortados à serra ou por outro meio, em blocos ou placas de forma q",Mato Grosso do Sul,31425,62653,comexstat,2026-10-08
2026,04,2516,"Granito, pórfiro, basalto, arenito e outras pedras de cantaria ou de construção, mesmo desbastados ou simplesmente cortados à serra ou por outro meio, em blocos ou placas de forma quadrada ou rectangular",Espírito Santo,30445,95140,comexstat,2026-10-08
2026,08,6802,"Pedras de cantaria ou de construção (exceto de ardósia) trabalhadas e obras destas pedras, exceto as da posição 6801; cubos, pastilhas e artigos semelhantes, para mosaicos, de pedra natural (incluída a ardósia), mesmo com suporte; grânulos, fragmentos e",Rio Grande do Sul,30325,39748,comexstat,2026-10-08
2026,08,2515,"Mármores, travertinos, granitos belgas e outras pedras calcárias de cantaria ou de construção, de densidade aparente igual ou superior a 2,5, e alabastro, mesmo desbastados ou simplesmente cortados à serra ou por outro meio, em blocos ou placas de forma q",Tocantins,29649,190040,comexstat,2026-10-08
2026,09,6802,"Pedras de cantaria ou de construção (exceto de ardósia) trabalhadas e obras destas pedras, exceto as da posição 6801; cubos, pastilhas e artigos semelhantes, para mosaicos, de pedra natural (incluída a ardósia), mesmo com suporte; grânulos, fragmentos e",Bahia,27825,5876,comexstat,2026-10-08
2026,04,2515,"Mármores, travertinos, granitos belgas e outras pedras calcárias de cantaria ou de construção, de densidade aparente igual ou superior a 2,5, e alabastro, mesmo desbastados ou simplesmente cortados à serra ou por outro meio, em blocos ou placas de forma q",Pernambuco,27459,40984,comexstat,2026-10-08
2026,07,6802,"Pedras de cantaria ou de construção (exceto de ardósia) trabalhadas e obras destas pedras, exceto as da posição 6801; cubos, pastilhas e artigos semelhantes, para mosaicos, de pedra natural (incluída a ardósia), mesmo com suporte; grânulos, fragmentos e",Amazonas,27120,51264,comexstat,2026-10-08
2026,09,2515,"Mármores, travertinos, granitos belgas e outras pedras calcárias de cantaria ou de construção, de densidade aparente igual ou superior a 2,5, e alabastro, mesmo desbastados ou simplesmente cortados à serra ou por outro meio, em blocos ou placas de forma q",Pernambuco,26618,19466,comexstat,2026-10-08
2026,04,2515,"Mármores, travertinos, granitos belgas e outras pedras calcárias de cantaria ou de construção, de densidade aparente igual ou superior a 2,5, e alabastro, mesmo desbastados ou simplesmente cortados à serra ou por outro meio, em blocos ou placas de forma q",Espírito Santo,25039,122843,comexstat,2026-10-08
2026,05,6802,"Pedras de cantaria ou de construção (exceto de ardósia) trabalhadas e obras destas pedras, exceto as da posição 6801; cubos, pastilhas e artigos semelhantes, para mosaicos, de pedra natural (incluída a ardósia), mesmo com suporte; grânulos, fragmentos e",Alagoas,24690,50548,comexstat,2026-10-08
2026,03,6802,"Pedras de cantaria ou de construção (exceto de ardósia) trabalhadas e obras destas pedras, exceto as da posição 6801; cubos, pastilhas e artigos semelhantes, para mosaicos, de pedra natural (incluída a ardósia), mesmo com suporte; grânulos, fragmentos e",Paraíba,24635,48440,comexstat,2026-10-08
2026,09,6802,"Pedras de cantaria ou de construção (exceto de ardósia) trabalhadas e obras destas pedras, exceto as da posição 6801; cubos, pastilhas e artigos semelhantes, para mosaicos, de pedra natural (incluída a ardósia), mesmo com suporte; grânulos, fragmentos e",Espírito Santo,24413,79598,comexstat,2026-10-08
2026,04,6802,"Pedras de cantaria ou de construção (exceto de ardósia) trabalhadas e obras destas pedras, exceto as da posição 6801; cubos, pastilhas e artigos semelhantes, para mosaicos, de pedra natural (incluída a ardósia), mesmo com suporte; grânulos, fragmentos e",Rio Grande do Norte,23331,7280,comexstat,2026-10-08
2026,02,2515,"Mármores, travertinos, granitos belgas e outras pedras calcárias de cantaria ou de construção, de densidade aparente igual ou superior a 2,5, e alabastro, mesmo desbastados ou simplesmente cortados à serra ou por outro meio, em blocos ou placas de forma q",Pernambuco,23298,24650,comexstat,2026-10-08
2026,07,6802,"Pedras de cantaria ou de construção (exceto de ardósia) trabalhadas e obras destas pedras, exceto as da posição 6801; cubos, pastilhas e artigos semelhantes, para mosaicos, de pedra natural (incluída a ardósia), mesmo com suporte; grânulos, fragmentos e",Alagoas,23178,52295,comexstat,2026-10-08
2026,04,6802,"Pedras de cantaria ou de construção (exceto de ardósia) trabalhadas e obras destas pedras, exceto as da posição 6801; cubos, pastilhas e artigos semelhantes, para mosaicos, de pedra natural (incluída a ardósia), mesmo com suporte; grânulos, fragmentos e",Goiás,22101,51850,comexstat,2026-10-08
2026,09,6802,"Pedras de cantaria ou de construção (exceto de ardósia) trabalhadas e obras destas pedras, exceto as da posição 6801; cubos, pastilhas e artigos semelhantes, para mosaicos, de pedra natural (incluída a ardósia), mesmo com suporte; grânulos, fragmentos e",Alagoas,21698,54206,comexstat,2026-10-08
2026,03,2515,"Mármores, travertinos, granitos belgas e outras pedras calcárias de cantaria ou de construção, de densidade aparente igual ou superior a 2,5, e alabastro, mesmo desbastados ou simplesmente cortados à serra ou por outro meio, em blocos ou placas de forma q",Ceará,21586,27260,comexstat,2026-10-08
2026,08,6802,"Pedras de cantaria ou de construção (exceto de ardósia) trabalhadas e obras destas pedras, exceto as da posição 6801; cubos, pastilhas e artigos semelhantes, para mosaicos, de pedra natural (incluída a ardósia), mesmo com suporte; grânulos, fragmentos e",Goiás,21400,40114,comexstat,2026-10-08
2026,09,2515,"Mármores, travertinos, granitos belgas e outras pedras calcárias de cantaria ou de construção, de densidade aparente igual ou superior a 2,5, e alabastro, mesmo desbastados ou simplesmente cortados à serra ou por outro meio, em blocos ou placas de forma q",Ceará,21337,21432,comexstat,2026-10-08
2026,02,6802,"Pedras de cantaria ou de construção (exceto de ardósia) trabalhadas e obras destas pedras, exceto as da posição 6801; cubos, pastilhas e artigos semelhantes, para mosaicos, de pedra natural (incluída a ardósia), mesmo com suporte; grânulos, fragmentos e",Goiás,21220,54840,comexstat,2026-10-08
2026,04,6802,"Pedras de cantaria ou de construção (exceto de ardósia) trabalhadas e obras destas pedras, exceto as da posição 6801; cubos, pastilhas e artigos semelhantes, para mosaicos, de pedra natural (incluída a ardósia), mesmo com suporte; grânulos, fragmentos e",Bahia,20674,107500,comexstat,2026-10-08
2026,01,2515,"Mármores, travertinos, granitos belgas e outras pedras calcárias de cantaria ou de construção, de densidade aparente igual ou superior a 2,5, e alabastro, mesmo desbastados ou simplesmente cortados à serra ou por outro meio, em blocos ou placas de forma q",Pernambuco,20239,74360,comexstat,2026-10-08
2026,05,2515,"Mármores, travertinos, granitos belgas e outras pedras calcárias de cantaria ou de construção, de densidade aparente igual ou superior a 2,5, e alabastro, mesmo desbastados ou simplesmente cortados à serra ou por outro meio, em blocos ou placas de forma q",Ceará,19732,25380,comexstat,2026-10-08
2026,07,2515,"Mármores, travertinos, granitos belgas e outras pedras calcárias de cantaria ou de construção, de densidade aparente igual ou superior a 2,5, e alabastro, mesmo desbastados ou simplesmente cortados à serra ou por outro meio, em blocos ou placas de forma q",Ceará,19410,23040,comexstat,2026-10-08
2026,03,6802,"Pedras de cantaria ou de construção (exceto de ardósia) trabalhadas e obras destas pedras, exceto as da posição 6801; cubos, pastilhas e artigos semelhantes, para mosaicos, de pedra natural (incluída a ardósia), mesmo com suporte; grânulos, fragmentos e",Alagoas,18684,25393,comexstat,2026-10-08
2026,07,2515,"Mármores, travertinos, granitos belgas e outras pedras calcárias de cantaria ou de construção, de densidade aparente igual ou superior a 2,5, e alabastro, mesmo desbastados ou simplesmente cortados à serra ou por outro meio, em blocos ou placas de forma q",Paraíba,18532,24620,comexstat,2026-10-08
2026,05,6802,"Pedras de cantaria ou de construção (exceto de ardósia) trabalhadas e obras destas pedras, exceto as da posição 6801; cubos, pastilhas e artigos semelhantes, para mosaicos, de pedra natural (incluída a ardósia), mesmo com suporte; grânulos, fragmentos e",Goiás,18334,49900,comexstat,2026-10-08
2026,03,6801,"Pedras para calcetar, meios-fios e placas (lajes) para pavimentação, de pedra natural (exceto a ardósia)",São Paulo,18275,25200,comexstat,2026-10-08
2026,03,6802,"Pedras de cantaria ou de construção (exceto de ardósia) trabalhadas e obras destas pedras, exceto as da posição 6801; cubos, pastilhas e artigos semelhantes, para mosaicos, de pedra natural (incluída a ardósia), mesmo com suporte; grânulos, fragmentos e",Roraima,18131,23204,comexstat,2026-10-08
2026,05,6802,"Pedras de cantaria ou de construção (exceto de ardósia) trabalhadas e obras destas pedras, exceto as da posição 6801; cubos, pastilhas e artigos semelhantes, para mosaicos, de pedra natural (incluída a ardósia), mesmo com suporte; grânulos, fragmentos e",Bahia,18064,75000,comexstat,2026-10-08
2026,08,2516,"Granito, pórfiro, basalto, arenito e outras pedras de cantaria ou de construção, mesmo desbastados ou simplesmente cortados à serra ou por outro meio, em blocos ou placas de forma quadrada ou rectangular",São Paulo,18041,44265,comexstat,2026-10-08
2026,07,2515,"Mármores, travertinos, granitos belgas e outras pedras calcárias de cantaria ou de construção, de densidade aparente igual ou superior a 2,5, e alabastro, mesmo desbastados ou simplesmente cortados à serra ou por outro meio, em blocos ou placas de forma q",Bahia,17970,25000,comexstat,2026-10-08
2026,08,6802,"Pedras de cantaria ou de construção (exceto de ardósia) trabalhadas e obras destas pedras, exceto as da posição 6801; cubos, pastilhas e artigos semelhantes, para mosaicos, de pedra natural (incluída a ardósia), mesmo com suporte; grânulos, fragmentos e",Ceará,17450,26200,comexstat,2026-10-08
2026,04,6803,Ardósia natural trabalhada e obras de ardósia natural ou aglomerada,São Paulo,17184,3300,comexstat,2026-10-08
2026,06,6802,"Pedras de cantaria ou de construção (exceto de ardósia) trabalhadas e obras destas pedras, exceto as da posição 6801; cubos, pastilhas e artigos semelhantes, para mosaicos, de pedra natural (incluída a ardósia), mesmo com suporte; grânulos, fragmentos e",Alagoas,17049,27080,comexstat,2026-10-08
2026,01,6801,"Pedras para calcetar, meios-fios e placas (lajes) para pavimentação, de pedra natural (exceto a ardósia)",Paraná,16705,25800,comexstat,2026-10-08
2026,05,2516,"Granito, pórfiro, basalto, arenito e outras pedras de cantaria ou de construção, mesmo desbastados ou simplesmente cortados à serra ou por outro meio, em blocos ou placas de forma quadrada ou rectangular",Santa Catarina,15984,46770,comexstat,2026-10-08
2026,05,6802,"Pedras de cantaria ou de construção (exceto de ardósia) trabalhadas e obras destas pedras, exceto as da posição 6801; cubos, pastilhas e artigos semelhantes, para mosaicos, de pedra natural (incluída a ardósia), mesmo com suporte; grânulos, fragmentos e",Minas Gerais,15810,23819,comexstat,2026-10-08
2026,07,6802,"Pedras de cantaria ou de construção (exceto de ardósia) trabalhadas e obras destas pedras, exceto as da posição 6801; cubos, pastilhas e artigos semelhantes, para mosaicos, de pedra natural (incluída a ardósia), mesmo com suporte; grânulos, fragmentos e",Goiás,15755,41890,comexstat,2026-10-08
2026,07,6802,"Pedras de cantaria ou de construção (exceto de ardósia) trabalhadas e obras destas pedras, exceto as da posição 6801; cubos, pastilhas e artigos semelhantes, para mosaicos, de pedra natural (incluída a ardósia), mesmo com suporte; grânulos, fragmentos e",Bahia,15723,25653,comexstat,2026-10-08
2026,09,2516,"Granito, pórfiro, basalto, arenito e outras pedras de cantaria ou de construção, mesmo desbastados ou simplesmente cortados à serra ou por outro meio, em blocos ou placas de forma quadrada ou rectangular",Rio de Janeiro,15220,23,comexstat,2026-10-08
2026,01,2514,"Ardósia, mesmo desbastada ou simplesmente cortada a serra ou por outro meio, em blocos ou placas de forma quadrada ou retangular",São Paulo,15050,69000,comexstat,2026-10-08
2026,07,6801,"Pedras para calcetar, meios-fios e placas (lajes) para pavimentação, de pedra natural (exceto a ardósia)",Alagoas,15019,27984,comexstat,2026-10-08
2026,05,2515,"Mármores, travertinos, granitos belgas e outras pedras calcárias de cantaria ou de construção, de densidade aparente igual ou superior a 2,5, e alabastro, mesmo desbastados ou simplesmente cortados à serra ou por outro meio, em blocos ou placas de forma q",Paraná,14919,79571,comexstat,2026-10-08
2026,06,6802,"Pedras de cantaria ou de construção (exceto de ardósia) trabalhadas e obras destas pedras, exceto as da posição 6801; cubos, pastilhas e artigos semelhantes, para mosaicos, de pedra natural (incluída a ardósia), mesmo com suporte; grânulos, fragmentos e",Bahia,14888,54591,comexstat,2026-10-08
2026,04,2515,"Mármores, travertinos, granitos belgas e outras pedras calcárias de cantaria ou de construção, de densidade aparente igual ou superior a 2,5, e alabastro, mesmo desbastados ou simplesmente cortados à serra ou por outro meio, em blocos ou placas de forma q",Paraíba,14689,21954,comexstat,2026-10-08
2026,09,6802,"Pedras de cantaria ou de construção (exceto de ardósia) trabalhadas e obras destas pedras, exceto as da posição 6801; cubos, pastilhas e artigos semelhantes, para mosaicos, de pedra natural (incluída a ardósia), mesmo com suporte; grânulos, fragmentos e",Ceará,14571,4068,comexstat,2026-10-08
2026,03,6802,"Pedras de cantaria ou de construção (exceto de ardósia) trabalhadas e obras destas pedras, exceto as da posição 6801; cubos, pastilhas e artigos semelhantes, para mosaicos, de pedra natural (incluída a ardósia), mesmo com suporte; grânulos, fragmentos e",Pernambuco,14444,23049,comexstat,2026-10-08
2026,01,2515,"Mármores, travertinos, granitos belgas e outras pedras calcárias de cantaria ou de construção, de densidade aparente igual ou superior a 2,5, e alabastro, mesmo desbastados ou simplesmente cortados à serra ou por outro meio, em blocos ou placas de forma q",Ceará,14187,22820,comexstat,2026-10-08
2026,05,6802,"Pedras de cantaria ou de construção (exceto de ardósia) trabalhadas e obras destas pedras, exceto as da posição 6801; cubos, pastilhas e artigos semelhantes, para mosaicos, de pedra natural (incluída a ardósia), mesmo com suporte; grânulos, fragmentos e",Paraíba,14129,22227,comexstat,2026-10-08
2026,02,6802,"Pedras de cantaria ou de construção (exceto de ardósia) trabalhadas e obras destas pedras, exceto as da posição 6801; cubos, pastilhas e artigos semelhantes, para mosaicos, de pedra natural (incluída a ardósia), mesmo com suporte; grânulos, fragmentos e",Pernambuco,13533,50307,comexstat,2026-10-08
2026,08,2515,"Mármores, travertinos, granitos belgas e outras pedras calcárias de cantaria ou de construção, de densidade aparente igual ou superior a 2,5, e alabastro, mesmo desbastados ou simplesmente cortados à serra ou por outro meio, em blocos ou placas de forma q",Minas Gerais,12328,44030,comexstat,2026-10-08
2026,02,2516,"Granito, pórfiro, basalto, arenito e outras pedras de cantaria ou de construção, mesmo desbastados ou simplesmente cortados à serra ou por outro meio, em blocos ou placas de forma quadrada ou rectangular",São Paulo,12325,27629,comexstat,2026-10-08
2026,01,6802,"Pedras de cantaria ou de construção (exceto de ardósia) trabalhadas e obras destas pedras, exceto as da posição 6801; cubos, pastilhas e artigos semelhantes, para mosaicos, de pedra natural (incluída a ardósia), mesmo com suporte; grânulos, fragmentos e",Bahia,12232,27044,comexstat,2026-10-08
2026,09,6802,"Pedras de cantaria ou de construção (exceto de ardósia) trabalhadas e obras destas pedras, exceto as da posição 6801; cubos, pastilhas e artigos semelhantes, para mosaicos, de pedra natural (incluída a ardósia), mesmo com suporte; grânulos, fragmentos e",Pernambuco,11568,1873,comexstat,2026-10-08
2026,02,6803,Ardósia natural trabalhada e obras de ardósia natural ou aglomerada,São Paulo,11159,26203,comexstat,2026-10-08
2026,07,2515,"Mármores, travertinos, granitos belgas e outras pedras calcárias de cantaria ou de construção, de densidade aparente igual ou superior a 2,5, e alabastro, mesmo desbastados ou simplesmente cortados à serra ou por outro meio, em blocos ou placas de forma q",Alagoas,11088,50400,comexstat,2026-10-08
2026,04,2514,"Ardósia, mesmo desbastada ou simplesmente cortada a serra ou por outro meio, em blocos ou placas de forma quadrada ou retangular",São Paulo,10848,58800,comexstat,2026-10-08
2026,05,2515,"Mármores, travertinos, granitos belgas e outras pedras calcárias de cantaria ou de construção, de densidade aparente igual ou superior a 2,5, e alabastro, mesmo desbastados ou simplesmente cortados à serra ou por outro meio, em blocos ou placas de forma q",Paraíba,10103,26890,comexstat,2026-10-08
2026,03,2516,"Granito, pórfiro, basalto, arenito e outras pedras de cantaria ou de construção, mesmo desbastados ou simplesmente cortados à serra ou por outro meio, em blocos ou placas de forma quadrada ou rectangular",Rio Grande do Norte,9750,37,comexstat,2026-10-08
2026,02,6802,"Pedras de cantaria ou de construção (exceto de ardósia) trabalhadas e obras destas pedras, exceto as da posição 6801; cubos, pastilhas e artigos semelhantes, para mosaicos, de pedra natural (incluída a ardósia), mesmo com suporte; grânulos, fragmentos e",Alagoas,9639,26890,comexstat,2026-10-08
2026,02,2514,"Ardósia, mesmo desbastada ou simplesmente cortada a serra ou por outro meio, em blocos ou placas de forma quadrada ou retangular",São Paulo,9567,43800,comexstat,2026-10-08
2026,02,2515,"Mármores, travertinos, granitos belgas e outras pedras calcárias de cantaria ou de construção, de densidade aparente igual ou superior a 2,5, e alabastro, mesmo desbastados ou simplesmente cortados à serra ou por outro meio, em blocos ou placas de forma q",Ceará,9290,24130,comexstat,2026-10-08
2026,08,2514,"Ardósia, mesmo desbastada ou simplesmente cortada a serra ou por outro meio, em blocos ou placas de forma quadrada ou retangular",São Paulo,8881,43800,comexstat,2026-10-08
2026,01,6802,"Pedras de cantaria ou de construção (exceto de ardósia) trabalhadas e obras destas pedras, exceto as da posição 6801; cubos, pastilhas e artigos semelhantes, para mosaicos, de pedra natural (incluída a ardósia), mesmo com suporte; grânulos, fragmentos e",Paraíba,8829,25370,comexstat,2026-10-08
2026,06,6801,"Pedras para calcetar, meios-fios e placas (lajes) para pavimentação, de pedra natural (exceto a ardósia)",São Paulo,8805,26705,comexstat,2026-10-08
2026,09,6802,"Pedras de cantaria ou de construção (exceto de ardósia) trabalhadas e obras destas pedras, exceto as da posição 6801; cubos, pastilhas e artigos semelhantes, para mosaicos, de pedra natural (incluída a ardósia), mesmo com suporte; grânulos, fragmentos e",Rio de Janeiro,8504,257,comexstat,2026-10-08
2026,07,2515,"Mármores, travertinos, granitos belgas e outras pedras calcárias de cantaria ou de construção, de densidade aparente igual ou superior a 2,5, e alabastro, mesmo desbastados ou simplesmente cortados à serra ou por outro meio, em blocos ou placas de forma q",Paraná,7600,49895,comexstat,2026-10-08
2026,03,6802,"Pedras de cantaria ou de construção (exceto de ardósia) trabalhadas e obras destas pedras, exceto as da posição 6801; cubos, pastilhas e artigos semelhantes, para mosaicos, de pedra natural (incluída a ardósia), mesmo com suporte; grânulos, fragmentos e",Ceará,7308,24400,comexstat,2026-10-08
2026,08,2515,"Mármores, travertinos, granitos belgas e outras pedras calcárias de cantaria ou de construção, de densidade aparente igual ou superior a 2,5, e alabastro, mesmo desbastados ou simplesmente cortados à serra ou por outro meio, em blocos ou placas de forma q",Goiás,7290,27000,comexstat,2026-10-08
2026,03,2515,"Mármores, travertinos, granitos belgas e outras pedras calcárias de cantaria ou de construção, de densidade aparente igual ou superior a 2,5, e alabastro, mesmo desbastados ou simplesmente cortados à serra ou por outro meio, em blocos ou placas de forma q",Alagoas,7103,24647,comexstat,2026-10-08
2026,09,2514,"Ardósia, mesmo desbastada ou simplesmente cortada a serra ou por outro meio, em blocos ou placas de forma quadrada ou retangular",São Paulo,7068,37800,comexstat,2026-10-08
2026,07,2514,"Ardósia, mesmo desbastada ou simplesmente cortada a serra ou por outro meio, em blocos ou placas de forma quadrada ou retangular",São Paulo,7024,37800,comexstat,2026-10-08
2026,07,6802,"Pedras de cantaria ou de construção (exceto de ardósia) trabalhadas e obras destas pedras, exceto as da posição 6801; cubos, pastilhas e artigos semelhantes, para mosaicos, de pedra natural (incluída a ardósia), mesmo com suporte; grânulos, fragmentos e",Rio de Janeiro,6700,27000,comexstat,2026-10-08
2026,05,2515,"Mármores, travertinos, granitos belgas e outras pedras calcárias de cantaria ou de construção, de densidade aparente igual ou superior a 2,5, e alabastro, mesmo desbastados ou simplesmente cortados à serra ou por outro meio, em blocos ou placas de forma q",Pernambuco,6469,27000,comexstat,2026-10-08
2026,03,2514,"Ardósia, mesmo desbastada ou simplesmente cortada a serra ou por outro meio, em blocos ou placas de forma quadrada ou retangular",São Paulo,6082,27000,comexstat,2026-10-08
2026,01,6802,"Pedras de cantaria ou de construção (exceto de ardósia) trabalhadas e obras destas pedras, exceto as da posição 6801; cubos, pastilhas e artigos semelhantes, para mosaicos, de pedra natural (incluída a ardósia), mesmo com suporte; grânulos, fragmentos e",Alagoas,5975,4458,comexstat,2026-10-08
2026,04,6802,"Pedras de cantaria ou de construção (exceto de ardósia) trabalhadas e obras destas pedras, exceto as da posição 6801; cubos, pastilhas e artigos semelhantes, para mosaicos, de pedra natural (incluída a ardósia), mesmo com suporte; grânulos, fragmentos e",Sergipe,5949,25000,comexstat,2026-10-08
2026,02,2516,"Granito, pórfiro, basalto, arenito e outras pedras de cantaria ou de construção, mesmo desbastados ou simplesmente cortados à serra ou por outro meio, em blocos ou placas de forma quadrada ou rectangular",Santa Catarina,5504,11480,comexstat,2026-10-08
2026,07,6802,"Pedras de cantaria ou de construção (exceto de ardósia) trabalhadas e obras destas pedras, exceto as da posição 6801; cubos, pastilhas e artigos semelhantes, para mosaicos, de pedra natural (incluída a ardósia), mesmo com suporte; grânulos, fragmentos e",Maranhão,5487,25000,comexstat,2026-10-08
2026,09,6803,Ardósia natural trabalhada e obras de ardósia natural ou aglomerada,São Paulo,5459,214,comexstat,2026-10-08
2026,01,6802,"Pedras de cantaria ou de construção (exceto de ardósia) trabalhadas e obras destas pedras, exceto as da posição 6801; cubos, pastilhas e artigos semelhantes, para mosaicos, de pedra natural (incluída a ardósia), mesmo com suporte; grânulos, fragmentos e",Rio Grande do Norte,5210,4000,comexstat,2026-10-08
2026,06,2515,"Mármores, travertinos, granitos belgas e outras pedras calcárias de cantaria ou de construção, de densidade aparente igual ou superior a 2,5, e alabastro, mesmo desbastados ou simplesmente cortados à serra ou por outro meio, em blocos ou placas de forma q",Goiás,4860,27000,comexstat,2026-10-08
2026,05,6802,"Pedras de cantaria ou de construção (exceto de ardósia) trabalhadas e obras destas pedras, exceto as da posição 6801; cubos, pastilhas e artigos semelhantes, para mosaicos, de pedra natural (incluída a ardósia), mesmo com suporte; grânulos, fragmentos e",Pernambuco,4304,19973,comexstat,2026-10-08
2026,02,2515,"Mármores, travertinos, granitos belgas e outras pedras calcárias de cantaria ou de construção, de densidade aparente igual ou superior a 2,5, e alabastro, mesmo desbastados ou simplesmente cortados à serra ou por outro meio, em blocos ou placas de forma q",Rio Grande do Sul,4200,26430,comexstat,2026-10-08
2026,06,2514,"Ardósia, mesmo desbastada ou simplesmente cortada a serra ou por outro meio, em blocos ou placas de forma quadrada ou retangular",São Paulo,3867,21000,comexstat,2026-10-08
2026,06,2516,"Granito, pórfiro, basalto, arenito e outras pedras de cantaria ou de construção, mesmo desbastados ou simplesmente cortados à serra ou por outro meio, em blocos ou placas de forma quadrada ou rectangular",São Paulo,3812,8510,comexstat,2026-10-08
2026,07,6802,"Pedras de cantaria ou de construção (exceto de ardósia) trabalhadas e obras destas pedras, exceto as da posição 6801; cubos, pastilhas e artigos semelhantes, para mosaicos, de pedra natural (incluída a ardósia), mesmo com suporte; grânulos, fragmentos e",Paraná,3802,4711,comexstat,2026-10-08
2026,01,6802,"Pedras de cantaria ou de construção (exceto de ardósia) trabalhadas e obras destas pedras, exceto as da posição 6801; cubos, pastilhas e artigos semelhantes, para mosaicos, de pedra natural (incluída a ardósia), mesmo com suporte; grânulos, fragmentos e",Pernambuco,3728,1000,comexstat,2026-10-08
2026,08,6802,"Pedras de cantaria ou de construção (exceto de ardósia) trabalhadas e obras destas pedras, exceto as da posição 6801; cubos, pastilhas e artigos semelhantes, para mosaicos, de pedra natural (incluída a ardósia), mesmo com suporte; grânulos, fragmentos e",Rio de Janeiro,3480,218,comexstat,2026-10-08
2026,07,6803,Ardósia natural trabalhada e obras de ardósia natural ou aglomerada,Santa Catarina,3155,859,comexstat,2026-10-08
2026,08,2516,"Granito, pórfiro, basalto, arenito e outras pedras de cantaria ou de construção, mesmo desbastados ou simplesmente cortados à serra ou por outro meio, em blocos ou placas de forma quadrada ou rectangular",Santa Catarina,2802,9720,comexstat,2026-10-08
2026,03,6802,"Pedras de cantaria ou de construção (exceto de ardósia) trabalhadas e obras destas pedras, exceto as da posição 6801; cubos, pastilhas e artigos semelhantes, para mosaicos, de pedra natural (incluída a ardósia), mesmo com suporte; grânulos, fragmentos e",Rio de Janeiro,2414,1536,comexstat,2026-10-08
2026,04,2516,"Granito, pórfiro, basalto, arenito e outras pedras de cantaria ou de construção, mesmo desbastados ou simplesmente cortados à serra ou por outro meio, em blocos ou placas de forma quadrada ou rectangular",Santa Catarina,2335,8000,comexstat,2026-10-08
2026,07,2516,"Granito, pórfiro, basalto, arenito e outras pedras de cantaria ou de construção, mesmo desbastados ou simplesmente cortados à serra ou por outro meio, em blocos ou placas de forma quadrada ou rectangular",Amazonas,2223,45,comexstat,2026-10-08
2026,02,6802,"Pedras de cantaria ou de construção (exceto de ardósia) trabalhadas e obras destas pedras, exceto as da posição 6801; cubos, pastilhas e artigos semelhantes, para mosaicos, de pedra natural (incluída a ardósia), mesmo com suporte; grânulos, fragmentos e",Mato Grosso do Sul,1680,340,comexstat,2026-10-08
2026,08,6803,Ardósia natural trabalhada e obras de ardósia natural ou aglomerada,São Paulo,1605,140,comexstat,2026-10-08
2026,05,6803,Ardósia natural trabalhada e obras de ardósia natural ou aglomerada,Paraíba,1573,425,comexstat,2026-10-08
2026,08,6802,"Pedras de cantaria ou de construção (exceto de ardósia) trabalhadas e obras destas pedras, exceto as da posição 6801; cubos, pastilhas e artigos semelhantes, para mosaicos, de pedra natural (incluída a ardósia), mesmo com suporte; grânulos, fragmentos e",Amazonas,1143,51,comexstat,2026-10-08
2026,08,6802,"Pedras de cantaria ou de construção (exceto de ardósia) trabalhadas e obras destas pedras, exceto as da posição 6801; cubos, pastilhas e artigos semelhantes, para mosaicos, de pedra natural (incluída a ardósia), mesmo com suporte; grânulos, fragmentos e",Maranhão,1111,1798,comexstat,2026-10-08
2026,05,6802,"Pedras de cantaria ou de construção (exceto de ardósia) trabalhadas e obras destas pedras, exceto as da posição 6801; cubos, pastilhas e artigos semelhantes, para mosaicos, de pedra natural (incluída a ardósia), mesmo com suporte; grânulos, fragmentos e",Rio de Janeiro,1080,1080,comexstat,2026-10-08
2026,06,6802,"Pedras de cantaria ou de construção (exceto de ardósia) trabalhadas e obras destas pedras, exceto as da posição 6801; cubos, pastilhas e artigos semelhantes, para mosaicos, de pedra natural (incluída a ardósia), mesmo com suporte; grânulos, fragmentos e",Pernambuco,1078,229,comexstat,2026-10-08
2026,01,6803,Ardósia natural trabalhada e obras de ardósia natural ou aglomerada,Santa Catarina,993,933,comexstat,2026-10-08
2026,08,2515,"Mármores, travertinos, granitos belgas e outras pedras calcárias de cantaria ou de construção, de densidade aparente igual ou superior a 2,5, e alabastro, mesmo desbastados ou simplesmente cortados à serra ou por outro meio, em blocos ou placas de forma q",Rio de Janeiro,934,54,comexstat,2026-10-08
2026,03,6803,Ardósia natural trabalhada e obras de ardósia natural ou aglomerada,Rondônia,843,273,comexstat,2026-10-08
2026,05,6803,Ardósia natural trabalhada e obras de ardósia natural ou aglomerada,Santa Catarina,826,551,comexstat,2026-10-08
2026,02,6801,"Pedras para calcetar, meios-fios e placas (lajes) para pavimentação, de pedra natural (exceto a ardósia)",São Paulo,736,4536,comexstat,2026-10-08
2026,02,2515,"Mármores, travertinos, granitos belgas e outras pedras calcárias de cantaria ou de construção, de densidade aparente igual ou superior a 2,5, e alabastro, mesmo desbastados ou simplesmente cortados à serra ou por outro meio, em blocos ou placas de forma q",Rio de Janeiro,717,82,comexstat,2026-10-08
2026,04,6803,Ardósia natural trabalhada e obras de ardósia natural ou aglomerada,Ceará,625,328,comexstat,2026-10-08
2026,07,6802,"Pedras de cantaria ou de construção (exceto de ardósia) trabalhadas e obras destas pedras, exceto as da posição 6801; cubos, pastilhas e artigos semelhantes, para mosaicos, de pedra natural (incluída a ardósia), mesmo com suporte; grânulos, fragmentos e",Mato Grosso do Sul,462,394,comexstat,2026-10-08
2026,01,2515,"Mármores, travertinos, granitos belgas e outras pedras calcárias de cantaria ou de construção, de densidade aparente igual ou superior a 2,5, e alabastro, mesmo desbastados ou simplesmente cortados à serra ou por outro meio, em blocos ou placas de forma q",Rio de Janeiro,411,1,comexstat,2026-10-08
2026,07,6803,Ardósia natural trabalhada e obras de ardósia natural ou aglomerada,Rondônia,367,115,comexstat,2026-10-08
2026,06,6803,Ardósia natural trabalhada e obras de ardósia natural ou aglomerada,Rondônia,297,41,comexstat,2026-10-08
2026,05,2516,"Granito, pórfiro, basalto, arenito e outras pedras de cantaria ou de construção, mesmo desbastados ou simplesmente cortados à serra ou por outro meio, em blocos ou placas de forma quadrada ou rectangular",Distrito Federal,260,0,comexstat,2026-10-08
2026,04,6803,Ardósia natural trabalhada e obras de ardósia natural ou aglomerada,Rondônia,219,64,comexstat,2026-10-08
2026,09,6802,"Pedras de cantaria ou de construção (exceto de ardósia) trabalhadas e obras destas pedras, exceto as da posição 6801; cubos, pastilhas e artigos semelhantes, para mosaicos, de pedra natural (incluída a ardósia), mesmo com suporte; grânulos, fragmentos e",Mato Grosso,154,144,comexstat,2026-10-08
2026,04,6803,Ardósia natural trabalhada e obras de ardósia natural ou aglomerada,Santa Catarina,153,252,comexstat,2026-10-08
2026,01,6803,Ardósia natural trabalhada e obras de ardósia natural ou aglomerada,Rondônia,137,41,comexstat,2026-10-08
2026,09,6803,Ardósia natural trabalhada e obras de ardósia natural ou aglomerada,Rio de Janeiro,115,29,comexstat,2026-10-08
2026,03,2515,"Mármores, travertinos, granitos belgas e outras pedras calcárias de cantaria ou de construção, de densidade aparente igual ou superior a 2,5, e alabastro, mesmo desbastados ou simplesmente cortados à serra ou por outro meio, em blocos ou placas de forma q",Rio de Janeiro,115,5,comexstat,2026-10-08
2026,05,6803,Ardósia natural trabalhada e obras de ardósia natural ou aglomerada,Bahia,110,62,comexstat,2026-10-08
2026,05,2516,"Granito, pórfiro, basalto, arenito e outras pedras de cantaria ou de construção, mesmo desbastados ou simplesmente cortados à serra ou por outro meio, em blocos ou placas de forma quadrada ou rectangular",Rio de Janeiro,100,520,comexstat,2026-10-08
2026,05,6803,Ardósia natural trabalhada e obras de ardósia natural ou aglomerada,Rondônia,92,15,comexstat,2026-10-08
2026,09,6802,"Pedras de cantaria ou de construção (exceto de ardósia) trabalhadas e obras destas pedras, exceto as da posição 6801; cubos, pastilhas e artigos semelhantes, para mosaicos, de pedra natural (incluída a ardósia), mesmo com suporte; grânulos, fragmentos e",Paraíba,85,750,comexstat,2026-10-08
2026,02,6803,Ardósia natural trabalhada e obras de ardósia natural ou aglomerada,Alagoas,75,137,comexstat,2026-10-08
2026,01,2516,"Granito, pórfiro, basalto, arenito e outras pedras de cantaria ou de construção, mesmo desbastados ou simplesmente cortados à serra ou por outro meio, em blocos ou placas de forma quadrada ou rectangular",Rio de Janeiro,50,3,comexstat,2026-10-08
2026,09,6803,Ardósia natural trabalhada e obras de ardósia natural ou aglomerada,Santa Catarina,48,84,comexstat,2026-10-08
2026,09,2516,"Granito, pórfiro, basalto, arenito e outras pedras de cantaria ou de construção, mesmo desbastados ou simplesmente cortados à serra ou por outro meio, em blocos ou placas de forma quadrada ou rectangular",Pernambuco,35,70,comexstat,2026-10-08
2026,04,6802,"Pedras de cantaria ou de construção (exceto de ardósia) trabalhadas e obras destas pedras, exceto as da posição 6801; cubos, pastilhas e artigos semelhantes, para mosaicos, de pedra natural (incluída a ardósia), mesmo com suporte; grânulos, fragmentos e",Alagoas,20,12,comexstat,2026-10-08
2026,01,6803,Ardósia natural trabalhada e obras de ardósia natural ou aglomerada,São Paulo,18,278,comexstat,2026-10-08
2026,08,6802,"Pedras de cantaria ou de construção (exceto de ardósia) trabalhadas e obras destas pedras, exceto as da posição 6801; cubos, pastilhas e artigos semelhantes, para mosaicos, de pedra natural (incluída a ardósia), mesmo com suporte; grânulos, fragmentos e",Alagoas,8,1,comexstat,2026-10-08
2026,08,6803,Ardósia natural trabalhada e obras de ardósia natural ou aglomerada,Rondônia,8,1,comexstat,2026-10-08
