year,monthNumber,headingCode,heading,country,metricFOB,metricKG,fonte,coletado_em
2025,08,6802,"Pedras de cantaria ou de construção (exceto de ardósia) trabalhadas e obras destas pedras, exceto as da posição 6801; cubos, pastilhas e artigos semelhantes, para mosaicos, de pedra natural (incluída a ardósia), mesmo com suporte; grânulos, fragmentos e",Itália,1434537,202024,comexstat,2026-10-08
2025,09,2515,"Mármores, travertinos, granitos belgas e outras pedras calcárias de cantaria ou de construção, de densidade aparente igual ou superior a 2,5, e alabastro, mesmo desbastados ou simplesmente cortados à serra ou por outro meio, em blocos ou placas de forma q",México,1157024,3194123,comexstat,2026-10-08
2025,10,2515,"Mármores, travertinos, granitos belgas e outras pedras calcárias de cantaria ou de construção, de densidade aparente igual ou superior a 2,5, e alabastro, mesmo desbastados ou simplesmente cortados à serra ou por outro meio, em blocos ou placas de forma q",Turquia,1013395,3121625,comexstat,2026-10-08
2025,10,2515,"Mármores, travertinos, granitos belgas e outras pedras calcárias de cantaria ou de construção, de densidade aparente igual ou superior a 2,5, e alabastro, mesmo desbastados ou simplesmente cortados à serra ou por outro meio, em blocos ou placas de forma q",México,1007883,1964090,comexstat,2026-10-08
2025,07,2515,"Mármores, travertinos, granitos belgas e outras pedras calcárias de cantaria ou de construção, de densidade aparente igual ou superior a 2,5, e alabastro, mesmo desbastados ou simplesmente cortados à serra ou por outro meio, em blocos ou placas de forma q",México,1001407,2218046,comexstat,2026-10-08
2025,01,2515,"Mármores, travertinos, granitos belgas e outras pedras calcárias de cantaria ou de construção, de densidade aparente igual ou superior a 2,5, e alabastro, mesmo desbastados ou simplesmente cortados à serra ou por outro meio, em blocos ou placas de forma q",México,889067,2129576,comexstat,2026-10-08
2025,09,2515,"Mármores, travertinos, granitos belgas e outras pedras calcárias de cantaria ou de construção, de densidade aparente igual ou superior a 2,5, e alabastro, mesmo desbastados ou simplesmente cortados à serra ou por outro meio, em blocos ou placas de forma q",Turquia,846197,1809697,comexstat,2026-10-08
2025,04,2515,"Mármores, travertinos, granitos belgas e outras pedras calcárias de cantaria ou de construção, de densidade aparente igual ou superior a 2,5, e alabastro, mesmo desbastados ou simplesmente cortados à serra ou por outro meio, em blocos ou placas de forma q",México,807867,1604612,comexstat,2026-10-08
2025,09,6802,"Pedras de cantaria ou de construção (exceto de ardósia) trabalhadas e obras destas pedras, exceto as da posição 6801; cubos, pastilhas e artigos semelhantes, para mosaicos, de pedra natural (incluída a ardósia), mesmo com suporte; grânulos, fragmentos e",Turquia,799600,1562955,comexstat,2026-10-08
2025,11,2515,"Mármores, travertinos, granitos belgas e outras pedras calcárias de cantaria ou de construção, de densidade aparente igual ou superior a 2,5, e alabastro, mesmo desbastados ou simplesmente cortados à serra ou por outro meio, em blocos ou placas de forma q",Turquia,778169,2138601,comexstat,2026-10-08
2025,11,2515,"Mármores, travertinos, granitos belgas e outras pedras calcárias de cantaria ou de construção, de densidade aparente igual ou superior a 2,5, e alabastro, mesmo desbastados ou simplesmente cortados à serra ou por outro meio, em blocos ou placas de forma q",México,745630,1537827,comexstat,2026-10-08
2025,12,2515,"Mármores, travertinos, granitos belgas e outras pedras calcárias de cantaria ou de construção, de densidade aparente igual ou superior a 2,5, e alabastro, mesmo desbastados ou simplesmente cortados à serra ou por outro meio, em blocos ou placas de forma q",México,710855,1610368,comexstat,2026-10-08
2025,07,2515,"Mármores, travertinos, granitos belgas e outras pedras calcárias de cantaria ou de construção, de densidade aparente igual ou superior a 2,5, e alabastro, mesmo desbastados ou simplesmente cortados à serra ou por outro meio, em blocos ou placas de forma q",Turquia,696747,1902764,comexstat,2026-10-08
2025,12,2515,"Mármores, travertinos, granitos belgas e outras pedras calcárias de cantaria ou de construção, de densidade aparente igual ou superior a 2,5, e alabastro, mesmo desbastados ou simplesmente cortados à serra ou por outro meio, em blocos ou placas de forma q",Turquia,635399,1622850,comexstat,2026-10-08
2025,08,2515,"Mármores, travertinos, granitos belgas e outras pedras calcárias de cantaria ou de construção, de densidade aparente igual ou superior a 2,5, e alabastro, mesmo desbastados ou simplesmente cortados à serra ou por outro meio, em blocos ou placas de forma q",Turquia,634573,1855795,comexstat,2026-10-08
2025,02,2515,"Mármores, travertinos, granitos belgas e outras pedras calcárias de cantaria ou de construção, de densidade aparente igual ou superior a 2,5, e alabastro, mesmo desbastados ou simplesmente cortados à serra ou por outro meio, em blocos ou placas de forma q",Turquia,634213,1753386,comexstat,2026-10-08
2025,08,2515,"Mármores, travertinos, granitos belgas e outras pedras calcárias de cantaria ou de construção, de densidade aparente igual ou superior a 2,5, e alabastro, mesmo desbastados ou simplesmente cortados à serra ou por outro meio, em blocos ou placas de forma q",México,624707,1235358,comexstat,2026-10-08
2025,05,2515,"Mármores, travertinos, granitos belgas e outras pedras calcárias de cantaria ou de construção, de densidade aparente igual ou superior a 2,5, e alabastro, mesmo desbastados ou simplesmente cortados à serra ou por outro meio, em blocos ou placas de forma q",México,611629,1294045,comexstat,2026-10-08
2025,06,2515,"Mármores, travertinos, granitos belgas e outras pedras calcárias de cantaria ou de construção, de densidade aparente igual ou superior a 2,5, e alabastro, mesmo desbastados ou simplesmente cortados à serra ou por outro meio, em blocos ou placas de forma q",México,593937,1380549,comexstat,2026-10-08
2025,06,2515,"Mármores, travertinos, granitos belgas e outras pedras calcárias de cantaria ou de construção, de densidade aparente igual ou superior a 2,5, e alabastro, mesmo desbastados ou simplesmente cortados à serra ou por outro meio, em blocos ou placas de forma q",Turquia,584918,1794997,comexstat,2026-10-08
2025,07,6802,"Pedras de cantaria ou de construção (exceto de ardósia) trabalhadas e obras destas pedras, exceto as da posição 6801; cubos, pastilhas e artigos semelhantes, para mosaicos, de pedra natural (incluída a ardósia), mesmo com suporte; grânulos, fragmentos e",Turquia,579461,1558167,comexstat,2026-10-08
2025,01,2515,"Mármores, travertinos, granitos belgas e outras pedras calcárias de cantaria ou de construção, de densidade aparente igual ou superior a 2,5, e alabastro, mesmo desbastados ou simplesmente cortados à serra ou por outro meio, em blocos ou placas de forma q",Turquia,567556,1218584,comexstat,2026-10-08
2025,07,6802,"Pedras de cantaria ou de construção (exceto de ardósia) trabalhadas e obras destas pedras, exceto as da posição 6801; cubos, pastilhas e artigos semelhantes, para mosaicos, de pedra natural (incluída a ardósia), mesmo com suporte; grânulos, fragmentos e",Itália,542248,209593,comexstat,2026-10-08
2025,11,6802,"Pedras de cantaria ou de construção (exceto de ardósia) trabalhadas e obras destas pedras, exceto as da posição 6801; cubos, pastilhas e artigos semelhantes, para mosaicos, de pedra natural (incluída a ardósia), mesmo com suporte; grânulos, fragmentos e",Turquia,528509,1070640,comexstat,2026-10-08
2025,05,2515,"Mármores, travertinos, granitos belgas e outras pedras calcárias de cantaria ou de construção, de densidade aparente igual ou superior a 2,5, e alabastro, mesmo desbastados ou simplesmente cortados à serra ou por outro meio, em blocos ou placas de forma q",Turquia,510947,1105589,comexstat,2026-10-08
2025,10,6802,"Pedras de cantaria ou de construção (exceto de ardósia) trabalhadas e obras destas pedras, exceto as da posição 6801; cubos, pastilhas e artigos semelhantes, para mosaicos, de pedra natural (incluída a ardósia), mesmo com suporte; grânulos, fragmentos e",Turquia,449158,1020576,comexstat,2026-10-08
2025,07,6802,"Pedras de cantaria ou de construção (exceto de ardósia) trabalhadas e obras destas pedras, exceto as da posição 6801; cubos, pastilhas e artigos semelhantes, para mosaicos, de pedra natural (incluída a ardósia), mesmo com suporte; grânulos, fragmentos e",Espanha,443666,811189,comexstat,2026-10-08
2025,03,2515,"Mármores, travertinos, granitos belgas e outras pedras calcárias de cantaria ou de construção, de densidade aparente igual ou superior a 2,5, e alabastro, mesmo desbastados ou simplesmente cortados à serra ou por outro meio, em blocos ou placas de forma q",México,441529,770419,comexstat,2026-10-08
2025,08,2515,"Mármores, travertinos, granitos belgas e outras pedras calcárias de cantaria ou de construção, de densidade aparente igual ou superior a 2,5, e alabastro, mesmo desbastados ou simplesmente cortados à serra ou por outro meio, em blocos ou placas de forma q",Namíbia,422741,536842,comexstat,2026-10-08
2025,06,6802,"Pedras de cantaria ou de construção (exceto de ardósia) trabalhadas e obras destas pedras, exceto as da posição 6801; cubos, pastilhas e artigos semelhantes, para mosaicos, de pedra natural (incluída a ardósia), mesmo com suporte; grânulos, fragmentos e",Turquia,417114,1122110,comexstat,2026-10-08
2025,03,2515,"Mármores, travertinos, granitos belgas e outras pedras calcárias de cantaria ou de construção, de densidade aparente igual ou superior a 2,5, e alabastro, mesmo desbastados ou simplesmente cortados à serra ou por outro meio, em blocos ou placas de forma q",Turquia,394408,831582,comexstat,2026-10-08
2025,06,6802,"Pedras de cantaria ou de construção (exceto de ardósia) trabalhadas e obras destas pedras, exceto as da posição 6801; cubos, pastilhas e artigos semelhantes, para mosaicos, de pedra natural (incluída a ardósia), mesmo com suporte; grânulos, fragmentos e",China,393522,553252,comexstat,2026-10-08
2025,02,6802,"Pedras de cantaria ou de construção (exceto de ardósia) trabalhadas e obras destas pedras, exceto as da posição 6801; cubos, pastilhas e artigos semelhantes, para mosaicos, de pedra natural (incluída a ardósia), mesmo com suporte; grânulos, fragmentos e",Turquia,373897,756191,comexstat,2026-10-08
2025,01,6802,"Pedras de cantaria ou de construção (exceto de ardósia) trabalhadas e obras destas pedras, exceto as da posição 6801; cubos, pastilhas e artigos semelhantes, para mosaicos, de pedra natural (incluída a ardósia), mesmo com suporte; grânulos, fragmentos e",China,368045,388760,comexstat,2026-10-08
2025,07,6802,"Pedras de cantaria ou de construção (exceto de ardósia) trabalhadas e obras destas pedras, exceto as da posição 6801; cubos, pastilhas e artigos semelhantes, para mosaicos, de pedra natural (incluída a ardósia), mesmo com suporte; grânulos, fragmentos e",China,359894,540890,comexstat,2026-10-08
2025,01,2515,"Mármores, travertinos, granitos belgas e outras pedras calcárias de cantaria ou de construção, de densidade aparente igual ou superior a 2,5, e alabastro, mesmo desbastados ou simplesmente cortados à serra ou por outro meio, em blocos ou placas de forma q",Itália,343824,495213,comexstat,2026-10-08
2025,02,2515,"Mármores, travertinos, granitos belgas e outras pedras calcárias de cantaria ou de construção, de densidade aparente igual ou superior a 2,5, e alabastro, mesmo desbastados ou simplesmente cortados à serra ou por outro meio, em blocos ou placas de forma q",México,343522,866720,comexstat,2026-10-08
2025,04,6802,"Pedras de cantaria ou de construção (exceto de ardósia) trabalhadas e obras destas pedras, exceto as da posição 6801; cubos, pastilhas e artigos semelhantes, para mosaicos, de pedra natural (incluída a ardósia), mesmo com suporte; grânulos, fragmentos e",Turquia,330772,882754,comexstat,2026-10-08
2025,06,2515,"Mármores, travertinos, granitos belgas e outras pedras calcárias de cantaria ou de construção, de densidade aparente igual ou superior a 2,5, e alabastro, mesmo desbastados ou simplesmente cortados à serra ou por outro meio, em blocos ou placas de forma q",Namíbia,327762,431390,comexstat,2026-10-08
2025,02,6802,"Pedras de cantaria ou de construção (exceto de ardósia) trabalhadas e obras destas pedras, exceto as da posição 6801; cubos, pastilhas e artigos semelhantes, para mosaicos, de pedra natural (incluída a ardósia), mesmo com suporte; grânulos, fragmentos e",China,311998,315382,comexstat,2026-10-08
2025,12,6802,"Pedras de cantaria ou de construção (exceto de ardósia) trabalhadas e obras destas pedras, exceto as da posição 6801; cubos, pastilhas e artigos semelhantes, para mosaicos, de pedra natural (incluída a ardósia), mesmo com suporte; grânulos, fragmentos e",Turquia,309823,706246,comexstat,2026-10-08
2025,01,6802,"Pedras de cantaria ou de construção (exceto de ardósia) trabalhadas e obras destas pedras, exceto as da posição 6801; cubos, pastilhas e artigos semelhantes, para mosaicos, de pedra natural (incluída a ardósia), mesmo com suporte; grânulos, fragmentos e",Turquia,295335,651706,comexstat,2026-10-08
2025,04,2515,"Mármores, travertinos, granitos belgas e outras pedras calcárias de cantaria ou de construção, de densidade aparente igual ou superior a 2,5, e alabastro, mesmo desbastados ou simplesmente cortados à serra ou por outro meio, em blocos ou placas de forma q",Turquia,277969,588685,comexstat,2026-10-08
2025,01,6802,"Pedras de cantaria ou de construção (exceto de ardósia) trabalhadas e obras destas pedras, exceto as da posição 6801; cubos, pastilhas e artigos semelhantes, para mosaicos, de pedra natural (incluída a ardósia), mesmo com suporte; grânulos, fragmentos e",Itália,277355,168500,comexstat,2026-10-08
2025,10,6802,"Pedras de cantaria ou de construção (exceto de ardósia) trabalhadas e obras destas pedras, exceto as da posição 6801; cubos, pastilhas e artigos semelhantes, para mosaicos, de pedra natural (incluída a ardósia), mesmo com suporte; grânulos, fragmentos e",China,276218,182490,comexstat,2026-10-08
2025,01,6802,"Pedras de cantaria ou de construção (exceto de ardósia) trabalhadas e obras destas pedras, exceto as da posição 6801; cubos, pastilhas e artigos semelhantes, para mosaicos, de pedra natural (incluída a ardósia), mesmo com suporte; grânulos, fragmentos e",Índia,273593,667661,comexstat,2026-10-08
2025,11,6802,"Pedras de cantaria ou de construção (exceto de ardósia) trabalhadas e obras destas pedras, exceto as da posição 6801; cubos, pastilhas e artigos semelhantes, para mosaicos, de pedra natural (incluída a ardósia), mesmo com suporte; grânulos, fragmentos e",China,261210,405805,comexstat,2026-10-08
2025,09,6802,"Pedras de cantaria ou de construção (exceto de ardósia) trabalhadas e obras destas pedras, exceto as da posição 6801; cubos, pastilhas e artigos semelhantes, para mosaicos, de pedra natural (incluída a ardósia), mesmo com suporte; grânulos, fragmentos e",Espanha,258029,454078,comexstat,2026-10-08
2025,12,2515,"Mármores, travertinos, granitos belgas e outras pedras calcárias de cantaria ou de construção, de densidade aparente igual ou superior a 2,5, e alabastro, mesmo desbastados ou simplesmente cortados à serra ou por outro meio, em blocos ou placas de forma q",Itália,248926,567959,comexstat,2026-10-08
2025,11,6802,"Pedras de cantaria ou de construção (exceto de ardósia) trabalhadas e obras destas pedras, exceto as da posição 6801; cubos, pastilhas e artigos semelhantes, para mosaicos, de pedra natural (incluída a ardósia), mesmo com suporte; grânulos, fragmentos e",Índia,248780,679935,comexstat,2026-10-08
2025,09,6802,"Pedras de cantaria ou de construção (exceto de ardósia) trabalhadas e obras destas pedras, exceto as da posição 6801; cubos, pastilhas e artigos semelhantes, para mosaicos, de pedra natural (incluída a ardósia), mesmo com suporte; grânulos, fragmentos e",Indonésia,245019,401214,comexstat,2026-10-08
2025,09,6802,"Pedras de cantaria ou de construção (exceto de ardósia) trabalhadas e obras destas pedras, exceto as da posição 6801; cubos, pastilhas e artigos semelhantes, para mosaicos, de pedra natural (incluída a ardósia), mesmo com suporte; grânulos, fragmentos e",Itália,243172,246953,comexstat,2026-10-08
2025,02,6802,"Pedras de cantaria ou de construção (exceto de ardósia) trabalhadas e obras destas pedras, exceto as da posição 6801; cubos, pastilhas e artigos semelhantes, para mosaicos, de pedra natural (incluída a ardósia), mesmo com suporte; grânulos, fragmentos e",Egito,241234,952662,comexstat,2026-10-08
2025,06,2515,"Mármores, travertinos, granitos belgas e outras pedras calcárias de cantaria ou de construção, de densidade aparente igual ou superior a 2,5, e alabastro, mesmo desbastados ou simplesmente cortados à serra ou por outro meio, em blocos ou placas de forma q",Itália,236714,334540,comexstat,2026-10-08
2025,01,6802,"Pedras de cantaria ou de construção (exceto de ardósia) trabalhadas e obras destas pedras, exceto as da posição 6801; cubos, pastilhas e artigos semelhantes, para mosaicos, de pedra natural (incluída a ardósia), mesmo com suporte; grânulos, fragmentos e",Espanha,236655,530265,comexstat,2026-10-08
2025,04,2515,"Mármores, travertinos, granitos belgas e outras pedras calcárias de cantaria ou de construção, de densidade aparente igual ou superior a 2,5, e alabastro, mesmo desbastados ou simplesmente cortados à serra ou por outro meio, em blocos ou placas de forma q",Namíbia,236631,314710,comexstat,2026-10-08
2025,08,2515,"Mármores, travertinos, granitos belgas e outras pedras calcárias de cantaria ou de construção, de densidade aparente igual ou superior a 2,5, e alabastro, mesmo desbastados ou simplesmente cortados à serra ou por outro meio, em blocos ou placas de forma q",Itália,230229,453394,comexstat,2026-10-08
2025,04,6802,"Pedras de cantaria ou de construção (exceto de ardósia) trabalhadas e obras destas pedras, exceto as da posição 6801; cubos, pastilhas e artigos semelhantes, para mosaicos, de pedra natural (incluída a ardósia), mesmo com suporte; grânulos, fragmentos e",Índia,229727,694496,comexstat,2026-10-08
2025,03,6802,"Pedras de cantaria ou de construção (exceto de ardósia) trabalhadas e obras destas pedras, exceto as da posição 6801; cubos, pastilhas e artigos semelhantes, para mosaicos, de pedra natural (incluída a ardósia), mesmo com suporte; grânulos, fragmentos e",Turquia,226233,394881,comexstat,2026-10-08
2025,05,6802,"Pedras de cantaria ou de construção (exceto de ardósia) trabalhadas e obras destas pedras, exceto as da posição 6801; cubos, pastilhas e artigos semelhantes, para mosaicos, de pedra natural (incluída a ardósia), mesmo com suporte; grânulos, fragmentos e",Espanha,223027,469438,comexstat,2026-10-08
2025,10,6802,"Pedras de cantaria ou de construção (exceto de ardósia) trabalhadas e obras destas pedras, exceto as da posição 6801; cubos, pastilhas e artigos semelhantes, para mosaicos, de pedra natural (incluída a ardósia), mesmo com suporte; grânulos, fragmentos e",Indonésia,219092,320384,comexstat,2026-10-08
2025,12,6802,"Pedras de cantaria ou de construção (exceto de ardósia) trabalhadas e obras destas pedras, exceto as da posição 6801; cubos, pastilhas e artigos semelhantes, para mosaicos, de pedra natural (incluída a ardósia), mesmo com suporte; grânulos, fragmentos e",Índia,217352,564765,comexstat,2026-10-08
2025,05,6802,"Pedras de cantaria ou de construção (exceto de ardósia) trabalhadas e obras destas pedras, exceto as da posição 6801; cubos, pastilhas e artigos semelhantes, para mosaicos, de pedra natural (incluída a ardósia), mesmo com suporte; grânulos, fragmentos e",Turquia,215523,603555,comexstat,2026-10-08
2025,08,6802,"Pedras de cantaria ou de construção (exceto de ardósia) trabalhadas e obras destas pedras, exceto as da posição 6801; cubos, pastilhas e artigos semelhantes, para mosaicos, de pedra natural (incluída a ardósia), mesmo com suporte; grânulos, fragmentos e",Turquia,209224,457009,comexstat,2026-10-08
2025,07,6802,"Pedras de cantaria ou de construção (exceto de ardósia) trabalhadas e obras destas pedras, exceto as da posição 6801; cubos, pastilhas e artigos semelhantes, para mosaicos, de pedra natural (incluída a ardósia), mesmo com suporte; grânulos, fragmentos e",Índia,207659,471727,comexstat,2026-10-08
2025,03,6802,"Pedras de cantaria ou de construção (exceto de ardósia) trabalhadas e obras destas pedras, exceto as da posição 6801; cubos, pastilhas e artigos semelhantes, para mosaicos, de pedra natural (incluída a ardósia), mesmo com suporte; grânulos, fragmentos e",China,199839,177151,comexstat,2026-10-08
2025,04,6802,"Pedras de cantaria ou de construção (exceto de ardósia) trabalhadas e obras destas pedras, exceto as da posição 6801; cubos, pastilhas e artigos semelhantes, para mosaicos, de pedra natural (incluída a ardósia), mesmo com suporte; grânulos, fragmentos e",Indonésia,198808,337309,comexstat,2026-10-08
2025,06,6802,"Pedras de cantaria ou de construção (exceto de ardósia) trabalhadas e obras destas pedras, exceto as da posição 6801; cubos, pastilhas e artigos semelhantes, para mosaicos, de pedra natural (incluída a ardósia), mesmo com suporte; grânulos, fragmentos e",Itália,196986,140284,comexstat,2026-10-08
2025,01,6802,"Pedras de cantaria ou de construção (exceto de ardósia) trabalhadas e obras destas pedras, exceto as da posição 6801; cubos, pastilhas e artigos semelhantes, para mosaicos, de pedra natural (incluída a ardósia), mesmo com suporte; grânulos, fragmentos e",Indonésia,195483,332918,comexstat,2026-10-08
2025,11,6802,"Pedras de cantaria ou de construção (exceto de ardósia) trabalhadas e obras destas pedras, exceto as da posição 6801; cubos, pastilhas e artigos semelhantes, para mosaicos, de pedra natural (incluída a ardósia), mesmo com suporte; grânulos, fragmentos e",Espanha,193087,377876,comexstat,2026-10-08
2025,12,6802,"Pedras de cantaria ou de construção (exceto de ardósia) trabalhadas e obras destas pedras, exceto as da posição 6801; cubos, pastilhas e artigos semelhantes, para mosaicos, de pedra natural (incluída a ardósia), mesmo com suporte; grânulos, fragmentos e",Indonésia,187157,319525,comexstat,2026-10-08
2025,01,6802,"Pedras de cantaria ou de construção (exceto de ardósia) trabalhadas e obras destas pedras, exceto as da posição 6801; cubos, pastilhas e artigos semelhantes, para mosaicos, de pedra natural (incluída a ardósia), mesmo com suporte; grânulos, fragmentos e",Grécia,182434,243826,comexstat,2026-10-08
2025,12,6802,"Pedras de cantaria ou de construção (exceto de ardósia) trabalhadas e obras destas pedras, exceto as da posição 6801; cubos, pastilhas e artigos semelhantes, para mosaicos, de pedra natural (incluída a ardósia), mesmo com suporte; grânulos, fragmentos e",Itália,177417,153107,comexstat,2026-10-08
2025,02,6802,"Pedras de cantaria ou de construção (exceto de ardósia) trabalhadas e obras destas pedras, exceto as da posição 6801; cubos, pastilhas e artigos semelhantes, para mosaicos, de pedra natural (incluída a ardósia), mesmo com suporte; grânulos, fragmentos e",Grécia,174293,238141,comexstat,2026-10-08
2025,12,6802,"Pedras de cantaria ou de construção (exceto de ardósia) trabalhadas e obras destas pedras, exceto as da posição 6801; cubos, pastilhas e artigos semelhantes, para mosaicos, de pedra natural (incluída a ardósia), mesmo com suporte; grânulos, fragmentos e",Grécia,171803,278044,comexstat,2026-10-08
2025,12,6802,"Pedras de cantaria ou de construção (exceto de ardósia) trabalhadas e obras destas pedras, exceto as da posição 6801; cubos, pastilhas e artigos semelhantes, para mosaicos, de pedra natural (incluída a ardósia), mesmo com suporte; grânulos, fragmentos e",Egito,171636,662150,comexstat,2026-10-08
2025,08,6802,"Pedras de cantaria ou de construção (exceto de ardósia) trabalhadas e obras destas pedras, exceto as da posição 6801; cubos, pastilhas e artigos semelhantes, para mosaicos, de pedra natural (incluída a ardósia), mesmo com suporte; grânulos, fragmentos e",Índia,171375,504446,comexstat,2026-10-08
2025,01,6802,"Pedras de cantaria ou de construção (exceto de ardósia) trabalhadas e obras destas pedras, exceto as da posição 6801; cubos, pastilhas e artigos semelhantes, para mosaicos, de pedra natural (incluída a ardósia), mesmo com suporte; grânulos, fragmentos e",Egito,168701,691522,comexstat,2026-10-08
2025,10,6802,"Pedras de cantaria ou de construção (exceto de ardósia) trabalhadas e obras destas pedras, exceto as da posição 6801; cubos, pastilhas e artigos semelhantes, para mosaicos, de pedra natural (incluída a ardósia), mesmo com suporte; grânulos, fragmentos e",Índia,164346,447446,comexstat,2026-10-08
2025,11,6802,"Pedras de cantaria ou de construção (exceto de ardósia) trabalhadas e obras destas pedras, exceto as da posição 6801; cubos, pastilhas e artigos semelhantes, para mosaicos, de pedra natural (incluída a ardósia), mesmo com suporte; grânulos, fragmentos e",Indonésia,161452,277063,comexstat,2026-10-08
2025,05,6802,"Pedras de cantaria ou de construção (exceto de ardósia) trabalhadas e obras destas pedras, exceto as da posição 6801; cubos, pastilhas e artigos semelhantes, para mosaicos, de pedra natural (incluída a ardósia), mesmo com suporte; grânulos, fragmentos e",Estados Unidos,160731,96700,comexstat,2026-10-08
2025,03,6802,"Pedras de cantaria ou de construção (exceto de ardósia) trabalhadas e obras destas pedras, exceto as da posição 6801; cubos, pastilhas e artigos semelhantes, para mosaicos, de pedra natural (incluída a ardósia), mesmo com suporte; grânulos, fragmentos e",Itália,159850,77837,comexstat,2026-10-08
2025,02,6802,"Pedras de cantaria ou de construção (exceto de ardósia) trabalhadas e obras destas pedras, exceto as da posição 6801; cubos, pastilhas e artigos semelhantes, para mosaicos, de pedra natural (incluída a ardósia), mesmo com suporte; grânulos, fragmentos e",Índia,159394,452767,comexstat,2026-10-08
2025,03,6802,"Pedras de cantaria ou de construção (exceto de ardósia) trabalhadas e obras destas pedras, exceto as da posição 6801; cubos, pastilhas e artigos semelhantes, para mosaicos, de pedra natural (incluída a ardósia), mesmo com suporte; grânulos, fragmentos e",Indonésia,154777,221534,comexstat,2026-10-08
2025,10,6802,"Pedras de cantaria ou de construção (exceto de ardósia) trabalhadas e obras destas pedras, exceto as da posição 6801; cubos, pastilhas e artigos semelhantes, para mosaicos, de pedra natural (incluída a ardósia), mesmo com suporte; grânulos, fragmentos e",Egito,154007,635000,comexstat,2026-10-08
2025,05,2515,"Mármores, travertinos, granitos belgas e outras pedras calcárias de cantaria ou de construção, de densidade aparente igual ou superior a 2,5, e alabastro, mesmo desbastados ou simplesmente cortados à serra ou por outro meio, em blocos ou placas de forma q",Itália,149667,274361,comexstat,2026-10-08
2025,07,6802,"Pedras de cantaria ou de construção (exceto de ardósia) trabalhadas e obras destas pedras, exceto as da posição 6801; cubos, pastilhas e artigos semelhantes, para mosaicos, de pedra natural (incluída a ardósia), mesmo com suporte; grânulos, fragmentos e",Indonésia,148908,278322,comexstat,2026-10-08
2025,09,6802,"Pedras de cantaria ou de construção (exceto de ardósia) trabalhadas e obras destas pedras, exceto as da posição 6801; cubos, pastilhas e artigos semelhantes, para mosaicos, de pedra natural (incluída a ardósia), mesmo com suporte; grânulos, fragmentos e",Egito,147544,557900,comexstat,2026-10-08
2025,02,6802,"Pedras de cantaria ou de construção (exceto de ardósia) trabalhadas e obras destas pedras, exceto as da posição 6801; cubos, pastilhas e artigos semelhantes, para mosaicos, de pedra natural (incluída a ardósia), mesmo com suporte; grânulos, fragmentos e",Itália,144672,78653,comexstat,2026-10-08
2025,03,6802,"Pedras de cantaria ou de construção (exceto de ardósia) trabalhadas e obras destas pedras, exceto as da posição 6801; cubos, pastilhas e artigos semelhantes, para mosaicos, de pedra natural (incluída a ardósia), mesmo com suporte; grânulos, fragmentos e",Grécia,143562,198740,comexstat,2026-10-08
2025,10,6802,"Pedras de cantaria ou de construção (exceto de ardósia) trabalhadas e obras destas pedras, exceto as da posição 6801; cubos, pastilhas e artigos semelhantes, para mosaicos, de pedra natural (incluída a ardósia), mesmo com suporte; grânulos, fragmentos e",Espanha,137195,240496,comexstat,2026-10-08
2025,05,6802,"Pedras de cantaria ou de construção (exceto de ardósia) trabalhadas e obras destas pedras, exceto as da posição 6801; cubos, pastilhas e artigos semelhantes, para mosaicos, de pedra natural (incluída a ardósia), mesmo com suporte; grânulos, fragmentos e",Indonésia,136537,202928,comexstat,2026-10-08
2025,09,6802,"Pedras de cantaria ou de construção (exceto de ardósia) trabalhadas e obras destas pedras, exceto as da posição 6801; cubos, pastilhas e artigos semelhantes, para mosaicos, de pedra natural (incluída a ardósia), mesmo com suporte; grânulos, fragmentos e",China,133032,172764,comexstat,2026-10-08
2025,06,6802,"Pedras de cantaria ou de construção (exceto de ardósia) trabalhadas e obras destas pedras, exceto as da posição 6801; cubos, pastilhas e artigos semelhantes, para mosaicos, de pedra natural (incluída a ardósia), mesmo com suporte; grânulos, fragmentos e",Índia,132490,402235,comexstat,2026-10-08
2025,11,6802,"Pedras de cantaria ou de construção (exceto de ardósia) trabalhadas e obras destas pedras, exceto as da posição 6801; cubos, pastilhas e artigos semelhantes, para mosaicos, de pedra natural (incluída a ardósia), mesmo com suporte; grânulos, fragmentos e",Itália,132399,106217,comexstat,2026-10-08
2025,02,6802,"Pedras de cantaria ou de construção (exceto de ardósia) trabalhadas e obras destas pedras, exceto as da posição 6801; cubos, pastilhas e artigos semelhantes, para mosaicos, de pedra natural (incluída a ardósia), mesmo com suporte; grânulos, fragmentos e",Indonésia,132327,230349,comexstat,2026-10-08
2025,02,6802,"Pedras de cantaria ou de construção (exceto de ardósia) trabalhadas e obras destas pedras, exceto as da posição 6801; cubos, pastilhas e artigos semelhantes, para mosaicos, de pedra natural (incluída a ardósia), mesmo com suporte; grânulos, fragmentos e",Espanha,130740,280882,comexstat,2026-10-08
2025,04,6802,"Pedras de cantaria ou de construção (exceto de ardósia) trabalhadas e obras destas pedras, exceto as da posição 6801; cubos, pastilhas e artigos semelhantes, para mosaicos, de pedra natural (incluída a ardósia), mesmo com suporte; grânulos, fragmentos e",Itália,126079,161329,comexstat,2026-10-08
2025,09,6802,"Pedras de cantaria ou de construção (exceto de ardósia) trabalhadas e obras destas pedras, exceto as da posição 6801; cubos, pastilhas e artigos semelhantes, para mosaicos, de pedra natural (incluída a ardósia), mesmo com suporte; grânulos, fragmentos e",Índia,125351,339502,comexstat,2026-10-08
2025,08,6802,"Pedras de cantaria ou de construção (exceto de ardósia) trabalhadas e obras destas pedras, exceto as da posição 6801; cubos, pastilhas e artigos semelhantes, para mosaicos, de pedra natural (incluída a ardósia), mesmo com suporte; grânulos, fragmentos e",Espanha,124125,236733,comexstat,2026-10-08
2025,05,6802,"Pedras de cantaria ou de construção (exceto de ardósia) trabalhadas e obras destas pedras, exceto as da posição 6801; cubos, pastilhas e artigos semelhantes, para mosaicos, de pedra natural (incluída a ardósia), mesmo com suporte; grânulos, fragmentos e",China,123275,165932,comexstat,2026-10-08
2025,11,6802,"Pedras de cantaria ou de construção (exceto de ardósia) trabalhadas e obras destas pedras, exceto as da posição 6801; cubos, pastilhas e artigos semelhantes, para mosaicos, de pedra natural (incluída a ardósia), mesmo com suporte; grânulos, fragmentos e",México,123069,143568,comexstat,2026-10-08
2025,08,6802,"Pedras de cantaria ou de construção (exceto de ardósia) trabalhadas e obras destas pedras, exceto as da posição 6801; cubos, pastilhas e artigos semelhantes, para mosaicos, de pedra natural (incluída a ardósia), mesmo com suporte; grânulos, fragmentos e",China,122208,154714,comexstat,2026-10-08
2025,05,6802,"Pedras de cantaria ou de construção (exceto de ardósia) trabalhadas e obras destas pedras, exceto as da posição 6801; cubos, pastilhas e artigos semelhantes, para mosaicos, de pedra natural (incluída a ardósia), mesmo com suporte; grânulos, fragmentos e",Índia,121671,346802,comexstat,2026-10-08
2025,06,6802,"Pedras de cantaria ou de construção (exceto de ardósia) trabalhadas e obras destas pedras, exceto as da posição 6801; cubos, pastilhas e artigos semelhantes, para mosaicos, de pedra natural (incluída a ardósia), mesmo com suporte; grânulos, fragmentos e",Egito,119382,460900,comexstat,2026-10-08
2025,04,6802,"Pedras de cantaria ou de construção (exceto de ardósia) trabalhadas e obras destas pedras, exceto as da posição 6801; cubos, pastilhas e artigos semelhantes, para mosaicos, de pedra natural (incluída a ardósia), mesmo com suporte; grânulos, fragmentos e",Portugal,116300,240705,comexstat,2026-10-08
2025,10,2515,"Mármores, travertinos, granitos belgas e outras pedras calcárias de cantaria ou de construção, de densidade aparente igual ou superior a 2,5, e alabastro, mesmo desbastados ou simplesmente cortados à serra ou por outro meio, em blocos ou placas de forma q",Espanha,114810,189118,comexstat,2026-10-08
2025,09,2515,"Mármores, travertinos, granitos belgas e outras pedras calcárias de cantaria ou de construção, de densidade aparente igual ou superior a 2,5, e alabastro, mesmo desbastados ou simplesmente cortados à serra ou por outro meio, em blocos ou placas de forma q",Itália,113407,194780,comexstat,2026-10-08
2025,08,6802,"Pedras de cantaria ou de construção (exceto de ardósia) trabalhadas e obras destas pedras, exceto as da posição 6801; cubos, pastilhas e artigos semelhantes, para mosaicos, de pedra natural (incluída a ardósia), mesmo com suporte; grânulos, fragmentos e",México,111199,134339,comexstat,2026-10-08
2025,03,6802,"Pedras de cantaria ou de construção (exceto de ardósia) trabalhadas e obras destas pedras, exceto as da posição 6801; cubos, pastilhas e artigos semelhantes, para mosaicos, de pedra natural (incluída a ardósia), mesmo com suporte; grânulos, fragmentos e",Índia,110848,318241,comexstat,2026-10-08
2025,07,2515,"Mármores, travertinos, granitos belgas e outras pedras calcárias de cantaria ou de construção, de densidade aparente igual ou superior a 2,5, e alabastro, mesmo desbastados ou simplesmente cortados à serra ou por outro meio, em blocos ou placas de forma q",Namíbia,109296,174346,comexstat,2026-10-08
2025,07,2515,"Mármores, travertinos, granitos belgas e outras pedras calcárias de cantaria ou de construção, de densidade aparente igual ou superior a 2,5, e alabastro, mesmo desbastados ou simplesmente cortados à serra ou por outro meio, em blocos ou placas de forma q",China,106871,183700,comexstat,2026-10-08
2025,09,6802,"Pedras de cantaria ou de construção (exceto de ardósia) trabalhadas e obras destas pedras, exceto as da posição 6801; cubos, pastilhas e artigos semelhantes, para mosaicos, de pedra natural (incluída a ardósia), mesmo com suporte; grânulos, fragmentos e",Portugal,105746,173987,comexstat,2026-10-08
2025,07,6802,"Pedras de cantaria ou de construção (exceto de ardósia) trabalhadas e obras destas pedras, exceto as da posição 6801; cubos, pastilhas e artigos semelhantes, para mosaicos, de pedra natural (incluída a ardósia), mesmo com suporte; grânulos, fragmentos e",Egito,105019,437804,comexstat,2026-10-08
2025,12,6802,"Pedras de cantaria ou de construção (exceto de ardósia) trabalhadas e obras destas pedras, exceto as da posição 6801; cubos, pastilhas e artigos semelhantes, para mosaicos, de pedra natural (incluída a ardósia), mesmo com suporte; grânulos, fragmentos e",China,100811,120232,comexstat,2026-10-08
2025,03,6802,"Pedras de cantaria ou de construção (exceto de ardósia) trabalhadas e obras destas pedras, exceto as da posição 6801; cubos, pastilhas e artigos semelhantes, para mosaicos, de pedra natural (incluída a ardósia), mesmo com suporte; grânulos, fragmentos e",Espanha,99477,193328,comexstat,2026-10-08
2025,04,6802,"Pedras de cantaria ou de construção (exceto de ardósia) trabalhadas e obras destas pedras, exceto as da posição 6801; cubos, pastilhas e artigos semelhantes, para mosaicos, de pedra natural (incluída a ardósia), mesmo com suporte; grânulos, fragmentos e",Espanha,99050,256103,comexstat,2026-10-08
2025,10,6802,"Pedras de cantaria ou de construção (exceto de ardósia) trabalhadas e obras destas pedras, exceto as da posição 6801; cubos, pastilhas e artigos semelhantes, para mosaicos, de pedra natural (incluída a ardósia), mesmo com suporte; grânulos, fragmentos e",Grécia,98833,169648,comexstat,2026-10-08
2025,08,6802,"Pedras de cantaria ou de construção (exceto de ardósia) trabalhadas e obras destas pedras, exceto as da posição 6801; cubos, pastilhas e artigos semelhantes, para mosaicos, de pedra natural (incluída a ardósia), mesmo com suporte; grânulos, fragmentos e",Egito,98578,386100,comexstat,2026-10-08
2025,09,6802,"Pedras de cantaria ou de construção (exceto de ardósia) trabalhadas e obras destas pedras, exceto as da posição 6801; cubos, pastilhas e artigos semelhantes, para mosaicos, de pedra natural (incluída a ardósia), mesmo com suporte; grânulos, fragmentos e",Grécia,98431,144035,comexstat,2026-10-08
2025,07,2515,"Mármores, travertinos, granitos belgas e outras pedras calcárias de cantaria ou de construção, de densidade aparente igual ou superior a 2,5, e alabastro, mesmo desbastados ou simplesmente cortados à serra ou por outro meio, em blocos ou placas de forma q",Itália,97998,352363,comexstat,2026-10-08
2025,06,6802,"Pedras de cantaria ou de construção (exceto de ardósia) trabalhadas e obras destas pedras, exceto as da posição 6801; cubos, pastilhas e artigos semelhantes, para mosaicos, de pedra natural (incluída a ardósia), mesmo com suporte; grânulos, fragmentos e",Indonésia,97840,153581,comexstat,2026-10-08
2025,07,6802,"Pedras de cantaria ou de construção (exceto de ardósia) trabalhadas e obras destas pedras, exceto as da posição 6801; cubos, pastilhas e artigos semelhantes, para mosaicos, de pedra natural (incluída a ardósia), mesmo com suporte; grânulos, fragmentos e",Portugal,96760,170514,comexstat,2026-10-08
2025,03,6802,"Pedras de cantaria ou de construção (exceto de ardósia) trabalhadas e obras destas pedras, exceto as da posição 6801; cubos, pastilhas e artigos semelhantes, para mosaicos, de pedra natural (incluída a ardósia), mesmo com suporte; grânulos, fragmentos e",Portugal,96203,197983,comexstat,2026-10-08
2025,05,6802,"Pedras de cantaria ou de construção (exceto de ardósia) trabalhadas e obras destas pedras, exceto as da posição 6801; cubos, pastilhas e artigos semelhantes, para mosaicos, de pedra natural (incluída a ardósia), mesmo com suporte; grânulos, fragmentos e",Grécia,94849,220610,comexstat,2026-10-08
2025,08,6802,"Pedras de cantaria ou de construção (exceto de ardósia) trabalhadas e obras destas pedras, exceto as da posição 6801; cubos, pastilhas e artigos semelhantes, para mosaicos, de pedra natural (incluída a ardósia), mesmo com suporte; grânulos, fragmentos e",Grécia,93251,125355,comexstat,2026-10-08
2025,04,6802,"Pedras de cantaria ou de construção (exceto de ardósia) trabalhadas e obras destas pedras, exceto as da posição 6801; cubos, pastilhas e artigos semelhantes, para mosaicos, de pedra natural (incluída a ardósia), mesmo com suporte; grânulos, fragmentos e",China,92484,115759,comexstat,2026-10-08
2025,12,6802,"Pedras de cantaria ou de construção (exceto de ardósia) trabalhadas e obras destas pedras, exceto as da posição 6801; cubos, pastilhas e artigos semelhantes, para mosaicos, de pedra natural (incluída a ardósia), mesmo com suporte; grânulos, fragmentos e",México,91961,114165,comexstat,2026-10-08
2025,08,6802,"Pedras de cantaria ou de construção (exceto de ardósia) trabalhadas e obras destas pedras, exceto as da posição 6801; cubos, pastilhas e artigos semelhantes, para mosaicos, de pedra natural (incluída a ardósia), mesmo com suporte; grânulos, fragmentos e",Indonésia,91709,170545,comexstat,2026-10-08
2025,11,6802,"Pedras de cantaria ou de construção (exceto de ardósia) trabalhadas e obras destas pedras, exceto as da posição 6801; cubos, pastilhas e artigos semelhantes, para mosaicos, de pedra natural (incluída a ardósia), mesmo com suporte; grânulos, fragmentos e",Egito,90894,354021,comexstat,2026-10-08
2025,06,6802,"Pedras de cantaria ou de construção (exceto de ardósia) trabalhadas e obras destas pedras, exceto as da posição 6801; cubos, pastilhas e artigos semelhantes, para mosaicos, de pedra natural (incluída a ardósia), mesmo com suporte; grânulos, fragmentos e",Portugal,90254,206606,comexstat,2026-10-08
2025,10,6802,"Pedras de cantaria ou de construção (exceto de ardósia) trabalhadas e obras destas pedras, exceto as da posição 6801; cubos, pastilhas e artigos semelhantes, para mosaicos, de pedra natural (incluída a ardósia), mesmo com suporte; grânulos, fragmentos e",Portugal,88742,152781,comexstat,2026-10-08
2025,01,6802,"Pedras de cantaria ou de construção (exceto de ardósia) trabalhadas e obras destas pedras, exceto as da posição 6801; cubos, pastilhas e artigos semelhantes, para mosaicos, de pedra natural (incluída a ardósia), mesmo com suporte; grânulos, fragmentos e",México,88585,139119,comexstat,2026-10-08
2025,11,2516,"Granito, pórfiro, basalto, arenito e outras pedras de cantaria ou de construção, mesmo desbastados ou simplesmente cortados à serra ou por outro meio, em blocos ou placas de forma quadrada ou rectangular",Itália,88556,66380,comexstat,2026-10-08
2025,05,2515,"Mármores, travertinos, granitos belgas e outras pedras calcárias de cantaria ou de construção, de densidade aparente igual ou superior a 2,5, e alabastro, mesmo desbastados ou simplesmente cortados à serra ou por outro meio, em blocos ou placas de forma q",Namíbia,87256,218510,comexstat,2026-10-08
2025,10,6802,"Pedras de cantaria ou de construção (exceto de ardósia) trabalhadas e obras destas pedras, exceto as da posição 6801; cubos, pastilhas e artigos semelhantes, para mosaicos, de pedra natural (incluída a ardósia), mesmo com suporte; grânulos, fragmentos e",México,85099,114811,comexstat,2026-10-08
2025,05,2515,"Mármores, travertinos, granitos belgas e outras pedras calcárias de cantaria ou de construção, de densidade aparente igual ou superior a 2,5, e alabastro, mesmo desbastados ou simplesmente cortados à serra ou por outro meio, em blocos ou placas de forma q",Espanha,82447,173310,comexstat,2026-10-08
2025,05,6802,"Pedras de cantaria ou de construção (exceto de ardósia) trabalhadas e obras destas pedras, exceto as da posição 6801; cubos, pastilhas e artigos semelhantes, para mosaicos, de pedra natural (incluída a ardósia), mesmo com suporte; grânulos, fragmentos e",México,82319,108386,comexstat,2026-10-08
2025,12,6802,"Pedras de cantaria ou de construção (exceto de ardósia) trabalhadas e obras destas pedras, exceto as da posição 6801; cubos, pastilhas e artigos semelhantes, para mosaicos, de pedra natural (incluída a ardósia), mesmo com suporte; grânulos, fragmentos e",Espanha,78373,115752,comexstat,2026-10-08
2025,12,6802,"Pedras de cantaria ou de construção (exceto de ardósia) trabalhadas e obras destas pedras, exceto as da posição 6801; cubos, pastilhas e artigos semelhantes, para mosaicos, de pedra natural (incluída a ardósia), mesmo com suporte; grânulos, fragmentos e",Portugal,77695,121247,comexstat,2026-10-08
2025,10,2515,"Mármores, travertinos, granitos belgas e outras pedras calcárias de cantaria ou de construção, de densidade aparente igual ou superior a 2,5, e alabastro, mesmo desbastados ou simplesmente cortados à serra ou por outro meio, em blocos ou placas de forma q",China,77372,147452,comexstat,2026-10-08
2025,11,2515,"Mármores, travertinos, granitos belgas e outras pedras calcárias de cantaria ou de construção, de densidade aparente igual ou superior a 2,5, e alabastro, mesmo desbastados ou simplesmente cortados à serra ou por outro meio, em blocos ou placas de forma q",Itália,76665,93880,comexstat,2026-10-08
2025,05,6802,"Pedras de cantaria ou de construção (exceto de ardósia) trabalhadas e obras destas pedras, exceto as da posição 6801; cubos, pastilhas e artigos semelhantes, para mosaicos, de pedra natural (incluída a ardósia), mesmo com suporte; grânulos, fragmentos e",Egito,73722,329942,comexstat,2026-10-08
2025,02,6802,"Pedras de cantaria ou de construção (exceto de ardósia) trabalhadas e obras destas pedras, exceto as da posição 6801; cubos, pastilhas e artigos semelhantes, para mosaicos, de pedra natural (incluída a ardósia), mesmo com suporte; grânulos, fragmentos e",Portugal,72547,175438,comexstat,2026-10-08
2025,07,2515,"Mármores, travertinos, granitos belgas e outras pedras calcárias de cantaria ou de construção, de densidade aparente igual ou superior a 2,5, e alabastro, mesmo desbastados ou simplesmente cortados à serra ou por outro meio, em blocos ou placas de forma q",Espanha,72314,167412,comexstat,2026-10-08
2025,07,6802,"Pedras de cantaria ou de construção (exceto de ardósia) trabalhadas e obras destas pedras, exceto as da posição 6801; cubos, pastilhas e artigos semelhantes, para mosaicos, de pedra natural (incluída a ardósia), mesmo com suporte; grânulos, fragmentos e",México,70537,89011,comexstat,2026-10-08
2025,12,2515,"Mármores, travertinos, granitos belgas e outras pedras calcárias de cantaria ou de construção, de densidade aparente igual ou superior a 2,5, e alabastro, mesmo desbastados ou simplesmente cortados à serra ou por outro meio, em blocos ou placas de forma q",China,70076,119268,comexstat,2026-10-08
2025,04,6802,"Pedras de cantaria ou de construção (exceto de ardósia) trabalhadas e obras destas pedras, exceto as da posição 6801; cubos, pastilhas e artigos semelhantes, para mosaicos, de pedra natural (incluída a ardósia), mesmo com suporte; grânulos, fragmentos e",México,69208,98004,comexstat,2026-10-08
2025,10,2516,"Granito, pórfiro, basalto, arenito e outras pedras de cantaria ou de construção, mesmo desbastados ou simplesmente cortados à serra ou por outro meio, em blocos ou placas de forma quadrada ou rectangular",Itália,68460,47900,comexstat,2026-10-08
2025,05,6802,"Pedras de cantaria ou de construção (exceto de ardósia) trabalhadas e obras destas pedras, exceto as da posição 6801; cubos, pastilhas e artigos semelhantes, para mosaicos, de pedra natural (incluída a ardósia), mesmo com suporte; grânulos, fragmentos e",Portugal,65980,176517,comexstat,2026-10-08
2025,06,2515,"Mármores, travertinos, granitos belgas e outras pedras calcárias de cantaria ou de construção, de densidade aparente igual ou superior a 2,5, e alabastro, mesmo desbastados ou simplesmente cortados à serra ou por outro meio, em blocos ou placas de forma q",China,64561,133049,comexstat,2026-10-08
2025,01,6802,"Pedras de cantaria ou de construção (exceto de ardósia) trabalhadas e obras destas pedras, exceto as da posição 6801; cubos, pastilhas e artigos semelhantes, para mosaicos, de pedra natural (incluída a ardósia), mesmo com suporte; grânulos, fragmentos e",Portugal,60825,123058,comexstat,2026-10-08
2025,03,6802,"Pedras de cantaria ou de construção (exceto de ardósia) trabalhadas e obras destas pedras, exceto as da posição 6801; cubos, pastilhas e artigos semelhantes, para mosaicos, de pedra natural (incluída a ardósia), mesmo com suporte; grânulos, fragmentos e",Emirados Árabes Unidos,60485,21786,comexstat,2026-10-08
2025,04,6802,"Pedras de cantaria ou de construção (exceto de ardósia) trabalhadas e obras destas pedras, exceto as da posição 6801; cubos, pastilhas e artigos semelhantes, para mosaicos, de pedra natural (incluída a ardósia), mesmo com suporte; grânulos, fragmentos e",Grécia,58685,70650,comexstat,2026-10-08
2025,11,2515,"Mármores, travertinos, granitos belgas e outras pedras calcárias de cantaria ou de construção, de densidade aparente igual ou superior a 2,5, e alabastro, mesmo desbastados ou simplesmente cortados à serra ou por outro meio, em blocos ou placas de forma q",Portugal,57931,96476,comexstat,2026-10-08
2025,02,2516,"Granito, pórfiro, basalto, arenito e outras pedras de cantaria ou de construção, mesmo desbastados ou simplesmente cortados à serra ou por outro meio, em blocos ou placas de forma quadrada ou rectangular",Índia,57570,358160,comexstat,2026-10-08
2025,08,2515,"Mármores, travertinos, granitos belgas e outras pedras calcárias de cantaria ou de construção, de densidade aparente igual ou superior a 2,5, e alabastro, mesmo desbastados ou simplesmente cortados à serra ou por outro meio, em blocos ou placas de forma q",Portugal,57507,88019,comexstat,2026-10-08
2025,06,6802,"Pedras de cantaria ou de construção (exceto de ardósia) trabalhadas e obras destas pedras, exceto as da posição 6801; cubos, pastilhas e artigos semelhantes, para mosaicos, de pedra natural (incluída a ardósia), mesmo com suporte; grânulos, fragmentos e",Espanha,55014,49475,comexstat,2026-10-08
2025,08,6802,"Pedras de cantaria ou de construção (exceto de ardósia) trabalhadas e obras destas pedras, exceto as da posição 6801; cubos, pastilhas e artigos semelhantes, para mosaicos, de pedra natural (incluída a ardósia), mesmo com suporte; grânulos, fragmentos e",Portugal,49725,77505,comexstat,2026-10-08
2025,07,2515,"Mármores, travertinos, granitos belgas e outras pedras calcárias de cantaria ou de construção, de densidade aparente igual ou superior a 2,5, e alabastro, mesmo desbastados ou simplesmente cortados à serra ou por outro meio, em blocos ou placas de forma q",Portugal,49583,74050,comexstat,2026-10-08
2025,04,2515,"Mármores, travertinos, granitos belgas e outras pedras calcárias de cantaria ou de construção, de densidade aparente igual ou superior a 2,5, e alabastro, mesmo desbastados ou simplesmente cortados à serra ou por outro meio, em blocos ou placas de forma q",Itália,48109,60660,comexstat,2026-10-08
2025,04,6803,Ardósia natural trabalhada e obras de ardósia natural ou aglomerada,Índia,47732,12187,comexstat,2026-10-08
2025,03,2515,"Mármores, travertinos, granitos belgas e outras pedras calcárias de cantaria ou de construção, de densidade aparente igual ou superior a 2,5, e alabastro, mesmo desbastados ou simplesmente cortados à serra ou por outro meio, em blocos ou placas de forma q",Itália,46725,95740,comexstat,2026-10-08
2025,09,6802,"Pedras de cantaria ou de construção (exceto de ardósia) trabalhadas e obras destas pedras, exceto as da posição 6801; cubos, pastilhas e artigos semelhantes, para mosaicos, de pedra natural (incluída a ardósia), mesmo com suporte; grânulos, fragmentos e",Estados Unidos,45770,37644,comexstat,2026-10-08
2025,03,2515,"Mármores, travertinos, granitos belgas e outras pedras calcárias de cantaria ou de construção, de densidade aparente igual ou superior a 2,5, e alabastro, mesmo desbastados ou simplesmente cortados à serra ou por outro meio, em blocos ou placas de forma q",Espanha,45258,108011,comexstat,2026-10-08
2025,02,2515,"Mármores, travertinos, granitos belgas e outras pedras calcárias de cantaria ou de construção, de densidade aparente igual ou superior a 2,5, e alabastro, mesmo desbastados ou simplesmente cortados à serra ou por outro meio, em blocos ou placas de forma q",Itália,44741,51863,comexstat,2026-10-08
2025,02,6802,"Pedras de cantaria ou de construção (exceto de ardósia) trabalhadas e obras destas pedras, exceto as da posição 6801; cubos, pastilhas e artigos semelhantes, para mosaicos, de pedra natural (incluída a ardósia), mesmo com suporte; grânulos, fragmentos e",México,44736,68335,comexstat,2026-10-08
2025,02,2515,"Mármores, travertinos, granitos belgas e outras pedras calcárias de cantaria ou de construção, de densidade aparente igual ou superior a 2,5, e alabastro, mesmo desbastados ou simplesmente cortados à serra ou por outro meio, em blocos ou placas de forma q",Macedônia,44686,150600,comexstat,2026-10-08
2025,09,6802,"Pedras de cantaria ou de construção (exceto de ardósia) trabalhadas e obras destas pedras, exceto as da posição 6801; cubos, pastilhas e artigos semelhantes, para mosaicos, de pedra natural (incluída a ardósia), mesmo com suporte; grânulos, fragmentos e",Colômbia,44544,73650,comexstat,2026-10-08
2025,08,6802,"Pedras de cantaria ou de construção (exceto de ardósia) trabalhadas e obras destas pedras, exceto as da posição 6801; cubos, pastilhas e artigos semelhantes, para mosaicos, de pedra natural (incluída a ardósia), mesmo com suporte; grânulos, fragmentos e",Hong Kong,43653,48770,comexstat,2026-10-08
2025,11,2515,"Mármores, travertinos, granitos belgas e outras pedras calcárias de cantaria ou de construção, de densidade aparente igual ou superior a 2,5, e alabastro, mesmo desbastados ou simplesmente cortados à serra ou por outro meio, em blocos ou placas de forma q",Egito,43589,175810,comexstat,2026-10-08
2025,04,6802,"Pedras de cantaria ou de construção (exceto de ardósia) trabalhadas e obras destas pedras, exceto as da posição 6801; cubos, pastilhas e artigos semelhantes, para mosaicos, de pedra natural (incluída a ardósia), mesmo com suporte; grânulos, fragmentos e",Egito,40435,158630,comexstat,2026-10-08
2025,10,6802,"Pedras de cantaria ou de construção (exceto de ardósia) trabalhadas e obras destas pedras, exceto as da posição 6801; cubos, pastilhas e artigos semelhantes, para mosaicos, de pedra natural (incluída a ardósia), mesmo com suporte; grânulos, fragmentos e",Hong Kong,40418,49624,comexstat,2026-10-08
2025,03,2515,"Mármores, travertinos, granitos belgas e outras pedras calcárias de cantaria ou de construção, de densidade aparente igual ou superior a 2,5, e alabastro, mesmo desbastados ou simplesmente cortados à serra ou por outro meio, em blocos ou placas de forma q",China,39887,70990,comexstat,2026-10-08
2025,09,6802,"Pedras de cantaria ou de construção (exceto de ardósia) trabalhadas e obras destas pedras, exceto as da posição 6801; cubos, pastilhas e artigos semelhantes, para mosaicos, de pedra natural (incluída a ardósia), mesmo com suporte; grânulos, fragmentos e",México,37267,45654,comexstat,2026-10-08
2025,11,2514,"Ardósia, mesmo desbastada ou simplesmente cortada a serra ou por outro meio, em blocos ou placas de forma quadrada ou retangular",Índia,36487,10000,comexstat,2026-10-08
2025,04,2514,"Ardósia, mesmo desbastada ou simplesmente cortada a serra ou por outro meio, em blocos ou placas de forma quadrada ou retangular",Índia,36326,10000,comexstat,2026-10-08
2025,06,6802,"Pedras de cantaria ou de construção (exceto de ardósia) trabalhadas e obras destas pedras, exceto as da posição 6801; cubos, pastilhas e artigos semelhantes, para mosaicos, de pedra natural (incluída a ardósia), mesmo com suporte; grânulos, fragmentos e",Estados Unidos,36308,36288,comexstat,2026-10-08
2025,10,2515,"Mármores, travertinos, granitos belgas e outras pedras calcárias de cantaria ou de construção, de densidade aparente igual ou superior a 2,5, e alabastro, mesmo desbastados ou simplesmente cortados à serra ou por outro meio, em blocos ou placas de forma q",Itália,34888,70719,comexstat,2026-10-08
2025,10,6802,"Pedras de cantaria ou de construção (exceto de ardósia) trabalhadas e obras destas pedras, exceto as da posição 6801; cubos, pastilhas e artigos semelhantes, para mosaicos, de pedra natural (incluída a ardósia), mesmo com suporte; grânulos, fragmentos e",Itália,34566,47358,comexstat,2026-10-08
2025,06,2516,"Granito, pórfiro, basalto, arenito e outras pedras de cantaria ou de construção, mesmo desbastados ou simplesmente cortados à serra ou por outro meio, em blocos ou placas de forma quadrada ou rectangular",Itália,34538,28380,comexstat,2026-10-08
2025,11,6802,"Pedras de cantaria ou de construção (exceto de ardósia) trabalhadas e obras destas pedras, exceto as da posição 6801; cubos, pastilhas e artigos semelhantes, para mosaicos, de pedra natural (incluída a ardósia), mesmo com suporte; grânulos, fragmentos e",Estados Unidos,34082,36324,comexstat,2026-10-08
2025,11,2515,"Mármores, travertinos, granitos belgas e outras pedras calcárias de cantaria ou de construção, de densidade aparente igual ou superior a 2,5, e alabastro, mesmo desbastados ou simplesmente cortados à serra ou por outro meio, em blocos ou placas de forma q",China,33331,84073,comexstat,2026-10-08
2025,03,2516,"Granito, pórfiro, basalto, arenito e outras pedras de cantaria ou de construção, mesmo desbastados ou simplesmente cortados à serra ou por outro meio, em blocos ou placas de forma quadrada ou rectangular",Itália,32720,25700,comexstat,2026-10-08
2025,03,6802,"Pedras de cantaria ou de construção (exceto de ardósia) trabalhadas e obras destas pedras, exceto as da posição 6801; cubos, pastilhas e artigos semelhantes, para mosaicos, de pedra natural (incluída a ardósia), mesmo com suporte; grânulos, fragmentos e",Egito,32618,151880,comexstat,2026-10-08
2025,04,2516,"Granito, pórfiro, basalto, arenito e outras pedras de cantaria ou de construção, mesmo desbastados ou simplesmente cortados à serra ou por outro meio, em blocos ou placas de forma quadrada ou rectangular",Itália,32158,26740,comexstat,2026-10-08
2025,02,2515,"Mármores, travertinos, granitos belgas e outras pedras calcárias de cantaria ou de construção, de densidade aparente igual ou superior a 2,5, e alabastro, mesmo desbastados ou simplesmente cortados à serra ou por outro meio, em blocos ou placas de forma q",Espanha,31399,52702,comexstat,2026-10-08
2025,10,6802,"Pedras de cantaria ou de construção (exceto de ardósia) trabalhadas e obras destas pedras, exceto as da posição 6801; cubos, pastilhas e artigos semelhantes, para mosaicos, de pedra natural (incluída a ardósia), mesmo com suporte; grânulos, fragmentos e",Estados Unidos,30963,36321,comexstat,2026-10-08
2025,07,6802,"Pedras de cantaria ou de construção (exceto de ardósia) trabalhadas e obras destas pedras, exceto as da posição 6801; cubos, pastilhas e artigos semelhantes, para mosaicos, de pedra natural (incluída a ardósia), mesmo com suporte; grânulos, fragmentos e",Grécia,30936,71241,comexstat,2026-10-08
2025,07,2516,"Granito, pórfiro, basalto, arenito e outras pedras de cantaria ou de construção, mesmo desbastados ou simplesmente cortados à serra ou por outro meio, em blocos ou placas de forma quadrada ou rectangular",Itália,30869,45820,comexstat,2026-10-08
2025,04,6802,"Pedras de cantaria ou de construção (exceto de ardósia) trabalhadas e obras destas pedras, exceto as da posição 6801; cubos, pastilhas e artigos semelhantes, para mosaicos, de pedra natural (incluída a ardósia), mesmo com suporte; grânulos, fragmentos e",Estados Unidos,30589,36440,comexstat,2026-10-08
2025,07,6802,"Pedras de cantaria ou de construção (exceto de ardósia) trabalhadas e obras destas pedras, exceto as da posição 6801; cubos, pastilhas e artigos semelhantes, para mosaicos, de pedra natural (incluída a ardósia), mesmo com suporte; grânulos, fragmentos e",Hong Kong,29679,66633,comexstat,2026-10-08
2025,05,6802,"Pedras de cantaria ou de construção (exceto de ardósia) trabalhadas e obras destas pedras, exceto as da posição 6801; cubos, pastilhas e artigos semelhantes, para mosaicos, de pedra natural (incluída a ardósia), mesmo com suporte; grânulos, fragmentos e",Hong Kong,29494,42605,comexstat,2026-10-08
2025,06,2515,"Mármores, travertinos, granitos belgas e outras pedras calcárias de cantaria ou de construção, de densidade aparente igual ou superior a 2,5, e alabastro, mesmo desbastados ou simplesmente cortados à serra ou por outro meio, em blocos ou placas de forma q",Portugal,29126,52304,comexstat,2026-10-08
2025,09,2515,"Mármores, travertinos, granitos belgas e outras pedras calcárias de cantaria ou de construção, de densidade aparente igual ou superior a 2,5, e alabastro, mesmo desbastados ou simplesmente cortados à serra ou por outro meio, em blocos ou placas de forma q",Argentina,28930,97120,comexstat,2026-10-08
2025,03,2515,"Mármores, travertinos, granitos belgas e outras pedras calcárias de cantaria ou de construção, de densidade aparente igual ou superior a 2,5, e alabastro, mesmo desbastados ou simplesmente cortados à serra ou por outro meio, em blocos ou placas de forma q",Egito,28842,149200,comexstat,2026-10-08
2025,07,2515,"Mármores, travertinos, granitos belgas e outras pedras calcárias de cantaria ou de construção, de densidade aparente igual ou superior a 2,5, e alabastro, mesmo desbastados ou simplesmente cortados à serra ou por outro meio, em blocos ou placas de forma q",Egito,28102,123590,comexstat,2026-10-08
2025,12,2516,"Granito, pórfiro, basalto, arenito e outras pedras de cantaria ou de construção, mesmo desbastados ou simplesmente cortados à serra ou por outro meio, em blocos ou placas de forma quadrada ou rectangular",Itália,27323,22820,comexstat,2026-10-08
2025,04,6802,"Pedras de cantaria ou de construção (exceto de ardósia) trabalhadas e obras destas pedras, exceto as da posição 6801; cubos, pastilhas e artigos semelhantes, para mosaicos, de pedra natural (incluída a ardósia), mesmo com suporte; grânulos, fragmentos e",Hong Kong,27057,41260,comexstat,2026-10-08
2025,09,2516,"Granito, pórfiro, basalto, arenito e outras pedras de cantaria ou de construção, mesmo desbastados ou simplesmente cortados à serra ou por outro meio, em blocos ou placas de forma quadrada ou rectangular",Itália,27055,22820,comexstat,2026-10-08
2025,04,2515,"Mármores, travertinos, granitos belgas e outras pedras calcárias de cantaria ou de construção, de densidade aparente igual ou superior a 2,5, e alabastro, mesmo desbastados ou simplesmente cortados à serra ou por outro meio, em blocos ou placas de forma q",Portugal,26645,36882,comexstat,2026-10-08
2025,05,2516,"Granito, pórfiro, basalto, arenito e outras pedras de cantaria ou de construção, mesmo desbastados ou simplesmente cortados à serra ou por outro meio, em blocos ou placas de forma quadrada ou rectangular",Itália,26583,22120,comexstat,2026-10-08
2025,09,6802,"Pedras de cantaria ou de construção (exceto de ardósia) trabalhadas e obras destas pedras, exceto as da posição 6801; cubos, pastilhas e artigos semelhantes, para mosaicos, de pedra natural (incluída a ardósia), mesmo com suporte; grânulos, fragmentos e",Hong Kong,26467,22130,comexstat,2026-10-08
2025,07,2515,"Mármores, travertinos, granitos belgas e outras pedras calcárias de cantaria ou de construção, de densidade aparente igual ou superior a 2,5, e alabastro, mesmo desbastados ou simplesmente cortados à serra ou por outro meio, em blocos ou placas de forma q",Grécia,26393,83430,comexstat,2026-10-08
2025,02,2515,"Mármores, travertinos, granitos belgas e outras pedras calcárias de cantaria ou de construção, de densidade aparente igual ou superior a 2,5, e alabastro, mesmo desbastados ou simplesmente cortados à serra ou por outro meio, em blocos ou placas de forma q",China,24283,53358,comexstat,2026-10-08
2025,02,2516,"Granito, pórfiro, basalto, arenito e outras pedras de cantaria ou de construção, mesmo desbastados ou simplesmente cortados à serra ou por outro meio, em blocos ou placas de forma quadrada ou rectangular",Estados Unidos,23390,167,comexstat,2026-10-08
2025,09,2515,"Mármores, travertinos, granitos belgas e outras pedras calcárias de cantaria ou de construção, de densidade aparente igual ou superior a 2,5, e alabastro, mesmo desbastados ou simplesmente cortados à serra ou por outro meio, em blocos ou placas de forma q",Espanha,23149,33915,comexstat,2026-10-08
2025,01,2515,"Mármores, travertinos, granitos belgas e outras pedras calcárias de cantaria ou de construção, de densidade aparente igual ou superior a 2,5, e alabastro, mesmo desbastados ou simplesmente cortados à serra ou por outro meio, em blocos ou placas de forma q",Grécia,22987,68455,comexstat,2026-10-08
2025,01,6803,Ardósia natural trabalhada e obras de ardósia natural ou aglomerada,China,22717,20386,comexstat,2026-10-08
2025,01,6802,"Pedras de cantaria ou de construção (exceto de ardósia) trabalhadas e obras destas pedras, exceto as da posição 6801; cubos, pastilhas e artigos semelhantes, para mosaicos, de pedra natural (incluída a ardósia), mesmo com suporte; grânulos, fragmentos e",Estados Unidos,22357,18150,comexstat,2026-10-08
2025,11,6802,"Pedras de cantaria ou de construção (exceto de ardósia) trabalhadas e obras destas pedras, exceto as da posição 6801; cubos, pastilhas e artigos semelhantes, para mosaicos, de pedra natural (incluída a ardósia), mesmo com suporte; grânulos, fragmentos e",Portugal,21855,51894,comexstat,2026-10-08
2025,01,2515,"Mármores, travertinos, granitos belgas e outras pedras calcárias de cantaria ou de construção, de densidade aparente igual ou superior a 2,5, e alabastro, mesmo desbastados ou simplesmente cortados à serra ou por outro meio, em blocos ou placas de forma q",China,21546,29715,comexstat,2026-10-08
2025,05,2515,"Mármores, travertinos, granitos belgas e outras pedras calcárias de cantaria ou de construção, de densidade aparente igual ou superior a 2,5, e alabastro, mesmo desbastados ou simplesmente cortados à serra ou por outro meio, em blocos ou placas de forma q",Emirados Árabes Unidos,21289,27950,comexstat,2026-10-08
2025,06,6802,"Pedras de cantaria ou de construção (exceto de ardósia) trabalhadas e obras destas pedras, exceto as da posição 6801; cubos, pastilhas e artigos semelhantes, para mosaicos, de pedra natural (incluída a ardósia), mesmo com suporte; grânulos, fragmentos e",Grécia,20819,46725,comexstat,2026-10-08
2025,09,2515,"Mármores, travertinos, granitos belgas e outras pedras calcárias de cantaria ou de construção, de densidade aparente igual ou superior a 2,5, e alabastro, mesmo desbastados ou simplesmente cortados à serra ou por outro meio, em blocos ou placas de forma q",China,20686,31972,comexstat,2026-10-08
2025,11,2515,"Mármores, travertinos, granitos belgas e outras pedras calcárias de cantaria ou de construção, de densidade aparente igual ou superior a 2,5, e alabastro, mesmo desbastados ou simplesmente cortados à serra ou por outro meio, em blocos ou placas de forma q",Irã,19890,22900,comexstat,2026-10-08
2025,09,6803,Ardósia natural trabalhada e obras de ardósia natural ou aglomerada,China,19868,50197,comexstat,2026-10-08
2025,10,2515,"Mármores, travertinos, granitos belgas e outras pedras calcárias de cantaria ou de construção, de densidade aparente igual ou superior a 2,5, e alabastro, mesmo desbastados ou simplesmente cortados à serra ou por outro meio, em blocos ou placas de forma q",Grécia,19501,27980,comexstat,2026-10-08
2025,06,6802,"Pedras de cantaria ou de construção (exceto de ardósia) trabalhadas e obras destas pedras, exceto as da posição 6801; cubos, pastilhas e artigos semelhantes, para mosaicos, de pedra natural (incluída a ardósia), mesmo com suporte; grânulos, fragmentos e",México,18930,22298,comexstat,2026-10-08
2025,11,6802,"Pedras de cantaria ou de construção (exceto de ardósia) trabalhadas e obras destas pedras, exceto as da posição 6801; cubos, pastilhas e artigos semelhantes, para mosaicos, de pedra natural (incluída a ardósia), mesmo com suporte; grânulos, fragmentos e",Hong Kong,18449,32547,comexstat,2026-10-08
2025,03,2515,"Mármores, travertinos, granitos belgas e outras pedras calcárias de cantaria ou de construção, de densidade aparente igual ou superior a 2,5, e alabastro, mesmo desbastados ou simplesmente cortados à serra ou por outro meio, em blocos ou placas de forma q",Uruguai,18224,23520,comexstat,2026-10-08
2025,11,2515,"Mármores, travertinos, granitos belgas e outras pedras calcárias de cantaria ou de construção, de densidade aparente igual ou superior a 2,5, e alabastro, mesmo desbastados ou simplesmente cortados à serra ou por outro meio, em blocos ou placas de forma q",Líbano,18159,74120,comexstat,2026-10-08
2025,03,6802,"Pedras de cantaria ou de construção (exceto de ardósia) trabalhadas e obras destas pedras, exceto as da posição 6801; cubos, pastilhas e artigos semelhantes, para mosaicos, de pedra natural (incluída a ardósia), mesmo com suporte; grânulos, fragmentos e",México,17530,22595,comexstat,2026-10-08
2025,09,2515,"Mármores, travertinos, granitos belgas e outras pedras calcárias de cantaria ou de construção, de densidade aparente igual ou superior a 2,5, e alabastro, mesmo desbastados ou simplesmente cortados à serra ou por outro meio, em blocos ou placas de forma q",Emirados Árabes Unidos,17229,21050,comexstat,2026-10-08
2025,04,6803,Ardósia natural trabalhada e obras de ardósia natural ou aglomerada,China,17012,53000,comexstat,2026-10-08
2025,05,6802,"Pedras de cantaria ou de construção (exceto de ardósia) trabalhadas e obras destas pedras, exceto as da posição 6801; cubos, pastilhas e artigos semelhantes, para mosaicos, de pedra natural (incluída a ardósia), mesmo com suporte; grânulos, fragmentos e",Itália,16755,27303,comexstat,2026-10-08
2025,02,6801,"Pedras para calcetar, meios-fios e placas (lajes) para pavimentação, de pedra natural (exceto a ardósia)",Indonésia,16409,26700,comexstat,2026-10-08
2025,05,2515,"Mármores, travertinos, granitos belgas e outras pedras calcárias de cantaria ou de construção, de densidade aparente igual ou superior a 2,5, e alabastro, mesmo desbastados ou simplesmente cortados à serra ou por outro meio, em blocos ou placas de forma q",China,15948,24089,comexstat,2026-10-08
2025,07,6803,Ardósia natural trabalhada e obras de ardósia natural ou aglomerada,China,15906,52008,comexstat,2026-10-08
2025,12,2516,"Granito, pórfiro, basalto, arenito e outras pedras de cantaria ou de construção, mesmo desbastados ou simplesmente cortados à serra ou por outro meio, em blocos ou placas de forma quadrada ou rectangular",Indonésia,15550,25200,comexstat,2026-10-08
2025,09,6802,"Pedras de cantaria ou de construção (exceto de ardósia) trabalhadas e obras destas pedras, exceto as da posição 6801; cubos, pastilhas e artigos semelhantes, para mosaicos, de pedra natural (incluída a ardósia), mesmo com suporte; grânulos, fragmentos e",França,15292,327,comexstat,2026-10-08
2025,10,2515,"Mármores, travertinos, granitos belgas e outras pedras calcárias de cantaria ou de construção, de densidade aparente igual ou superior a 2,5, e alabastro, mesmo desbastados ou simplesmente cortados à serra ou por outro meio, em blocos ou placas de forma q",Namíbia,14647,53150,comexstat,2026-10-08
2025,02,2516,"Granito, pórfiro, basalto, arenito e outras pedras de cantaria ou de construção, mesmo desbastados ou simplesmente cortados à serra ou por outro meio, em blocos ou placas de forma quadrada ou rectangular",Itália,14018,20880,comexstat,2026-10-08
2025,02,6802,"Pedras de cantaria ou de construção (exceto de ardósia) trabalhadas e obras destas pedras, exceto as da posição 6801; cubos, pastilhas e artigos semelhantes, para mosaicos, de pedra natural (incluída a ardósia), mesmo com suporte; grânulos, fragmentos e",Hong Kong,13922,25520,comexstat,2026-10-08
2025,10,2515,"Mármores, travertinos, granitos belgas e outras pedras calcárias de cantaria ou de construção, de densidade aparente igual ou superior a 2,5, e alabastro, mesmo desbastados ou simplesmente cortados à serra ou por outro meio, em blocos ou placas de forma q",Portugal,13771,25430,comexstat,2026-10-08
2025,01,2515,"Mármores, travertinos, granitos belgas e outras pedras calcárias de cantaria ou de construção, de densidade aparente igual ou superior a 2,5, e alabastro, mesmo desbastados ou simplesmente cortados à serra ou por outro meio, em blocos ou placas de forma q",Indonésia,13560,25710,comexstat,2026-10-08
2025,03,2515,"Mármores, travertinos, granitos belgas e outras pedras calcárias de cantaria ou de construção, de densidade aparente igual ou superior a 2,5, e alabastro, mesmo desbastados ou simplesmente cortados à serra ou por outro meio, em blocos ou placas de forma q",Estados Unidos,13388,25138,comexstat,2026-10-08
2025,07,2515,"Mármores, travertinos, granitos belgas e outras pedras calcárias de cantaria ou de construção, de densidade aparente igual ou superior a 2,5, e alabastro, mesmo desbastados ou simplesmente cortados à serra ou por outro meio, em blocos ou placas de forma q",Índia,13240,54000,comexstat,2026-10-08
2025,09,2514,"Ardósia, mesmo desbastada ou simplesmente cortada a serra ou por outro meio, em blocos ou placas de forma quadrada ou retangular",Portugal,12990,54000,comexstat,2026-10-08
2025,11,2515,"Mármores, travertinos, granitos belgas e outras pedras calcárias de cantaria ou de construção, de densidade aparente igual ou superior a 2,5, e alabastro, mesmo desbastados ou simplesmente cortados à serra ou por outro meio, em blocos ou placas de forma q",Índia,12599,37717,comexstat,2026-10-08
2025,07,6802,"Pedras de cantaria ou de construção (exceto de ardósia) trabalhadas e obras destas pedras, exceto as da posição 6801; cubos, pastilhas e artigos semelhantes, para mosaicos, de pedra natural (incluída a ardósia), mesmo com suporte; grânulos, fragmentos e",Emirados Árabes Unidos,12293,25000,comexstat,2026-10-08
2025,07,6802,"Pedras de cantaria ou de construção (exceto de ardósia) trabalhadas e obras destas pedras, exceto as da posição 6801; cubos, pastilhas e artigos semelhantes, para mosaicos, de pedra natural (incluída a ardósia), mesmo com suporte; grânulos, fragmentos e",Estados Unidos,12204,18144,comexstat,2026-10-08
2025,04,2514,"Ardósia, mesmo desbastada ou simplesmente cortada a serra ou por outro meio, em blocos ou placas de forma quadrada ou retangular",França,12063,67200,comexstat,2026-10-08
2025,05,2515,"Mármores, travertinos, granitos belgas e outras pedras calcárias de cantaria ou de construção, de densidade aparente igual ou superior a 2,5, e alabastro, mesmo desbastados ou simplesmente cortados à serra ou por outro meio, em blocos ou placas de forma q",Portugal,11869,25750,comexstat,2026-10-08
2025,04,6802,"Pedras de cantaria ou de construção (exceto de ardósia) trabalhadas e obras destas pedras, exceto as da posição 6801; cubos, pastilhas e artigos semelhantes, para mosaicos, de pedra natural (incluída a ardósia), mesmo com suporte; grânulos, fragmentos e",Omã,11824,23290,comexstat,2026-10-08
2025,07,2516,"Granito, pórfiro, basalto, arenito e outras pedras de cantaria ou de construção, mesmo desbastados ou simplesmente cortados à serra ou por outro meio, em blocos ou placas de forma quadrada ou rectangular",Indonésia,11800,24500,comexstat,2026-10-08
2025,02,2515,"Mármores, travertinos, granitos belgas e outras pedras calcárias de cantaria ou de construção, de densidade aparente igual ou superior a 2,5, e alabastro, mesmo desbastados ou simplesmente cortados à serra ou por outro meio, em blocos ou placas de forma q",Portugal,11720,26225,comexstat,2026-10-08
2025,04,2516,"Granito, pórfiro, basalto, arenito e outras pedras de cantaria ou de construção, mesmo desbastados ou simplesmente cortados à serra ou por outro meio, em blocos ou placas de forma quadrada ou rectangular",Espanha,11407,23600,comexstat,2026-10-08
2025,08,2515,"Mármores, travertinos, granitos belgas e outras pedras calcárias de cantaria ou de construção, de densidade aparente igual ou superior a 2,5, e alabastro, mesmo desbastados ou simplesmente cortados à serra ou por outro meio, em blocos ou placas de forma q",Espanha,11135,25500,comexstat,2026-10-08
2025,09,2516,"Granito, pórfiro, basalto, arenito e outras pedras de cantaria ou de construção, mesmo desbastados ou simplesmente cortados à serra ou por outro meio, em blocos ou placas de forma quadrada ou rectangular",Estados Unidos,11014,62,comexstat,2026-10-08
2025,06,2515,"Mármores, travertinos, granitos belgas e outras pedras calcárias de cantaria ou de construção, de densidade aparente igual ou superior a 2,5, e alabastro, mesmo desbastados ou simplesmente cortados à serra ou por outro meio, em blocos ou placas de forma q",Emirados Árabes Unidos,11003,24440,comexstat,2026-10-08
2025,05,2516,"Granito, pórfiro, basalto, arenito e outras pedras de cantaria ou de construção, mesmo desbastados ou simplesmente cortados à serra ou por outro meio, em blocos ou placas de forma quadrada ou rectangular",Espanha,11000,22885,comexstat,2026-10-08
2025,01,2515,"Mármores, travertinos, granitos belgas e outras pedras calcárias de cantaria ou de construção, de densidade aparente igual ou superior a 2,5, e alabastro, mesmo desbastados ou simplesmente cortados à serra ou por outro meio, em blocos ou placas de forma q",Portugal,10682,25105,comexstat,2026-10-08
2025,02,2515,"Mármores, travertinos, granitos belgas e outras pedras calcárias de cantaria ou de construção, de densidade aparente igual ou superior a 2,5, e alabastro, mesmo desbastados ou simplesmente cortados à serra ou por outro meio, em blocos ou placas de forma q",Argentina,10640,24500,comexstat,2026-10-08
2025,04,2515,"Mármores, travertinos, granitos belgas e outras pedras calcárias de cantaria ou de construção, de densidade aparente igual ou superior a 2,5, e alabastro, mesmo desbastados ou simplesmente cortados à serra ou por outro meio, em blocos ou placas de forma q",China,10623,25200,comexstat,2026-10-08
2025,07,6802,"Pedras de cantaria ou de construção (exceto de ardósia) trabalhadas e obras destas pedras, exceto as da posição 6801; cubos, pastilhas e artigos semelhantes, para mosaicos, de pedra natural (incluída a ardósia), mesmo com suporte; grânulos, fragmentos e",Líbano,10514,3421,comexstat,2026-10-08
2025,08,2515,"Mármores, travertinos, granitos belgas e outras pedras calcárias de cantaria ou de construção, de densidade aparente igual ou superior a 2,5, e alabastro, mesmo desbastados ou simplesmente cortados à serra ou por outro meio, em blocos ou placas de forma q",China,10169,24090,comexstat,2026-10-08
2025,03,6802,"Pedras de cantaria ou de construção (exceto de ardósia) trabalhadas e obras destas pedras, exceto as da posição 6801; cubos, pastilhas e artigos semelhantes, para mosaicos, de pedra natural (incluída a ardósia), mesmo com suporte; grânulos, fragmentos e",França,9295,290,comexstat,2026-10-08
2025,06,6802,"Pedras de cantaria ou de construção (exceto de ardósia) trabalhadas e obras destas pedras, exceto as da posição 6801; cubos, pastilhas e artigos semelhantes, para mosaicos, de pedra natural (incluída a ardósia), mesmo com suporte; grânulos, fragmentos e",Hong Kong,9245,26265,comexstat,2026-10-08
2025,10,2516,"Granito, pórfiro, basalto, arenito e outras pedras de cantaria ou de construção, mesmo desbastados ou simplesmente cortados à serra ou por outro meio, em blocos ou placas de forma quadrada ou rectangular",Turquia,8902,22400,comexstat,2026-10-08
2025,06,2516,"Granito, pórfiro, basalto, arenito e outras pedras de cantaria ou de construção, mesmo desbastados ou simplesmente cortados à serra ou por outro meio, em blocos ou placas de forma quadrada ou rectangular",China,8809,29879,comexstat,2026-10-08
2025,10,2514,"Ardósia, mesmo desbastada ou simplesmente cortada a serra ou por outro meio, em blocos ou placas de forma quadrada ou retangular",França,8732,42000,comexstat,2026-10-08
2025,02,6803,Ardósia natural trabalhada e obras de ardósia natural ou aglomerada,Índia,8531,1550,comexstat,2026-10-08
2025,02,6803,Ardósia natural trabalhada e obras de ardósia natural ou aglomerada,China,8518,26565,comexstat,2026-10-08
2025,08,6802,"Pedras de cantaria ou de construção (exceto de ardósia) trabalhadas e obras destas pedras, exceto as da posição 6801; cubos, pastilhas e artigos semelhantes, para mosaicos, de pedra natural (incluída a ardósia), mesmo com suporte; grânulos, fragmentos e",Estados Unidos,7632,1806,comexstat,2026-10-08
2025,03,2515,"Mármores, travertinos, granitos belgas e outras pedras calcárias de cantaria ou de construção, de densidade aparente igual ou superior a 2,5, e alabastro, mesmo desbastados ou simplesmente cortados à serra ou por outro meio, em blocos ou placas de forma q",Argentina,7549,26960,comexstat,2026-10-08
2025,02,2516,"Granito, pórfiro, basalto, arenito e outras pedras de cantaria ou de construção, mesmo desbastados ou simplesmente cortados à serra ou por outro meio, em blocos ou placas de forma quadrada ou rectangular",Turquia,7396,21860,comexstat,2026-10-08
2025,10,6801,"Pedras para calcetar, meios-fios e placas (lajes) para pavimentação, de pedra natural (exceto a ardósia)",Indonésia,6908,11695,comexstat,2026-10-08
2025,06,2515,"Mármores, travertinos, granitos belgas e outras pedras calcárias de cantaria ou de construção, de densidade aparente igual ou superior a 2,5, e alabastro, mesmo desbastados ou simplesmente cortados à serra ou por outro meio, em blocos ou placas de forma q",Egito,6817,24500,comexstat,2026-10-08
2025,06,2515,"Mármores, travertinos, granitos belgas e outras pedras calcárias de cantaria ou de construção, de densidade aparente igual ou superior a 2,5, e alabastro, mesmo desbastados ou simplesmente cortados à serra ou por outro meio, em blocos ou placas de forma q",Índia,6717,27000,comexstat,2026-10-08
2025,11,2514,"Ardósia, mesmo desbastada ou simplesmente cortada a serra ou por outro meio, em blocos ou placas de forma quadrada ou retangular",Portugal,6674,27000,comexstat,2026-10-08
2025,03,6802,"Pedras de cantaria ou de construção (exceto de ardósia) trabalhadas e obras destas pedras, exceto as da posição 6801; cubos, pastilhas e artigos semelhantes, para mosaicos, de pedra natural (incluída a ardósia), mesmo com suporte; grânulos, fragmentos e",Irã,6672,26280,comexstat,2026-10-08
2025,09,2515,"Mármores, travertinos, granitos belgas e outras pedras calcárias de cantaria ou de construção, de densidade aparente igual ou superior a 2,5, e alabastro, mesmo desbastados ou simplesmente cortados à serra ou por outro meio, em blocos ou placas de forma q",Índia,6572,27000,comexstat,2026-10-08
2025,12,2515,"Mármores, travertinos, granitos belgas e outras pedras calcárias de cantaria ou de construção, de densidade aparente igual ou superior a 2,5, e alabastro, mesmo desbastados ou simplesmente cortados à serra ou por outro meio, em blocos ou placas de forma q",Índia,6564,27000,comexstat,2026-10-08
2025,11,6803,Ardósia natural trabalhada e obras de ardósia natural ou aglomerada,Hong Kong,6512,14993,comexstat,2026-10-08
2025,01,2515,"Mármores, travertinos, granitos belgas e outras pedras calcárias de cantaria ou de construção, de densidade aparente igual ou superior a 2,5, e alabastro, mesmo desbastados ou simplesmente cortados à serra ou por outro meio, em blocos ou placas de forma q",Espanha,6450,9732,comexstat,2026-10-08
2025,03,2516,"Granito, pórfiro, basalto, arenito e outras pedras de cantaria ou de construção, mesmo desbastados ou simplesmente cortados à serra ou por outro meio, em blocos ou placas de forma quadrada ou rectangular",Espanha,6322,16445,comexstat,2026-10-08
2025,04,2514,"Ardósia, mesmo desbastada ou simplesmente cortada a serra ou por outro meio, em blocos ou placas de forma quadrada ou retangular",Portugal,6302,27000,comexstat,2026-10-08
2025,07,2516,"Granito, pórfiro, basalto, arenito e outras pedras de cantaria ou de construção, mesmo desbastados ou simplesmente cortados à serra ou por outro meio, em blocos ou placas de forma quadrada ou rectangular",Egito,6075,24256,comexstat,2026-10-08
2025,04,6802,"Pedras de cantaria ou de construção (exceto de ardósia) trabalhadas e obras destas pedras, exceto as da posição 6801; cubos, pastilhas e artigos semelhantes, para mosaicos, de pedra natural (incluída a ardósia), mesmo com suporte; grânulos, fragmentos e",França,5822,16800,comexstat,2026-10-08
2025,11,6802,"Pedras de cantaria ou de construção (exceto de ardósia) trabalhadas e obras destas pedras, exceto as da posição 6801; cubos, pastilhas e artigos semelhantes, para mosaicos, de pedra natural (incluída a ardósia), mesmo com suporte; grânulos, fragmentos e",Grécia,5623,25200,comexstat,2026-10-08
2025,11,2516,"Granito, pórfiro, basalto, arenito e outras pedras de cantaria ou de construção, mesmo desbastados ou simplesmente cortados à serra ou por outro meio, em blocos ou placas de forma quadrada ou rectangular",Espanha,5372,14343,comexstat,2026-10-08
2025,09,6802,"Pedras de cantaria ou de construção (exceto de ardósia) trabalhadas e obras destas pedras, exceto as da posição 6801; cubos, pastilhas e artigos semelhantes, para mosaicos, de pedra natural (incluída a ardósia), mesmo com suporte; grânulos, fragmentos e",Dinamarca,5219,15600,comexstat,2026-10-08
2025,10,2515,"Mármores, travertinos, granitos belgas e outras pedras calcárias de cantaria ou de construção, de densidade aparente igual ou superior a 2,5, e alabastro, mesmo desbastados ou simplesmente cortados à serra ou por outro meio, em blocos ou placas de forma q",França,5147,27500,comexstat,2026-10-08
2025,03,2515,"Mármores, travertinos, granitos belgas e outras pedras calcárias de cantaria ou de construção, de densidade aparente igual ou superior a 2,5, e alabastro, mesmo desbastados ou simplesmente cortados à serra ou por outro meio, em blocos ou placas de forma q",Indonésia,5058,4584,comexstat,2026-10-08
2025,02,2514,"Ardósia, mesmo desbastada ou simplesmente cortada a serra ou por outro meio, em blocos ou placas de forma quadrada ou retangular",Portugal,4864,27000,comexstat,2026-10-08
2025,06,2515,"Mármores, travertinos, granitos belgas e outras pedras calcárias de cantaria ou de construção, de densidade aparente igual ou superior a 2,5, e alabastro, mesmo desbastados ou simplesmente cortados à serra ou por outro meio, em blocos ou placas de forma q",Estados Unidos,4641,16,comexstat,2026-10-08
2025,10,6803,Ardósia natural trabalhada e obras de ardósia natural ou aglomerada,Índia,4630,901,comexstat,2026-10-08
2025,08,6803,Ardósia natural trabalhada e obras de ardósia natural ou aglomerada,China,4625,3786,comexstat,2026-10-08
2025,12,2514,"Ardósia, mesmo desbastada ou simplesmente cortada a serra ou por outro meio, em blocos ou placas de forma quadrada ou retangular",França,4479,21000,comexstat,2026-10-08
2025,07,2514,"Ardósia, mesmo desbastada ou simplesmente cortada a serra ou por outro meio, em blocos ou placas de forma quadrada ou retangular",França,4322,21000,comexstat,2026-10-08
2025,07,2516,"Granito, pórfiro, basalto, arenito e outras pedras de cantaria ou de construção, mesmo desbastados ou simplesmente cortados à serra ou por outro meio, em blocos ou placas de forma quadrada ou rectangular",Hong Kong,4304,10000,comexstat,2026-10-08
2025,08,2514,"Ardósia, mesmo desbastada ou simplesmente cortada a serra ou por outro meio, em blocos ou placas de forma quadrada ou retangular",França,4281,21000,comexstat,2026-10-08
2025,06,2514,"Ardósia, mesmo desbastada ou simplesmente cortada a serra ou por outro meio, em blocos ou placas de forma quadrada ou retangular",França,4212,21000,comexstat,2026-10-08
2025,01,2516,"Granito, pórfiro, basalto, arenito e outras pedras de cantaria ou de construção, mesmo desbastados ou simplesmente cortados à serra ou por outro meio, em blocos ou placas de forma quadrada ou rectangular",Hong Kong,4081,18710,comexstat,2026-10-08
2025,04,2516,"Granito, pórfiro, basalto, arenito e outras pedras de cantaria ou de construção, mesmo desbastados ou simplesmente cortados à serra ou por outro meio, em blocos ou placas de forma quadrada ou rectangular",Estados Unidos,4060,23,comexstat,2026-10-08
2025,09,6803,Ardósia natural trabalhada e obras de ardósia natural ou aglomerada,Índia,3548,663,comexstat,2026-10-08
2025,06,6803,Ardósia natural trabalhada e obras de ardósia natural ou aglomerada,China,3488,2795,comexstat,2026-10-08
2025,07,6803,Ardósia natural trabalhada e obras de ardósia natural ou aglomerada,Índia,3388,677,comexstat,2026-10-08
2025,01,2516,"Granito, pórfiro, basalto, arenito e outras pedras de cantaria ou de construção, mesmo desbastados ou simplesmente cortados à serra ou por outro meio, em blocos ou placas de forma quadrada ou rectangular",Estados Unidos,3200,12,comexstat,2026-10-08
2025,01,6802,"Pedras de cantaria ou de construção (exceto de ardósia) trabalhadas e obras destas pedras, exceto as da posição 6801; cubos, pastilhas e artigos semelhantes, para mosaicos, de pedra natural (incluída a ardósia), mesmo com suporte; grânulos, fragmentos e",Marrocos,3174,68,comexstat,2026-10-08
2025,05,2515,"Mármores, travertinos, granitos belgas e outras pedras calcárias de cantaria ou de construção, de densidade aparente igual ou superior a 2,5, e alabastro, mesmo desbastados ou simplesmente cortados à serra ou por outro meio, em blocos ou placas de forma q",Estados Unidos,3081,27260,comexstat,2026-10-08
2025,03,6803,Ardósia natural trabalhada e obras de ardósia natural ou aglomerada,Índia,3070,268,comexstat,2026-10-08
2025,12,2516,"Granito, pórfiro, basalto, arenito e outras pedras de cantaria ou de construção, mesmo desbastados ou simplesmente cortados à serra ou por outro meio, em blocos ou placas de forma quadrada ou rectangular",Hong Kong,2682,17180,comexstat,2026-10-08
2025,07,6802,"Pedras de cantaria ou de construção (exceto de ardósia) trabalhadas e obras destas pedras, exceto as da posição 6801; cubos, pastilhas e artigos semelhantes, para mosaicos, de pedra natural (incluída a ardósia), mesmo com suporte; grânulos, fragmentos e",França,2654,79,comexstat,2026-10-08
2025,09,6802,"Pedras de cantaria ou de construção (exceto de ardósia) trabalhadas e obras destas pedras, exceto as da posição 6801; cubos, pastilhas e artigos semelhantes, para mosaicos, de pedra natural (incluída a ardósia), mesmo com suporte; grânulos, fragmentos e",Paquistão,2401,2221,comexstat,2026-10-08
2025,10,6803,Ardósia natural trabalhada e obras de ardósia natural ou aglomerada,China,2386,1626,comexstat,2026-10-08
2025,10,2515,"Mármores, travertinos, granitos belgas e outras pedras calcárias de cantaria ou de construção, de densidade aparente igual ou superior a 2,5, e alabastro, mesmo desbastados ou simplesmente cortados à serra ou por outro meio, em blocos ou placas de forma q",Estados Unidos,2351,18810,comexstat,2026-10-08
2025,11,6802,"Pedras de cantaria ou de construção (exceto de ardósia) trabalhadas e obras destas pedras, exceto as da posição 6801; cubos, pastilhas e artigos semelhantes, para mosaicos, de pedra natural (incluída a ardósia), mesmo com suporte; grânulos, fragmentos e",Alemanha,2317,61,comexstat,2026-10-08
2025,01,6803,Ardósia natural trabalhada e obras de ardósia natural ou aglomerada,Índia,2304,300,comexstat,2026-10-08
2025,09,2516,"Granito, pórfiro, basalto, arenito e outras pedras de cantaria ou de construção, mesmo desbastados ou simplesmente cortados à serra ou por outro meio, em blocos ou placas de forma quadrada ou rectangular",Coreia do Sul,2265,60,comexstat,2026-10-08
2025,10,2516,"Granito, pórfiro, basalto, arenito e outras pedras de cantaria ou de construção, mesmo desbastados ou simplesmente cortados à serra ou por outro meio, em blocos ou placas de forma quadrada ou rectangular",Estados Unidos,2125,48,comexstat,2026-10-08
2025,01,2515,"Mármores, travertinos, granitos belgas e outras pedras calcárias de cantaria ou de construção, de densidade aparente igual ou superior a 2,5, e alabastro, mesmo desbastados ou simplesmente cortados à serra ou por outro meio, em blocos ou placas de forma q",Índia,2011,7437,comexstat,2026-10-08
2025,05,6803,Ardósia natural trabalhada e obras de ardósia natural ou aglomerada,China,1878,1585,comexstat,2026-10-08
2025,12,6803,Ardósia natural trabalhada e obras de ardósia natural ou aglomerada,China,1816,587,comexstat,2026-10-08
2025,01,6802,"Pedras de cantaria ou de construção (exceto de ardósia) trabalhadas e obras destas pedras, exceto as da posição 6801; cubos, pastilhas e artigos semelhantes, para mosaicos, de pedra natural (incluída a ardósia), mesmo com suporte; grânulos, fragmentos e",Hong Kong,1768,500,comexstat,2026-10-08
2025,09,2516,"Granito, pórfiro, basalto, arenito e outras pedras de cantaria ou de construção, mesmo desbastados ou simplesmente cortados à serra ou por outro meio, em blocos ou placas de forma quadrada ou rectangular",Turquia,1756,4465,comexstat,2026-10-08
2025,03,2516,"Granito, pórfiro, basalto, arenito e outras pedras de cantaria ou de construção, mesmo desbastados ou simplesmente cortados à serra ou por outro meio, em blocos ou placas de forma quadrada ou rectangular",China,1590,4820,comexstat,2026-10-08
2025,07,2516,"Granito, pórfiro, basalto, arenito e outras pedras de cantaria ou de construção, mesmo desbastados ou simplesmente cortados à serra ou por outro meio, em blocos ou placas de forma quadrada ou rectangular",Estados Unidos,1425,12,comexstat,2026-10-08
2025,02,6802,"Pedras de cantaria ou de construção (exceto de ardósia) trabalhadas e obras destas pedras, exceto as da posição 6801; cubos, pastilhas e artigos semelhantes, para mosaicos, de pedra natural (incluída a ardósia), mesmo com suporte; grânulos, fragmentos e",Alemanha,1230,1,comexstat,2026-10-08
2025,05,2516,"Granito, pórfiro, basalto, arenito e outras pedras de cantaria ou de construção, mesmo desbastados ou simplesmente cortados à serra ou por outro meio, em blocos ou placas de forma quadrada ou rectangular",China,1073,3600,comexstat,2026-10-08
2025,09,2516,"Granito, pórfiro, basalto, arenito e outras pedras de cantaria ou de construção, mesmo desbastados ou simplesmente cortados à serra ou por outro meio, em blocos ou placas de forma quadrada ou rectangular",China,929,3800,comexstat,2026-10-08
2025,03,6803,Ardósia natural trabalhada e obras de ardósia natural ou aglomerada,China,878,793,comexstat,2026-10-08
2025,09,6803,Ardósia natural trabalhada e obras de ardósia natural ou aglomerada,Espanha,866,6,comexstat,2026-10-08
2025,10,6803,Ardósia natural trabalhada e obras de ardósia natural ou aglomerada,Espanha,826,6,comexstat,2026-10-08
2025,11,6803,Ardósia natural trabalhada e obras de ardósia natural ou aglomerada,Espanha,725,5,comexstat,2026-10-08
2025,10,6802,"Pedras de cantaria ou de construção (exceto de ardósia) trabalhadas e obras destas pedras, exceto as da posição 6801; cubos, pastilhas e artigos semelhantes, para mosaicos, de pedra natural (incluída a ardósia), mesmo com suporte; grânulos, fragmentos e",Brasil,700,500,comexstat,2026-10-08
2025,12,6802,"Pedras de cantaria ou de construção (exceto de ardósia) trabalhadas e obras destas pedras, exceto as da posição 6801; cubos, pastilhas e artigos semelhantes, para mosaicos, de pedra natural (incluída a ardósia), mesmo com suporte; grânulos, fragmentos e",Alemanha,408,1,comexstat,2026-10-08
2025,11,2515,"Mármores, travertinos, granitos belgas e outras pedras calcárias de cantaria ou de construção, de densidade aparente igual ou superior a 2,5, e alabastro, mesmo desbastados ou simplesmente cortados à serra ou por outro meio, em blocos ou placas de forma q",Indonésia,300,400,comexstat,2026-10-08
2025,08,6803,Ardósia natural trabalhada e obras de ardósia natural ou aglomerada,Espanha,277,2,comexstat,2026-10-08
2025,07,6803,Ardósia natural trabalhada e obras de ardósia natural ou aglomerada,Espanha,239,2,comexstat,2026-10-08
2025,11,2516,"Granito, pórfiro, basalto, arenito e outras pedras de cantaria ou de construção, mesmo desbastados ou simplesmente cortados à serra ou por outro meio, em blocos ou placas de forma quadrada ou rectangular",Suécia,182,124,comexstat,2026-10-08
2025,11,6803,Ardósia natural trabalhada e obras de ardósia natural ou aglomerada,China,179,33,comexstat,2026-10-08
2025,12,6802,"Pedras de cantaria ou de construção (exceto de ardósia) trabalhadas e obras destas pedras, exceto as da posição 6801; cubos, pastilhas e artigos semelhantes, para mosaicos, de pedra natural (incluída a ardósia), mesmo com suporte; grânulos, fragmentos e",Hong Kong,151,111,comexstat,2026-10-08
2025,04,6803,Ardósia natural trabalhada e obras de ardósia natural ou aglomerada,Alemanha,147,32,comexstat,2026-10-08
2025,07,2516,"Granito, pórfiro, basalto, arenito e outras pedras de cantaria ou de construção, mesmo desbastados ou simplesmente cortados à serra ou por outro meio, em blocos ou placas de forma quadrada ou rectangular",Suécia,89,185,comexstat,2026-10-08
2025,04,2516,"Granito, pórfiro, basalto, arenito e outras pedras de cantaria ou de construção, mesmo desbastados ou simplesmente cortados à serra ou por outro meio, em blocos ou placas de forma quadrada ou rectangular",Suécia,65,165,comexstat,2026-10-08
2025,11,2516,"Granito, pórfiro, basalto, arenito e outras pedras de cantaria ou de construção, mesmo desbastados ou simplesmente cortados à serra ou por outro meio, em blocos ou placas de forma quadrada ou rectangular",Brasil,33,6,comexstat,2026-10-08
2025,10,6803,Ardósia natural trabalhada e obras de ardósia natural ou aglomerada,Estados Unidos,21,4,comexstat,2026-10-08
2026,01,2515,"Mármores, travertinos, granitos belgas e outras pedras calcárias de cantaria ou de construção, de densidade aparente igual ou superior a 2,5, e alabastro, mesmo desbastados ou simplesmente cortados à serra ou por outro meio, em blocos ou placas de forma q",Turquia,1269391,5556547,comexstat,2026-10-08
2026,09,2515,"Mármores, travertinos, granitos belgas e outras pedras calcárias de cantaria ou de construção, de densidade aparente igual ou superior a 2,5, e alabastro, mesmo desbastados ou simplesmente cortados à serra ou por outro meio, em blocos ou placas de forma q",México,749067,1576186,comexstat,2026-10-08
2026,01,2515,"Mármores, travertinos, granitos belgas e outras pedras calcárias de cantaria ou de construção, de densidade aparente igual ou superior a 2,5, e alabastro, mesmo desbastados ou simplesmente cortados à serra ou por outro meio, em blocos ou placas de forma q",México,657320,1867549,comexstat,2026-10-08
2026,08,2515,"Mármores, travertinos, granitos belgas e outras pedras calcárias de cantaria ou de construção, de densidade aparente igual ou superior a 2,5, e alabastro, mesmo desbastados ou simplesmente cortados à serra ou por outro meio, em blocos ou placas de forma q",México,633870,1513889,comexstat,2026-10-08
2026,06,2515,"Mármores, travertinos, granitos belgas e outras pedras calcárias de cantaria ou de construção, de densidade aparente igual ou superior a 2,5, e alabastro, mesmo desbastados ou simplesmente cortados à serra ou por outro meio, em blocos ou placas de forma q",México,605702,1392890,comexstat,2026-10-08
2026,02,2515,"Mármores, travertinos, granitos belgas e outras pedras calcárias de cantaria ou de construção, de densidade aparente igual ou superior a 2,5, e alabastro, mesmo desbastados ou simplesmente cortados à serra ou por outro meio, em blocos ou placas de forma q",México,581597,1722667,comexstat,2026-10-08
2026,03,2515,"Mármores, travertinos, granitos belgas e outras pedras calcárias de cantaria ou de construção, de densidade aparente igual ou superior a 2,5, e alabastro, mesmo desbastados ou simplesmente cortados à serra ou por outro meio, em blocos ou placas de forma q",México,570018,1346416,comexstat,2026-10-08
2026,04,2515,"Mármores, travertinos, granitos belgas e outras pedras calcárias de cantaria ou de construção, de densidade aparente igual ou superior a 2,5, e alabastro, mesmo desbastados ou simplesmente cortados à serra ou por outro meio, em blocos ou placas de forma q",México,558668,1262115,comexstat,2026-10-08
2026,06,2515,"Mármores, travertinos, granitos belgas e outras pedras calcárias de cantaria ou de construção, de densidade aparente igual ou superior a 2,5, e alabastro, mesmo desbastados ou simplesmente cortados à serra ou por outro meio, em blocos ou placas de forma q",Turquia,544656,915530,comexstat,2026-10-08
2026,03,2515,"Mármores, travertinos, granitos belgas e outras pedras calcárias de cantaria ou de construção, de densidade aparente igual ou superior a 2,5, e alabastro, mesmo desbastados ou simplesmente cortados à serra ou por outro meio, em blocos ou placas de forma q",Turquia,543013,1305721,comexstat,2026-10-08
2026,07,2515,"Mármores, travertinos, granitos belgas e outras pedras calcárias de cantaria ou de construção, de densidade aparente igual ou superior a 2,5, e alabastro, mesmo desbastados ou simplesmente cortados à serra ou por outro meio, em blocos ou placas de forma q",Turquia,513384,1337599,comexstat,2026-10-08
2026,08,2515,"Mármores, travertinos, granitos belgas e outras pedras calcárias de cantaria ou de construção, de densidade aparente igual ou superior a 2,5, e alabastro, mesmo desbastados ou simplesmente cortados à serra ou por outro meio, em blocos ou placas de forma q",Turquia,513129,2688175,comexstat,2026-10-08
2026,05,2515,"Mármores, travertinos, granitos belgas e outras pedras calcárias de cantaria ou de construção, de densidade aparente igual ou superior a 2,5, e alabastro, mesmo desbastados ou simplesmente cortados à serra ou por outro meio, em blocos ou placas de forma q",Turquia,510160,1806825,comexstat,2026-10-08
2026,07,2515,"Mármores, travertinos, granitos belgas e outras pedras calcárias de cantaria ou de construção, de densidade aparente igual ou superior a 2,5, e alabastro, mesmo desbastados ou simplesmente cortados à serra ou por outro meio, em blocos ou placas de forma q",México,498623,1143188,comexstat,2026-10-08
2026,05,2515,"Mármores, travertinos, granitos belgas e outras pedras calcárias de cantaria ou de construção, de densidade aparente igual ou superior a 2,5, e alabastro, mesmo desbastados ou simplesmente cortados à serra ou por outro meio, em blocos ou placas de forma q",México,445933,1170454,comexstat,2026-10-08
2026,06,6802,"Pedras de cantaria ou de construção (exceto de ardósia) trabalhadas e obras destas pedras, exceto as da posição 6801; cubos, pastilhas e artigos semelhantes, para mosaicos, de pedra natural (incluída a ardósia), mesmo com suporte; grânulos, fragmentos e",Turquia,443504,773342,comexstat,2026-10-08
2026,04,2515,"Mármores, travertinos, granitos belgas e outras pedras calcárias de cantaria ou de construção, de densidade aparente igual ou superior a 2,5, e alabastro, mesmo desbastados ou simplesmente cortados à serra ou por outro meio, em blocos ou placas de forma q",Turquia,442507,1355196,comexstat,2026-10-08
2026,01,6802,"Pedras de cantaria ou de construção (exceto de ardósia) trabalhadas e obras destas pedras, exceto as da posição 6801; cubos, pastilhas e artigos semelhantes, para mosaicos, de pedra natural (incluída a ardósia), mesmo com suporte; grânulos, fragmentos e",Turquia,422046,984665,comexstat,2026-10-08
2026,02,2515,"Mármores, travertinos, granitos belgas e outras pedras calcárias de cantaria ou de construção, de densidade aparente igual ou superior a 2,5, e alabastro, mesmo desbastados ou simplesmente cortados à serra ou por outro meio, em blocos ou placas de forma q",Turquia,366157,1986360,comexstat,2026-10-08
2026,07,6802,"Pedras de cantaria ou de construção (exceto de ardósia) trabalhadas e obras destas pedras, exceto as da posição 6801; cubos, pastilhas e artigos semelhantes, para mosaicos, de pedra natural (incluída a ardósia), mesmo com suporte; grânulos, fragmentos e",Espanha,351708,703058,comexstat,2026-10-08
2026,01,6802,"Pedras de cantaria ou de construção (exceto de ardósia) trabalhadas e obras destas pedras, exceto as da posição 6801; cubos, pastilhas e artigos semelhantes, para mosaicos, de pedra natural (incluída a ardósia), mesmo com suporte; grânulos, fragmentos e",China,348229,305929,comexstat,2026-10-08
2026,03,6802,"Pedras de cantaria ou de construção (exceto de ardósia) trabalhadas e obras destas pedras, exceto as da posição 6801; cubos, pastilhas e artigos semelhantes, para mosaicos, de pedra natural (incluída a ardósia), mesmo com suporte; grânulos, fragmentos e",Espanha,319593,630630,comexstat,2026-10-08
2026,04,6802,"Pedras de cantaria ou de construção (exceto de ardósia) trabalhadas e obras destas pedras, exceto as da posição 6801; cubos, pastilhas e artigos semelhantes, para mosaicos, de pedra natural (incluída a ardósia), mesmo com suporte; grânulos, fragmentos e",Turquia,317863,657631,comexstat,2026-10-08
2026,01,6802,"Pedras de cantaria ou de construção (exceto de ardósia) trabalhadas e obras destas pedras, exceto as da posição 6801; cubos, pastilhas e artigos semelhantes, para mosaicos, de pedra natural (incluída a ardósia), mesmo com suporte; grânulos, fragmentos e",Itália,317604,230238,comexstat,2026-10-08
2026,05,6802,"Pedras de cantaria ou de construção (exceto de ardósia) trabalhadas e obras destas pedras, exceto as da posição 6801; cubos, pastilhas e artigos semelhantes, para mosaicos, de pedra natural (incluída a ardósia), mesmo com suporte; grânulos, fragmentos e",Portugal,292486,321231,comexstat,2026-10-08
2026,08,6802,"Pedras de cantaria ou de construção (exceto de ardósia) trabalhadas e obras destas pedras, exceto as da posição 6801; cubos, pastilhas e artigos semelhantes, para mosaicos, de pedra natural (incluída a ardósia), mesmo com suporte; grânulos, fragmentos e",Índia,281378,841592,comexstat,2026-10-08
2026,09,2515,"Mármores, travertinos, granitos belgas e outras pedras calcárias de cantaria ou de construção, de densidade aparente igual ou superior a 2,5, e alabastro, mesmo desbastados ou simplesmente cortados à serra ou por outro meio, em blocos ou placas de forma q",Turquia,279633,523447,comexstat,2026-10-08
2026,04,6802,"Pedras de cantaria ou de construção (exceto de ardósia) trabalhadas e obras destas pedras, exceto as da posição 6801; cubos, pastilhas e artigos semelhantes, para mosaicos, de pedra natural (incluída a ardósia), mesmo com suporte; grânulos, fragmentos e",Índia,269343,603282,comexstat,2026-10-08
2026,06,6802,"Pedras de cantaria ou de construção (exceto de ardósia) trabalhadas e obras destas pedras, exceto as da posição 6801; cubos, pastilhas e artigos semelhantes, para mosaicos, de pedra natural (incluída a ardósia), mesmo com suporte; grânulos, fragmentos e",Espanha,258949,493705,comexstat,2026-10-08
2026,02,6802,"Pedras de cantaria ou de construção (exceto de ardósia) trabalhadas e obras destas pedras, exceto as da posição 6801; cubos, pastilhas e artigos semelhantes, para mosaicos, de pedra natural (incluída a ardósia), mesmo com suporte; grânulos, fragmentos e",Turquia,256220,666922,comexstat,2026-10-08
2026,09,6802,"Pedras de cantaria ou de construção (exceto de ardósia) trabalhadas e obras destas pedras, exceto as da posição 6801; cubos, pastilhas e artigos semelhantes, para mosaicos, de pedra natural (incluída a ardósia), mesmo com suporte; grânulos, fragmentos e",Turquia,253535,679729,comexstat,2026-10-08
2026,02,6802,"Pedras de cantaria ou de construção (exceto de ardósia) trabalhadas e obras destas pedras, exceto as da posição 6801; cubos, pastilhas e artigos semelhantes, para mosaicos, de pedra natural (incluída a ardósia), mesmo com suporte; grânulos, fragmentos e",China,251693,233067,comexstat,2026-10-08
2026,06,2515,"Mármores, travertinos, granitos belgas e outras pedras calcárias de cantaria ou de construção, de densidade aparente igual ou superior a 2,5, e alabastro, mesmo desbastados ou simplesmente cortados à serra ou por outro meio, em blocos ou placas de forma q",Itália,248520,300980,comexstat,2026-10-08
2026,06,6802,"Pedras de cantaria ou de construção (exceto de ardósia) trabalhadas e obras destas pedras, exceto as da posição 6801; cubos, pastilhas e artigos semelhantes, para mosaicos, de pedra natural (incluída a ardósia), mesmo com suporte; grânulos, fragmentos e",Índia,242912,620318,comexstat,2026-10-08
2026,03,6802,"Pedras de cantaria ou de construção (exceto de ardósia) trabalhadas e obras destas pedras, exceto as da posição 6801; cubos, pastilhas e artigos semelhantes, para mosaicos, de pedra natural (incluída a ardósia), mesmo com suporte; grânulos, fragmentos e",Índia,239907,586435,comexstat,2026-10-08
2026,01,6802,"Pedras de cantaria ou de construção (exceto de ardósia) trabalhadas e obras destas pedras, exceto as da posição 6801; cubos, pastilhas e artigos semelhantes, para mosaicos, de pedra natural (incluída a ardósia), mesmo com suporte; grânulos, fragmentos e",Espanha,239245,327188,comexstat,2026-10-08
2026,01,6802,"Pedras de cantaria ou de construção (exceto de ardósia) trabalhadas e obras destas pedras, exceto as da posição 6801; cubos, pastilhas e artigos semelhantes, para mosaicos, de pedra natural (incluída a ardósia), mesmo com suporte; grânulos, fragmentos e",Índia,230496,551879,comexstat,2026-10-08
2026,03,6802,"Pedras de cantaria ou de construção (exceto de ardósia) trabalhadas e obras destas pedras, exceto as da posição 6801; cubos, pastilhas e artigos semelhantes, para mosaicos, de pedra natural (incluída a ardósia), mesmo com suporte; grânulos, fragmentos e",Turquia,225823,399318,comexstat,2026-10-08
2026,04,6802,"Pedras de cantaria ou de construção (exceto de ardósia) trabalhadas e obras destas pedras, exceto as da posição 6801; cubos, pastilhas e artigos semelhantes, para mosaicos, de pedra natural (incluída a ardósia), mesmo com suporte; grânulos, fragmentos e",Indonésia,224703,389338,comexstat,2026-10-08
2026,06,6802,"Pedras de cantaria ou de construção (exceto de ardósia) trabalhadas e obras destas pedras, exceto as da posição 6801; cubos, pastilhas e artigos semelhantes, para mosaicos, de pedra natural (incluída a ardósia), mesmo com suporte; grânulos, fragmentos e",China,209134,293718,comexstat,2026-10-08
2026,04,6802,"Pedras de cantaria ou de construção (exceto de ardósia) trabalhadas e obras destas pedras, exceto as da posição 6801; cubos, pastilhas e artigos semelhantes, para mosaicos, de pedra natural (incluída a ardósia), mesmo com suporte; grânulos, fragmentos e",Itália,208300,131720,comexstat,2026-10-08
2026,03,6802,"Pedras de cantaria ou de construção (exceto de ardósia) trabalhadas e obras destas pedras, exceto as da posição 6801; cubos, pastilhas e artigos semelhantes, para mosaicos, de pedra natural (incluída a ardósia), mesmo com suporte; grânulos, fragmentos e",Indonésia,206768,289219,comexstat,2026-10-08
2026,07,6802,"Pedras de cantaria ou de construção (exceto de ardósia) trabalhadas e obras destas pedras, exceto as da posição 6801; cubos, pastilhas e artigos semelhantes, para mosaicos, de pedra natural (incluída a ardósia), mesmo com suporte; grânulos, fragmentos e",Itália,205158,75795,comexstat,2026-10-08
2026,02,6802,"Pedras de cantaria ou de construção (exceto de ardósia) trabalhadas e obras destas pedras, exceto as da posição 6801; cubos, pastilhas e artigos semelhantes, para mosaicos, de pedra natural (incluída a ardósia), mesmo com suporte; grânulos, fragmentos e",Egito,195189,719200,comexstat,2026-10-08
2026,08,6802,"Pedras de cantaria ou de construção (exceto de ardósia) trabalhadas e obras destas pedras, exceto as da posição 6801; cubos, pastilhas e artigos semelhantes, para mosaicos, de pedra natural (incluída a ardósia), mesmo com suporte; grânulos, fragmentos e",Espanha,191849,387626,comexstat,2026-10-08
2026,04,6802,"Pedras de cantaria ou de construção (exceto de ardósia) trabalhadas e obras destas pedras, exceto as da posição 6801; cubos, pastilhas e artigos semelhantes, para mosaicos, de pedra natural (incluída a ardósia), mesmo com suporte; grânulos, fragmentos e",Espanha,190863,350170,comexstat,2026-10-08
2026,05,6802,"Pedras de cantaria ou de construção (exceto de ardósia) trabalhadas e obras destas pedras, exceto as da posição 6801; cubos, pastilhas e artigos semelhantes, para mosaicos, de pedra natural (incluída a ardósia), mesmo com suporte; grânulos, fragmentos e",China,188244,244604,comexstat,2026-10-08
2026,05,2516,"Granito, pórfiro, basalto, arenito e outras pedras de cantaria ou de construção, mesmo desbastados ou simplesmente cortados à serra ou por outro meio, em blocos ou placas de forma quadrada ou rectangular",China,187920,20880,comexstat,2026-10-08
2026,08,6802,"Pedras de cantaria ou de construção (exceto de ardósia) trabalhadas e obras destas pedras, exceto as da posição 6801; cubos, pastilhas e artigos semelhantes, para mosaicos, de pedra natural (incluída a ardósia), mesmo com suporte; grânulos, fragmentos e",Itália,187765,138840,comexstat,2026-10-08
2026,07,6802,"Pedras de cantaria ou de construção (exceto de ardósia) trabalhadas e obras destas pedras, exceto as da posição 6801; cubos, pastilhas e artigos semelhantes, para mosaicos, de pedra natural (incluída a ardósia), mesmo com suporte; grânulos, fragmentos e",Turquia,183241,335608,comexstat,2026-10-08
2026,09,6802,"Pedras de cantaria ou de construção (exceto de ardósia) trabalhadas e obras destas pedras, exceto as da posição 6801; cubos, pastilhas e artigos semelhantes, para mosaicos, de pedra natural (incluída a ardósia), mesmo com suporte; grânulos, fragmentos e",Índia,182709,383664,comexstat,2026-10-08
2026,08,6802,"Pedras de cantaria ou de construção (exceto de ardósia) trabalhadas e obras destas pedras, exceto as da posição 6801; cubos, pastilhas e artigos semelhantes, para mosaicos, de pedra natural (incluída a ardósia), mesmo com suporte; grânulos, fragmentos e",México,179846,213196,comexstat,2026-10-08
2026,07,6802,"Pedras de cantaria ou de construção (exceto de ardósia) trabalhadas e obras destas pedras, exceto as da posição 6801; cubos, pastilhas e artigos semelhantes, para mosaicos, de pedra natural (incluída a ardósia), mesmo com suporte; grânulos, fragmentos e",Egito,179508,717084,comexstat,2026-10-08
2026,02,6802,"Pedras de cantaria ou de construção (exceto de ardósia) trabalhadas e obras destas pedras, exceto as da posição 6801; cubos, pastilhas e artigos semelhantes, para mosaicos, de pedra natural (incluída a ardósia), mesmo com suporte; grânulos, fragmentos e",Indonésia,176299,259436,comexstat,2026-10-08
2026,08,6802,"Pedras de cantaria ou de construção (exceto de ardósia) trabalhadas e obras destas pedras, exceto as da posição 6801; cubos, pastilhas e artigos semelhantes, para mosaicos, de pedra natural (incluída a ardósia), mesmo com suporte; grânulos, fragmentos e",Portugal,172781,186149,comexstat,2026-10-08
2026,03,6802,"Pedras de cantaria ou de construção (exceto de ardósia) trabalhadas e obras destas pedras, exceto as da posição 6801; cubos, pastilhas e artigos semelhantes, para mosaicos, de pedra natural (incluída a ardósia), mesmo com suporte; grânulos, fragmentos e",China,172176,181427,comexstat,2026-10-08
2026,04,6802,"Pedras de cantaria ou de construção (exceto de ardósia) trabalhadas e obras destas pedras, exceto as da posição 6801; cubos, pastilhas e artigos semelhantes, para mosaicos, de pedra natural (incluída a ardósia), mesmo com suporte; grânulos, fragmentos e",Portugal,170340,195931,comexstat,2026-10-08
2026,04,6802,"Pedras de cantaria ou de construção (exceto de ardósia) trabalhadas e obras destas pedras, exceto as da posição 6801; cubos, pastilhas e artigos semelhantes, para mosaicos, de pedra natural (incluída a ardósia), mesmo com suporte; grânulos, fragmentos e",China,165853,186568,comexstat,2026-10-08
2026,08,2515,"Mármores, travertinos, granitos belgas e outras pedras calcárias de cantaria ou de construção, de densidade aparente igual ou superior a 2,5, e alabastro, mesmo desbastados ou simplesmente cortados à serra ou por outro meio, em blocos ou placas de forma q",Itália,165433,197492,comexstat,2026-10-08
2026,02,6802,"Pedras de cantaria ou de construção (exceto de ardósia) trabalhadas e obras destas pedras, exceto as da posição 6801; cubos, pastilhas e artigos semelhantes, para mosaicos, de pedra natural (incluída a ardósia), mesmo com suporte; grânulos, fragmentos e",Índia,163241,428239,comexstat,2026-10-08
2026,07,6802,"Pedras de cantaria ou de construção (exceto de ardósia) trabalhadas e obras destas pedras, exceto as da posição 6801; cubos, pastilhas e artigos semelhantes, para mosaicos, de pedra natural (incluída a ardósia), mesmo com suporte; grânulos, fragmentos e",Indonésia,162592,272129,comexstat,2026-10-08
2026,02,6802,"Pedras de cantaria ou de construção (exceto de ardósia) trabalhadas e obras destas pedras, exceto as da posição 6801; cubos, pastilhas e artigos semelhantes, para mosaicos, de pedra natural (incluída a ardósia), mesmo com suporte; grânulos, fragmentos e",Itália,158866,194530,comexstat,2026-10-08
2026,05,6802,"Pedras de cantaria ou de construção (exceto de ardósia) trabalhadas e obras destas pedras, exceto as da posição 6801; cubos, pastilhas e artigos semelhantes, para mosaicos, de pedra natural (incluída a ardósia), mesmo com suporte; grânulos, fragmentos e",Hong Kong,157471,205871,comexstat,2026-10-08
2026,08,6802,"Pedras de cantaria ou de construção (exceto de ardósia) trabalhadas e obras destas pedras, exceto as da posição 6801; cubos, pastilhas e artigos semelhantes, para mosaicos, de pedra natural (incluída a ardósia), mesmo com suporte; grânulos, fragmentos e",Turquia,155922,323780,comexstat,2026-10-08
2026,05,6802,"Pedras de cantaria ou de construção (exceto de ardósia) trabalhadas e obras destas pedras, exceto as da posição 6801; cubos, pastilhas e artigos semelhantes, para mosaicos, de pedra natural (incluída a ardósia), mesmo com suporte; grânulos, fragmentos e",Turquia,154900,274834,comexstat,2026-10-08
2026,04,6802,"Pedras de cantaria ou de construção (exceto de ardósia) trabalhadas e obras destas pedras, exceto as da posição 6801; cubos, pastilhas e artigos semelhantes, para mosaicos, de pedra natural (incluída a ardósia), mesmo com suporte; grânulos, fragmentos e",Egito,153230,652100,comexstat,2026-10-08
2026,09,2515,"Mármores, travertinos, granitos belgas e outras pedras calcárias de cantaria ou de construção, de densidade aparente igual ou superior a 2,5, e alabastro, mesmo desbastados ou simplesmente cortados à serra ou por outro meio, em blocos ou placas de forma q",Itália,150648,187798,comexstat,2026-10-08
2026,05,6802,"Pedras de cantaria ou de construção (exceto de ardósia) trabalhadas e obras destas pedras, exceto as da posição 6801; cubos, pastilhas e artigos semelhantes, para mosaicos, de pedra natural (incluída a ardósia), mesmo com suporte; grânulos, fragmentos e",Índia,150052,380224,comexstat,2026-10-08
2026,09,6802,"Pedras de cantaria ou de construção (exceto de ardósia) trabalhadas e obras destas pedras, exceto as da posição 6801; cubos, pastilhas e artigos semelhantes, para mosaicos, de pedra natural (incluída a ardósia), mesmo com suporte; grânulos, fragmentos e",Indonésia,147113,218347,comexstat,2026-10-08
2026,09,6802,"Pedras de cantaria ou de construção (exceto de ardósia) trabalhadas e obras destas pedras, exceto as da posição 6801; cubos, pastilhas e artigos semelhantes, para mosaicos, de pedra natural (incluída a ardósia), mesmo com suporte; grânulos, fragmentos e",Portugal,147107,203188,comexstat,2026-10-08
2026,08,6802,"Pedras de cantaria ou de construção (exceto de ardósia) trabalhadas e obras destas pedras, exceto as da posição 6801; cubos, pastilhas e artigos semelhantes, para mosaicos, de pedra natural (incluída a ardósia), mesmo com suporte; grânulos, fragmentos e",China,145884,88293,comexstat,2026-10-08
2026,09,6802,"Pedras de cantaria ou de construção (exceto de ardósia) trabalhadas e obras destas pedras, exceto as da posição 6801; cubos, pastilhas e artigos semelhantes, para mosaicos, de pedra natural (incluída a ardósia), mesmo com suporte; grânulos, fragmentos e",Egito,144314,545501,comexstat,2026-10-08
2026,09,6802,"Pedras de cantaria ou de construção (exceto de ardósia) trabalhadas e obras destas pedras, exceto as da posição 6801; cubos, pastilhas e artigos semelhantes, para mosaicos, de pedra natural (incluída a ardósia), mesmo com suporte; grânulos, fragmentos e",China,137107,78403,comexstat,2026-10-08
2026,07,6802,"Pedras de cantaria ou de construção (exceto de ardósia) trabalhadas e obras destas pedras, exceto as da posição 6801; cubos, pastilhas e artigos semelhantes, para mosaicos, de pedra natural (incluída a ardósia), mesmo com suporte; grânulos, fragmentos e",China,136358,161634,comexstat,2026-10-08
2026,03,6802,"Pedras de cantaria ou de construção (exceto de ardósia) trabalhadas e obras destas pedras, exceto as da posição 6801; cubos, pastilhas e artigos semelhantes, para mosaicos, de pedra natural (incluída a ardósia), mesmo com suporte; grânulos, fragmentos e",Egito,135857,540178,comexstat,2026-10-08
2026,05,6802,"Pedras de cantaria ou de construção (exceto de ardósia) trabalhadas e obras destas pedras, exceto as da posição 6801; cubos, pastilhas e artigos semelhantes, para mosaicos, de pedra natural (incluída a ardósia), mesmo com suporte; grânulos, fragmentos e",Espanha,133970,266890,comexstat,2026-10-08
2026,09,6802,"Pedras de cantaria ou de construção (exceto de ardósia) trabalhadas e obras destas pedras, exceto as da posição 6801; cubos, pastilhas e artigos semelhantes, para mosaicos, de pedra natural (incluída a ardósia), mesmo com suporte; grânulos, fragmentos e",Espanha,126203,135050,comexstat,2026-10-08
2026,05,2515,"Mármores, travertinos, granitos belgas e outras pedras calcárias de cantaria ou de construção, de densidade aparente igual ou superior a 2,5, e alabastro, mesmo desbastados ou simplesmente cortados à serra ou por outro meio, em blocos ou placas de forma q",Argentina,125775,364180,comexstat,2026-10-08
2026,01,2515,"Mármores, travertinos, granitos belgas e outras pedras calcárias de cantaria ou de construção, de densidade aparente igual ou superior a 2,5, e alabastro, mesmo desbastados ou simplesmente cortados à serra ou por outro meio, em blocos ou placas de forma q",Itália,125188,295170,comexstat,2026-10-08
2026,05,2515,"Mármores, travertinos, granitos belgas e outras pedras calcárias de cantaria ou de construção, de densidade aparente igual ou superior a 2,5, e alabastro, mesmo desbastados ou simplesmente cortados à serra ou por outro meio, em blocos ou placas de forma q",China,123604,225798,comexstat,2026-10-08
2026,01,6802,"Pedras de cantaria ou de construção (exceto de ardósia) trabalhadas e obras destas pedras, exceto as da posição 6801; cubos, pastilhas e artigos semelhantes, para mosaicos, de pedra natural (incluída a ardósia), mesmo com suporte; grânulos, fragmentos e",Indonésia,119210,210718,comexstat,2026-10-08
2026,06,6802,"Pedras de cantaria ou de construção (exceto de ardósia) trabalhadas e obras destas pedras, exceto as da posição 6801; cubos, pastilhas e artigos semelhantes, para mosaicos, de pedra natural (incluída a ardósia), mesmo com suporte; grânulos, fragmentos e",Egito,115000,435202,comexstat,2026-10-08
2026,08,6802,"Pedras de cantaria ou de construção (exceto de ardósia) trabalhadas e obras destas pedras, exceto as da posição 6801; cubos, pastilhas e artigos semelhantes, para mosaicos, de pedra natural (incluída a ardósia), mesmo com suporte; grânulos, fragmentos e",Egito,114517,462314,comexstat,2026-10-08
2026,08,6802,"Pedras de cantaria ou de construção (exceto de ardósia) trabalhadas e obras destas pedras, exceto as da posição 6801; cubos, pastilhas e artigos semelhantes, para mosaicos, de pedra natural (incluída a ardósia), mesmo com suporte; grânulos, fragmentos e",Indonésia,114059,195874,comexstat,2026-10-08
2026,06,6802,"Pedras de cantaria ou de construção (exceto de ardósia) trabalhadas e obras destas pedras, exceto as da posição 6801; cubos, pastilhas e artigos semelhantes, para mosaicos, de pedra natural (incluída a ardósia), mesmo com suporte; grânulos, fragmentos e",Portugal,110799,177156,comexstat,2026-10-08
2026,06,6802,"Pedras de cantaria ou de construção (exceto de ardósia) trabalhadas e obras destas pedras, exceto as da posição 6801; cubos, pastilhas e artigos semelhantes, para mosaicos, de pedra natural (incluída a ardósia), mesmo com suporte; grânulos, fragmentos e",Hong Kong,110345,98939,comexstat,2026-10-08
2026,06,6802,"Pedras de cantaria ou de construção (exceto de ardósia) trabalhadas e obras destas pedras, exceto as da posição 6801; cubos, pastilhas e artigos semelhantes, para mosaicos, de pedra natural (incluída a ardósia), mesmo com suporte; grânulos, fragmentos e",Itália,110300,52675,comexstat,2026-10-08
2026,05,6802,"Pedras de cantaria ou de construção (exceto de ardósia) trabalhadas e obras destas pedras, exceto as da posição 6801; cubos, pastilhas e artigos semelhantes, para mosaicos, de pedra natural (incluída a ardósia), mesmo com suporte; grânulos, fragmentos e",Egito,106745,409950,comexstat,2026-10-08
2026,05,6802,"Pedras de cantaria ou de construção (exceto de ardósia) trabalhadas e obras destas pedras, exceto as da posição 6801; cubos, pastilhas e artigos semelhantes, para mosaicos, de pedra natural (incluída a ardósia), mesmo com suporte; grânulos, fragmentos e",Itália,105897,13177,comexstat,2026-10-08
2026,05,6802,"Pedras de cantaria ou de construção (exceto de ardósia) trabalhadas e obras destas pedras, exceto as da posição 6801; cubos, pastilhas e artigos semelhantes, para mosaicos, de pedra natural (incluída a ardósia), mesmo com suporte; grânulos, fragmentos e",Indonésia,103883,186028,comexstat,2026-10-08
2026,05,2515,"Mármores, travertinos, granitos belgas e outras pedras calcárias de cantaria ou de construção, de densidade aparente igual ou superior a 2,5, e alabastro, mesmo desbastados ou simplesmente cortados à serra ou por outro meio, em blocos ou placas de forma q",Itália,99243,183977,comexstat,2026-10-08
2026,06,2515,"Mármores, travertinos, granitos belgas e outras pedras calcárias de cantaria ou de construção, de densidade aparente igual ou superior a 2,5, e alabastro, mesmo desbastados ou simplesmente cortados à serra ou por outro meio, em blocos ou placas de forma q",Portugal,94781,197175,comexstat,2026-10-08
2026,02,6802,"Pedras de cantaria ou de construção (exceto de ardósia) trabalhadas e obras destas pedras, exceto as da posição 6801; cubos, pastilhas e artigos semelhantes, para mosaicos, de pedra natural (incluída a ardósia), mesmo com suporte; grânulos, fragmentos e",Hong Kong,92811,70034,comexstat,2026-10-08
2026,07,6802,"Pedras de cantaria ou de construção (exceto de ardósia) trabalhadas e obras destas pedras, exceto as da posição 6801; cubos, pastilhas e artigos semelhantes, para mosaicos, de pedra natural (incluída a ardósia), mesmo com suporte; grânulos, fragmentos e",Índia,92541,207259,comexstat,2026-10-08
2026,09,6802,"Pedras de cantaria ou de construção (exceto de ardósia) trabalhadas e obras destas pedras, exceto as da posição 6801; cubos, pastilhas e artigos semelhantes, para mosaicos, de pedra natural (incluída a ardósia), mesmo com suporte; grânulos, fragmentos e",México,89929,109107,comexstat,2026-10-08
2026,08,6802,"Pedras de cantaria ou de construção (exceto de ardósia) trabalhadas e obras destas pedras, exceto as da posição 6801; cubos, pastilhas e artigos semelhantes, para mosaicos, de pedra natural (incluída a ardósia), mesmo com suporte; grânulos, fragmentos e",Grécia,89431,129783,comexstat,2026-10-08
2026,06,6802,"Pedras de cantaria ou de construção (exceto de ardósia) trabalhadas e obras destas pedras, exceto as da posição 6801; cubos, pastilhas e artigos semelhantes, para mosaicos, de pedra natural (incluída a ardósia), mesmo com suporte; grânulos, fragmentos e",México,85894,89791,comexstat,2026-10-08
2026,06,6802,"Pedras de cantaria ou de construção (exceto de ardósia) trabalhadas e obras destas pedras, exceto as da posição 6801; cubos, pastilhas e artigos semelhantes, para mosaicos, de pedra natural (incluída a ardósia), mesmo com suporte; grânulos, fragmentos e",Indonésia,82964,131161,comexstat,2026-10-08
2026,04,6802,"Pedras de cantaria ou de construção (exceto de ardósia) trabalhadas e obras destas pedras, exceto as da posição 6801; cubos, pastilhas e artigos semelhantes, para mosaicos, de pedra natural (incluída a ardósia), mesmo com suporte; grânulos, fragmentos e",Grécia,79953,122952,comexstat,2026-10-08
2026,01,2515,"Mármores, travertinos, granitos belgas e outras pedras calcárias de cantaria ou de construção, de densidade aparente igual ou superior a 2,5, e alabastro, mesmo desbastados ou simplesmente cortados à serra ou por outro meio, em blocos ou placas de forma q",China,75463,164040,comexstat,2026-10-08
2026,06,2515,"Mármores, travertinos, granitos belgas e outras pedras calcárias de cantaria ou de construção, de densidade aparente igual ou superior a 2,5, e alabastro, mesmo desbastados ou simplesmente cortados à serra ou por outro meio, em blocos ou placas de forma q",Argentina,74564,240220,comexstat,2026-10-08
2026,09,6802,"Pedras de cantaria ou de construção (exceto de ardósia) trabalhadas e obras destas pedras, exceto as da posição 6801; cubos, pastilhas e artigos semelhantes, para mosaicos, de pedra natural (incluída a ardósia), mesmo com suporte; grânulos, fragmentos e",Itália,73129,47079,comexstat,2026-10-08
2026,03,6802,"Pedras de cantaria ou de construção (exceto de ardósia) trabalhadas e obras destas pedras, exceto as da posição 6801; cubos, pastilhas e artigos semelhantes, para mosaicos, de pedra natural (incluída a ardósia), mesmo com suporte; grânulos, fragmentos e",Itália,71923,69558,comexstat,2026-10-08
2026,01,6802,"Pedras de cantaria ou de construção (exceto de ardósia) trabalhadas e obras destas pedras, exceto as da posição 6801; cubos, pastilhas e artigos semelhantes, para mosaicos, de pedra natural (incluída a ardósia), mesmo com suporte; grânulos, fragmentos e",Hong Kong,69492,116860,comexstat,2026-10-08
2026,03,6802,"Pedras de cantaria ou de construção (exceto de ardósia) trabalhadas e obras destas pedras, exceto as da posição 6801; cubos, pastilhas e artigos semelhantes, para mosaicos, de pedra natural (incluída a ardósia), mesmo com suporte; grânulos, fragmentos e",Portugal,68904,115708,comexstat,2026-10-08
2026,01,6802,"Pedras de cantaria ou de construção (exceto de ardósia) trabalhadas e obras destas pedras, exceto as da posição 6801; cubos, pastilhas e artigos semelhantes, para mosaicos, de pedra natural (incluída a ardósia), mesmo com suporte; grânulos, fragmentos e",Portugal,68152,131581,comexstat,2026-10-08
2026,04,2515,"Mármores, travertinos, granitos belgas e outras pedras calcárias de cantaria ou de construção, de densidade aparente igual ou superior a 2,5, e alabastro, mesmo desbastados ou simplesmente cortados à serra ou por outro meio, em blocos ou placas de forma q",Itália,65785,154582,comexstat,2026-10-08
2026,02,6802,"Pedras de cantaria ou de construção (exceto de ardósia) trabalhadas e obras destas pedras, exceto as da posição 6801; cubos, pastilhas e artigos semelhantes, para mosaicos, de pedra natural (incluída a ardósia), mesmo com suporte; grânulos, fragmentos e",Espanha,65599,98950,comexstat,2026-10-08
2026,03,2515,"Mármores, travertinos, granitos belgas e outras pedras calcárias de cantaria ou de construção, de densidade aparente igual ou superior a 2,5, e alabastro, mesmo desbastados ou simplesmente cortados à serra ou por outro meio, em blocos ou placas de forma q",China,65079,108975,comexstat,2026-10-08
2026,05,6802,"Pedras de cantaria ou de construção (exceto de ardósia) trabalhadas e obras destas pedras, exceto as da posição 6801; cubos, pastilhas e artigos semelhantes, para mosaicos, de pedra natural (incluída a ardósia), mesmo com suporte; grânulos, fragmentos e",México,63694,54741,comexstat,2026-10-08
2026,07,6802,"Pedras de cantaria ou de construção (exceto de ardósia) trabalhadas e obras destas pedras, exceto as da posição 6801; cubos, pastilhas e artigos semelhantes, para mosaicos, de pedra natural (incluída a ardósia), mesmo com suporte; grânulos, fragmentos e",Portugal,56160,126337,comexstat,2026-10-08
2026,02,2515,"Mármores, travertinos, granitos belgas e outras pedras calcárias de cantaria ou de construção, de densidade aparente igual ou superior a 2,5, e alabastro, mesmo desbastados ou simplesmente cortados à serra ou por outro meio, em blocos ou placas de forma q",Emirados Árabes Unidos,56015,62500,comexstat,2026-10-08
2026,01,2515,"Mármores, travertinos, granitos belgas e outras pedras calcárias de cantaria ou de construção, de densidade aparente igual ou superior a 2,5, e alabastro, mesmo desbastados ou simplesmente cortados à serra ou por outro meio, em blocos ou placas de forma q",Espanha,52062,87947,comexstat,2026-10-08
2026,03,2515,"Mármores, travertinos, granitos belgas e outras pedras calcárias de cantaria ou de construção, de densidade aparente igual ou superior a 2,5, e alabastro, mesmo desbastados ou simplesmente cortados à serra ou por outro meio, em blocos ou placas de forma q",Itália,51495,114744,comexstat,2026-10-08
2026,07,6802,"Pedras de cantaria ou de construção (exceto de ardósia) trabalhadas e obras destas pedras, exceto as da posição 6801; cubos, pastilhas e artigos semelhantes, para mosaicos, de pedra natural (incluída a ardósia), mesmo com suporte; grânulos, fragmentos e",Hong Kong,50965,22100,comexstat,2026-10-08
2026,02,2515,"Mármores, travertinos, granitos belgas e outras pedras calcárias de cantaria ou de construção, de densidade aparente igual ou superior a 2,5, e alabastro, mesmo desbastados ou simplesmente cortados à serra ou por outro meio, em blocos ou placas de forma q",Espanha,50389,61216,comexstat,2026-10-08
2026,01,6802,"Pedras de cantaria ou de construção (exceto de ardósia) trabalhadas e obras destas pedras, exceto as da posição 6801; cubos, pastilhas e artigos semelhantes, para mosaicos, de pedra natural (incluída a ardósia), mesmo com suporte; grânulos, fragmentos e",Egito,49338,204748,comexstat,2026-10-08
2026,03,6802,"Pedras de cantaria ou de construção (exceto de ardósia) trabalhadas e obras destas pedras, exceto as da posição 6801; cubos, pastilhas e artigos semelhantes, para mosaicos, de pedra natural (incluída a ardósia), mesmo com suporte; grânulos, fragmentos e",Grécia,47926,75748,comexstat,2026-10-08
2026,07,2515,"Mármores, travertinos, granitos belgas e outras pedras calcárias de cantaria ou de construção, de densidade aparente igual ou superior a 2,5, e alabastro, mesmo desbastados ou simplesmente cortados à serra ou por outro meio, em blocos ou placas de forma q",Argentina,44268,241200,comexstat,2026-10-08
2026,09,6802,"Pedras de cantaria ou de construção (exceto de ardósia) trabalhadas e obras destas pedras, exceto as da posição 6801; cubos, pastilhas e artigos semelhantes, para mosaicos, de pedra natural (incluída a ardósia), mesmo com suporte; grânulos, fragmentos e",Grécia,43998,49777,comexstat,2026-10-08
2026,06,2515,"Mármores, travertinos, granitos belgas e outras pedras calcárias de cantaria ou de construção, de densidade aparente igual ou superior a 2,5, e alabastro, mesmo desbastados ou simplesmente cortados à serra ou por outro meio, em blocos ou placas de forma q",China,42283,55844,comexstat,2026-10-08
2026,03,2516,"Granito, pórfiro, basalto, arenito e outras pedras de cantaria ou de construção, mesmo desbastados ou simplesmente cortados à serra ou por outro meio, em blocos ou placas de forma quadrada ou rectangular",Itália,40737,26640,comexstat,2026-10-08
2026,08,2515,"Mármores, travertinos, granitos belgas e outras pedras calcárias de cantaria ou de construção, de densidade aparente igual ou superior a 2,5, e alabastro, mesmo desbastados ou simplesmente cortados à serra ou por outro meio, em blocos ou placas de forma q",China,39703,60930,comexstat,2026-10-08
2026,06,6802,"Pedras de cantaria ou de construção (exceto de ardósia) trabalhadas e obras destas pedras, exceto as da posição 6801; cubos, pastilhas e artigos semelhantes, para mosaicos, de pedra natural (incluída a ardósia), mesmo com suporte; grânulos, fragmentos e",Bélgica,38684,32997,comexstat,2026-10-08
2026,07,2516,"Granito, pórfiro, basalto, arenito e outras pedras de cantaria ou de construção, mesmo desbastados ou simplesmente cortados à serra ou por outro meio, em blocos ou placas de forma quadrada ou rectangular",Itália,36986,26940,comexstat,2026-10-08
2026,02,6802,"Pedras de cantaria ou de construção (exceto de ardósia) trabalhadas e obras destas pedras, exceto as da posição 6801; cubos, pastilhas e artigos semelhantes, para mosaicos, de pedra natural (incluída a ardósia), mesmo com suporte; grânulos, fragmentos e",México,35838,43361,comexstat,2026-10-08
2026,02,6802,"Pedras de cantaria ou de construção (exceto de ardósia) trabalhadas e obras destas pedras, exceto as da posição 6801; cubos, pastilhas e artigos semelhantes, para mosaicos, de pedra natural (incluída a ardósia), mesmo com suporte; grânulos, fragmentos e",Grécia,35000,70641,comexstat,2026-10-08
2026,05,2514,"Ardósia, mesmo desbastada ou simplesmente cortada a serra ou por outro meio, em blocos ou placas de forma quadrada ou retangular",Índia,33014,10000,comexstat,2026-10-08
2026,07,2515,"Mármores, travertinos, granitos belgas e outras pedras calcárias de cantaria ou de construção, de densidade aparente igual ou superior a 2,5, e alabastro, mesmo desbastados ou simplesmente cortados à serra ou por outro meio, em blocos ou placas de forma q",China,32165,50280,comexstat,2026-10-08
2026,06,6802,"Pedras de cantaria ou de construção (exceto de ardósia) trabalhadas e obras destas pedras, exceto as da posição 6801; cubos, pastilhas e artigos semelhantes, para mosaicos, de pedra natural (incluída a ardósia), mesmo com suporte; grânulos, fragmentos e",Grécia,31291,26360,comexstat,2026-10-08
2026,05,6802,"Pedras de cantaria ou de construção (exceto de ardósia) trabalhadas e obras destas pedras, exceto as da posição 6801; cubos, pastilhas e artigos semelhantes, para mosaicos, de pedra natural (incluída a ardósia), mesmo com suporte; grânulos, fragmentos e",Grécia,30731,26660,comexstat,2026-10-08
2026,04,2516,"Granito, pórfiro, basalto, arenito e outras pedras de cantaria ou de construção, mesmo desbastados ou simplesmente cortados à serra ou por outro meio, em blocos ou placas de forma quadrada ou rectangular",Turquia,30445,95140,comexstat,2026-10-08
2026,04,2515,"Mármores, travertinos, granitos belgas e outras pedras calcárias de cantaria ou de construção, de densidade aparente igual ou superior a 2,5, e alabastro, mesmo desbastados ou simplesmente cortados à serra ou por outro meio, em blocos ou placas de forma q",China,28410,55310,comexstat,2026-10-08
2026,09,2515,"Mármores, travertinos, granitos belgas e outras pedras calcárias de cantaria ou de construção, de densidade aparente igual ou superior a 2,5, e alabastro, mesmo desbastados ou simplesmente cortados à serra ou por outro meio, em blocos ou placas de forma q",China,28023,44652,comexstat,2026-10-08
2026,03,2515,"Mármores, travertinos, granitos belgas e outras pedras calcárias de cantaria ou de construção, de densidade aparente igual ou superior a 2,5, e alabastro, mesmo desbastados ou simplesmente cortados à serra ou por outro meio, em blocos ou placas de forma q",Emirados Árabes Unidos,26743,40200,comexstat,2026-10-08
2026,02,6802,"Pedras de cantaria ou de construção (exceto de ardósia) trabalhadas e obras destas pedras, exceto as da posição 6801; cubos, pastilhas e artigos semelhantes, para mosaicos, de pedra natural (incluída a ardósia), mesmo com suporte; grânulos, fragmentos e",Portugal,26678,48326,comexstat,2026-10-08
2026,01,2515,"Mármores, travertinos, granitos belgas e outras pedras calcárias de cantaria ou de construção, de densidade aparente igual ou superior a 2,5, e alabastro, mesmo desbastados ou simplesmente cortados à serra ou por outro meio, em blocos ou placas de forma q",Portugal,26446,49492,comexstat,2026-10-08
2026,07,6802,"Pedras de cantaria ou de construção (exceto de ardósia) trabalhadas e obras destas pedras, exceto as da posição 6801; cubos, pastilhas e artigos semelhantes, para mosaicos, de pedra natural (incluída a ardósia), mesmo com suporte; grânulos, fragmentos e",México,26432,32378,comexstat,2026-10-08
2026,07,2515,"Mármores, travertinos, granitos belgas e outras pedras calcárias de cantaria ou de construção, de densidade aparente igual ou superior a 2,5, e alabastro, mesmo desbastados ou simplesmente cortados à serra ou por outro meio, em blocos ou placas de forma q",Portugal,24704,78764,comexstat,2026-10-08
2026,07,6802,"Pedras de cantaria ou de construção (exceto de ardósia) trabalhadas e obras destas pedras, exceto as da posição 6801; cubos, pastilhas e artigos semelhantes, para mosaicos, de pedra natural (incluída a ardósia), mesmo com suporte; grânulos, fragmentos e",Estados Unidos,24407,36288,comexstat,2026-10-08
2026,05,2515,"Mármores, travertinos, granitos belgas e outras pedras calcárias de cantaria ou de construção, de densidade aparente igual ou superior a 2,5, e alabastro, mesmo desbastados ou simplesmente cortados à serra ou por outro meio, em blocos ou placas de forma q",Emirados Árabes Unidos,23861,52730,comexstat,2026-10-08
2026,05,2515,"Mármores, travertinos, granitos belgas e outras pedras calcárias de cantaria ou de construção, de densidade aparente igual ou superior a 2,5, e alabastro, mesmo desbastados ou simplesmente cortados à serra ou por outro meio, em blocos ou placas de forma q",Hong Kong,23785,51200,comexstat,2026-10-08
2026,04,2515,"Mármores, travertinos, granitos belgas e outras pedras calcárias de cantaria ou de construção, de densidade aparente igual ou superior a 2,5, e alabastro, mesmo desbastados ou simplesmente cortados à serra ou por outro meio, em blocos ou placas de forma q",Egito,23782,101000,comexstat,2026-10-08
2026,07,2515,"Mármores, travertinos, granitos belgas e outras pedras calcárias de cantaria ou de construção, de densidade aparente igual ou superior a 2,5, e alabastro, mesmo desbastados ou simplesmente cortados à serra ou por outro meio, em blocos ou placas de forma q",Itália,23400,44560,comexstat,2026-10-08
2026,08,2515,"Mármores, travertinos, granitos belgas e outras pedras calcárias de cantaria ou de construção, de densidade aparente igual ou superior a 2,5, e alabastro, mesmo desbastados ou simplesmente cortados à serra ou por outro meio, em blocos ou placas de forma q",Portugal,22807,33800,comexstat,2026-10-08
2026,06,2515,"Mármores, travertinos, granitos belgas e outras pedras calcárias de cantaria ou de construção, de densidade aparente igual ou superior a 2,5, e alabastro, mesmo desbastados ou simplesmente cortados à serra ou por outro meio, em blocos ou placas de forma q",Índia,20923,79637,comexstat,2026-10-08
2026,01,6802,"Pedras de cantaria ou de construção (exceto de ardósia) trabalhadas e obras destas pedras, exceto as da posição 6801; cubos, pastilhas e artigos semelhantes, para mosaicos, de pedra natural (incluída a ardósia), mesmo com suporte; grânulos, fragmentos e",México,20834,25432,comexstat,2026-10-08
2026,09,6802,"Pedras de cantaria ou de construção (exceto de ardósia) trabalhadas e obras destas pedras, exceto as da posição 6801; cubos, pastilhas e artigos semelhantes, para mosaicos, de pedra natural (incluída a ardósia), mesmo com suporte; grânulos, fragmentos e",Estados Unidos,20776,36292,comexstat,2026-10-08
2026,07,2515,"Mármores, travertinos, granitos belgas e outras pedras calcárias de cantaria ou de construção, de densidade aparente igual ou superior a 2,5, e alabastro, mesmo desbastados ou simplesmente cortados à serra ou por outro meio, em blocos ou placas de forma q",Espanha,19450,46675,comexstat,2026-10-08
2026,02,2515,"Mármores, travertinos, granitos belgas e outras pedras calcárias de cantaria ou de construção, de densidade aparente igual ou superior a 2,5, e alabastro, mesmo desbastados ou simplesmente cortados à serra ou por outro meio, em blocos ou placas de forma q",Argentina,19030,49570,comexstat,2026-10-08
2026,09,2515,"Mármores, travertinos, granitos belgas e outras pedras calcárias de cantaria ou de construção, de densidade aparente igual ou superior a 2,5, e alabastro, mesmo desbastados ou simplesmente cortados à serra ou por outro meio, em blocos ou placas de forma q",Egito,18919,66852,comexstat,2026-10-08
2026,02,2515,"Mármores, travertinos, granitos belgas e outras pedras calcárias de cantaria ou de construção, de densidade aparente igual ou superior a 2,5, e alabastro, mesmo desbastados ou simplesmente cortados à serra ou por outro meio, em blocos ou placas de forma q",Itália,18612,31400,comexstat,2026-10-08
2026,03,6801,"Pedras para calcetar, meios-fios e placas (lajes) para pavimentação, de pedra natural (exceto a ardósia)",Indonésia,18275,25200,comexstat,2026-10-08
2026,08,2516,"Granito, pórfiro, basalto, arenito e outras pedras de cantaria ou de construção, mesmo desbastados ou simplesmente cortados à serra ou por outro meio, em blocos ou placas de forma quadrada ou rectangular",Espanha,17974,44065,comexstat,2026-10-08
2026,07,2515,"Mármores, travertinos, granitos belgas e outras pedras calcárias de cantaria ou de construção, de densidade aparente igual ou superior a 2,5, e alabastro, mesmo desbastados ou simplesmente cortados à serra ou por outro meio, em blocos ou placas de forma q",Grécia,17970,25000,comexstat,2026-10-08
2026,06,2515,"Mármores, travertinos, granitos belgas e outras pedras calcárias de cantaria ou de construção, de densidade aparente igual ou superior a 2,5, e alabastro, mesmo desbastados ou simplesmente cortados à serra ou por outro meio, em blocos ou placas de forma q",Grécia,17774,23837,comexstat,2026-10-08
2026,02,2516,"Granito, pórfiro, basalto, arenito e outras pedras de cantaria ou de construção, mesmo desbastados ou simplesmente cortados à serra ou por outro meio, em blocos ou placas de forma quadrada ou rectangular",Espanha,17345,37310,comexstat,2026-10-08
2026,04,6803,Ardósia natural trabalhada e obras de ardósia natural ou aglomerada,Índia,17184,3300,comexstat,2026-10-08
2026,04,6802,"Pedras de cantaria ou de construção (exceto de ardósia) trabalhadas e obras destas pedras, exceto as da posição 6801; cubos, pastilhas e artigos semelhantes, para mosaicos, de pedra natural (incluída a ardósia), mesmo com suporte; grânulos, fragmentos e",Hong Kong,17032,31970,comexstat,2026-10-08
2026,01,6801,"Pedras para calcetar, meios-fios e placas (lajes) para pavimentação, de pedra natural (exceto a ardósia)",Indonésia,16705,25800,comexstat,2026-10-08
2026,03,2515,"Mármores, travertinos, granitos belgas e outras pedras calcárias de cantaria ou de construção, de densidade aparente igual ou superior a 2,5, e alabastro, mesmo desbastados ou simplesmente cortados à serra ou por outro meio, em blocos ou placas de forma q",Espanha,16415,29863,comexstat,2026-10-08
2026,08,6802,"Pedras de cantaria ou de construção (exceto de ardósia) trabalhadas e obras destas pedras, exceto as da posição 6801; cubos, pastilhas e artigos semelhantes, para mosaicos, de pedra natural (incluída a ardósia), mesmo com suporte; grânulos, fragmentos e",Hong Kong,16385,29619,comexstat,2026-10-08
2026,05,2516,"Granito, pórfiro, basalto, arenito e outras pedras de cantaria ou de construção, mesmo desbastados ou simplesmente cortados à serra ou por outro meio, em blocos ou placas de forma quadrada ou rectangular",Turquia,15984,46770,comexstat,2026-10-08
2026,09,2516,"Granito, pórfiro, basalto, arenito e outras pedras de cantaria ou de construção, mesmo desbastados ou simplesmente cortados à serra ou por outro meio, em blocos ou placas de forma quadrada ou rectangular",Estados Unidos,15220,23,comexstat,2026-10-08
2026,01,6802,"Pedras de cantaria ou de construção (exceto de ardósia) trabalhadas e obras destas pedras, exceto as da posição 6801; cubos, pastilhas e artigos semelhantes, para mosaicos, de pedra natural (incluída a ardósia), mesmo com suporte; grânulos, fragmentos e",Estados Unidos,15212,18145,comexstat,2026-10-08
2026,07,6801,"Pedras para calcetar, meios-fios e placas (lajes) para pavimentação, de pedra natural (exceto a ardósia)",Indonésia,15019,27984,comexstat,2026-10-08
2026,03,6802,"Pedras de cantaria ou de construção (exceto de ardósia) trabalhadas e obras destas pedras, exceto as da posição 6801; cubos, pastilhas e artigos semelhantes, para mosaicos, de pedra natural (incluída a ardósia), mesmo com suporte; grânulos, fragmentos e",Estados Unidos,13944,18148,comexstat,2026-10-08
2026,03,2515,"Mármores, travertinos, granitos belgas e outras pedras calcárias de cantaria ou de construção, de densidade aparente igual ou superior a 2,5, e alabastro, mesmo desbastados ou simplesmente cortados à serra ou por outro meio, em blocos ou placas de forma q",Egito,13231,51554,comexstat,2026-10-08
2026,08,2515,"Mármores, travertinos, granitos belgas e outras pedras calcárias de cantaria ou de construção, de densidade aparente igual ou superior a 2,5, e alabastro, mesmo desbastados ou simplesmente cortados à serra ou por outro meio, em blocos ou placas de forma q",Índia,13164,54000,comexstat,2026-10-08
2026,02,6802,"Pedras de cantaria ou de construção (exceto de ardósia) trabalhadas e obras destas pedras, exceto as da posição 6801; cubos, pastilhas e artigos semelhantes, para mosaicos, de pedra natural (incluída a ardósia), mesmo com suporte; grânulos, fragmentos e",Estados Unidos,13046,19195,comexstat,2026-10-08
2026,03,2515,"Mármores, travertinos, granitos belgas e outras pedras calcárias de cantaria ou de construção, de densidade aparente igual ou superior a 2,5, e alabastro, mesmo desbastados ou simplesmente cortados à serra ou por outro meio, em blocos ou placas de forma q",Portugal,13037,22467,comexstat,2026-10-08
2026,06,2515,"Mármores, travertinos, granitos belgas e outras pedras calcárias de cantaria ou de construção, de densidade aparente igual ou superior a 2,5, e alabastro, mesmo desbastados ou simplesmente cortados à serra ou por outro meio, em blocos ou placas de forma q",Espanha,12899,24468,comexstat,2026-10-08
2026,04,6802,"Pedras de cantaria ou de construção (exceto de ardósia) trabalhadas e obras destas pedras, exceto as da posição 6801; cubos, pastilhas e artigos semelhantes, para mosaicos, de pedra natural (incluída a ardósia), mesmo com suporte; grânulos, fragmentos e",Estados Unidos,12687,101,comexstat,2026-10-08
2026,07,2515,"Mármores, travertinos, granitos belgas e outras pedras calcárias de cantaria ou de construção, de densidade aparente igual ou superior a 2,5, e alabastro, mesmo desbastados ou simplesmente cortados à serra ou por outro meio, em blocos ou placas de forma q",Egito,12358,51100,comexstat,2026-10-08
2026,08,6802,"Pedras de cantaria ou de construção (exceto de ardósia) trabalhadas e obras destas pedras, exceto as da posição 6801; cubos, pastilhas e artigos semelhantes, para mosaicos, de pedra natural (incluída a ardósia), mesmo com suporte; grânulos, fragmentos e",Omã,12348,22900,comexstat,2026-10-08
2026,07,6802,"Pedras de cantaria ou de construção (exceto de ardósia) trabalhadas e obras destas pedras, exceto as da posição 6801; cubos, pastilhas e artigos semelhantes, para mosaicos, de pedra natural (incluída a ardósia), mesmo com suporte; grânulos, fragmentos e",Líbano,12316,5200,comexstat,2026-10-08
2026,08,6802,"Pedras de cantaria ou de construção (exceto de ardósia) trabalhadas e obras destas pedras, exceto as da posição 6801; cubos, pastilhas e artigos semelhantes, para mosaicos, de pedra natural (incluída a ardósia), mesmo com suporte; grânulos, fragmentos e",Estados Unidos,12293,18160,comexstat,2026-10-08
2026,05,6802,"Pedras de cantaria ou de construção (exceto de ardósia) trabalhadas e obras destas pedras, exceto as da posição 6801; cubos, pastilhas e artigos semelhantes, para mosaicos, de pedra natural (incluída a ardósia), mesmo com suporte; grânulos, fragmentos e",Estados Unidos,12204,18144,comexstat,2026-10-08
2026,06,2515,"Mármores, travertinos, granitos belgas e outras pedras calcárias de cantaria ou de construção, de densidade aparente igual ou superior a 2,5, e alabastro, mesmo desbastados ou simplesmente cortados à serra ou por outro meio, em blocos ou placas de forma q",Egito,11307,54128,comexstat,2026-10-08
2026,03,6802,"Pedras de cantaria ou de construção (exceto de ardósia) trabalhadas e obras destas pedras, exceto as da posição 6801; cubos, pastilhas e artigos semelhantes, para mosaicos, de pedra natural (incluída a ardósia), mesmo com suporte; grânulos, fragmentos e",Hong Kong,11105,22139,comexstat,2026-10-08
2026,05,2515,"Mármores, travertinos, granitos belgas e outras pedras calcárias de cantaria ou de construção, de densidade aparente igual ou superior a 2,5, e alabastro, mesmo desbastados ou simplesmente cortados à serra ou por outro meio, em blocos ou placas de forma q",Egito,11073,49280,comexstat,2026-10-08
2026,01,2515,"Mármores, travertinos, granitos belgas e outras pedras calcárias de cantaria ou de construção, de densidade aparente igual ou superior a 2,5, e alabastro, mesmo desbastados ou simplesmente cortados à serra ou por outro meio, em blocos ou placas de forma q",Egito,11052,52438,comexstat,2026-10-08
2026,02,6803,Ardósia natural trabalhada e obras de ardósia natural ou aglomerada,China,10879,26337,comexstat,2026-10-08
2026,04,2514,"Ardósia, mesmo desbastada ou simplesmente cortada a serra ou por outro meio, em blocos ou placas de forma quadrada ou retangular",França,10848,58800,comexstat,2026-10-08
2026,04,2515,"Mármores, travertinos, granitos belgas e outras pedras calcárias de cantaria ou de construção, de densidade aparente igual ou superior a 2,5, e alabastro, mesmo desbastados ou simplesmente cortados à serra ou por outro meio, em blocos ou placas de forma q",Índia,10000,30590,comexstat,2026-10-08
2026,03,2516,"Granito, pórfiro, basalto, arenito e outras pedras de cantaria ou de construção, mesmo desbastados ou simplesmente cortados à serra ou por outro meio, em blocos ou placas de forma quadrada ou rectangular",Estados Unidos,9750,37,comexstat,2026-10-08
2026,02,2515,"Mármores, travertinos, granitos belgas e outras pedras calcárias de cantaria ou de construção, de densidade aparente igual ou superior a 2,5, e alabastro, mesmo desbastados ou simplesmente cortados à serra ou por outro meio, em blocos ou placas de forma q",Índia,9077,26000,comexstat,2026-10-08
2026,01,2514,"Ardósia, mesmo desbastada ou simplesmente cortada a serra ou por outro meio, em blocos ou placas de forma quadrada ou retangular",França,8891,42000,comexstat,2026-10-08
2026,09,6802,"Pedras de cantaria ou de construção (exceto de ardósia) trabalhadas e obras destas pedras, exceto as da posição 6801; cubos, pastilhas e artigos semelhantes, para mosaicos, de pedra natural (incluída a ardósia), mesmo com suporte; grânulos, fragmentos e",Vietnã,8839,24320,comexstat,2026-10-08
2026,06,6801,"Pedras para calcetar, meios-fios e placas (lajes) para pavimentação, de pedra natural (exceto a ardósia)",Indonésia,8805,26705,comexstat,2026-10-08
2026,05,2515,"Mármores, travertinos, granitos belgas e outras pedras calcárias de cantaria ou de construção, de densidade aparente igual ou superior a 2,5, e alabastro, mesmo desbastados ou simplesmente cortados à serra ou por outro meio, em blocos ou placas de forma q",França,8799,54170,comexstat,2026-10-08
2026,09,2515,"Mármores, travertinos, granitos belgas e outras pedras calcárias de cantaria ou de construção, de densidade aparente igual ou superior a 2,5, e alabastro, mesmo desbastados ou simplesmente cortados à serra ou por outro meio, em blocos ou placas de forma q",Espanha,8723,3513,comexstat,2026-10-08
2026,04,2515,"Mármores, travertinos, granitos belgas e outras pedras calcárias de cantaria ou de construção, de densidade aparente igual ou superior a 2,5, e alabastro, mesmo desbastados ou simplesmente cortados à serra ou por outro meio, em blocos ou placas de forma q",Espanha,8548,12903,comexstat,2026-10-08
2026,07,2516,"Granito, pórfiro, basalto, arenito e outras pedras de cantaria ou de construção, mesmo desbastados ou simplesmente cortados à serra ou por outro meio, em blocos ou placas de forma quadrada ou rectangular",Hong Kong,8431,23910,comexstat,2026-10-08
2026,08,2515,"Mármores, travertinos, granitos belgas e outras pedras calcárias de cantaria ou de construção, de densidade aparente igual ou superior a 2,5, e alabastro, mesmo desbastados ou simplesmente cortados à serra ou por outro meio, em blocos ou placas de forma q",Indonésia,8235,28386,comexstat,2026-10-08
2026,01,2515,"Mármores, travertinos, granitos belgas e outras pedras calcárias de cantaria ou de construção, de densidade aparente igual ou superior a 2,5, e alabastro, mesmo desbastados ou simplesmente cortados à serra ou por outro meio, em blocos ou placas de forma q",Estados Unidos,8160,43591,comexstat,2026-10-08
2026,08,6802,"Pedras de cantaria ou de construção (exceto de ardósia) trabalhadas e obras destas pedras, exceto as da posição 6801; cubos, pastilhas e artigos semelhantes, para mosaicos, de pedra natural (incluída a ardósia), mesmo com suporte; grânulos, fragmentos e",Japão,7912,16,comexstat,2026-10-08
2026,07,2515,"Mármores, travertinos, granitos belgas e outras pedras calcárias de cantaria ou de construção, de densidade aparente igual ou superior a 2,5, e alabastro, mesmo desbastados ou simplesmente cortados à serra ou por outro meio, em blocos ou placas de forma q",Estados Unidos,7600,49895,comexstat,2026-10-08
2026,06,6802,"Pedras de cantaria ou de construção (exceto de ardósia) trabalhadas e obras destas pedras, exceto as da posição 6801; cubos, pastilhas e artigos semelhantes, para mosaicos, de pedra natural (incluída a ardósia), mesmo com suporte; grânulos, fragmentos e",Irã,7275,23212,comexstat,2026-10-08
2026,09,2514,"Ardósia, mesmo desbastada ou simplesmente cortada a serra ou por outro meio, em blocos ou placas de forma quadrada ou retangular",França,7068,37800,comexstat,2026-10-08
2026,07,2514,"Ardósia, mesmo desbastada ou simplesmente cortada a serra ou por outro meio, em blocos ou placas de forma quadrada ou retangular",França,7024,37800,comexstat,2026-10-08
2026,09,2515,"Mármores, travertinos, granitos belgas e outras pedras calcárias de cantaria ou de construção, de densidade aparente igual ou superior a 2,5, e alabastro, mesmo desbastados ou simplesmente cortados à serra ou por outro meio, em blocos ou placas de forma q",Índia,6862,27000,comexstat,2026-10-08
2026,05,2515,"Mármores, travertinos, granitos belgas e outras pedras calcárias de cantaria ou de construção, de densidade aparente igual ou superior a 2,5, e alabastro, mesmo desbastados ou simplesmente cortados à serra ou por outro meio, em blocos ou placas de forma q",Índia,6469,27000,comexstat,2026-10-08
2026,01,2515,"Mármores, travertinos, granitos belgas e outras pedras calcárias de cantaria ou de construção, de densidade aparente igual ou superior a 2,5, e alabastro, mesmo desbastados ou simplesmente cortados à serra ou por outro meio, em blocos ou placas de forma q",Índia,6221,26500,comexstat,2026-10-08
2026,01,2514,"Ardósia, mesmo desbastada ou simplesmente cortada a serra ou por outro meio, em blocos ou placas de forma quadrada ou retangular",Portugal,6159,27000,comexstat,2026-10-08
2026,05,2515,"Mármores, travertinos, granitos belgas e outras pedras calcárias de cantaria ou de construção, de densidade aparente igual ou superior a 2,5, e alabastro, mesmo desbastados ou simplesmente cortados à serra ou por outro meio, em blocos ou placas de forma q",Estados Unidos,6120,25401,comexstat,2026-10-08
2026,03,2514,"Ardósia, mesmo desbastada ou simplesmente cortada a serra ou por outro meio, em blocos ou placas de forma quadrada ou retangular",Portugal,6082,27000,comexstat,2026-10-08
2026,02,2515,"Mármores, travertinos, granitos belgas e outras pedras calcárias de cantaria ou de construção, de densidade aparente igual ou superior a 2,5, e alabastro, mesmo desbastados ou simplesmente cortados à serra ou por outro meio, em blocos ou placas de forma q",Egito,6008,24782,comexstat,2026-10-08
2026,02,2514,"Ardósia, mesmo desbastada ou simplesmente cortada a serra ou por outro meio, em blocos ou placas de forma quadrada ou retangular",Portugal,5748,27000,comexstat,2026-10-08
2026,05,2514,"Ardósia, mesmo desbastada ou simplesmente cortada a serra ou por outro meio, em blocos ou placas de forma quadrada ou retangular",Portugal,5704,27000,comexstat,2026-10-08
2026,08,2514,"Ardósia, mesmo desbastada ou simplesmente cortada a serra ou por outro meio, em blocos ou placas de forma quadrada ou retangular",Portugal,5624,27000,comexstat,2026-10-08
2026,09,6803,Ardósia natural trabalhada e obras de ardósia natural ou aglomerada,Romênia,5459,214,comexstat,2026-10-08
2026,06,2515,"Mármores, travertinos, granitos belgas e outras pedras calcárias de cantaria ou de construção, de densidade aparente igual ou superior a 2,5, e alabastro, mesmo desbastados ou simplesmente cortados à serra ou por outro meio, em blocos ou placas de forma q",Indonésia,4860,27000,comexstat,2026-10-08
2026,08,6802,"Pedras de cantaria ou de construção (exceto de ardósia) trabalhadas e obras destas pedras, exceto as da posição 6801; cubos, pastilhas e artigos semelhantes, para mosaicos, de pedra natural (incluída a ardósia), mesmo com suporte; grânulos, fragmentos e",França,3913,4213,comexstat,2026-10-08
2026,06,2514,"Ardósia, mesmo desbastada ou simplesmente cortada a serra ou por outro meio, em blocos ou placas de forma quadrada ou retangular",França,3867,21000,comexstat,2026-10-08
2026,02,2514,"Ardósia, mesmo desbastada ou simplesmente cortada a serra ou por outro meio, em blocos ou placas de forma quadrada ou retangular",França,3819,16800,comexstat,2026-10-08
2026,06,2516,"Granito, pórfiro, basalto, arenito e outras pedras de cantaria ou de construção, mesmo desbastados ou simplesmente cortados à serra ou por outro meio, em blocos ou placas de forma quadrada ou rectangular",Espanha,3574,8304,comexstat,2026-10-08
2026,07,2516,"Granito, pórfiro, basalto, arenito e outras pedras de cantaria ou de construção, mesmo desbastados ou simplesmente cortados à serra ou por outro meio, em blocos ou placas de forma quadrada ou rectangular",China,3452,8512,comexstat,2026-10-08
2026,06,2515,"Mármores, travertinos, granitos belgas e outras pedras calcárias de cantaria ou de construção, de densidade aparente igual ou superior a 2,5, e alabastro, mesmo desbastados ou simplesmente cortados à serra ou por outro meio, em blocos ou placas de forma q",Líbano,3309,42020,comexstat,2026-10-08
2026,08,2514,"Ardósia, mesmo desbastada ou simplesmente cortada a serra ou por outro meio, em blocos ou placas de forma quadrada ou retangular",França,3257,16800,comexstat,2026-10-08
2026,05,2514,"Ardósia, mesmo desbastada ou simplesmente cortada a serra ou por outro meio, em blocos ou placas de forma quadrada ou retangular",França,3215,16800,comexstat,2026-10-08
2026,09,6802,"Pedras de cantaria ou de construção (exceto de ardósia) trabalhadas e obras destas pedras, exceto as da posição 6801; cubos, pastilhas e artigos semelhantes, para mosaicos, de pedra natural (incluída a ardósia), mesmo com suporte; grânulos, fragmentos e",França,3159,4254,comexstat,2026-10-08
2026,07,6803,Ardósia natural trabalhada e obras de ardósia natural ou aglomerada,Índia,2966,642,comexstat,2026-10-08
2026,08,2516,"Granito, pórfiro, basalto, arenito e outras pedras de cantaria ou de construção, mesmo desbastados ou simplesmente cortados à serra ou por outro meio, em blocos ou placas de forma quadrada ou rectangular",Índia,2802,9720,comexstat,2026-10-08
2026,03,6802,"Pedras de cantaria ou de construção (exceto de ardósia) trabalhadas e obras destas pedras, exceto as da posição 6801; cubos, pastilhas e artigos semelhantes, para mosaicos, de pedra natural (incluída a ardósia), mesmo com suporte; grânulos, fragmentos e",França,2617,97,comexstat,2026-10-08
2026,04,2516,"Granito, pórfiro, basalto, arenito e outras pedras de cantaria ou de construção, mesmo desbastados ou simplesmente cortados à serra ou por outro meio, em blocos ou placas de forma quadrada ou rectangular",Índia,2335,8000,comexstat,2026-10-08
2026,07,2516,"Granito, pórfiro, basalto, arenito e outras pedras de cantaria ou de construção, mesmo desbastados ou simplesmente cortados à serra ou por outro meio, em blocos ou placas de forma quadrada ou rectangular",Coreia do Sul,2223,45,comexstat,2026-10-08
2026,02,6802,"Pedras de cantaria ou de construção (exceto de ardósia) trabalhadas e obras destas pedras, exceto as da posição 6801; cubos, pastilhas e artigos semelhantes, para mosaicos, de pedra natural (incluída a ardósia), mesmo com suporte; grânulos, fragmentos e",França,1701,4200,comexstat,2026-10-08
2026,08,6803,Ardósia natural trabalhada e obras de ardósia natural ou aglomerada,Índia,1605,140,comexstat,2026-10-08
2026,05,6803,Ardósia natural trabalhada e obras de ardósia natural ou aglomerada,Índia,1573,425,comexstat,2026-10-08
2026,05,6802,"Pedras de cantaria ou de construção (exceto de ardósia) trabalhadas e obras destas pedras, exceto as da posição 6801; cubos, pastilhas e artigos semelhantes, para mosaicos, de pedra natural (incluída a ardósia), mesmo com suporte; grânulos, fragmentos e",França,1567,4200,comexstat,2026-10-08
2026,04,6802,"Pedras de cantaria ou de construção (exceto de ardósia) trabalhadas e obras destas pedras, exceto as da posição 6801; cubos, pastilhas e artigos semelhantes, para mosaicos, de pedra natural (incluída a ardósia), mesmo com suporte; grânulos, fragmentos e",França,1559,4200,comexstat,2026-10-08
2026,07,6802,"Pedras de cantaria ou de construção (exceto de ardósia) trabalhadas e obras destas pedras, exceto as da posição 6801; cubos, pastilhas e artigos semelhantes, para mosaicos, de pedra natural (incluída a ardósia), mesmo com suporte; grânulos, fragmentos e",França,1521,4200,comexstat,2026-10-08
2026,01,6803,Ardósia natural trabalhada e obras de ardósia natural ou aglomerada,China,1148,1252,comexstat,2026-10-08
2026,07,6802,"Pedras de cantaria ou de construção (exceto de ardósia) trabalhadas e obras destas pedras, exceto as da posição 6801; cubos, pastilhas e artigos semelhantes, para mosaicos, de pedra natural (incluída a ardósia), mesmo com suporte; grânulos, fragmentos e",Alemanha,1073,1,comexstat,2026-10-08
2026,05,6803,Ardósia natural trabalhada e obras de ardósia natural ou aglomerada,China,1028,628,comexstat,2026-10-08
2026,04,6803,Ardósia natural trabalhada e obras de ardósia natural ou aglomerada,China,997,644,comexstat,2026-10-08
2026,03,2515,"Mármores, travertinos, granitos belgas e outras pedras calcárias de cantaria ou de construção, de densidade aparente igual ou superior a 2,5, e alabastro, mesmo desbastados ou simplesmente cortados à serra ou por outro meio, em blocos ou placas de forma q",Indonésia,945,1449,comexstat,2026-10-08
2026,04,2515,"Mármores, travertinos, granitos belgas e outras pedras calcárias de cantaria ou de construção, de densidade aparente igual ou superior a 2,5, e alabastro, mesmo desbastados ou simplesmente cortados à serra ou por outro meio, em blocos ou placas de forma q",Indonésia,945,1386,comexstat,2026-10-08
2026,08,2515,"Mármores, travertinos, granitos belgas e outras pedras calcárias de cantaria ou de construção, de densidade aparente igual ou superior a 2,5, e alabastro, mesmo desbastados ou simplesmente cortados à serra ou por outro meio, em blocos ou placas de forma q",Estados Unidos,934,54,comexstat,2026-10-08
2026,03,6803,Ardósia natural trabalhada e obras de ardósia natural ou aglomerada,China,843,273,comexstat,2026-10-08
2026,02,6801,"Pedras para calcetar, meios-fios e placas (lajes) para pavimentação, de pedra natural (exceto a ardósia)",Indonésia,736,4536,comexstat,2026-10-08
2026,02,2515,"Mármores, travertinos, granitos belgas e outras pedras calcárias de cantaria ou de construção, de densidade aparente igual ou superior a 2,5, e alabastro, mesmo desbastados ou simplesmente cortados à serra ou por outro meio, em blocos ou placas de forma q",Curaçao,717,82,comexstat,2026-10-08
2026,07,6803,Ardósia natural trabalhada e obras de ardósia natural ou aglomerada,China,556,332,comexstat,2026-10-08
2026,02,6803,Ardósia natural trabalhada e obras de ardósia natural ou aglomerada,Espanha,355,3,comexstat,2026-10-08
2026,08,6802,"Pedras de cantaria ou de construção (exceto de ardósia) trabalhadas e obras destas pedras, exceto as da posição 6801; cubos, pastilhas e artigos semelhantes, para mosaicos, de pedra natural (incluída a ardósia), mesmo com suporte; grânulos, fragmentos e",Suíça,341,2,comexstat,2026-10-08
2026,08,6802,"Pedras de cantaria ou de construção (exceto de ardósia) trabalhadas e obras destas pedras, exceto as da posição 6801; cubos, pastilhas e artigos semelhantes, para mosaicos, de pedra natural (incluída a ardósia), mesmo com suporte; grânulos, fragmentos e",Singapura,298,0,comexstat,2026-10-08
2026,06,6803,Ardósia natural trabalhada e obras de ardósia natural ou aglomerada,China,297,41,comexstat,2026-10-08
2026,05,2516,"Granito, pórfiro, basalto, arenito e outras pedras de cantaria ou de construção, mesmo desbastados ou simplesmente cortados à serra ou por outro meio, em blocos ou placas de forma quadrada ou rectangular",Estados Unidos,260,0,comexstat,2026-10-08
2026,02,2516,"Granito, pórfiro, basalto, arenito e outras pedras de cantaria ou de construção, mesmo desbastados ou simplesmente cortados à serra ou por outro meio, em blocos ou placas de forma quadrada ou rectangular",China,252,1552,comexstat,2026-10-08
2026,06,2516,"Granito, pórfiro, basalto, arenito e outras pedras de cantaria ou de construção, mesmo desbastados ou simplesmente cortados à serra ou por outro meio, em blocos ou placas de forma quadrada ou rectangular",Suécia,238,206,comexstat,2026-10-08
2026,02,2516,"Granito, pórfiro, basalto, arenito e outras pedras de cantaria ou de construção, mesmo desbastados ou simplesmente cortados à serra ou por outro meio, em blocos ou placas de forma quadrada ou rectangular",Suécia,232,247,comexstat,2026-10-08
2026,09,6803,Ardósia natural trabalhada e obras de ardósia natural ou aglomerada,China,163,113,comexstat,2026-10-08
2026,09,6802,"Pedras de cantaria ou de construção (exceto de ardósia) trabalhadas e obras destas pedras, exceto as da posição 6801; cubos, pastilhas e artigos semelhantes, para mosaicos, de pedra natural (incluída a ardósia), mesmo com suporte; grânulos, fragmentos e",Hong Kong,131,94,comexstat,2026-10-08
2026,05,2516,"Granito, pórfiro, basalto, arenito e outras pedras de cantaria ou de construção, mesmo desbastados ou simplesmente cortados à serra ou por outro meio, em blocos ou placas de forma quadrada ou rectangular",Colômbia,100,520,comexstat,2026-10-08
2026,08,2516,"Granito, pórfiro, basalto, arenito e outras pedras de cantaria ou de construção, mesmo desbastados ou simplesmente cortados à serra ou por outro meio, em blocos ou placas de forma quadrada ou rectangular",China,67,200,comexstat,2026-10-08
2026,01,2516,"Granito, pórfiro, basalto, arenito e outras pedras de cantaria ou de construção, mesmo desbastados ou simplesmente cortados à serra ou por outro meio, em blocos ou placas de forma quadrada ou rectangular",Reino Unido,50,3,comexstat,2026-10-08
2026,09,2516,"Granito, pórfiro, basalto, arenito e outras pedras de cantaria ou de construção, mesmo desbastados ou simplesmente cortados à serra ou por outro meio, em blocos ou placas de forma quadrada ou rectangular",China,35,70,comexstat,2026-10-08
2026,04,6802,"Pedras de cantaria ou de construção (exceto de ardósia) trabalhadas e obras destas pedras, exceto as da posição 6801; cubos, pastilhas e artigos semelhantes, para mosaicos, de pedra natural (incluída a ardósia), mesmo com suporte; grânulos, fragmentos e",Coreia do Sul,28,21,comexstat,2026-10-08
2026,02,6802,"Pedras de cantaria ou de construção (exceto de ardósia) trabalhadas e obras destas pedras, exceto as da posição 6801; cubos, pastilhas e artigos semelhantes, para mosaicos, de pedra natural (incluída a ardósia), mesmo com suporte; grânulos, fragmentos e",Brasil,22,85,comexstat,2026-10-08
2026,08,6803,Ardósia natural trabalhada e obras de ardósia natural ou aglomerada,China,8,1,comexstat,2026-10-08
2026,08,6802,"Pedras de cantaria ou de construção (exceto de ardósia) trabalhadas e obras destas pedras, exceto as da posição 6801; cubos, pastilhas e artigos semelhantes, para mosaicos, de pedra natural (incluída a ardósia), mesmo com suporte; grânulos, fragmentos e",Países Baixos (Holanda),8,1,comexstat,2026-10-08
2026,09,6802,"Pedras de cantaria ou de construção (exceto de ardósia) trabalhadas e obras destas pedras, exceto as da posição 6801; cubos, pastilhas e artigos semelhantes, para mosaicos, de pedra natural (incluída a ardósia), mesmo com suporte; grânulos, fragmentos e",Bélgica,6,1,comexstat,2026-10-08
