reporterCode,reporterDesc,partnerCode,partnerDesc,period,cmdCode,flowCode,primaryValue,netWgt,qty,qtyUnitAbbr,fonte,coletado_em
842,,0,,2025,2514,M,1535414.0,4142000.0,4142000.0,,comtrade,2026-10-08
842,,56,,2025,2514,M,2067.0,3000.0,3000.0,,comtrade,2026-10-08
842,,76,,2025,2514,M,137643.0,333000.0,333000.0,,comtrade,2026-10-08
842,,156,,2025,2514,M,870920.0,2730000.0,2730000.0,,comtrade,2026-10-08
842,,251,,2025,2514,M,4021.0,19000.0,19000.0,,comtrade,2026-10-08
842,,620,,2025,2514,M,49300.0,82000.0,82000.0,,comtrade,2026-10-08
842,,699,,2025,2514,M,437861.0,964000.0,964000.0,,comtrade,2026-10-08
842,,724,,2025,2514,M,33602.0,11000.0,11000.0,,comtrade,2026-10-08
842,,0,,2025,2515,M,15096425.0,36711343.814,36711343.814,,comtrade,2026-10-08
842,,8,,2025,2515,M,32255.0,17000.0,17000.0,,comtrade,2026-10-08
842,,40,,2025,2515,M,127022.0,120113.784,120113.784,,comtrade,2026-10-08
842,,56,,2025,2515,M,366518.0,310000.0,310000.0,,comtrade,2026-10-08
842,,76,,2025,2515,M,11323.0,75000.0,75000.0,,comtrade,2026-10-08
842,,124,,2025,2515,M,3372827.0,23492000.0,23492000.0,,comtrade,2026-10-08
842,,156,,2025,2515,M,253266.0,289000.0,289000.0,,comtrade,2026-10-08
842,,170,,2025,2515,M,134691.0,90000.0,90000.0,,comtrade,2026-10-08
842,,208,,2025,2515,M,6569.0,6000.0,6000.0,,comtrade,2026-10-08
842,,214,,2025,2515,M,305536.0,512000.0,512000.0,,comtrade,2026-10-08
842,,251,,2025,2515,M,39823.0,79000.0,79000.0,,comtrade,2026-10-08
842,,300,,2025,2515,M,71527.0,255623.002,255623.002,,comtrade,2026-10-08
842,,360,,2025,2515,M,62565.0,49000.0,49000.0,,comtrade,2026-10-08
842,,368,,2025,2515,M,6458.0,6000.0,6000.0,,comtrade,2026-10-08
842,,380,,2025,2515,M,3399213.0,1498000.0,1498000.0,,comtrade,2026-10-08
842,,410,,2025,2515,M,4401.0,4161.647,4161.647,,comtrade,2026-10-08
842,,484,,2025,2515,M,78978.0,120000.0,120000.0,,comtrade,2026-10-08
842,,504,,2025,2515,M,15283.0,6000.0,6000.0,,comtrade,2026-10-08
842,,516,,2025,2515,M,43919.0,108000.0,108000.0,,comtrade,2026-10-08
842,,528,,2025,2515,M,4004.0,1000.0,1000.0,,comtrade,2026-10-08
842,,620,,2025,2515,M,637593.0,632626.324,632626.324,,comtrade,2026-10-08
842,,688,,2025,2515,M,9083.0,1000.0,1000.0,,comtrade,2026-10-08
842,,699,,2025,2515,M,3729128.0,6619000.0,6619000.0,,comtrade,2026-10-08
842,,704,,2025,2515,M,218658.0,121000.0,121000.0,,comtrade,2026-10-08
842,,705,,2025,2515,M,21880.0,19000.0,19000.0,,comtrade,2026-10-08
842,,724,,2025,2515,M,197174.0,196112.317,196112.317,,comtrade,2026-10-08
842,,788,,2025,2515,M,23427.0,22152.9,22152.9,,comtrade,2026-10-08
842,,792,,2025,2515,M,1425262.0,951000.0,951000.0,,comtrade,2026-10-08
842,,818,,2025,2515,M,436126.0,1079553.84,1079553.84,,comtrade,2026-10-08
842,,826,,2025,2515,M,61916.0,32000.0,32000.0,,comtrade,2026-10-08
842,,0,,2025,2516,M,43633964.0,156871793.477,156871793.477,,comtrade,2026-10-08
842,,51,,2025,2516,M,33335.0,149976.054,149976.054,,comtrade,2026-10-08
842,,56,,2025,2516,M,197632.0,1770000.0,1770000.0,,comtrade,2026-10-08
842,,76,,2025,2516,M,558893.0,1336961.038,1336961.038,,comtrade,2026-10-08
842,,100,,2025,2516,M,16360.0,9000.0,9000.0,,comtrade,2026-10-08
842,,116,,2025,2516,M,188977.0,751657.057,751657.057,,comtrade,2026-10-08
842,,124,,2025,2516,M,17098160.0,106155000.0,106155000.0,,comtrade,2026-10-08
842,,144,,2025,2516,M,2300.0,6000.0,6000.0,,comtrade,2026-10-08
842,,152,,2025,2516,M,2421.0,4000.0,4000.0,,comtrade,2026-10-08
842,,156,,2025,2516,M,2232972.0,5411000.0,5411000.0,,comtrade,2026-10-08
842,,191,,2025,2516,M,6430.0,2000.0,2000.0,,comtrade,2026-10-08
842,,203,,2025,2516,M,4297.0,2000.0,2000.0,,comtrade,2026-10-08
842,,208,,2025,2516,M,41800.0,361000.0,361000.0,,comtrade,2026-10-08
842,,233,,2025,2516,M,330275.0,47000.0,47000.0,,comtrade,2026-10-08
842,,246,,2025,2516,M,782738.0,525000.0,525000.0,,comtrade,2026-10-08
842,,276,,2025,2516,M,27791.0,41860.046,41860.046,,comtrade,2026-10-08
842,,360,,2025,2516,M,35022.0,31000.0,31000.0,,comtrade,2026-10-08
842,,372,,2025,2516,M,10036.0,1000.0,1000.0,,comtrade,2026-10-08
842,,376,,2025,2516,M,6530.0,1000.0,1000.0,,comtrade,2026-10-08
842,,380,,2025,2516,M,1402108.0,1045071.26,1045071.26,,comtrade,2026-10-08
842,,392,,2025,2516,M,42790.0,106229.646,106229.646,,comtrade,2026-10-08
842,,410,,2025,2516,M,16486.0,1000.0,1000.0,,comtrade,2026-10-08
842,,484,,2025,2516,M,196504.0,608000.0,608000.0,,comtrade,2026-10-08
842,,490,,2025,2516,M,8500.0,28272.235,28272.235,,comtrade,2026-10-08
842,,504,,2025,2516,M,5072.0,4000.0,4000.0,,comtrade,2026-10-08
842,,528,,2025,2516,M,2585.0,1000.0,1000.0,,comtrade,2026-10-08
842,,579,,2025,2516,M,466924.0,2805000.0,2805000.0,,comtrade,2026-10-08
842,,586,,2025,2516,M,418557.0,180000.0,180000.0,,comtrade,2026-10-08
842,,604,,2025,2516,M,17899.0,75000.0,75000.0,,comtrade,2026-10-08
842,,616,,2025,2516,M,37122.0,50460.655,50460.655,,comtrade,2026-10-08
842,,620,,2025,2516,M,54177.0,149000.0,149000.0,,comtrade,2026-10-08
842,,699,,2025,2516,M,16529812.0,28920000.0,28920000.0,,comtrade,2026-10-08
842,,704,,2025,2516,M,406013.0,1826675.495,1826675.495,,comtrade,2026-10-08
842,,710,,2025,2516,M,1484072.0,1753000.0,1753000.0,,comtrade,2026-10-08
842,,716,,2025,2516,M,66287.0,103000.0,103000.0,,comtrade,2026-10-08
842,,724,,2025,2516,M,9144.0,3000.0,3000.0,,comtrade,2026-10-08
842,,792,,2025,2516,M,705066.0,2245000.0,2245000.0,,comtrade,2026-10-08
842,,804,,2025,2516,M,24228.0,35644.214,35644.214,,comtrade,2026-10-08
842,,818,,2025,2516,M,17407.0,5000.0,5000.0,,comtrade,2026-10-08
842,,826,,2025,2516,M,95959.0,269985.778,269985.778,,comtrade,2026-10-08
842,,858,,2025,2516,M,51283.0,52000.0,52000.0,,comtrade,2026-10-08
842,,0,,2025,6801,M,143961352.0,327869000.0,327869000.0,,comtrade,2026-10-08
842,,8,,2025,6801,M,13930.0,39000.0,39000.0,,comtrade,2026-10-08
842,,32,,2025,6801,M,168487.0,236000.0,236000.0,,comtrade,2026-10-08
842,,56,,2025,6801,M,1438588.0,1691000.0,1691000.0,,comtrade,2026-10-08
842,,76,,2025,6801,M,20378.0,36000.0,36000.0,,comtrade,2026-10-08
842,,100,,2025,6801,M,40014.0,40000.0,40000.0,,comtrade,2026-10-08
842,,116,,2025,6801,M,246174.0,898000.0,898000.0,,comtrade,2026-10-08
842,,124,,2025,6801,M,6782592.0,2439000.0,2439000.0,,comtrade,2026-10-08
842,,156,,2025,6801,M,3549001.0,8203000.0,8203000.0,,comtrade,2026-10-08
842,,214,,2025,6801,M,138545.0,202000.0,202000.0,,comtrade,2026-10-08
842,,251,,2025,6801,M,1091923.0,501000.0,501000.0,,comtrade,2026-10-08
842,,275,,2025,6801,M,23675.0,7000.0,7000.0,,comtrade,2026-10-08
842,,276,,2025,6801,M,45122.0,29000.0,29000.0,,comtrade,2026-10-08
842,,300,,2025,6801,M,263062.0,300000.0,300000.0,,comtrade,2026-10-08
842,,360,,2025,6801,M,39435.0,36000.0,36000.0,,comtrade,2026-10-08
842,,380,,2025,6801,M,716349.0,804000.0,804000.0,,comtrade,2026-10-08
842,,392,,2025,6801,M,37226.0,10000.0,10000.0,,comtrade,2026-10-08
842,,410,,2025,6801,M,19953.0,26000.0,26000.0,,comtrade,2026-10-08
842,,458,,2025,6801,M,24574.0,153000.0,153000.0,,comtrade,2026-10-08
842,,484,,2025,6801,M,1597616.0,3716000.0,3716000.0,,comtrade,2026-10-08
842,,504,,2025,6801,M,1403609.0,1401000.0,1401000.0,,comtrade,2026-10-08
842,,512,,2025,6801,M,33470.0,45000.0,45000.0,,comtrade,2026-10-08
842,,616,,2025,6801,M,4068.0,2000.0,2000.0,,comtrade,2026-10-08
842,,620,,2025,6801,M,104772.0,140000.0,140000.0,,comtrade,2026-10-08
842,,699,,2025,6801,M,18951775.0,90599000.0,90599000.0,,comtrade,2026-10-08
842,,704,,2025,6801,M,2008199.0,6065000.0,6065000.0,,comtrade,2026-10-08
842,,724,,2025,6801,M,1603720.0,945000.0,945000.0,,comtrade,2026-10-08
842,,792,,2025,6801,M,103127864.0,208522000.0,208522000.0,,comtrade,2026-10-08
842,,804,,2025,6801,M,112323.0,114000.0,114000.0,,comtrade,2026-10-08
842,,807,,2025,6801,M,230508.0,560000.0,560000.0,,comtrade,2026-10-08
842,,818,,2025,6801,M,47724.0,64000.0,64000.0,,comtrade,2026-10-08
842,,826,,2025,6801,M,76676.0,46000.0,46000.0,,comtrade,2026-10-08
842,,0,,2025,6802,M,3092459995.0,3086085454.0,3086085454.0,,comtrade,2026-10-08
842,,8,,2025,6802,M,56217.0,203000.0,203000.0,,comtrade,2026-10-08
842,,24,,2025,6802,M,2657.0,10000.0,10000.0,,comtrade,2026-10-08
842,,32,,2025,6802,M,284490.0,246000.0,246000.0,,comtrade,2026-10-08
842,,36,,2025,6802,M,188849.0,60000.0,60000.0,,comtrade,2026-10-08
842,,40,,2025,6802,M,864927.0,290014.0,290014.0,,comtrade,2026-10-08
842,,50,,2025,6802,M,17738.0,7000.0,7000.0,,comtrade,2026-10-08
842,,51,,2025,6802,M,4460.0,6000.0,6000.0,,comtrade,2026-10-08
842,,52,,2025,6802,M,12759.0,27000.0,27000.0,,comtrade,2026-10-08
842,,56,,2025,6802,M,2378323.0,2260000.0,2260000.0,,comtrade,2026-10-08
842,,70,,2025,6802,M,82544.0,54000.0,54000.0,,comtrade,2026-10-08
842,,76,,2025,6802,M,834615151.0,581823711.0,581823711.0,,comtrade,2026-10-08
842,,100,,2025,6802,M,2372686.0,1374000.0,1374000.0,,comtrade,2026-10-08
842,,116,,2025,6802,M,8682399.0,17357000.0,17357000.0,,comtrade,2026-10-08
842,,124,,2025,6802,M,121779645.0,392699503.0,392699503.0,,comtrade,2026-10-08
842,,156,,2025,6802,M,314373871.0,382064604.0,382064604.0,,comtrade,2026-10-08
842,,170,,2025,6802,M,359746.0,521339.0,521339.0,,comtrade,2026-10-08
842,,188,,2025,6802,M,15775.0,23000.0,23000.0,,comtrade,2026-10-08
842,,191,,2025,6802,M,1229241.0,1134000.0,1134000.0,,comtrade,2026-10-08
842,,203,,2025,6802,M,90567.0,67000.0,67000.0,,comtrade,2026-10-08
842,,204,,2025,6802,M,7803.0,5000.0,5000.0,,comtrade,2026-10-08
842,,208,,2025,6802,M,138913.0,28000.0,28000.0,,comtrade,2026-10-08
842,,214,,2025,6802,M,9740482.0,13662132.0,13662132.0,,comtrade,2026-10-08
842,,218,,2025,6802,M,1240277.0,151000.0,151000.0,,comtrade,2026-10-08
842,,233,,2025,6802,M,156781.0,133000.0,133000.0,,comtrade,2026-10-08
842,,246,,2025,6802,M,722945.0,307000.0,307000.0,,comtrade,2026-10-08
842,,251,,2025,6802,M,11050609.0,14931030.0,14931030.0,,comtrade,2026-10-08
842,,276,,2025,6802,M,4404029.0,2663149.0,2663149.0,,comtrade,2026-10-08
842,,288,,2025,6802,M,17711.0,53000.0,53000.0,,comtrade,2026-10-08
842,,300,,2025,6802,M,32754045.0,15301828.0,15301828.0,,comtrade,2026-10-08
842,,320,,2025,6802,M,15471.0,3000.0,3000.0,,comtrade,2026-10-08
842,,340,,2025,6802,M,135287.0,41000.0,41000.0,,comtrade,2026-10-08
842,,344,,2025,6802,M,323991.0,260000.0,260000.0,,comtrade,2026-10-08
842,,348,,2025,6802,M,198548.0,14000.0,14000.0,,comtrade,2026-10-08
842,,360,,2025,6802,M,18074884.0,14981361.0,14981361.0,,comtrade,2026-10-08
842,,372,,2025,6802,M,69307.0,42000.0,42000.0,,comtrade,2026-10-08
842,,376,,2025,6802,M,4918881.0,3140000.0,3140000.0,,comtrade,2026-10-08
842,,380,,2025,6802,M,636816139.0,233371168.0,233371168.0,,comtrade,2026-10-08
842,,392,,2025,6802,M,2233094.0,1787000.0,1787000.0,,comtrade,2026-10-08
842,,400,,2025,6802,M,129833.0,166000.0,166000.0,,comtrade,2026-10-08
842,,404,,2025,6802,M,85788.0,30000.0,30000.0,,comtrade,2026-10-08
842,,410,,2025,6802,M,224379.0,249018.0,249018.0,,comtrade,2026-10-08
842,,422,,2025,6802,M,942431.0,473000.0,473000.0,,comtrade,2026-10-08
842,,428,,2025,6802,M,33580.0,5000.0,5000.0,,comtrade,2026-10-08
842,,440,,2025,6802,M,205543.0,22000.0,22000.0,,comtrade,2026-10-08
842,,446,,2025,6802,M,61586.0,1387000.0,1387000.0,,comtrade,2026-10-08
842,,450,,2025,6802,M,160399.0,32000.0,32000.0,,comtrade,2026-10-08
842,,458,,2025,6802,M,8640842.0,11965591.0,11965591.0,,comtrade,2026-10-08
842,,470,,2025,6802,M,12452.0,6000.0,6000.0,,comtrade,2026-10-08
842,,480,,2025,6802,M,104707.0,37000.0,37000.0,,comtrade,2026-10-08
842,,484,,2025,6802,M,84364207.0,102615335.0,102615335.0,,comtrade,2026-10-08
842,,490,,2025,6802,M,2691784.0,976000.0,976000.0,,comtrade,2026-10-08
842,,504,,2025,6802,M,12571291.0,11698233.0,11698233.0,,comtrade,2026-10-08
842,,508,,2025,6802,M,7886.0,19000.0,19000.0,,comtrade,2026-10-08
842,,512,,2025,6802,M,851360.0,1046000.0,1046000.0,,comtrade,2026-10-08
842,,516,,2025,6802,M,15466775.0,11056505.0,11056505.0,,comtrade,2026-10-08
842,,524,,2025,6802,M,17054.0,4000.0,4000.0,,comtrade,2026-10-08
842,,528,,2025,6802,M,1054294.0,185000.0,185000.0,,comtrade,2026-10-08
842,,579,,2025,6802,M,112166.0,43000.0,43000.0,,comtrade,2026-10-08
842,,586,,2025,6802,M,3255642.0,1983000.0,1983000.0,,comtrade,2026-10-08
842,,591,,2025,6802,M,12073.0,25000.0,25000.0,,comtrade,2026-10-08
842,,604,,2025,6802,M,2936454.0,2695000.0,2695000.0,,comtrade,2026-10-08
842,,608,,2025,6802,M,676661.0,1501000.0,1501000.0,,comtrade,2026-10-08
842,,616,,2025,6802,M,504432.0,187000.0,187000.0,,comtrade,2026-10-08
842,,620,,2025,6802,M,50632798.0,42594048.0,42594048.0,,comtrade,2026-10-08
842,,642,,2025,6802,M,558089.0,541000.0,541000.0,,comtrade,2026-10-08
842,,643,,2025,6802,M,25382.0,16000.0,16000.0,,comtrade,2026-10-08
842,,688,,2025,6802,M,118281.0,217000.0,217000.0,,comtrade,2026-10-08
842,,690,,2025,6802,M,4810.0,21000.0,21000.0,,comtrade,2026-10-08
842,,699,,2025,6802,M,337779979.0,481909173.0,481909173.0,,comtrade,2026-10-08
842,,702,,2025,6802,M,1021650.0,812000.0,812000.0,,comtrade,2026-10-08
842,,703,,2025,6802,M,134859.0,32000.0,32000.0,,comtrade,2026-10-08
842,,704,,2025,6802,M,54980603.0,63952493.0,63952493.0,,comtrade,2026-10-08
842,,705,,2025,6802,M,141043.0,96000.0,96000.0,,comtrade,2026-10-08
842,,710,,2025,6802,M,3829215.0,3328000.0,3328000.0,,comtrade,2026-10-08
842,,716,,2025,6802,M,132309.0,100000.0,100000.0,,comtrade,2026-10-08
842,,724,,2025,6802,M,32778562.0,35861995.0,35861995.0,,comtrade,2026-10-08
842,,752,,2025,6802,M,34521.0,5496.0,5496.0,,comtrade,2026-10-08
842,,757,,2025,6802,M,1560505.0,611000.0,611000.0,,comtrade,2026-10-08
842,,760,,2025,6802,M,1740618.0,1896000.0,1896000.0,,comtrade,2026-10-08
842,,764,,2025,6802,M,2766834.0,2079135.0,2079135.0,,comtrade,2026-10-08
842,,784,,2025,6802,M,1473910.0,304770.0,304770.0,,comtrade,2026-10-08
842,,788,,2025,6802,M,1756179.0,755365.0,755365.0,,comtrade,2026-10-08
842,,792,,2025,6802,M,443480251.0,606792031.0,606792031.0,,comtrade,2026-10-08
842,,804,,2025,6802,M,1731875.0,649000.0,649000.0,,comtrade,2026-10-08
842,,807,,2025,6802,M,1292323.0,2843000.0,2843000.0,,comtrade,2026-10-08
842,,818,,2025,6802,M,6137974.0,10174506.0,10174506.0,,comtrade,2026-10-08
842,,826,,2025,6802,M,2724702.0,936921.0,936921.0,,comtrade,2026-10-08
842,,858,,2025,6802,M,67862.0,49000.0,49000.0,,comtrade,2026-10-08
842,,0,,2025,6803,M,53717389.0,87896961.805,87896961.805,,comtrade,2026-10-08
842,,8,,2025,6803,M,12500.0,42000.0,42000.0,,comtrade,2026-10-08
842,,32,,2025,6803,M,501782.0,821058.397,821058.397,,comtrade,2026-10-08
842,,76,,2025,6803,M,9051958.0,13510606.816,13510606.816,,comtrade,2026-10-08
842,,100,,2025,6803,M,6385.0,9000.0,9000.0,,comtrade,2026-10-08
842,,116,,2025,6803,M,47577.0,121000.0,121000.0,,comtrade,2026-10-08
842,,124,,2025,6803,M,8166046.0,10764381.496,10764381.496,,comtrade,2026-10-08
842,,156,,2025,6803,M,12761988.0,26920578.603,26920578.603,,comtrade,2026-10-08
842,,233,,2025,6803,M,5586.0,1000.0,1000.0,,comtrade,2026-10-08
842,,276,,2025,6803,M,12558.0,9000.0,9000.0,,comtrade,2026-10-08
842,,300,,2025,6803,M,455625.0,657000.0,657000.0,,comtrade,2026-10-08
842,,344,,2025,6803,M,3135.0,5129.754,5129.754,,comtrade,2026-10-08
842,,360,,2025,6803,M,18000.0,47000.0,47000.0,,comtrade,2026-10-08
842,,372,,2025,6803,M,8000.0,1000.0,1000.0,,comtrade,2026-10-08
842,,380,,2025,6803,M,622989.0,501000.0,501000.0,,comtrade,2026-10-08
842,,440,,2025,6803,M,50002.0,81817.526,81817.526,,comtrade,2026-10-08
842,,458,,2025,6803,M,63788.0,116000.0,116000.0,,comtrade,2026-10-08
842,,490,,2025,6803,M,95770.0,176303.558,176303.558,,comtrade,2026-10-08
842,,579,,2025,6803,M,32298.0,11000.0,11000.0,,comtrade,2026-10-08
842,,608,,2025,6803,M,45580.0,11000.0,11000.0,,comtrade,2026-10-08
842,,620,,2025,6803,M,68218.0,59000.0,59000.0,,comtrade,2026-10-08
842,,699,,2025,6803,M,7005996.0,12628721.17,12628721.17,,comtrade,2026-10-08
842,,704,,2025,6803,M,425559.0,606000.0,606000.0,,comtrade,2026-10-08
842,,710,,2025,6803,M,10386.0,1000.0,1000.0,,comtrade,2026-10-08
842,,724,,2025,6803,M,13599077.0,20057893.578,20057893.578,,comtrade,2026-10-08
842,,752,,2025,6803,M,11559.0,12000.0,12000.0,,comtrade,2026-10-08
842,,792,,2025,6803,M,43145.0,34000.0,34000.0,,comtrade,2026-10-08
842,,818,,2025,6803,M,2424.0,3000.0,3000.0,,comtrade,2026-10-08
842,,826,,2025,6803,M,573338.0,663093.993,663093.993,,comtrade,2026-10-08
842,,860,,2025,6803,M,16120.0,26376.915,26376.915,,comtrade,2026-10-08
842,,0,,2000,2514,M,3073300.0,7125.0,7125.0,,comtrade,2026-10-08
842,,56,,2000,2514,M,2200.0,4.0,4.0,,comtrade,2026-10-08
842,,76,,2000,2514,M,558578.0,1098.0,1098.0,,comtrade,2026-10-08
842,,124,,2000,2514,M,84237.0,256.0,256.0,,comtrade,2026-10-08
842,,156,,2000,2514,M,1154435.0,2675.0,2675.0,,comtrade,2026-10-08
842,,251,,2000,2514,M,10719.0,41.0,41.0,,comtrade,2026-10-08
842,,276,,2000,2514,M,25688.0,21.0,21.0,,comtrade,2026-10-08
842,,344,,2000,2514,M,2028.0,3.0,3.0,,comtrade,2026-10-08
842,,380,,2000,2514,M,249823.0,323.0,323.0,,comtrade,2026-10-08
842,,604,,2000,2514,M,6935.0,25.0,25.0,,comtrade,2026-10-08
842,,699,,2000,2514,M,699302.0,2115.0,2115.0,,comtrade,2026-10-08
842,,710,,2000,2514,M,173137.0,432.0,432.0,,comtrade,2026-10-08
842,,724,,2000,2514,M,79950.0,125.0,125.0,,comtrade,2026-10-08
842,,826,,2000,2514,M,26268.0,7.0,7.0,,comtrade,2026-10-08
842,,0,,2000,2515,M,7621270.0,1829663.0,1829663.0,,comtrade,2026-10-08
842,,32,,2000,2515,M,67404.0,22.0,22.0,,comtrade,2026-10-08
842,,52,,2000,2515,M,14743.0,10.0,10.0,,comtrade,2026-10-08
842,,56,,2000,2515,M,4707.0,22.0,22.0,,comtrade,2026-10-08
842,,100,,2000,2515,M,16439.0,88.0,88.0,,comtrade,2026-10-08
842,,124,,2000,2515,M,128591.0,13602.0,13602.0,,comtrade,2026-10-08
842,,156,,2000,2515,M,249270.0,761.0,761.0,,comtrade,2026-10-08
842,,170,,2000,2515,M,31245.0,15.0,15.0,,comtrade,2026-10-08
842,,214,,2000,2515,M,3025.0,2.0,2.0,,comtrade,2026-10-08
842,,251,,2000,2515,M,66410.0,42.0,42.0,,comtrade,2026-10-08
842,,276,,2000,2515,M,12000.0,1.0,1.0,,comtrade,2026-10-08
842,,300,,2000,2515,M,58486.0,74.0,74.0,,comtrade,2026-10-08
842,,360,,2000,2515,M,531597.0,568.0,568.0,,comtrade,2026-10-08
842,,372,,2000,2515,M,3943.0,2.0,2.0,,comtrade,2026-10-08
842,,376,,2000,2515,M,259193.0,256.0,256.0,,comtrade,2026-10-08
842,,380,,2000,2515,M,3853006.0,1373578.0,1373578.0,,comtrade,2026-10-08
842,,422,,2000,2515,M,32285.0,46.0,46.0,,comtrade,2026-10-08
842,,458,,2000,2515,M,8400.0,13.0,13.0,,comtrade,2026-10-08
842,,484,,2000,2515,M,664345.0,810.0,810.0,,comtrade,2026-10-08
842,,490,,2000,2515,M,79267.0,37.0,37.0,,comtrade,2026-10-08
842,,586,,2000,2515,M,27762.0,16.0,16.0,,comtrade,2026-10-08
842,,608,,2000,2515,M,4713.0,15.0,15.0,,comtrade,2026-10-08
842,,616,,2000,2515,M,17196.0,82731.0,82731.0,,comtrade,2026-10-08
842,,620,,2000,2515,M,49174.0,28164.0,28164.0,,comtrade,2026-10-08
842,,642,,2000,2515,M,2142.0,10305.0,10305.0,,comtrade,2026-10-08
842,,699,,2000,2515,M,49931.0,32.0,32.0,,comtrade,2026-10-08
842,,724,,2000,2515,M,291192.0,303.0,303.0,,comtrade,2026-10-08
842,,772,,2000,2515,M,9259.0,12.0,12.0,,comtrade,2026-10-08
842,,792,,2000,2515,M,1048656.0,318115.0,318115.0,,comtrade,2026-10-08
842,,818,,2000,2515,M,18581.0,18.0,18.0,,comtrade,2026-10-08
842,,826,,2000,2515,M,18308.0,4.0,4.0,,comtrade,2026-10-08
842,,0,,2000,2516,M,24341756.0,32345101.0,32345101.0,,comtrade,2026-10-08
842,,40,,2000,2516,M,9370.0,7.0,7.0,,comtrade,2026-10-08
842,,76,,2000,2516,M,2193802.0,319384.0,319384.0,,comtrade,2026-10-08
842,,124,,2000,2516,M,5383641.0,19694006.0,19694006.0,,comtrade,2026-10-08
842,,144,,2000,2516,M,7275.0,34999.0,34999.0,,comtrade,2026-10-08
842,,156,,2000,2516,M,1224305.0,826121.0,826121.0,,comtrade,2026-10-08
842,,170,,2000,2516,M,3520.0,9.0,9.0,,comtrade,2026-10-08
842,,188,,2000,2516,M,4494.0,22.0,22.0,,comtrade,2026-10-08
842,,208,,2000,2516,M,5554.0,7.0,7.0,,comtrade,2026-10-08
842,,246,,2000,2516,M,18543.0,89209.0,89209.0,,comtrade,2026-10-08
842,,251,,2000,2516,M,24057.0,215.0,215.0,,comtrade,2026-10-08
842,,276,,2000,2516,M,23561.0,5.0,5.0,,comtrade,2026-10-08
842,,300,,2000,2516,M,15807.0,10.0,10.0,,comtrade,2026-10-08
842,,344,,2000,2516,M,50283.0,30.0,30.0,,comtrade,2026-10-08
842,,360,,2000,2516,M,26584.0,95498.0,95498.0,,comtrade,2026-10-08
842,,376,,2000,2516,M,158778.0,186.0,186.0,,comtrade,2026-10-08
842,,380,,2000,2516,M,3611471.0,1380383.0,1380383.0,,comtrade,2026-10-08
842,,392,,2000,2516,M,925256.0,139.0,139.0,,comtrade,2026-10-08
842,,400,,2000,2516,M,13844.0,38.0,38.0,,comtrade,2026-10-08
842,,410,,2000,2516,M,25830.0,53.0,53.0,,comtrade,2026-10-08
842,,458,,2000,2516,M,23447.0,11.0,11.0,,comtrade,2026-10-08
842,,484,,2000,2516,M,348316.0,23580.0,23580.0,,comtrade,2026-10-08
842,,490,,2000,2516,M,21976.0,105725.0,105725.0,,comtrade,2026-10-08
842,,516,,2000,2516,M,66790.0,354095.0,354095.0,,comtrade,2026-10-08
842,,579,,2000,2516,M,320153.0,451522.0,451522.0,,comtrade,2026-10-08
842,,586,,2000,2516,M,18338.0,41.0,41.0,,comtrade,2026-10-08
842,,620,,2000,2516,M,49673.0,13205.0,13205.0,,comtrade,2026-10-08
842,,682,,2000,2516,M,50378.0,58.0,58.0,,comtrade,2026-10-08
842,,699,,2000,2516,M,2144828.0,658570.0,658570.0,,comtrade,2026-10-08
842,,702,,2000,2516,M,42132.0,67.0,67.0,,comtrade,2026-10-08
842,,710,,2000,2516,M,4822826.0,3882804.0,3882804.0,,comtrade,2026-10-08
842,,716,,2000,2516,M,2099225.0,3576626.0,3576626.0,,comtrade,2026-10-08
842,,724,,2000,2516,M,320725.0,464.0,464.0,,comtrade,2026-10-08
842,,752,,2000,2516,M,51063.0,245660.0,245660.0,,comtrade,2026-10-08
842,,757,,2000,2516,M,106397.0,235862.0,235862.0,,comtrade,2026-10-08
842,,764,,2000,2516,M,28516.0,3.0,3.0,,comtrade,2026-10-08
842,,780,,2000,2516,M,13984.0,76.0,76.0,,comtrade,2026-10-08
842,,784,,2000,2516,M,7000.0,2.0,2.0,,comtrade,2026-10-08
842,,792,,2000,2516,M,2936.0,2.0,2.0,,comtrade,2026-10-08
842,,818,,2000,2516,M,5845.0,9.0,9.0,,comtrade,2026-10-08
842,,826,,2000,2516,M,71233.0,356398.0,356398.0,,comtrade,2026-10-08
842,,0,,2000,6801,M,3540593.0,12804.0,12804.0,,comtrade,2026-10-08
842,,32,,2000,6801,M,56243.0,32.0,32.0,,comtrade,2026-10-08
842,,36,,2000,6801,M,17640.0,22.0,22.0,,comtrade,2026-10-08
842,,76,,2000,6801,M,41553.0,195.0,195.0,,comtrade,2026-10-08
842,,124,,2000,6801,M,967728.0,5399.0,5399.0,,comtrade,2026-10-08
842,,156,,2000,6801,M,27707.0,175.0,175.0,,comtrade,2026-10-08
842,,208,,2000,6801,M,293292.0,177.0,177.0,,comtrade,2026-10-08
842,,218,,2000,6801,M,86611.0,1021.0,1021.0,,comtrade,2026-10-08
842,,251,,2000,6801,M,104939.0,41.0,41.0,,comtrade,2026-10-08
842,,276,,2000,6801,M,87067.0,174.0,174.0,,comtrade,2026-10-08
842,,376,,2000,6801,M,5636.0,4.0,4.0,,comtrade,2026-10-08
842,,380,,2000,6801,M,1033617.0,2584.0,2584.0,,comtrade,2026-10-08
842,,484,,2000,6801,M,508698.0,2244.0,2244.0,,comtrade,2026-10-08
842,,504,,2000,6801,M,38065.0,22.0,22.0,,comtrade,2026-10-08
842,,528,,2000,6801,M,9047.0,22.0,22.0,,comtrade,2026-10-08
842,,579,,2000,6801,M,4728.0,24.0,24.0,,comtrade,2026-10-08
842,,586,,2000,6801,M,15254.0,21.0,21.0,,comtrade,2026-10-08
842,,699,,2000,6801,M,69973.0,284.0,284.0,,comtrade,2026-10-08
842,,724,,2000,6801,M,30160.0,90.0,90.0,,comtrade,2026-10-08
842,,826,,2000,6801,M,142635.0,273.0,273.0,,comtrade,2026-10-08
842,,0,,2000,6802,M,1208032995.0,46713344.0,46713344.0,,comtrade,2026-10-08
842,,32,,2000,6802,M,3824049.0,91161.0,91161.0,,comtrade,2026-10-08
842,,36,,2000,6802,M,160353.0,190.0,190.0,,comtrade,2026-10-08
842,,40,,2000,6802,M,9401.0,1.0,1.0,,comtrade,2026-10-08
842,,48,,2000,6802,M,8347.0,14.0,14.0,,comtrade,2026-10-08
842,,51,,2000,6802,M,13462.0,20.0,20.0,,comtrade,2026-10-08
842,,56,,2000,6802,M,966479.0,804.0,804.0,,comtrade,2026-10-08
842,,76,,2000,6802,M,94865230.0,373692.0,373692.0,,comtrade,2026-10-08
842,,100,,2000,6802,M,1100926.0,31022.0,31022.0,,comtrade,2026-10-08
842,,116,,2000,6802,M,4680.0,2.0,2.0,,comtrade,2026-10-08
842,,124,,2000,6802,M,85957699.0,29757515.0,29757515.0,,comtrade,2026-10-08
842,,144,,2000,6802,M,5747.0,1.0,1.0,,comtrade,2026-10-08
842,,152,,2000,6802,M,19853.0,18603.0,18603.0,,comtrade,2026-10-08
842,,156,,2000,6802,M,56989373.0,744047.0,744047.0,,comtrade,2026-10-08
842,,170,,2000,6802,M,1324112.0,56444.0,56444.0,,comtrade,2026-10-08
842,,191,,2000,6802,M,30000.0,17.0,17.0,,comtrade,2026-10-08
842,,203,,2000,6802,M,573382.0,2867.0,2867.0,,comtrade,2026-10-08
842,,208,,2000,6802,M,58741.0,38974.0,38974.0,,comtrade,2026-10-08
842,,214,,2000,6802,M,1278721.0,188186.0,188186.0,,comtrade,2026-10-08
842,,218,,2000,6802,M,271322.0,431.0,431.0,,comtrade,2026-10-08
842,,246,,2000,6802,M,639786.0,650.0,650.0,,comtrade,2026-10-08
842,,251,,2000,6802,M,26794060.0,919397.0,919397.0,,comtrade,2026-10-08
842,,275,,2000,6802,M,358650.0,343.0,343.0,,comtrade,2026-10-08
842,,276,,2000,6802,M,5788382.0,450612.0,450612.0,,comtrade,2026-10-08
842,,300,,2000,6802,M,17596648.0,333868.0,333868.0,,comtrade,2026-10-08
842,,320,,2000,6802,M,2330767.0,20354.0,20354.0,,comtrade,2026-10-08
842,,328,,2000,6802,M,3085.0,1.0,1.0,,comtrade,2026-10-08
842,,340,,2000,6802,M,292238.0,55732.0,55732.0,,comtrade,2026-10-08
842,,344,,2000,6802,M,903227.0,828.0,828.0,,comtrade,2026-10-08
842,,360,,2000,6802,M,3718975.0,4635.0,4635.0,,comtrade,2026-10-08
842,,372,,2000,6802,M,86671.0,63.0,63.0,,comtrade,2026-10-08
842,,376,,2000,6802,M,17413024.0,943132.0,943132.0,,comtrade,2026-10-08
842,,380,,2000,6802,M,485246939.0,7827185.0,7827185.0,,comtrade,2026-10-08
842,,384,,2000,6802,M,15138.0,19.0,19.0,,comtrade,2026-10-08
842,,392,,2000,6802,M,145039.0,50306.0,50306.0,,comtrade,2026-10-08
842,,400,,2000,6802,M,101445.0,86.0,86.0,,comtrade,2026-10-08
842,,404,,2000,6802,M,42312.0,20.0,20.0,,comtrade,2026-10-08
842,,410,,2000,6802,M,138034.0,133.0,133.0,,comtrade,2026-10-08
842,,422,,2000,6802,M,986289.0,108699.0,108699.0,,comtrade,2026-10-08
842,,450,,2000,6802,M,29702.0,7.0,7.0,,comtrade,2026-10-08
842,,458,,2000,6802,M,2381876.0,3563.0,3563.0,,comtrade,2026-10-08
842,,470,,2000,6802,M,10477.0,21.0,21.0,,comtrade,2026-10-08
842,,484,,2000,6802,M,87291883.0,765799.0,765799.0,,comtrade,2026-10-08
842,,490,,2000,6802,M,21528031.0,56084.0,56084.0,,comtrade,2026-10-08
842,,504,,2000,6802,M,61620.0,49.0,49.0,,comtrade,2026-10-08
842,,508,,2000,6802,M,4636.0,5.0,5.0,,comtrade,2026-10-08
842,,512,,2000,6802,M,1441860.0,1894.0,1894.0,,comtrade,2026-10-08
842,,528,,2000,6802,M,383669.0,333.0,333.0,,comtrade,2026-10-08
842,,554,,2000,6802,M,13363.0,25.0,25.0,,comtrade,2026-10-08
842,,579,,2000,6802,M,268563.0,211.0,211.0,,comtrade,2026-10-08
842,,586,,2000,6802,M,5021575.0,31705.0,31705.0,,comtrade,2026-10-08
842,,591,,2000,6802,M,10000.0,1.0,1.0,,comtrade,2026-10-08
842,,604,,2000,6802,M,5052846.0,55900.0,55900.0,,comtrade,2026-10-08
842,,608,,2000,6802,M,5060224.0,54048.0,54048.0,,comtrade,2026-10-08
842,,616,,2000,6802,M,30615.0,14.0,14.0,,comtrade,2026-10-08
842,,620,,2000,6802,M,13115990.0,171445.0,171445.0,,comtrade,2026-10-08
842,,642,,2000,6802,M,45135.0,64.0,64.0,,comtrade,2026-10-08
842,,643,,2000,6802,M,78067.0,49.0,49.0,,comtrade,2026-10-08
842,,682,,2000,6802,M,1822682.0,3326.0,3326.0,,comtrade,2026-10-08
842,,699,,2000,6802,M,84633379.0,1172604.0,1172604.0,,comtrade,2026-10-08
842,,702,,2000,6802,M,308404.0,241.0,241.0,,comtrade,2026-10-08
842,,703,,2000,6802,M,104652.0,51.0,51.0,,comtrade,2026-10-08
842,,704,,2000,6802,M,73310.0,218.0,218.0,,comtrade,2026-10-08
842,,710,,2000,6802,M,1939083.0,109515.0,109515.0,,comtrade,2026-10-08
842,,716,,2000,6802,M,1043746.0,1148.0,1148.0,,comtrade,2026-10-08
842,,724,,2000,6802,M,95721926.0,1363373.0,1363373.0,,comtrade,2026-10-08
842,,752,,2000,6802,M,150854.0,34114.0,34114.0,,comtrade,2026-10-08
842,,757,,2000,6802,M,159935.0,216.0,216.0,,comtrade,2026-10-08
842,,760,,2000,6802,M,224060.0,30185.0,30185.0,,comtrade,2026-10-08
842,,764,,2000,6802,M,465090.0,223.0,223.0,,comtrade,2026-10-08
842,,772,,2000,6802,M,122894.0,139.0,139.0,,comtrade,2026-10-08
842,,784,,2000,6802,M,589056.0,978.0,978.0,,comtrade,2026-10-08
842,,788,,2000,6802,M,562806.0,59965.0,59965.0,,comtrade,2026-10-08
842,,792,,2000,6802,M,63430034.0,682781.0,682781.0,,comtrade,2026-10-08
842,,804,,2000,6802,M,123486.0,187.0,187.0,,comtrade,2026-10-08
842,,818,,2000,6802,M,1370801.0,1633.0,1633.0,,comtrade,2026-10-08
842,,826,,2000,6802,M,3171920.0,90987.0,90987.0,,comtrade,2026-10-08
842,,858,,2000,6802,M,56169.0,83.0,83.0,,comtrade,2026-10-08
842,,862,,2000,6802,M,35432.0,54.0,54.0,,comtrade,2026-10-08
842,,887,,2000,6802,M,23800.0,49.0,49.0,,comtrade,2026-10-08
842,,894,,2000,6802,M,6758.0,3.0,3.0,,comtrade,2026-10-08
842,,0,,2000,6803,M,67741296.0,132210385.0,132210385.0,,comtrade,2026-10-08
842,,32,,2000,6803,M,67282.0,131314.0,131314.0,,comtrade,2026-10-08
842,,56,,2000,6803,M,10607.0,20702.0,20702.0,,comtrade,2026-10-08
842,,76,,2000,6803,M,9294632.0,18140292.0,18140292.0,,comtrade,2026-10-08
842,,124,,2000,6803,M,3184854.0,6215865.0,6215865.0,,comtrade,2026-10-08
842,,156,,2000,6803,M,12901898.0,25180577.0,25180577.0,,comtrade,2026-10-08
842,,208,,2000,6803,M,2405.0,4694.0,4694.0,,comtrade,2026-10-08
842,,251,,2000,6803,M,10031.0,19577.0,19577.0,,comtrade,2026-10-08
842,,276,,2000,6803,M,46213.0,90194.0,90194.0,,comtrade,2026-10-08
842,,288,,2000,6803,M,4000.0,7807.0,7807.0,,comtrade,2026-10-08
842,,344,,2000,6803,M,106705.0,208256.0,208256.0,,comtrade,2026-10-08
842,,360,,2000,6803,M,7472.0,14583.0,14583.0,,comtrade,2026-10-08
842,,372,,2000,6803,M,16431.0,32068.0,32068.0,,comtrade,2026-10-08
842,,376,,2000,6803,M,365991.0,714303.0,714303.0,,comtrade,2026-10-08
842,,380,,2000,6803,M,12643031.0,24675347.0,24675347.0,,comtrade,2026-10-08
842,,410,,2000,6803,M,21130.0,41239.0,41239.0,,comtrade,2026-10-08
842,,484,,2000,6803,M,192737.0,376164.0,376164.0,,comtrade,2026-10-08
842,,528,,2000,6803,M,7453.0,14546.0,14546.0,,comtrade,2026-10-08
842,,579,,2000,6803,M,126347.0,246591.0,246591.0,,comtrade,2026-10-08
842,,620,,2000,6803,M,379618.0,740899.0,740899.0,,comtrade,2026-10-08
842,,699,,2000,6803,M,21196997.0,41370084.0,41370084.0,,comtrade,2026-10-08
842,,710,,2000,6803,M,660098.0,1288310.0,1288310.0,,comtrade,2026-10-08
842,,724,,2000,6803,M,1871534.0,3652665.0,3652665.0,,comtrade,2026-10-08
842,,757,,2000,6803,M,11276.0,22007.0,22007.0,,comtrade,2026-10-08
842,,784,,2000,6803,M,11917.0,23258.0,23258.0,,comtrade,2026-10-08
842,,826,,2000,6803,M,4544743.0,8869955.0,8869955.0,,comtrade,2026-10-08
842,,858,,2000,6803,M,55894.0,109088.0,109088.0,,comtrade,2026-10-08
842,,0,,2001,2514,M,4772797.0,9472.0,9472.0,,comtrade,2026-10-08
842,,76,,2001,2514,M,406367.0,796.0,796.0,,comtrade,2026-10-08
842,,124,,2001,2514,M,103033.0,248.0,248.0,,comtrade,2026-10-08
842,,156,,2001,2514,M,2092865.0,4532.0,4532.0,,comtrade,2026-10-08
842,,276,,2001,2514,M,44599.0,45.0,45.0,,comtrade,2026-10-08
842,,372,,2001,2514,M,2200.0,17.0,17.0,,comtrade,2026-10-08
842,,380,,2001,2514,M,985201.0,1110.0,1110.0,,comtrade,2026-10-08
842,,392,,2001,2514,M,2151.0,1.0,1.0,,comtrade,2026-10-08
842,,484,,2001,2514,M,28718.0,75.0,75.0,,comtrade,2026-10-08
842,,699,,2001,2514,M,686504.0,1821.0,1821.0,,comtrade,2026-10-08
842,,710,,2001,2514,M,290258.0,645.0,645.0,,comtrade,2026-10-08
842,,724,,2001,2514,M,67620.0,100.0,100.0,,comtrade,2026-10-08
842,,792,,2001,2514,M,15645.0,20.0,20.0,,comtrade,2026-10-08
842,,826,,2001,2514,M,47636.0,62.0,62.0,,comtrade,2026-10-08
842,,0,,2001,2515,M,8704095.0,1484826.0,1484826.0,,comtrade,2026-10-08
842,,32,,2001,2515,M,94890.0,25.0,25.0,,comtrade,2026-10-08
842,,51,,2001,2515,M,4600.0,20.0,20.0,,comtrade,2026-10-08
842,,56,,2001,2515,M,13601.0,20.0,20.0,,comtrade,2026-10-08
842,,76,,2001,2515,M,96021.0,151.0,151.0,,comtrade,2026-10-08
842,,124,,2001,2515,M,182681.0,45056.0,45056.0,,comtrade,2026-10-08
842,,156,,2001,2515,M,567529.0,555.0,555.0,,comtrade,2026-10-08
842,,191,,2001,2515,M,2200.0,11.0,11.0,,comtrade,2026-10-08
842,,214,,2001,2515,M,54446.0,74.0,74.0,,comtrade,2026-10-08
842,,218,,2001,2515,M,7424.0,1.0,1.0,,comtrade,2026-10-08
842,,251,,2001,2515,M,139014.0,21.0,21.0,,comtrade,2026-10-08
842,,300,,2001,2515,M,10718.0,6.0,6.0,,comtrade,2026-10-08
842,,344,,2001,2515,M,14483.0,3.0,3.0,,comtrade,2026-10-08
842,,360,,2001,2515,M,291471.0,254.0,254.0,,comtrade,2026-10-08
842,,372,,2001,2515,M,4493.0,1.0,1.0,,comtrade,2026-10-08
842,,376,,2001,2515,M,365531.0,454.0,454.0,,comtrade,2026-10-08
842,,380,,2001,2515,M,3291579.0,333301.0,333301.0,,comtrade,2026-10-08
842,,392,,2001,2515,M,6706.0,3.0,3.0,,comtrade,2026-10-08
842,,422,,2001,2515,M,11059.0,20.0,20.0,,comtrade,2026-10-08
842,,484,,2001,2515,M,402766.0,14610.0,14610.0,,comtrade,2026-10-08
842,,490,,2001,2515,M,31690.0,25.0,25.0,,comtrade,2026-10-08
842,,586,,2001,2515,M,23615.0,26.0,26.0,,comtrade,2026-10-08
842,,604,,2001,2515,M,130502.0,135.0,135.0,,comtrade,2026-10-08
842,,616,,2001,2515,M,7876.0,39751.0,39751.0,,comtrade,2026-10-08
842,,620,,2001,2515,M,23435.0,43983.0,43983.0,,comtrade,2026-10-08
842,,682,,2001,2515,M,4591.0,2.0,2.0,,comtrade,2026-10-08
842,,699,,2001,2515,M,89135.0,36393.0,36393.0,,comtrade,2026-10-08
842,,704,,2001,2515,M,11060.0,11.0,11.0,,comtrade,2026-10-08
842,,724,,2001,2515,M,971250.0,82567.0,82567.0,,comtrade,2026-10-08
842,,764,,2001,2515,M,9695.0,2.0,2.0,,comtrade,2026-10-08
842,,772,,2001,2515,M,17115.0,22.0,22.0,,comtrade,2026-10-08
842,,784,,2001,2515,M,11886.0,54.0,54.0,,comtrade,2026-10-08
842,,792,,2001,2515,M,1722196.0,886785.0,886785.0,,comtrade,2026-10-08
842,,818,,2001,2515,M,7454.0,9.0,9.0,,comtrade,2026-10-08
842,,826,,2001,2515,M,81383.0,475.0,475.0,,comtrade,2026-10-08
842,,0,,2001,2516,M,23783514.0,40986334.0,40986334.0,,comtrade,2026-10-08
842,,36,,2001,2516,M,11792.0,18.0,18.0,,comtrade,2026-10-08
842,,76,,2001,2516,M,2602106.0,4161879.0,4161879.0,,comtrade,2026-10-08
842,,124,,2001,2516,M,5588933.0,20533424.0,20533424.0,,comtrade,2026-10-08
842,,144,,2001,2516,M,16338.0,19.0,19.0,,comtrade,2026-10-08
842,,156,,2001,2516,M,1777579.0,1250272.0,1250272.0,,comtrade,2026-10-08
842,,170,,2001,2516,M,301885.0,215.0,215.0,,comtrade,2026-10-08
842,,214,,2001,2516,M,5649.0,1.0,1.0,,comtrade,2026-10-08
842,,246,,2001,2516,M,54235.0,240422.0,240422.0,,comtrade,2026-10-08
842,,251,,2001,2516,M,222070.0,12043.0,12043.0,,comtrade,2026-10-08
842,,276,,2001,2516,M,29685.0,33061.0,33061.0,,comtrade,2026-10-08
842,,344,,2001,2516,M,198035.0,883989.0,883989.0,,comtrade,2026-10-08
842,,360,,2001,2516,M,32425.0,170741.0,170741.0,,comtrade,2026-10-08
842,,376,,2001,2516,M,118332.0,107.0,107.0,,comtrade,2026-10-08
842,,380,,2001,2516,M,3987935.0,2952458.0,2952458.0,,comtrade,2026-10-08
842,,384,,2001,2516,M,3957.0,20.0,20.0,,comtrade,2026-10-08
842,,392,,2001,2516,M,9039.0,6.0,6.0,,comtrade,2026-10-08
842,,410,,2001,2516,M,8000.0,17.0,17.0,,comtrade,2026-10-08
842,,422,,2001,2516,M,32867.0,91.0,91.0,,comtrade,2026-10-08
842,,442,,2001,2516,M,17440.0,21.0,21.0,,comtrade,2026-10-08
842,,458,,2001,2516,M,120096.0,75.0,75.0,,comtrade,2026-10-08
842,,484,,2001,2516,M,290707.0,1561.0,1561.0,,comtrade,2026-10-08
842,,490,,2001,2516,M,77295.0,50690.0,50690.0,,comtrade,2026-10-08
842,,516,,2001,2516,M,15516.0,81703.0,81703.0,,comtrade,2026-10-08
842,,528,,2001,2516,M,32036.0,2.0,2.0,,comtrade,2026-10-08
842,,579,,2001,2516,M,359429.0,227457.0,227457.0,,comtrade,2026-10-08
842,,591,,2001,2516,M,14124.0,1.0,1.0,,comtrade,2026-10-08
842,,616,,2001,2516,M,41047.0,46487.0,46487.0,,comtrade,2026-10-08
842,,620,,2001,2516,M,49627.0,81240.0,81240.0,,comtrade,2026-10-08
842,,682,,2001,2516,M,23749.0,20.0,20.0,,comtrade,2026-10-08
842,,699,,2001,2516,M,1342321.0,863308.0,863308.0,,comtrade,2026-10-08
842,,710,,2001,2516,M,2958823.0,3686375.0,3686375.0,,comtrade,2026-10-08
842,,716,,2001,2516,M,2193580.0,2652894.0,2652894.0,,comtrade,2026-10-08
842,,724,,2001,2516,M,488182.0,1024184.0,1024184.0,,comtrade,2026-10-08
842,,752,,2001,2516,M,2042.0,10561.0,10561.0,,comtrade,2026-10-08
842,,757,,2001,2516,M,98917.0,511590.0,511590.0,,comtrade,2026-10-08
842,,760,,2001,2516,M,3600.0,13.0,13.0,,comtrade,2026-10-08
842,,764,,2001,2516,M,11430.0,26.0,26.0,,comtrade,2026-10-08
842,,784,,2001,2516,M,38298.0,123750.0,123750.0,,comtrade,2026-10-08
842,,826,,2001,2516,M,601393.0,1385593.0,1385593.0,,comtrade,2026-10-08
842,,862,,2001,2516,M,3000.0,1.0,1.0,,comtrade,2026-10-08
842,,0,,2001,6801,M,3789351.0,14746.0,14746.0,,comtrade,2026-10-08
842,,32,,2001,6801,M,43968.0,126.0,126.0,,comtrade,2026-10-08
842,,76,,2001,6801,M,32807.0,138.0,138.0,,comtrade,2026-10-08
842,,124,,2001,6801,M,1490488.0,7514.0,7514.0,,comtrade,2026-10-08
842,,156,,2001,6801,M,111036.0,579.0,579.0,,comtrade,2026-10-08
842,,170,,2001,6801,M,109719.0,53.0,53.0,,comtrade,2026-10-08
842,,218,,2001,6801,M,90530.0,666.0,666.0,,comtrade,2026-10-08
842,,251,,2001,6801,M,124528.0,157.0,157.0,,comtrade,2026-10-08
842,,276,,2001,6801,M,90330.0,184.0,184.0,,comtrade,2026-10-08
842,,320,,2001,6801,M,5000.0,40.0,40.0,,comtrade,2026-10-08
842,,380,,2001,6801,M,1056041.0,2273.0,2273.0,,comtrade,2026-10-08
842,,422,,2001,6801,M,5569.0,18.0,18.0,,comtrade,2026-10-08
842,,484,,2001,6801,M,479849.0,2584.0,2584.0,,comtrade,2026-10-08
842,,528,,2001,6801,M,30312.0,84.0,84.0,,comtrade,2026-10-08
842,,699,,2001,6801,M,36878.0,237.0,237.0,,comtrade,2026-10-08
842,,764,,2001,6801,M,2310.0,7.0,7.0,,comtrade,2026-10-08
842,,826,,2001,6801,M,79986.0,86.0,86.0,,comtrade,2026-10-08
842,,0,,2001,6802,M,1316299333.0,59288682.0,59288682.0,,comtrade,2026-10-08
842,,32,,2001,6802,M,4918591.0,100517.0,100517.0,,comtrade,2026-10-08
842,,36,,2001,6802,M,130116.0,143.0,143.0,,comtrade,2026-10-08
842,,48,,2001,6802,M,64682.0,62.0,62.0,,comtrade,2026-10-08
842,,51,,2001,6802,M,217841.0,23006.0,23006.0,,comtrade,2026-10-08
842,,56,,2001,6802,M,808777.0,639.0,639.0,,comtrade,2026-10-08
842,,68,,2001,6802,M,26526.0,23.0,23.0,,comtrade,2026-10-08
842,,76,,2001,6802,M,104380824.0,728373.0,728373.0,,comtrade,2026-10-08
842,,92,,2001,6802,M,16506.0,22.0,22.0,,comtrade,2026-10-08
842,,100,,2001,6802,M,1096205.0,46549.0,46549.0,,comtrade,2026-10-08
842,,116,,2001,6802,M,3420.0,1.0,1.0,,comtrade,2026-10-08
842,,124,,2001,6802,M,95933951.0,36487720.0,36487720.0,,comtrade,2026-10-08
842,,136,,2001,6802,M,19887.0,17.0,17.0,,comtrade,2026-10-08
842,,144,,2001,6802,M,19820.0,9.0,9.0,,comtrade,2026-10-08
842,,152,,2001,6802,M,12389.0,20.0,20.0,,comtrade,2026-10-08
842,,156,,2001,6802,M,75580946.0,1434017.0,1434017.0,,comtrade,2026-10-08
842,,170,,2001,6802,M,1551402.0,125905.0,125905.0,,comtrade,2026-10-08
842,,191,,2001,6802,M,146000.0,111.0,111.0,,comtrade,2026-10-08
842,,196,,2001,6802,M,44909.0,36.0,36.0,,comtrade,2026-10-08
842,,203,,2001,6802,M,358315.0,27964.0,27964.0,,comtrade,2026-10-08
842,,208,,2001,6802,M,370832.0,146629.0,146629.0,,comtrade,2026-10-08
842,,214,,2001,6802,M,1397967.0,267104.0,267104.0,,comtrade,2026-10-08
842,,218,,2001,6802,M,382572.0,438.0,438.0,,comtrade,2026-10-08
842,,246,,2001,6802,M,732370.0,780.0,780.0,,comtrade,2026-10-08
842,,251,,2001,6802,M,24861346.0,941065.0,941065.0,,comtrade,2026-10-08
842,,268,,2001,6802,M,37641.0,22.0,22.0,,comtrade,2026-10-08
842,,275,,2001,6802,M,54846.0,45.0,45.0,,comtrade,2026-10-08
842,,276,,2001,6802,M,9945041.0,239236.0,239236.0,,comtrade,2026-10-08
842,,300,,2001,6802,M,16761528.0,527440.0,527440.0,,comtrade,2026-10-08
842,,320,,2001,6802,M,2372434.0,72202.0,72202.0,,comtrade,2026-10-08
842,,340,,2001,6802,M,43578.0,55.0,55.0,,comtrade,2026-10-08
842,,344,,2001,6802,M,737809.0,18562.0,18562.0,,comtrade,2026-10-08
842,,352,,2001,6802,M,13969.0,20.0,20.0,,comtrade,2026-10-08
842,,360,,2001,6802,M,4204345.0,658381.0,658381.0,,comtrade,2026-10-08
842,,372,,2001,6802,M,232089.0,105.0,105.0,,comtrade,2026-10-08
842,,376,,2001,6802,M,19248908.0,807091.0,807091.0,,comtrade,2026-10-08
842,,380,,2001,6802,M,499195837.0,9287282.0,9287282.0,,comtrade,2026-10-08
842,,384,,2001,6802,M,5840.0,2.0,2.0,,comtrade,2026-10-08
842,,388,,2001,6802,M,18000.0,1.0,1.0,,comtrade,2026-10-08
842,,392,,2001,6802,M,217839.0,87.0,87.0,,comtrade,2026-10-08
842,,400,,2001,6802,M,121903.0,168.0,168.0,,comtrade,2026-10-08
842,,404,,2001,6802,M,34557.0,26.0,26.0,,comtrade,2026-10-08
842,,410,,2001,6802,M,96469.0,5517.0,5517.0,,comtrade,2026-10-08
842,,417,,2001,6802,M,35094.0,23.0,23.0,,comtrade,2026-10-08
842,,422,,2001,6802,M,657773.0,652.0,652.0,,comtrade,2026-10-08
842,,450,,2001,6802,M,19746.0,13.0,13.0,,comtrade,2026-10-08
842,,458,,2001,6802,M,1942883.0,37318.0,37318.0,,comtrade,2026-10-08
842,,484,,2001,6802,M,96013526.0,420601.0,420601.0,,comtrade,2026-10-08
842,,490,,2001,6802,M,22131091.0,109776.0,109776.0,,comtrade,2026-10-08
842,,504,,2001,6802,M,166925.0,181.0,181.0,,comtrade,2026-10-08
842,,508,,2001,6802,M,6595.0,3.0,3.0,,comtrade,2026-10-08
842,,512,,2001,6802,M,2785367.0,4557.0,4557.0,,comtrade,2026-10-08
842,,528,,2001,6802,M,339912.0,361.0,361.0,,comtrade,2026-10-08
842,,554,,2001,6802,M,4140.0,1.0,1.0,,comtrade,2026-10-08
842,,579,,2001,6802,M,449908.0,480.0,480.0,,comtrade,2026-10-08
842,,586,,2001,6802,M,5605706.0,15841.0,15841.0,,comtrade,2026-10-08
842,,604,,2001,6802,M,6345229.0,100109.0,100109.0,,comtrade,2026-10-08
842,,608,,2001,6802,M,4294968.0,20258.0,20258.0,,comtrade,2026-10-08
842,,616,,2001,6802,M,12538.0,22.0,22.0,,comtrade,2026-10-08
842,,620,,2001,6802,M,12476927.0,233532.0,233532.0,,comtrade,2026-10-08
842,,642,,2001,6802,M,147118.0,79.0,79.0,,comtrade,2026-10-08
842,,643,,2001,6802,M,70755.0,181.0,181.0,,comtrade,2026-10-08
842,,682,,2001,6802,M,1277116.0,2153.0,2153.0,,comtrade,2026-10-08
842,,699,,2001,6802,M,93264418.0,2713527.0,2713527.0,,comtrade,2026-10-08
842,,702,,2001,6802,M,155553.0,149.0,149.0,,comtrade,2026-10-08
842,,703,,2001,6802,M,151567.0,61.0,61.0,,comtrade,2026-10-08
842,,704,,2001,6802,M,128953.0,566.0,566.0,,comtrade,2026-10-08
842,,710,,2001,6802,M,2318603.0,253037.0,253037.0,,comtrade,2026-10-08
842,,716,,2001,6802,M,1642360.0,2211.0,2211.0,,comtrade,2026-10-08
842,,724,,2001,6802,M,106471520.0,1599705.0,1599705.0,,comtrade,2026-10-08
842,,757,,2001,6802,M,208638.0,155.0,155.0,,comtrade,2026-10-08
842,,760,,2001,6802,M,174722.0,302.0,302.0,,comtrade,2026-10-08
842,,764,,2001,6802,M,428037.0,5550.0,5550.0,,comtrade,2026-10-08
842,,772,,2001,6802,M,95302.0,175.0,175.0,,comtrade,2026-10-08
842,,780,,2001,6802,M,23008.0,24.0,24.0,,comtrade,2026-10-08
842,,784,,2001,6802,M,615574.0,28081.0,28081.0,,comtrade,2026-10-08
842,,788,,2001,6802,M,890473.0,466.0,466.0,,comtrade,2026-10-08
842,,792,,2001,6802,M,83183860.0,1705250.0,1705250.0,,comtrade,2026-10-08
842,,804,,2001,6802,M,33520.0,32.0,32.0,,comtrade,2026-10-08
842,,818,,2001,6802,M,1142022.0,39753.0,39753.0,,comtrade,2026-10-08
842,,826,,2001,6802,M,3908992.0,45769.0,45769.0,,comtrade,2026-10-08
842,,858,,2001,6802,M,185539.0,225.0,225.0,,comtrade,2026-10-08
842,,860,,2001,6802,M,7189.0,22.0,22.0,,comtrade,2026-10-08
842,,862,,2001,6802,M,58355.0,64.0,64.0,,comtrade,2026-10-08
842,,887,,2001,6802,M,6628.0,22.0,22.0,,comtrade,2026-10-08
842,,894,,2001,6802,M,2356.0,1.0,1.0,,comtrade,2026-10-08
842,,0,,2001,6803,M,73113297.0,143635784.0,143635784.0,,comtrade,2026-10-08
842,,32,,2001,6803,M,231846.0,455476.0,455476.0,,comtrade,2026-10-08
842,,56,,2001,6803,M,67026.0,131677.0,131677.0,,comtrade,2026-10-08
842,,76,,2001,6803,M,10708990.0,21038501.0,21038501.0,,comtrade,2026-10-08
842,,124,,2001,6803,M,2574846.0,5058451.0,5058451.0,,comtrade,2026-10-08
842,,156,,2001,6803,M,14449976.0,28387909.0,28387909.0,,comtrade,2026-10-08
842,,170,,2001,6803,M,13210.0,25952.0,25952.0,,comtrade,2026-10-08
842,,251,,2001,6803,M,32101.0,63064.0,63064.0,,comtrade,2026-10-08
842,,276,,2001,6803,M,18467.0,36280.0,36280.0,,comtrade,2026-10-08
842,,344,,2001,6803,M,83622.0,164281.0,164281.0,,comtrade,2026-10-08
842,,360,,2001,6803,M,26187.0,51446.0,51446.0,,comtrade,2026-10-08
842,,372,,2001,6803,M,7639.0,15007.0,15007.0,,comtrade,2026-10-08
842,,376,,2001,6803,M,326815.0,642049.0,642049.0,,comtrade,2026-10-08
842,,380,,2001,6803,M,12087072.0,23745832.0,23745832.0,,comtrade,2026-10-08
842,,410,,2001,6803,M,17154.0,33700.0,33700.0,,comtrade,2026-10-08
842,,484,,2001,6803,M,117622.0,231076.0,231076.0,,comtrade,2026-10-08
842,,490,,2001,6803,M,47242.0,92810.0,92810.0,,comtrade,2026-10-08
842,,528,,2001,6803,M,6115.0,12013.0,12013.0,,comtrade,2026-10-08
842,,579,,2001,6803,M,76445.0,150181.0,150181.0,,comtrade,2026-10-08
842,,608,,2001,6803,M,24327.0,47792.0,47792.0,,comtrade,2026-10-08
842,,620,,2001,6803,M,383833.0,754065.0,754065.0,,comtrade,2026-10-08
842,,699,,2001,6803,M,22088553.0,43394386.0,43394386.0,,comtrade,2026-10-08
842,,710,,2001,6803,M,1417221.0,2784222.0,2784222.0,,comtrade,2026-10-08
842,,716,,2001,6803,M,19997.0,39285.0,39285.0,,comtrade,2026-10-08
842,,724,,2001,6803,M,3717931.0,7304115.0,7304115.0,,comtrade,2026-10-08
842,,764,,2001,6803,M,24532.0,48195.0,48195.0,,comtrade,2026-10-08
842,,784,,2001,6803,M,8719.0,17129.0,17129.0,,comtrade,2026-10-08
842,,792,,2001,6803,M,57095.0,112167.0,112167.0,,comtrade,2026-10-08
842,,826,,2001,6803,M,4285069.0,8418294.0,8418294.0,,comtrade,2026-10-08
842,,858,,2001,6803,M,193645.0,380428.0,380428.0,,comtrade,2026-10-08
842,,0,,2002,2514,M,6431398.0,10345.0,10345.0,,comtrade,2026-10-08
842,,76,,2002,2514,M,422135.0,743.0,743.0,,comtrade,2026-10-08
842,,124,,2002,2514,M,83908.0,286.0,286.0,,comtrade,2026-10-08
842,,156,,2002,2514,M,3022935.0,4811.0,4811.0,,comtrade,2026-10-08
842,,276,,2002,2514,M,2700.0,3.0,3.0,,comtrade,2026-10-08
842,,360,,2002,2514,M,2150.0,1.0,1.0,,comtrade,2026-10-08
842,,372,,2002,2514,M,10400.0,2.0,2.0,,comtrade,2026-10-08
842,,376,,2002,2514,M,8439.0,22.0,22.0,,comtrade,2026-10-08
842,,380,,2002,2514,M,1254730.0,1417.0,1417.0,,comtrade,2026-10-08
842,,484,,2002,2514,M,38873.0,36.0,36.0,,comtrade,2026-10-08
842,,699,,2002,2514,M,1189605.0,2483.0,2483.0,,comtrade,2026-10-08
842,,710,,2002,2514,M,227109.0,433.0,433.0,,comtrade,2026-10-08
842,,724,,2002,2514,M,58514.0,74.0,74.0,,comtrade,2026-10-08
842,,826,,2002,2514,M,109900.0,34.0,34.0,,comtrade,2026-10-08
842,,0,,2002,2515,M,17781705.0,11215589.0,11215589.0,,comtrade,2026-10-08
842,,32,,2002,2515,M,170647.0,87.0,87.0,,comtrade,2026-10-08
842,,56,,2002,2515,M,6360.0,2.0,2.0,,comtrade,2026-10-08
842,,76,,2002,2515,M,259706.0,123952.0,123952.0,,comtrade,2026-10-08
842,,124,,2002,2515,M,98976.0,53160.0,53160.0,,comtrade,2026-10-08
842,,156,,2002,2515,M,637206.0,495.0,495.0,,comtrade,2026-10-08
842,,170,,2002,2515,M,51828.0,39.0,39.0,,comtrade,2026-10-08
842,,188,,2002,2515,M,3600.0,1.0,1.0,,comtrade,2026-10-08
842,,191,,2002,2515,M,5010.0,2.0,2.0,,comtrade,2026-10-08
842,,214,,2002,2515,M,18768.0,25.0,25.0,,comtrade,2026-10-08
842,,218,,2002,2515,M,3966.0,1.0,1.0,,comtrade,2026-10-08
842,,246,,2002,2515,M,3219.0,1.0,1.0,,comtrade,2026-10-08
842,,251,,2002,2515,M,257581.0,15614.0,15614.0,,comtrade,2026-10-08
842,,276,,2002,2515,M,84091.0,164510.0,164510.0,,comtrade,2026-10-08
842,,300,,2002,2515,M,22679.0,106151.0,106151.0,,comtrade,2026-10-08
842,,344,,2002,2515,M,31037.0,23.0,23.0,,comtrade,2026-10-08
842,,360,,2002,2515,M,110453.0,89.0,89.0,,comtrade,2026-10-08
842,,376,,2002,2515,M,611004.0,18442.0,18442.0,,comtrade,2026-10-08
842,,380,,2002,2515,M,6863992.0,8629415.0,8629415.0,,comtrade,2026-10-08
842,,410,,2002,2515,M,6456.0,4.0,4.0,,comtrade,2026-10-08
842,,422,,2002,2515,M,3582.0,1.0,1.0,,comtrade,2026-10-08
842,,484,,2002,2515,M,426493.0,527.0,527.0,,comtrade,2026-10-08
842,,490,,2002,2515,M,118469.0,84.0,84.0,,comtrade,2026-10-08
842,,586,,2002,2515,M,90828.0,109.0,109.0,,comtrade,2026-10-08
842,,604,,2002,2515,M,804302.0,746.0,746.0,,comtrade,2026-10-08
842,,608,,2002,2515,M,11580.0,18.0,18.0,,comtrade,2026-10-08
842,,616,,2002,2515,M,3281.0,1.0,1.0,,comtrade,2026-10-08
842,,620,,2002,2515,M,235906.0,31251.0,31251.0,,comtrade,2026-10-08
842,,642,,2002,2515,M,14305.0,6.0,6.0,,comtrade,2026-10-08
842,,699,,2002,2515,M,335354.0,84440.0,84440.0,,comtrade,2026-10-08
842,,704,,2002,2515,M,5982.0,17.0,17.0,,comtrade,2026-10-08
842,,724,,2002,2515,M,1176524.0,96867.0,96867.0,,comtrade,2026-10-08
842,,792,,2002,2515,M,5097870.0,1889140.0,1889140.0,,comtrade,2026-10-08
842,,818,,2002,2515,M,160328.0,282.0,282.0,,comtrade,2026-10-08
842,,826,,2002,2515,M,10550.0,3.0,3.0,,comtrade,2026-10-08
842,,860,,2002,2515,M,7263.0,27.0,27.0,,comtrade,2026-10-08
842,,862,,2002,2515,M,32509.0,56.0,56.0,,comtrade,2026-10-08
842,,0,,2002,2516,M,33683792.0,57302019.0,57302019.0,,comtrade,2026-10-08
842,,32,,2002,2516,M,19694.0,51.0,51.0,,comtrade,2026-10-08
842,,56,,2002,2516,M,61674.0,48.0,48.0,,comtrade,2026-10-08
842,,76,,2002,2516,M,4262215.0,6162059.0,6162059.0,,comtrade,2026-10-08
842,,100,,2002,2516,M,9681.0,16.0,16.0,,comtrade,2026-10-08
842,,124,,2002,2516,M,6811654.0,21019331.0,21019331.0,,comtrade,2026-10-08
842,,156,,2002,2516,M,1543170.0,439259.0,439259.0,,comtrade,2026-10-08
842,,170,,2002,2516,M,277774.0,164.0,164.0,,comtrade,2026-10-08
842,,188,,2002,2516,M,9468.0,3.0,3.0,,comtrade,2026-10-08
842,,246,,2002,2516,M,7529.0,35487.0,35487.0,,comtrade,2026-10-08
842,,251,,2002,2516,M,305698.0,97615.0,97615.0,,comtrade,2026-10-08
842,,276,,2002,2516,M,220991.0,129929.0,129929.0,,comtrade,2026-10-08
842,,300,,2002,2516,M,10080.0,10.0,10.0,,comtrade,2026-10-08
842,,344,,2002,2516,M,163595.0,771087.0,771087.0,,comtrade,2026-10-08
842,,360,,2002,2516,M,46711.0,58973.0,58973.0,,comtrade,2026-10-08
842,,376,,2002,2516,M,168120.0,145822.0,145822.0,,comtrade,2026-10-08
842,,380,,2002,2516,M,4336578.0,3816949.0,3816949.0,,comtrade,2026-10-08
842,,392,,2002,2516,M,3219.0,1.0,1.0,,comtrade,2026-10-08
842,,400,,2002,2516,M,17050.0,32.0,32.0,,comtrade,2026-10-08
842,,422,,2002,2516,M,20600.0,50.0,50.0,,comtrade,2026-10-08
842,,442,,2002,2516,M,139451.0,26.0,26.0,,comtrade,2026-10-08
842,,458,,2002,2516,M,102062.0,88.0,88.0,,comtrade,2026-10-08
842,,484,,2002,2516,M,374299.0,1549.0,1549.0,,comtrade,2026-10-08
842,,490,,2002,2516,M,22761.0,22.0,22.0,,comtrade,2026-10-08
842,,504,,2002,2516,M,14227.0,1.0,1.0,,comtrade,2026-10-08
842,,528,,2002,2516,M,50393.0,12.0,12.0,,comtrade,2026-10-08
842,,554,,2002,2516,M,7542.0,1.0,1.0,,comtrade,2026-10-08
842,,579,,2002,2516,M,410651.0,136551.0,136551.0,,comtrade,2026-10-08
842,,586,,2002,2516,M,8040.0,1.0,1.0,,comtrade,2026-10-08
842,,616,,2002,2516,M,58464.0,110.0,110.0,,comtrade,2026-10-08
842,,620,,2002,2516,M,112213.0,180228.0,180228.0,,comtrade,2026-10-08
842,,682,,2002,2516,M,45666.0,88794.0,88794.0,,comtrade,2026-10-08
842,,699,,2002,2516,M,5070408.0,826485.0,826485.0,,comtrade,2026-10-08
842,,704,,2002,2516,M,12714.0,1.0,1.0,,comtrade,2026-10-08
842,,710,,2002,2516,M,4703880.0,11862149.0,11862149.0,,comtrade,2026-10-08
842,,716,,2002,2516,M,1265451.0,1311472.0,1311472.0,,comtrade,2026-10-08
842,,724,,2002,2516,M,1364996.0,4166606.0,4166606.0,,comtrade,2026-10-08
842,,752,,2002,2516,M,21525.0,101456.0,101456.0,,comtrade,2026-10-08
842,,757,,2002,2516,M,184429.0,869286.0,869286.0,,comtrade,2026-10-08
842,,760,,2002,2516,M,6346.0,22.0,22.0,,comtrade,2026-10-08
842,,792,,2002,2516,M,45558.0,81.0,81.0,,comtrade,2026-10-08
842,,804,,2002,2516,M,3200.0,4.0,4.0,,comtrade,2026-10-08
842,,818,,2002,2516,M,51097.0,240840.0,240840.0,,comtrade,2026-10-08
842,,826,,2002,2516,M,1296024.0,4839339.0,4839339.0,,comtrade,2026-10-08
842,,858,,2002,2516,M,16894.0,9.0,9.0,,comtrade,2026-10-08
842,,0,,2002,6801,M,5445999.0,17489.0,17489.0,,comtrade,2026-10-08
842,,32,,2002,6801,M,233724.0,391.0,391.0,,comtrade,2026-10-08
842,,36,,2002,6801,M,11915.0,16.0,16.0,,comtrade,2026-10-08
842,,76,,2002,6801,M,90621.0,245.0,245.0,,comtrade,2026-10-08
842,,124,,2002,6801,M,2258828.0,10209.0,10209.0,,comtrade,2026-10-08
842,,156,,2002,6801,M,200377.0,688.0,688.0,,comtrade,2026-10-08
842,,251,,2002,6801,M,145291.0,79.0,79.0,,comtrade,2026-10-08
842,,276,,2002,6801,M,52079.0,61.0,61.0,,comtrade,2026-10-08
842,,320,,2002,6801,M,3518.0,8.0,8.0,,comtrade,2026-10-08
842,,360,,2002,6801,M,20000.0,16.0,16.0,,comtrade,2026-10-08
842,,372,,2002,6801,M,107315.0,79.0,79.0,,comtrade,2026-10-08
842,,380,,2002,6801,M,983696.0,1377.0,1377.0,,comtrade,2026-10-08
842,,484,,2002,6801,M,649002.0,2998.0,2998.0,,comtrade,2026-10-08
842,,620,,2002,6801,M,260985.0,591.0,591.0,,comtrade,2026-10-08
842,,699,,2002,6801,M,17369.0,41.0,41.0,,comtrade,2026-10-08
842,,792,,2002,6801,M,7580.0,8.0,8.0,,comtrade,2026-10-08
842,,826,,2002,6801,M,403699.0,682.0,682.0,,comtrade,2026-10-08
842,,0,,2002,6802,M,1634718614.0,53821901.0,53821901.0,,comtrade,2026-10-08
842,,32,,2002,6802,M,5006776.0,122102.0,122102.0,,comtrade,2026-10-08
842,,36,,2002,6802,M,115222.0,161.0,161.0,,comtrade,2026-10-08
842,,40,,2002,6802,M,159090.0,62.0,62.0,,comtrade,2026-10-08
842,,48,,2002,6802,M,103598.0,12515.0,12515.0,,comtrade,2026-10-08
842,,51,,2002,6802,M,68084.0,189.0,189.0,,comtrade,2026-10-08
842,,56,,2002,6802,M,1454038.0,1032.0,1032.0,,comtrade,2026-10-08
842,,68,,2002,6802,M,109769.0,87375.0,87375.0,,comtrade,2026-10-08
842,,76,,2002,6802,M,177750106.0,632897.0,632897.0,,comtrade,2026-10-08
842,,84,,2002,6802,M,6173.0,1.0,1.0,,comtrade,2026-10-08
842,,100,,2002,6802,M,1074615.0,59000.0,59000.0,,comtrade,2026-10-08
842,,104,,2002,6802,M,14805.0,31.0,31.0,,comtrade,2026-10-08
842,,124,,2002,6802,M,94346621.0,24577837.0,24577837.0,,comtrade,2026-10-08
842,,136,,2002,6802,M,79393.0,69.0,69.0,,comtrade,2026-10-08
842,,144,,2002,6802,M,17070.0,18.0,18.0,,comtrade,2026-10-08
842,,152,,2002,6802,M,6105.0,11936.0,11936.0,,comtrade,2026-10-08
842,,156,,2002,6802,M,117861451.0,1641020.0,1641020.0,,comtrade,2026-10-08
842,,166,,2002,6802,M,17873.0,4.0,4.0,,comtrade,2026-10-08
842,,170,,2002,6802,M,2699178.0,187111.0,187111.0,,comtrade,2026-10-08
842,,188,,2002,6802,M,6902.0,1.0,1.0,,comtrade,2026-10-08
842,,191,,2002,6802,M,181373.0,152.0,152.0,,comtrade,2026-10-08
842,,196,,2002,6802,M,93657.0,58.0,58.0,,comtrade,2026-10-08
842,,203,,2002,6802,M,634688.0,189058.0,189058.0,,comtrade,2026-10-08
842,,208,,2002,6802,M,257779.0,359.0,359.0,,comtrade,2026-10-08
842,,214,,2002,6802,M,2197974.0,804464.0,804464.0,,comtrade,2026-10-08
842,,218,,2002,6802,M,226572.0,231.0,231.0,,comtrade,2026-10-08
842,,222,,2002,6802,M,14883.0,20.0,20.0,,comtrade,2026-10-08
842,,246,,2002,6802,M,1150468.0,842.0,842.0,,comtrade,2026-10-08
842,,251,,2002,6802,M,23717414.0,1215777.0,1215777.0,,comtrade,2026-10-08
842,,275,,2002,6802,M,174267.0,173.0,173.0,,comtrade,2026-10-08
842,,276,,2002,6802,M,9763899.0,428399.0,428399.0,,comtrade,2026-10-08
842,,300,,2002,6802,M,20757311.0,548609.0,548609.0,,comtrade,2026-10-08
842,,320,,2002,6802,M,2265565.0,122262.0,122262.0,,comtrade,2026-10-08
842,,332,,2002,6802,M,2317.0,1.0,1.0,,comtrade,2026-10-08
842,,340,,2002,6802,M,11631.0,4.0,4.0,,comtrade,2026-10-08
842,,344,,2002,6802,M,843503.0,827.0,827.0,,comtrade,2026-10-08
842,,348,,2002,6802,M,6572.0,5.0,5.0,,comtrade,2026-10-08
842,,352,,2002,6802,M,60040.0,31.0,31.0,,comtrade,2026-10-08
842,,360,,2002,6802,M,6967064.0,406812.0,406812.0,,comtrade,2026-10-08
842,,372,,2002,6802,M,276465.0,167.0,167.0,,comtrade,2026-10-08
842,,376,,2002,6802,M,25894818.0,607946.0,607946.0,,comtrade,2026-10-08
842,,380,,2002,6802,M,555723875.0,12532056.0,12532056.0,,comtrade,2026-10-08
842,,388,,2002,6802,M,124064.0,6180.0,6180.0,,comtrade,2026-10-08
842,,392,,2002,6802,M,93062.0,86.0,86.0,,comtrade,2026-10-08
842,,400,,2002,6802,M,441435.0,461.0,461.0,,comtrade,2026-10-08
842,,404,,2002,6802,M,140432.0,80.0,80.0,,comtrade,2026-10-08
842,,410,,2002,6802,M,165022.0,19224.0,19224.0,,comtrade,2026-10-08
842,,422,,2002,6802,M,696144.0,673.0,673.0,,comtrade,2026-10-08
842,,446,,2002,6802,M,9270.0,1.0,1.0,,comtrade,2026-10-08
842,,458,,2002,6802,M,3022697.0,3961.0,3961.0,,comtrade,2026-10-08
842,,470,,2002,6802,M,110552.0,196.0,196.0,,comtrade,2026-10-08
842,,484,,2002,6802,M,104402919.0,795959.0,795959.0,,comtrade,2026-10-08
842,,490,,2002,6802,M,27578702.0,449862.0,449862.0,,comtrade,2026-10-08
842,,500,,2002,6802,M,3732.0,1.0,1.0,,comtrade,2026-10-08
842,,504,,2002,6802,M,80011.0,35.0,35.0,,comtrade,2026-10-08
842,,512,,2002,6802,M,1490695.0,39359.0,39359.0,,comtrade,2026-10-08
842,,524,,2002,6802,M,4000.0,1.0,1.0,,comtrade,2026-10-08
842,,528,,2002,6802,M,246507.0,22696.0,22696.0,,comtrade,2026-10-08
842,,554,,2002,6802,M,59248.0,38.0,38.0,,comtrade,2026-10-08
842,,558,,2002,6802,M,19650.0,50.0,50.0,,comtrade,2026-10-08
842,,579,,2002,6802,M,1086479.0,453.0,453.0,,comtrade,2026-10-08
842,,586,,2002,6802,M,6845930.0,68243.0,68243.0,,comtrade,2026-10-08
842,,604,,2002,6802,M,9028462.0,48740.0,48740.0,,comtrade,2026-10-08
842,,608,,2002,6802,M,5461743.0,127094.0,127094.0,,comtrade,2026-10-08
842,,616,,2002,6802,M,47616.0,34.0,34.0,,comtrade,2026-10-08
842,,620,,2002,6802,M,12882995.0,338329.0,338329.0,,comtrade,2026-10-08
842,,642,,2002,6802,M,375687.0,490.0,490.0,,comtrade,2026-10-08
842,,643,,2002,6802,M,36376.0,17114.0,17114.0,,comtrade,2026-10-08
842,,682,,2002,6802,M,1746975.0,1727.0,1727.0,,comtrade,2026-10-08
842,,699,,2002,6802,M,127639969.0,2546496.0,2546496.0,,comtrade,2026-10-08
842,,702,,2002,6802,M,198884.0,6073.0,6073.0,,comtrade,2026-10-08
842,,703,,2002,6802,M,190459.0,64.0,64.0,,comtrade,2026-10-08
842,,704,,2002,6802,M,796234.0,1411.0,1411.0,,comtrade,2026-10-08
842,,710,,2002,6802,M,3131539.0,345866.0,345866.0,,comtrade,2026-10-08
842,,716,,2002,6802,M,1315860.0,1161.0,1161.0,,comtrade,2026-10-08
842,,724,,2002,6802,M,121237431.0,2256096.0,2256096.0,,comtrade,2026-10-08
842,,752,,2002,6802,M,26742.0,21.0,21.0,,comtrade,2026-10-08
842,,757,,2002,6802,M,271928.0,169.0,169.0,,comtrade,2026-10-08
842,,760,,2002,6802,M,222754.0,324.0,324.0,,comtrade,2026-10-08
842,,764,,2002,6802,M,905753.0,19467.0,19467.0,,comtrade,2026-10-08
842,,772,,2002,6802,M,26713.0,64.0,64.0,,comtrade,2026-10-08
842,,780,,2002,6802,M,22637.0,5.0,5.0,,comtrade,2026-10-08
842,,784,,2002,6802,M,2009377.0,3293.0,3293.0,,comtrade,2026-10-08
842,,788,,2002,6802,M,1119756.0,344.0,344.0,,comtrade,2026-10-08
842,,792,,2002,6802,M,142012509.0,2470226.0,2470226.0,,comtrade,2026-10-08
842,,795,,2002,6802,M,84394.0,166.0,166.0,,comtrade,2026-10-08
842,,804,,2002,6802,M,2960.0,1.0,1.0,,comtrade,2026-10-08
842,,818,,2002,6802,M,2209013.0,11225.0,11225.0,,comtrade,2026-10-08
842,,826,,2002,6802,M,2608548.0,17956.0,17956.0,,comtrade,2026-10-08
842,,858,,2002,6802,M,313747.0,179.0,179.0,,comtrade,2026-10-08
842,,860,,2002,6802,M,19438.0,45.0,45.0,,comtrade,2026-10-08
842,,862,,2002,6802,M,32560.0,8550.0,8550.0,,comtrade,2026-10-08
842,,0,,2002,6803,M,93270905.0,185668595.0,185668595.0,,comtrade,2026-10-08
842,,32,,2002,6803,M,155135.0,308818.0,308818.0,,comtrade,2026-10-08
842,,56,,2002,6803,M,93188.0,185504.0,185504.0,,comtrade,2026-10-08
842,,76,,2002,6803,M,14934607.0,29729394.0,29729394.0,,comtrade,2026-10-08
842,,124,,2002,6803,M,2074524.0,4129626.0,4129626.0,,comtrade,2026-10-08
842,,156,,2002,6803,M,23127594.0,46038664.0,46038664.0,,comtrade,2026-10-08
842,,251,,2002,6803,M,57275.0,114014.0,114014.0,,comtrade,2026-10-08
842,,276,,2002,6803,M,21952.0,43698.0,43698.0,,comtrade,2026-10-08
842,,344,,2002,6803,M,58024.0,115505.0,115505.0,,comtrade,2026-10-08
842,,360,,2002,6803,M,89610.0,178381.0,178381.0,,comtrade,2026-10-08
842,,372,,2002,6803,M,5399.0,10747.0,10747.0,,comtrade,2026-10-08
842,,376,,2002,6803,M,594118.0,1182674.0,1182674.0,,comtrade,2026-10-08
842,,380,,2002,6803,M,11512532.0,22917282.0,22917282.0,,comtrade,2026-10-08
842,,410,,2002,6803,M,34532.0,68741.0,68741.0,,comtrade,2026-10-08
842,,458,,2002,6803,M,462438.0,920547.0,920547.0,,comtrade,2026-10-08
842,,484,,2002,6803,M,60140.0,119717.0,119717.0,,comtrade,2026-10-08
842,,490,,2002,6803,M,74908.0,149115.0,149115.0,,comtrade,2026-10-08
842,,579,,2002,6803,M,87890.0,174957.0,174957.0,,comtrade,2026-10-08
842,,604,,2002,6803,M,16880.0,33602.0,33602.0,,comtrade,2026-10-08
842,,620,,2002,6803,M,261853.0,521254.0,521254.0,,comtrade,2026-10-08
842,,699,,2002,6803,M,33423674.0,66534431.0,66534431.0,,comtrade,2026-10-08
842,,710,,2002,6803,M,1525364.0,3036447.0,3036447.0,,comtrade,2026-10-08
842,,724,,2002,6803,M,1513220.0,3012273.0,3012273.0,,comtrade,2026-10-08
842,,752,,2002,6803,M,20165.0,40141.0,40141.0,,comtrade,2026-10-08
842,,764,,2002,6803,M,119461.0,237804.0,237804.0,,comtrade,2026-10-08
842,,784,,2002,6803,M,10925.0,21748.0,21748.0,,comtrade,2026-10-08
842,,792,,2002,6803,M,16418.0,32682.0,32682.0,,comtrade,2026-10-08
842,,826,,2002,6803,M,2854605.0,5682485.0,5682485.0,,comtrade,2026-10-08
842,,858,,2002,6803,M,64474.0,128344.0,128344.0,,comtrade,2026-10-08
842,,804,,2003,2514,M,12947.0,20.0,20.0,,comtrade,2026-10-08
842,,144,,2003,2514,M,10334.0,17.0,17.0,,comtrade,2026-10-08
842,,710,,2003,2514,M,1468332.0,2090.0,2090.0,,comtrade,2026-10-08
842,,764,,2003,2514,M,25687.0,17.0,17.0,,comtrade,2026-10-08
842,,76,,2003,2514,M,850394.0,1707.0,1707.0,,comtrade,2026-10-08
842,,792,,2003,2514,M,4314.0,17.0,17.0,,comtrade,2026-10-08
842,,699,,2003,2514,M,1067884.0,2754.0,2754.0,,comtrade,2026-10-08
842,,724,,2003,2514,M,47718.0,74.0,74.0,,comtrade,2026-10-08
842,,380,,2003,2514,M,974487.0,1056.0,1056.0,,comtrade,2026-10-08
842,,251,,2003,2514,M,25820.0,22.0,22.0,,comtrade,2026-10-08
842,,156,,2003,2514,M,2975954.0,5612.0,5612.0,,comtrade,2026-10-08
842,,124,,2003,2514,M,168093.0,347.0,347.0,,comtrade,2026-10-08
842,,0,,2003,2514,M,7635168.0,13734.0,13734.0,,comtrade,2026-10-08
842,,826,,2003,2514,M,3204.0,1.0,1.0,,comtrade,2026-10-08
842,,44,,2003,2515,M,15968.0,1000.0,1000.0,,comtrade,2026-10-08
842,,68,,2003,2515,M,5652.0,4.0,4.0,,comtrade,2026-10-08
842,,760,,2003,2515,M,3810.0,23.0,23.0,,comtrade,2026-10-08
842,,784,,2003,2515,M,28292.0,46.0,46.0,,comtrade,2026-10-08
842,,788,,2003,2515,M,35406.0,29.0,29.0,,comtrade,2026-10-08
842,,818,,2003,2515,M,112882.0,232.0,232.0,,comtrade,2026-10-08
842,,320,,2003,2515,M,10050.0,36.0,36.0,,comtrade,2026-10-08
842,,214,,2003,2515,M,51967.0,73.0,73.0,,comtrade,2026-10-08
842,,704,,2003,2515,M,279659.0,485.0,485.0,,comtrade,2026-10-08
842,,608,,2003,2515,M,35912.0,43.0,43.0,,comtrade,2026-10-08
842,,170,,2003,2515,M,331361.0,165.0,165.0,,comtrade,2026-10-08
842,,344,,2003,2515,M,23318.0,19.0,19.0,,comtrade,2026-10-08
842,,620,,2003,2515,M,71485.0,83.0,83.0,,comtrade,2026-10-08
842,,586,,2003,2515,M,99631.0,61.0,61.0,,comtrade,2026-10-08
842,,76,,2003,2515,M,50568.0,57.0,57.0,,comtrade,2026-10-08
842,,528,,2003,2515,M,58071.0,8.0,8.0,,comtrade,2026-10-08
842,,490,,2003,2515,M,92661.0,84.0,84.0,,comtrade,2026-10-08
842,,56,,2003,2515,M,44507.0,44.0,44.0,,comtrade,2026-10-08
842,,484,,2003,2515,M,210887.0,197.0,197.0,,comtrade,2026-10-08
842,,251,,2003,2515,M,45660.0,222.0,222.0,,comtrade,2026-10-08
842,,32,,2003,2515,M,37773.0,5.0,5.0,,comtrade,2026-10-08
842,,604,,2003,2515,M,3231.0,5.0,5.0,,comtrade,2026-10-08
842,,300,,2003,2515,M,3490.0,2.0,2.0,,comtrade,2026-10-08
842,,422,,2003,2515,M,8800.0,1.0,1.0,,comtrade,2026-10-08
842,,792,,2003,2515,M,1624696.0,622662.0,622662.0,,comtrade,2026-10-08
842,,360,,2003,2515,M,70531.0,163806.0,163806.0,,comtrade,2026-10-08
842,,376,,2003,2515,M,173177.0,86978.0,86978.0,,comtrade,2026-10-08
842,,724,,2003,2515,M,806578.0,87704.0,87704.0,,comtrade,2026-10-08
842,,699,,2003,2515,M,215197.0,139537.0,139537.0,,comtrade,2026-10-08
842,,380,,2003,2515,M,2753171.0,1586494.0,1586494.0,,comtrade,2026-10-08
842,,826,,2003,2515,M,45145.0,84209.0,84209.0,,comtrade,2026-10-08
842,,156,,2003,2515,M,603626.0,69620.0,69620.0,,comtrade,2026-10-08
842,,124,,2003,2515,M,39066.0,79124.0,79124.0,,comtrade,2026-10-08
842,,0,,2003,2515,M,7992228.0,2923058.0,2923058.0,,comtrade,2026-10-08
842,,579,,2003,2516,M,384550.0,441166.0,441166.0,,comtrade,2026-10-08
842,,372,,2003,2516,M,103936.0,429393.0,429393.0,,comtrade,2026-10-08
842,,360,,2003,2516,M,18621.0,59955.0,59955.0,,comtrade,2026-10-08
842,,710,,2003,2516,M,4036633.0,11011536.0,11011536.0,,comtrade,2026-10-08
842,,344,,2003,2516,M,19825.0,38768.0,38768.0,,comtrade,2026-10-08
842,,752,,2003,2516,M,91295.0,425237.0,425237.0,,comtrade,2026-10-08
842,,757,,2003,2516,M,133812.0,623274.0,623274.0,,comtrade,2026-10-08
842,,76,,2003,2516,M,8017677.0,10520624.0,10520624.0,,comtrade,2026-10-08
842,,56,,2003,2516,M,145485.0,60494.0,60494.0,,comtrade,2026-10-08
842,,724,,2003,2516,M,1025403.0,2039353.0,2039353.0,,comtrade,2026-10-08
842,,699,,2003,2516,M,5611083.0,2450702.0,2450702.0,,comtrade,2026-10-08
842,,380,,2003,2516,M,5515396.0,5940259.0,5940259.0,,comtrade,2026-10-08
842,,826,,2003,2516,M,1070486.0,3671684.0,3671684.0,,comtrade,2026-10-08
842,,156,,2003,2516,M,4071011.0,4857631.0,4857631.0,,comtrade,2026-10-08
842,,124,,2003,2516,M,5861496.0,20395567.0,20395567.0,,comtrade,2026-10-08
842,,0,,2003,2516,M,38687076.0,65221846.0,65221846.0,,comtrade,2026-10-08
842,,68,,2003,2516,M,2929.0,4.0,4.0,,comtrade,2026-10-08
842,,340,,2003,2516,M,4150.0,10.0,10.0,,comtrade,2026-10-08
842,,422,,2003,2516,M,36875.0,142.0,142.0,,comtrade,2026-10-08
842,,442,,2003,2516,M,22286.0,21.0,21.0,,comtrade,2026-10-08
842,,703,,2003,2516,M,27014.0,9.0,9.0,,comtrade,2026-10-08
842,,818,,2003,2516,M,30753.0,26.0,26.0,,comtrade,2026-10-08
842,,862,,2003,2516,M,4736.0,38.0,38.0,,comtrade,2026-10-08
842,,144,,2003,2516,M,40574.0,34.0,34.0,,comtrade,2026-10-08
842,,616,,2003,2516,M,18585.0,42.0,42.0,,comtrade,2026-10-08
842,,203,,2003,2516,M,47716.0,55.0,55.0,,comtrade,2026-10-08
842,,32,,2003,2516,M,96731.0,273.0,273.0,,comtrade,2026-10-08
842,,604,,2003,2516,M,17949.0,75.0,75.0,,comtrade,2026-10-08
842,,608,,2003,2516,M,45432.0,191.0,191.0,,comtrade,2026-10-08
842,,170,,2003,2516,M,8432.0,20.0,20.0,,comtrade,2026-10-08
842,,620,,2003,2516,M,190607.0,249.0,249.0,,comtrade,2026-10-08
842,,36,,2003,2516,M,6082.0,16.0,16.0,,comtrade,2026-10-08
842,,376,,2003,2516,M,72148.0,82.0,82.0,,comtrade,2026-10-08
842,,792,,2003,2516,M,3685.0,11.0,11.0,,comtrade,2026-10-08
842,,528,,2003,2516,M,90384.0,700.0,700.0,,comtrade,2026-10-08
842,,484,,2003,2516,M,246073.0,1113.0,1113.0,,comtrade,2026-10-08
842,,276,,2003,2516,M,286022.0,63.0,63.0,,comtrade,2026-10-08
842,,586,,2003,2516,M,8739.0,3.0,3.0,,comtrade,2026-10-08
842,,251,,2003,2516,M,8920.0,5.0,5.0,,comtrade,2026-10-08
842,,246,,2003,2516,M,11434.0,1.0,1.0,,comtrade,2026-10-08
842,,410,,2003,2516,M,2660.0,1.0,1.0,,comtrade,2026-10-08
842,,716,,2003,2516,M,1170839.0,2150014.0,2150014.0,,comtrade,2026-10-08
842,,682,,2003,2516,M,78612.0,103005.0,103005.0,,comtrade,2026-10-08
842,,858,,2003,6801,M,9016.0,25.0,25.0,,comtrade,2026-10-08
842,,32,,2003,6801,M,74550.0,251.0,251.0,,comtrade,2026-10-08
842,,372,,2003,6801,M,46026.0,27.0,27.0,,comtrade,2026-10-08
842,,608,,2003,6801,M,33086.0,142.0,142.0,,comtrade,2026-10-08
842,,620,,2003,6801,M,252828.0,517.0,517.0,,comtrade,2026-10-08
842,,710,,2003,6801,M,8297.0,20.0,20.0,,comtrade,2026-10-08
842,,376,,2003,6801,M,59870.0,40.0,40.0,,comtrade,2026-10-08
842,,76,,2003,6801,M,215725.0,531.0,531.0,,comtrade,2026-10-08
842,,528,,2003,6801,M,181160.0,446.0,446.0,,comtrade,2026-10-08
842,,56,,2003,6801,M,84911.0,96.0,96.0,,comtrade,2026-10-08
842,,699,,2003,6801,M,822003.0,10766.0,10766.0,,comtrade,2026-10-08
842,,484,,2003,6801,M,549826.0,3280.0,3280.0,,comtrade,2026-10-08
842,,380,,2003,6801,M,1017546.0,1576.0,1576.0,,comtrade,2026-10-08
842,,251,,2003,6801,M,55439.0,45.0,45.0,,comtrade,2026-10-08
842,,826,,2003,6801,M,167831.0,321.0,321.0,,comtrade,2026-10-08
842,,276,,2003,6801,M,111300.0,122.0,122.0,,comtrade,2026-10-08
842,,156,,2003,6801,M,305368.0,1078.0,1078.0,,comtrade,2026-10-08
842,,124,,2003,6801,M,2504628.0,12231.0,12231.0,,comtrade,2026-10-08
842,,0,,2003,6801,M,6506153.0,31517.0,31517.0,,comtrade,2026-10-08
842,,704,,2003,6801,M,2742.0,2.0,2.0,,comtrade,2026-10-08
842,,360,,2003,6801,M,4001.0,1.0,1.0,,comtrade,2026-10-08
842,,818,,2003,6802,M,5137443.0,24560.0,24560.0,,comtrade,2026-10-08
842,,320,,2003,6802,M,1514500.0,52855.0,52855.0,,comtrade,2026-10-08
842,,586,,2003,6802,M,6595701.0,91458.0,91458.0,,comtrade,2026-10-08
842,,300,,2003,6802,M,19071972.0,434645.0,434645.0,,comtrade,2026-10-08
842,,862,,2003,6802,M,42840.0,10195.0,10195.0,,comtrade,2026-10-08
842,,604,,2003,6802,M,14041396.0,256278.0,256278.0,,comtrade,2026-10-08
842,,214,,2003,6802,M,2310167.0,618145.0,618145.0,,comtrade,2026-10-08
842,,620,,2003,6802,M,13266034.0,195342.0,195342.0,,comtrade,2026-10-08
842,,170,,2003,6802,M,3029975.0,576190.0,576190.0,,comtrade,2026-10-08
842,,608,,2003,6802,M,7504005.0,251289.0,251289.0,,comtrade,2026-10-08
842,,203,,2003,6802,M,808022.0,22214.0,22214.0,,comtrade,2026-10-08
842,,372,,2003,6802,M,175154.0,14504.0,14504.0,,comtrade,2026-10-08
842,,458,,2003,6802,M,1006729.0,10396.0,10396.0,,comtrade,2026-10-08
842,,32,,2003,6802,M,5627836.0,40048.0,40048.0,,comtrade,2026-10-08
842,,792,,2003,6802,M,211895346.0,3566767.0,3566767.0,,comtrade,2026-10-08
842,,360,,2003,6802,M,7450521.0,65963.0,65963.0,,comtrade,2026-10-08
842,,710,,2003,6802,M,4844646.0,478537.0,478537.0,,comtrade,2026-10-08
842,,376,,2003,6802,M,27001785.0,1197096.0,1197096.0,,comtrade,2026-10-08
842,,344,,2003,6802,M,1197399.0,6267.0,6267.0,,comtrade,2026-10-08
842,,76,,2003,6802,M,247942008.0,1277426.0,1277426.0,,comtrade,2026-10-08
842,,56,,2003,6802,M,2526144.0,49900.0,49900.0,,comtrade,2026-10-08
842,,724,,2003,6802,M,135328726.0,1721305.0,1721305.0,,comtrade,2026-10-08
842,,490,,2003,6802,M,34316799.0,101144.0,101144.0,,comtrade,2026-10-08
842,,699,,2003,6802,M,175022794.0,2495543.0,2495543.0,,comtrade,2026-10-08
842,,528,,2003,6802,M,973710.0,38093.0,38093.0,,comtrade,2026-10-08
842,,380,,2003,6802,M,597681507.0,10994368.0,10994368.0,,comtrade,2026-10-08
842,,484,,2003,6802,M,109830330.0,378174.0,378174.0,,comtrade,2026-10-08
842,,392,,2003,6802,M,201437.0,19658.0,19658.0,,comtrade,2026-10-08
842,,251,,2003,6802,M,25423133.0,1070355.0,1070355.0,,comtrade,2026-10-08
842,,276,,2003,6802,M,13304375.0,13759.0,13759.0,,comtrade,2026-10-08
842,,156,,2003,6802,M,166223224.0,3049652.0,3049652.0,,comtrade,2026-10-08
842,,124,,2003,6802,M,85225833.0,10889622.0,10889622.0,,comtrade,2026-10-08
842,,0,,2003,6802,M,1949236474.0,40091810.0,40091810.0,,comtrade,2026-10-08
842,,48,,2003,6802,M,159532.0,59.0,59.0,,comtrade,2026-10-08
842,,50,,2003,6802,M,33121.0,38.0,38.0,,comtrade,2026-10-08
842,,51,,2003,6802,M,240204.0,302.0,302.0,,comtrade,2026-10-08
842,,68,,2003,6802,M,28938.0,19.0,19.0,,comtrade,2026-10-08
842,,86,,2003,6802,M,18245.0,48.0,48.0,,comtrade,2026-10-08
842,,84,,2003,6802,M,16569.0,18.0,18.0,,comtrade,2026-10-08
842,,100,,2003,6802,M,1416746.0,1671.0,1671.0,,comtrade,2026-10-08
842,,136,,2003,6802,M,12607.0,19.0,19.0,,comtrade,2026-10-08
842,,188,,2003,6802,M,43073.0,20.0,20.0,,comtrade,2026-10-08
842,,218,,2003,6802,M,197077.0,1491.0,1491.0,,comtrade,2026-10-08
842,,231,,2003,6802,M,22420.0,41.0,41.0,,comtrade,2026-10-08
842,,275,,2003,6802,M,288598.0,276.0,276.0,,comtrade,2026-10-08
842,,292,,2003,6802,M,20412.0,16.0,16.0,,comtrade,2026-10-08
842,,340,,2003,6802,M,362051.0,256.0,256.0,,comtrade,2026-10-08
842,,400,,2003,6802,M,480857.0,581.0,581.0,,comtrade,2026-10-08
842,,404,,2003,6802,M,132589.0,78.0,78.0,,comtrade,2026-10-08
842,,422,,2003,6802,M,1530462.0,2091.0,2091.0,,comtrade,2026-10-08
842,,446,,2003,6802,M,22072.0,16.0,16.0,,comtrade,2026-10-08
842,,470,,2003,6802,M,49110.0,91.0,91.0,,comtrade,2026-10-08
842,,512,,2003,6802,M,805179.0,882.0,882.0,,comtrade,2026-10-08
842,,558,,2003,6802,M,8580.0,40.0,40.0,,comtrade,2026-10-08
842,,579,,2003,6802,M,742452.0,391.0,391.0,,comtrade,2026-10-08
842,,591,,2003,6802,M,19071.0,45.0,45.0,,comtrade,2026-10-08
842,,642,,2003,6802,M,454697.0,374.0,374.0,,comtrade,2026-10-08
842,,682,,2003,6802,M,2080889.0,2638.0,2638.0,,comtrade,2026-10-08
842,,702,,2003,6802,M,720024.0,2308.0,2308.0,,comtrade,2026-10-08
842,,703,,2003,6802,M,230129.0,68.0,68.0,,comtrade,2026-10-08
842,,716,,2003,6802,M,707137.0,1260.0,1260.0,,comtrade,2026-10-08
842,,760,,2003,6802,M,510260.0,1002.0,1002.0,,comtrade,2026-10-08
842,,772,,2003,6802,M,63085.0,78.0,78.0,,comtrade,2026-10-08
842,,796,,2003,6802,M,7840.0,24.0,24.0,,comtrade,2026-10-08
842,,804,,2003,6802,M,65807.0,45.0,45.0,,comtrade,2026-10-08
842,,858,,2003,6802,M,612225.0,676.0,676.0,,comtrade,2026-10-08
842,,246,,2003,6802,M,1192440.0,926.0,926.0,,comtrade,2026-10-08
842,,554,,2003,6802,M,22790.0,10.0,10.0,,comtrade,2026-10-08
842,,616,,2003,6802,M,96066.0,92.0,92.0,,comtrade,2026-10-08
842,,152,,2003,6802,M,24389.0,41.0,41.0,,comtrade,2026-10-08
842,,643,,2003,6802,M,83827.0,26.0,26.0,,comtrade,2026-10-08
842,,208,,2003,6802,M,138329.0,96.0,96.0,,comtrade,2026-10-08
842,,704,,2003,6802,M,1232946.0,2082.0,2082.0,,comtrade,2026-10-08
842,,40,,2003,6802,M,265378.0,155.0,155.0,,comtrade,2026-10-08
842,,36,,2003,6802,M,186911.0,193.0,193.0,,comtrade,2026-10-08
842,,764,,2003,6802,M,671297.0,358.0,358.0,,comtrade,2026-10-08
842,,757,,2003,6802,M,250626.0,491.0,491.0,,comtrade,2026-10-08
842,,410,,2003,6802,M,348901.0,182.0,182.0,,comtrade,2026-10-08
842,,826,,2003,6802,M,2507777.0,12037.0,12037.0,,comtrade,2026-10-08
842,,116,,2003,6802,M,2507.0,1.0,1.0,,comtrade,2026-10-08
842,,144,,2003,6802,M,3474.0,1.0,1.0,,comtrade,2026-10-08
842,,442,,2003,6802,M,18756.0,1.0,1.0,,comtrade,2026-10-08
842,,752,,2003,6802,M,3073.0,1.0,1.0,,comtrade,2026-10-08
842,,788,,2003,6802,M,1110131.0,10787.0,10787.0,,comtrade,2026-10-08
842,,504,,2003,6802,M,171973.0,15915.0,15915.0,,comtrade,2026-10-08
842,,784,,2003,6802,M,2281334.0,19704.0,19704.0,,comtrade,2026-10-08
842,,132,,2003,6803,M,7708.0,13804.0,13804.0,,comtrade,2026-10-08
842,,784,,2003,6803,M,18040.0,32306.0,32306.0,,comtrade,2026-10-08
842,,586,,2003,6803,M,23049.0,41277.0,41277.0,,comtrade,2026-10-08
842,,300,,2003,6803,M,7694.0,13779.0,13779.0,,comtrade,2026-10-08
842,,604,,2003,6803,M,12436.0,22271.0,22271.0,,comtrade,2026-10-08
842,,620,,2003,6803,M,248879.0,445698.0,445698.0,,comtrade,2026-10-08
842,,579,,2003,6803,M,173965.0,311540.0,311540.0,,comtrade,2026-10-08
842,,170,,2003,6803,M,82287.0,147361.0,147361.0,,comtrade,2026-10-08
842,,554,,2003,6803,M,4963.0,8888.0,8888.0,,comtrade,2026-10-08
842,,372,,2003,6803,M,7939.0,14217.0,14217.0,,comtrade,2026-10-08
842,,32,,2003,6803,M,117336.0,210128.0,210128.0,,comtrade,2026-10-08
842,,792,,2003,6803,M,14915.0,26710.0,26710.0,,comtrade,2026-10-08
842,,360,,2003,6803,M,33465.0,59930.0,59930.0,,comtrade,2026-10-08
842,,710,,2003,6803,M,1483637.0,2656930.0,2656930.0,,comtrade,2026-10-08
842,,376,,2003,6803,M,254503.0,455770.0,455770.0,,comtrade,2026-10-08
842,,764,,2003,6803,M,204941.0,367013.0,367013.0,,comtrade,2026-10-08
842,,344,,2003,6803,M,120207.0,215269.0,215269.0,,comtrade,2026-10-08
842,,36,,2003,6803,M,13181.0,23605.0,23605.0,,comtrade,2026-10-08
842,,757,,2003,6803,M,24226.0,43384.0,43384.0,,comtrade,2026-10-08
842,,76,,2003,6803,M,12715386.0,22770994.0,22770994.0,,comtrade,2026-10-08
842,,56,,2003,6803,M,68351.0,122404.0,122404.0,,comtrade,2026-10-08
842,,724,,2003,6803,M,1354722.0,2426066.0,2426066.0,,comtrade,2026-10-08
842,,410,,2003,6803,M,81981.0,146813.0,146813.0,,comtrade,2026-10-08
842,,490,,2003,6803,M,247020.0,442369.0,442369.0,,comtrade,2026-10-08
842,,699,,2003,6803,M,39760569.0,71204105.0,71204105.0,,comtrade,2026-10-08
842,,380,,2003,6803,M,8667443.0,15521848.0,15521848.0,,comtrade,2026-10-08
842,,484,,2003,6803,M,100682.0,180304.0,180304.0,,comtrade,2026-10-08
842,,392,,2003,6803,M,21750.0,38950.0,38950.0,,comtrade,2026-10-08
842,,251,,2003,6803,M,280590.0,502487.0,502487.0,,comtrade,2026-10-08
842,,826,,2003,6803,M,2857595.0,5117444.0,5117444.0,,comtrade,2026-10-08
842,,276,,2003,6803,M,84715.0,151709.0,151709.0,,comtrade,2026-10-08
842,,156,,2003,6803,M,28915257.0,51782081.0,51782081.0,,comtrade,2026-10-08
842,,124,,2003,6803,M,1932534.0,3460825.0,3460825.0,,comtrade,2026-10-08
842,,0,,2003,6803,M,99941966.0,178978280.0,178978280.0,,comtrade,2026-10-08
842,,0,,2004,2514,M,6130074.0,12589.0,12589.0,,comtrade,2026-10-08
842,,76,,2004,2514,M,853931.0,2296.0,2296.0,,comtrade,2026-10-08
842,,124,,2004,2514,M,220768.0,435.0,435.0,,comtrade,2026-10-08
842,,156,,2004,2514,M,2540338.0,5292.0,5292.0,,comtrade,2026-10-08
842,,251,,2004,2514,M,63109.0,28.0,28.0,,comtrade,2026-10-08
842,,360,,2004,2514,M,7141.0,17.0,17.0,,comtrade,2026-10-08
842,,380,,2004,2514,M,397904.0,309.0,309.0,,comtrade,2026-10-08
842,,410,,2004,2514,M,8131.0,20.0,20.0,,comtrade,2026-10-08
842,,484,,2004,2514,M,12933.0,50.0,50.0,,comtrade,2026-10-08
842,,490,,2004,2514,M,8539.0,21.0,21.0,,comtrade,2026-10-08
842,,620,,2004,2514,M,16359.0,18.0,18.0,,comtrade,2026-10-08
842,,699,,2004,2514,M,1500700.0,3667.0,3667.0,,comtrade,2026-10-08
842,,710,,2004,2514,M,442333.0,360.0,360.0,,comtrade,2026-10-08
842,,724,,2004,2514,M,44338.0,69.0,69.0,,comtrade,2026-10-08
842,,792,,2004,2514,M,5181.0,6.0,6.0,,comtrade,2026-10-08
842,,826,,2004,2514,M,8369.0,1.0,1.0,,comtrade,2026-10-08
842,,0,,2004,2515,M,6866670.0,1427157.0,1427157.0,,comtrade,2026-10-08
842,,56,,2004,2515,M,8634.0,5.0,5.0,,comtrade,2026-10-08
842,,76,,2004,2515,M,91490.0,91.0,91.0,,comtrade,2026-10-08
842,,124,,2004,2515,M,32171.0,16976.0,16976.0,,comtrade,2026-10-08
842,,156,,2004,2515,M,741238.0,368683.0,368683.0,,comtrade,2026-10-08
842,,170,,2004,2515,M,369502.0,195.0,195.0,,comtrade,2026-10-08
842,,251,,2004,2515,M,64349.0,30.0,30.0,,comtrade,2026-10-08
842,,276,,2004,2515,M,67562.0,62.0,62.0,,comtrade,2026-10-08
842,,300,,2004,2515,M,21528.0,6.0,6.0,,comtrade,2026-10-08
842,,360,,2004,2515,M,19362.0,20.0,20.0,,comtrade,2026-10-08
842,,376,,2004,2515,M,319605.0,24710.0,24710.0,,comtrade,2026-10-08
842,,380,,2004,2515,M,1739406.0,383638.0,383638.0,,comtrade,2026-10-08
842,,392,,2004,2515,M,21911.0,5.0,5.0,,comtrade,2026-10-08
842,,400,,2004,2515,M,12519.0,1.0,1.0,,comtrade,2026-10-08
842,,484,,2004,2515,M,256178.0,60988.0,60988.0,,comtrade,2026-10-08
842,,490,,2004,2515,M,63118.0,41.0,41.0,,comtrade,2026-10-08
842,,586,,2004,2515,M,145375.0,234.0,234.0,,comtrade,2026-10-08
842,,604,,2004,2515,M,82173.0,47203.0,47203.0,,comtrade,2026-10-08
842,,608,,2004,2515,M,30304.0,38.0,38.0,,comtrade,2026-10-08
842,,616,,2004,2515,M,8856.0,1.0,1.0,,comtrade,2026-10-08
842,,620,,2004,2515,M,25371.0,39.0,39.0,,comtrade,2026-10-08
842,,699,,2004,2515,M,43533.0,48.0,48.0,,comtrade,2026-10-08
842,,704,,2004,2515,M,126770.0,269.0,269.0,,comtrade,2026-10-08
842,,724,,2004,2515,M,1076012.0,69703.0,69703.0,,comtrade,2026-10-08
842,,772,,2004,2515,M,2332.0,2.0,2.0,,comtrade,2026-10-08
842,,784,,2004,2515,M,92292.0,164.0,164.0,,comtrade,2026-10-08
842,,792,,2004,2515,M,1299676.0,453840.0,453840.0,,comtrade,2026-10-08
842,,818,,2004,2515,M,90298.0,150.0,150.0,,comtrade,2026-10-08
842,,826,,2004,2515,M,15105.0,16.0,16.0,,comtrade,2026-10-08
842,,0,,2004,2516,M,56231167.0,64403301.0,64403301.0,,comtrade,2026-10-08
842,,32,,2004,2516,M,89159.0,149101.0,149101.0,,comtrade,2026-10-08
842,,36,,2004,2516,M,306493.0,315551.0,315551.0,,comtrade,2026-10-08
842,,56,,2004,2516,M,3334.0,3.0,3.0,,comtrade,2026-10-08
842,,76,,2004,2516,M,12928768.0,10133722.0,10133722.0,,comtrade,2026-10-08
842,,124,,2004,2516,M,5781363.0,16234272.0,16234272.0,,comtrade,2026-10-08
842,,152,,2004,2516,M,6575.0,3.0,3.0,,comtrade,2026-10-08
842,,156,,2004,2516,M,5622325.0,3567043.0,3567043.0,,comtrade,2026-10-08
842,,170,,2004,2516,M,6753.0,64.0,64.0,,comtrade,2026-10-08
842,,246,,2004,2516,M,9643.0,2.0,2.0,,comtrade,2026-10-08
842,,251,,2004,2516,M,299960.0,160.0,160.0,,comtrade,2026-10-08
842,,276,,2004,2516,M,255669.0,51267.0,51267.0,,comtrade,2026-10-08
842,,300,,2004,2516,M,2503.0,1.0,1.0,,comtrade,2026-10-08
842,,344,,2004,2516,M,16345.0,1.0,1.0,,comtrade,2026-10-08
842,,360,,2004,2516,M,60850.0,70.0,70.0,,comtrade,2026-10-08
842,,376,,2004,2516,M,9936.0,19.0,19.0,,comtrade,2026-10-08
842,,380,,2004,2516,M,8299024.0,11918652.0,11918652.0,,comtrade,2026-10-08
842,,392,,2004,2516,M,10316.0,13.0,13.0,,comtrade,2026-10-08
842,,400,,2004,2516,M,2650.0,30.0,30.0,,comtrade,2026-10-08
842,,410,,2004,2516,M,22717.0,20.0,20.0,,comtrade,2026-10-08
842,,422,,2004,2516,M,30762.0,86.0,86.0,,comtrade,2026-10-08
842,,458,,2004,2516,M,132948.0,110.0,110.0,,comtrade,2026-10-08
842,,484,,2004,2516,M,492080.0,365213.0,365213.0,,comtrade,2026-10-08
842,,490,,2004,2516,M,16553.0,9450.0,9450.0,,comtrade,2026-10-08
842,,528,,2004,2516,M,7027.0,1.0,1.0,,comtrade,2026-10-08
842,,579,,2004,2516,M,705933.0,1638970.0,1638970.0,,comtrade,2026-10-08
842,,608,,2004,2516,M,139805.0,565.0,565.0,,comtrade,2026-10-08
842,,616,,2004,2516,M,20487.0,9.0,9.0,,comtrade,2026-10-08
842,,620,,2004,2516,M,137465.0,115.0,115.0,,comtrade,2026-10-08
842,,682,,2004,2516,M,293591.0,874848.0,874848.0,,comtrade,2026-10-08
842,,699,,2004,2516,M,12838655.0,846027.0,846027.0,,comtrade,2026-10-08
842,,702,,2004,2516,M,15907.0,9759.0,9759.0,,comtrade,2026-10-08
842,,703,,2004,2516,M,51758.0,53.0,53.0,,comtrade,2026-10-08
842,,710,,2004,2516,M,4368661.0,10924409.0,10924409.0,,comtrade,2026-10-08
842,,716,,2004,2516,M,1093223.0,1782826.0,1782826.0,,comtrade,2026-10-08
842,,724,,2004,2516,M,985384.0,1294498.0,1294498.0,,comtrade,2026-10-08
842,,752,,2004,2516,M,94806.0,394732.0,394732.0,,comtrade,2026-10-08
842,,757,,2004,2516,M,21593.0,89904.0,89904.0,,comtrade,2026-10-08
842,,784,,2004,2516,M,37903.0,145560.0,145560.0,,comtrade,2026-10-08
842,,792,,2004,2516,M,76008.0,159.0,159.0,,comtrade,2026-10-08
842,,818,,2004,2516,M,9456.0,1.0,1.0,,comtrade,2026-10-08
842,,826,,2004,2516,M,926779.0,3656013.0,3656013.0,,comtrade,2026-10-08
842,,0,,2004,6801,M,8894422.0,23465.0,23465.0,,comtrade,2026-10-08
842,,32,,2004,6801,M,399436.0,1272.0,1272.0,,comtrade,2026-10-08
842,,56,,2004,6801,M,65063.0,27.0,27.0,,comtrade,2026-10-08
842,,76,,2004,6801,M,314748.0,628.0,628.0,,comtrade,2026-10-08
842,,124,,2004,6801,M,2329705.0,9603.0,9603.0,,comtrade,2026-10-08
842,,156,,2004,6801,M,547901.0,1027.0,1027.0,,comtrade,2026-10-08
842,,170,,2004,6801,M,140509.0,948.0,948.0,,comtrade,2026-10-08
842,,251,,2004,6801,M,48715.0,16.0,16.0,,comtrade,2026-10-08
842,,276,,2004,6801,M,32063.0,28.0,28.0,,comtrade,2026-10-08
842,,300,,2004,6801,M,28436.0,40.0,40.0,,comtrade,2026-10-08
842,,344,,2004,6801,M,4498.0,2.0,2.0,,comtrade,2026-10-08
842,,372,,2004,6801,M,210686.0,82.0,82.0,,comtrade,2026-10-08
842,,380,,2004,6801,M,662316.0,1161.0,1161.0,,comtrade,2026-10-08
842,,484,,2004,6801,M,1087228.0,5375.0,5375.0,,comtrade,2026-10-08
842,,528,,2004,6801,M,7545.0,10.0,10.0,,comtrade,2026-10-08
842,,608,,2004,6801,M,8741.0,36.0,36.0,,comtrade,2026-10-08
842,,620,,2004,6801,M,50720.0,185.0,185.0,,comtrade,2026-10-08
842,,699,,2004,6801,M,2784248.0,2785.0,2785.0,,comtrade,2026-10-08
842,,710,,2004,6801,M,3174.0,2.0,2.0,,comtrade,2026-10-08
842,,724,,2004,6801,M,2494.0,1.0,1.0,,comtrade,2026-10-08
842,,804,,2004,6801,M,24200.0,18.0,18.0,,comtrade,2026-10-08
842,,826,,2004,6801,M,141996.0,219.0,219.0,,comtrade,2026-10-08
842,,0,,2004,6802,M,2507188396.0,50206144.0,50206144.0,,comtrade,2026-10-08
842,,32,,2004,6802,M,7967059.0,108079.0,108079.0,,comtrade,2026-10-08
842,,36,,2004,6802,M,108622.0,9390.0,9390.0,,comtrade,2026-10-08
842,,40,,2004,6802,M,53277.0,43.0,43.0,,comtrade,2026-10-08
842,,44,,2004,6802,M,3500.0,8.0,8.0,,comtrade,2026-10-08
842,,48,,2004,6802,M,232601.0,140.0,140.0,,comtrade,2026-10-08
842,,51,,2004,6802,M,787200.0,24524.0,24524.0,,comtrade,2026-10-08
842,,56,,2004,6802,M,3051916.0,32412.0,32412.0,,comtrade,2026-10-08
842,,64,,2004,6802,M,49395.0,41.0,41.0,,comtrade,2026-10-08
842,,68,,2004,6802,M,97942.0,63.0,63.0,,comtrade,2026-10-08
842,,70,,2004,6802,M,138041.0,105.0,105.0,,comtrade,2026-10-08
842,,76,,2004,6802,M,374784200.0,1557021.0,1557021.0,,comtrade,2026-10-08
842,,84,,2004,6802,M,2643.0,4.0,4.0,,comtrade,2026-10-08
842,,100,,2004,6802,M,1252997.0,1812.0,1812.0,,comtrade,2026-10-08
842,,116,,2004,6802,M,14043.0,25.0,25.0,,comtrade,2026-10-08
842,,124,,2004,6802,M,94396803.0,16267390.0,16267390.0,,comtrade,2026-10-08
842,,144,,2004,6802,M,39429.0,43.0,43.0,,comtrade,2026-10-08
842,,152,,2004,6802,M,30127.0,9.0,9.0,,comtrade,2026-10-08
842,,156,,2004,6802,M,274872263.0,5056266.0,5056266.0,,comtrade,2026-10-08
842,,170,,2004,6802,M,3525063.0,568969.0,568969.0,,comtrade,2026-10-08
842,,191,,2004,6802,M,77274.0,85.0,85.0,,comtrade,2026-10-08
842,,196,,2004,6802,M,50719.0,33.0,33.0,,comtrade,2026-10-08
842,,203,,2004,6802,M,657196.0,37318.0,37318.0,,comtrade,2026-10-08
842,,208,,2004,6802,M,180837.0,104.0,104.0,,comtrade,2026-10-08
842,,214,,2004,6802,M,3044890.0,852477.0,852477.0,,comtrade,2026-10-08
842,,218,,2004,6802,M,149625.0,207.0,207.0,,comtrade,2026-10-08
842,,222,,2004,6802,M,20786.0,18.0,18.0,,comtrade,2026-10-08
842,,233,,2004,6802,M,64660.0,9.0,9.0,,comtrade,2026-10-08
842,,246,,2004,6802,M,979708.0,834.0,834.0,,comtrade,2026-10-08
842,,251,,2004,6802,M,24611592.0,318670.0,318670.0,,comtrade,2026-10-08
842,,258,,2004,6802,M,3100.0,1.0,1.0,,comtrade,2026-10-08
842,,268,,2004,6802,M,74757.0,121.0,121.0,,comtrade,2026-10-08
842,,275,,2004,6802,M,362528.0,355.0,355.0,,comtrade,2026-10-08
842,,276,,2004,6802,M,15274299.0,24644.0,24644.0,,comtrade,2026-10-08
842,,292,,2004,6802,M,17894.0,12.0,12.0,,comtrade,2026-10-08
842,,300,,2004,6802,M,21544879.0,243620.0,243620.0,,comtrade,2026-10-08
842,,320,,2004,6802,M,907280.0,74034.0,74034.0,,comtrade,2026-10-08
842,,340,,2004,6802,M,433550.0,255.0,255.0,,comtrade,2026-10-08
842,,344,,2004,6802,M,2975177.0,21470.0,21470.0,,comtrade,2026-10-08
842,,348,,2004,6802,M,6424.0,2.0,2.0,,comtrade,2026-10-08
842,,360,,2004,6802,M,7524843.0,108863.0,108863.0,,comtrade,2026-10-08
842,,372,,2004,6802,M,200093.0,93.0,93.0,,comtrade,2026-10-08
842,,376,,2004,6802,M,30294344.0,1811166.0,1811166.0,,comtrade,2026-10-08
842,,380,,2004,6802,M,649906072.0,9332441.0,9332441.0,,comtrade,2026-10-08
842,,388,,2004,6802,M,604009.0,27510.0,27510.0,,comtrade,2026-10-08
842,,392,,2004,6802,M,659706.0,135.0,135.0,,comtrade,2026-10-08
842,,400,,2004,6802,M,545151.0,739.0,739.0,,comtrade,2026-10-08
842,,404,,2004,6802,M,67203.0,14.0,14.0,,comtrade,2026-10-08
842,,410,,2004,6802,M,315747.0,276.0,276.0,,comtrade,2026-10-08
842,,422,,2004,6802,M,1970559.0,24304.0,24304.0,,comtrade,2026-10-08
842,,446,,2004,6802,M,76819.0,64.0,64.0,,comtrade,2026-10-08
842,,458,,2004,6802,M,1399450.0,71055.0,71055.0,,comtrade,2026-10-08
842,,484,,2004,6802,M,119658404.0,738392.0,738392.0,,comtrade,2026-10-08
842,,490,,2004,6802,M,53648141.0,128158.0,128158.0,,comtrade,2026-10-08
842,,500,,2004,6802,M,5774.0,3.0,3.0,,comtrade,2026-10-08
842,,504,,2004,6802,M,71729.0,30151.0,30151.0,,comtrade,2026-10-08
842,,512,,2004,6802,M,1328366.0,1467.0,1467.0,,comtrade,2026-10-08
842,,524,,2004,6802,M,8193.0,1.0,1.0,,comtrade,2026-10-08
842,,528,,2004,6802,M,1863841.0,6528.0,6528.0,,comtrade,2026-10-08
842,,558,,2004,6802,M,4955.0,20.0,20.0,,comtrade,2026-10-08
842,,562,,2004,6802,M,3460.0,1.0,1.0,,comtrade,2026-10-08
842,,579,,2004,6802,M,476594.0,232.0,232.0,,comtrade,2026-10-08
842,,586,,2004,6802,M,10623296.0,318828.0,318828.0,,comtrade,2026-10-08
842,,591,,2004,6802,M,29769.0,70.0,70.0,,comtrade,2026-10-08
842,,604,,2004,6802,M,19619144.0,763809.0,763809.0,,comtrade,2026-10-08
842,,608,,2004,6802,M,7177595.0,40728.0,40728.0,,comtrade,2026-10-08
842,,616,,2004,6802,M,138289.0,286.0,286.0,,comtrade,2026-10-08
842,,620,,2004,6802,M,17987155.0,85586.0,85586.0,,comtrade,2026-10-08
842,,634,,2004,6802,M,5127.0,1.0,1.0,,comtrade,2026-10-08
842,,642,,2004,6802,M,850697.0,692.0,692.0,,comtrade,2026-10-08
842,,643,,2004,6802,M,7241.0,1.0,1.0,,comtrade,2026-10-08
842,,682,,2004,6802,M,2295827.0,2347.0,2347.0,,comtrade,2026-10-08
842,,686,,2004,6802,M,41228.0,19.0,19.0,,comtrade,2026-10-08
842,,699,,2004,6802,M,248270738.0,4535265.0,4535265.0,,comtrade,2026-10-08
842,,702,,2004,6802,M,341466.0,809.0,809.0,,comtrade,2026-10-08
842,,703,,2004,6802,M,238889.0,62.0,62.0,,comtrade,2026-10-08
842,,704,,2004,6802,M,1679741.0,10297.0,10297.0,,comtrade,2026-10-08
842,,705,,2004,6802,M,25389.0,17.0,17.0,,comtrade,2026-10-08
842,,710,,2004,6802,M,6078128.0,7385.0,7385.0,,comtrade,2026-10-08
842,,716,,2004,6802,M,297464.0,231.0,231.0,,comtrade,2026-10-08
842,,724,,2004,6802,M,165611180.0,2061850.0,2061850.0,,comtrade,2026-10-08
842,,752,,2004,6802,M,70024.0,164.0,164.0,,comtrade,2026-10-08
842,,757,,2004,6802,M,420594.0,34220.0,34220.0,,comtrade,2026-10-08
842,,760,,2004,6802,M,1184651.0,1731.0,1731.0,,comtrade,2026-10-08
842,,764,,2004,6802,M,754680.0,668.0,668.0,,comtrade,2026-10-08
842,,772,,2004,6802,M,103739.0,100.0,100.0,,comtrade,2026-10-08
842,,784,,2004,6802,M,3910552.0,63677.0,63677.0,,comtrade,2026-10-08
842,,788,,2004,6802,M,1206741.0,32194.0,32194.0,,comtrade,2026-10-08
842,,792,,2004,6802,M,304350398.0,4626639.0,4626639.0,,comtrade,2026-10-08
842,,804,,2004,6802,M,7751.0,10.0,10.0,,comtrade,2026-10-08
842,,818,,2004,6802,M,7613375.0,83214.0,83214.0,,comtrade,2026-10-08
842,,826,,2004,6802,M,2483524.0,52628.0,52628.0,,comtrade,2026-10-08
842,,858,,2004,6802,M,211795.0,309.0,309.0,,comtrade,2026-10-08
842,,862,,2004,6802,M,74460.0,82.0,82.0,,comtrade,2026-10-08
842,,0,,2004,6803,M,127963198.0,225535587.0,225535587.0,,comtrade,2026-10-08
842,,32,,2004,6803,M,207388.0,365522.0,365522.0,,comtrade,2026-10-08
842,,56,,2004,6803,M,20838.0,36727.0,36727.0,,comtrade,2026-10-08
842,,76,,2004,6803,M,14235002.0,25089241.0,25089241.0,,comtrade,2026-10-08
842,,124,,2004,6803,M,2076957.0,3660644.0,3660644.0,,comtrade,2026-10-08
842,,156,,2004,6803,M,40965829.0,72202418.0,72202418.0,,comtrade,2026-10-08
842,,170,,2004,6803,M,104390.0,183988.0,183988.0,,comtrade,2026-10-08
842,,246,,2004,6803,M,2620.0,4618.0,4618.0,,comtrade,2026-10-08
842,,251,,2004,6803,M,790965.0,1394079.0,1394079.0,,comtrade,2026-10-08
842,,276,,2004,6803,M,55639.0,98064.0,98064.0,,comtrade,2026-10-08
842,,344,,2004,6803,M,132240.0,233073.0,233073.0,,comtrade,2026-10-08
842,,360,,2004,6803,M,36894.0,65026.0,65026.0,,comtrade,2026-10-08
842,,372,,2004,6803,M,5879.0,10362.0,10362.0,,comtrade,2026-10-08
842,,376,,2004,6803,M,163787.0,288675.0,288675.0,,comtrade,2026-10-08
842,,380,,2004,6803,M,9424518.0,16610746.0,16610746.0,,comtrade,2026-10-08
842,,458,,2004,6803,M,6276.0,11061.0,11061.0,,comtrade,2026-10-08
842,,484,,2004,6803,M,17744.0,31274.0,31274.0,,comtrade,2026-10-08
842,,490,,2004,6803,M,200818.0,353942.0,353942.0,,comtrade,2026-10-08
842,,528,,2004,6803,M,2471.0,4355.0,4355.0,,comtrade,2026-10-08
842,,579,,2004,6803,M,82613.0,145606.0,145606.0,,comtrade,2026-10-08
842,,586,,2004,6803,M,26491.0,46690.0,46690.0,,comtrade,2026-10-08
842,,604,,2004,6803,M,4738.0,8351.0,8351.0,,comtrade,2026-10-08
842,,608,,2004,6803,M,117847.0,207706.0,207706.0,,comtrade,2026-10-08
842,,620,,2004,6803,M,121695.0,214488.0,214488.0,,comtrade,2026-10-08
842,,699,,2004,6803,M,51586256.0,90920958.0,90920958.0,,comtrade,2026-10-08
842,,710,,2004,6803,M,1341195.0,2363861.0,2363861.0,,comtrade,2026-10-08
842,,724,,2004,6803,M,2061677.0,3633713.0,3633713.0,,comtrade,2026-10-08
842,,764,,2004,6803,M,234824.0,413878.0,413878.0,,comtrade,2026-10-08
842,,792,,2004,6803,M,568314.0,1001655.0,1001655.0,,comtrade,2026-10-08
842,,818,,2004,6803,M,11319.0,19950.0,19950.0,,comtrade,2026-10-08
842,,826,,2004,6803,M,3349082.0,5902769.0,5902769.0,,comtrade,2026-10-08
842,,858,,2004,6803,M,6892.0,12147.0,12147.0,,comtrade,2026-10-08
842,,0,,2005,2514,M,7714907.0,16401.0,16401.0,,comtrade,2026-10-08
842,,56,,2005,2514,M,4362.0,23.0,23.0,,comtrade,2026-10-08
842,,76,,2005,2514,M,1243646.0,2746.0,2746.0,,comtrade,2026-10-08
842,,124,,2005,2514,M,342612.0,626.0,626.0,,comtrade,2026-10-08
842,,156,,2005,2514,M,3172425.0,7196.0,7196.0,,comtrade,2026-10-08
842,,251,,2005,2514,M,198658.0,49.0,49.0,,comtrade,2026-10-08
842,,380,,2005,2514,M,42642.0,26.0,26.0,,comtrade,2026-10-08
842,,484,,2005,2514,M,4183.0,12.0,12.0,,comtrade,2026-10-08
842,,620,,2005,2514,M,97629.0,88.0,88.0,,comtrade,2026-10-08
842,,699,,2005,2514,M,2503068.0,5485.0,5485.0,,comtrade,2026-10-08
842,,710,,2005,2514,M,65223.0,69.0,69.0,,comtrade,2026-10-08
842,,724,,2005,2514,M,28035.0,46.0,46.0,,comtrade,2026-10-08
842,,792,,2005,2514,M,12424.0,35.0,35.0,,comtrade,2026-10-08
842,,0,,2005,2515,M,11923939.0,34514.0,34514.0,,comtrade,2026-10-08
842,,56,,2005,2515,M,46479.0,9.0,9.0,,comtrade,2026-10-08
842,,68,,2005,2515,M,4674.0,1.0,1.0,,comtrade,2026-10-08
842,,76,,2005,2515,M,270601.0,398.0,398.0,,comtrade,2026-10-08
842,,100,,2005,2515,M,13997.0,40.0,40.0,,comtrade,2026-10-08
842,,124,,2005,2515,M,137153.0,205.0,205.0,,comtrade,2026-10-08
842,,156,,2005,2515,M,1272974.0,1527.0,1527.0,,comtrade,2026-10-08
842,,170,,2005,2515,M,422981.0,445.0,445.0,,comtrade,2026-10-08
842,,218,,2005,2515,M,5526.0,2.0,2.0,,comtrade,2026-10-08
842,,251,,2005,2515,M,45304.0,37.0,37.0,,comtrade,2026-10-08
842,,276,,2005,2515,M,10876.0,4.0,4.0,,comtrade,2026-10-08
842,,300,,2005,2515,M,33708.0,30.0,30.0,,comtrade,2026-10-08
842,,344,,2005,2515,M,10700.0,7.0,7.0,,comtrade,2026-10-08
842,,348,,2005,2515,M,11650.0,3.0,3.0,,comtrade,2026-10-08
842,,376,,2005,2515,M,163225.0,173.0,173.0,,comtrade,2026-10-08
842,,380,,2005,2515,M,3524558.0,2845.0,2845.0,,comtrade,2026-10-08
842,,450,,2005,2515,M,19474.0,20.0,20.0,,comtrade,2026-10-08
842,,484,,2005,2515,M,468231.0,820.0,820.0,,comtrade,2026-10-08
842,,490,,2005,2515,M,47401.0,35.0,35.0,,comtrade,2026-10-08
842,,504,,2005,2515,M,12289.0,9.0,9.0,,comtrade,2026-10-08
842,,586,,2005,2515,M,46500.0,23.0,23.0,,comtrade,2026-10-08
842,,604,,2005,2515,M,279365.0,84.0,84.0,,comtrade,2026-10-08
842,,608,,2005,2515,M,41748.0,60.0,60.0,,comtrade,2026-10-08
842,,620,,2005,2515,M,7302.0,5.0,5.0,,comtrade,2026-10-08
842,,643,,2005,2515,M,16626.0,21.0,21.0,,comtrade,2026-10-08
842,,699,,2005,2515,M,157355.0,183.0,183.0,,comtrade,2026-10-08
842,,704,,2005,2515,M,159255.0,431.0,431.0,,comtrade,2026-10-08
842,,724,,2005,2515,M,1188365.0,1013.0,1013.0,,comtrade,2026-10-08
842,,760,,2005,2515,M,366935.0,190.0,190.0,,comtrade,2026-10-08
842,,772,,2005,2515,M,5531.0,6.0,6.0,,comtrade,2026-10-08
842,,784,,2005,2515,M,40421.0,21038.0,21038.0,,comtrade,2026-10-08
842,,792,,2005,2515,M,2937754.0,4494.0,4494.0,,comtrade,2026-10-08
842,,818,,2005,2515,M,143397.0,346.0,346.0,,comtrade,2026-10-08
842,,826,,2005,2515,M,11584.0,10.0,10.0,,comtrade,2026-10-08
842,,0,,2005,2516,M,59904314.0,281561.0,281561.0,,comtrade,2026-10-08
842,,32,,2005,2516,M,26191.0,110.0,110.0,,comtrade,2026-10-08
842,,36,,2005,2516,M,162041.0,646.0,646.0,,comtrade,2026-10-08
842,,40,,2005,2516,M,14226.0,17.0,17.0,,comtrade,2026-10-08
842,,68,,2005,2516,M,71537.0,136.0,136.0,,comtrade,2026-10-08
842,,76,,2005,2516,M,15371984.0,35404.0,35404.0,,comtrade,2026-10-08
842,,124,,2005,2516,M,6139383.0,32447.0,32447.0,,comtrade,2026-10-08
842,,156,,2005,2516,M,7386392.0,25353.0,25353.0,,comtrade,2026-10-08
842,,170,,2005,2516,M,12834.0,20.0,20.0,,comtrade,2026-10-08
842,,214,,2005,2516,M,5353.0,7.0,7.0,,comtrade,2026-10-08
842,,251,,2005,2516,M,504621.0,376.0,376.0,,comtrade,2026-10-08
842,,276,,2005,2516,M,97692.0,58.0,58.0,,comtrade,2026-10-08
842,,344,,2005,2516,M,68888.0,41.0,41.0,,comtrade,2026-10-08
842,,360,,2005,2516,M,116732.0,42.0,42.0,,comtrade,2026-10-08
842,,376,,2005,2516,M,476407.0,181.0,181.0,,comtrade,2026-10-08
842,,380,,2005,2516,M,6890009.0,6414.0,6414.0,,comtrade,2026-10-08
842,,392,,2005,2516,M,3065.0,1.0,1.0,,comtrade,2026-10-08
842,,404,,2005,2516,M,3465.0,1.0,1.0,,comtrade,2026-10-08
842,,458,,2005,2516,M,7715.0,22.0,22.0,,comtrade,2026-10-08
842,,484,,2005,2516,M,602619.0,1665.0,1665.0,,comtrade,2026-10-08
842,,490,,2005,2516,M,86895.0,304.0,304.0,,comtrade,2026-10-08
842,,579,,2005,2516,M,495638.0,735.0,735.0,,comtrade,2026-10-08
842,,586,,2005,2516,M,6223.0,6.0,6.0,,comtrade,2026-10-08
842,,608,,2005,2516,M,220153.0,875.0,875.0,,comtrade,2026-10-08
842,,616,,2005,2516,M,28522.0,43.0,43.0,,comtrade,2026-10-08
842,,620,,2005,2516,M,8914.0,3.0,3.0,,comtrade,2026-10-08
842,,643,,2005,2516,M,4190.0,1.0,1.0,,comtrade,2026-10-08
842,,682,,2005,2516,M,394465.0,483.0,483.0,,comtrade,2026-10-08
842,,699,,2005,2516,M,14569389.0,154851.0,154851.0,,comtrade,2026-10-08
842,,704,,2005,2516,M,212760.0,219.0,219.0,,comtrade,2026-10-08
842,,710,,2005,2516,M,3358785.0,15802.0,15802.0,,comtrade,2026-10-08
842,,716,,2005,2516,M,1393530.0,3594.0,3594.0,,comtrade,2026-10-08
842,,724,,2005,2516,M,582874.0,445.0,445.0,,comtrade,2026-10-08
842,,752,,2005,2516,M,37940.0,74.0,74.0,,comtrade,2026-10-08
842,,757,,2005,2516,M,52762.0,81.0,81.0,,comtrade,2026-10-08
842,,764,,2005,2516,M,8438.0,1.0,1.0,,comtrade,2026-10-08
842,,784,,2005,2516,M,78867.0,98.0,98.0,,comtrade,2026-10-08
842,,792,,2005,2516,M,7256.0,1.0,1.0,,comtrade,2026-10-08
842,,796,,2005,2516,M,3479.0,4.0,4.0,,comtrade,2026-10-08
842,,826,,2005,2516,M,64532.0,51.0,51.0,,comtrade,2026-10-08
842,,858,,2005,2516,M,327548.0,949.0,949.0,,comtrade,2026-10-08
842,,0,,2005,6801,M,15672541.0,135660.0,135660.0,,comtrade,2026-10-08
842,,32,,2005,6801,M,280267.0,788.0,788.0,,comtrade,2026-10-08
842,,51,,2005,6801,M,10784.0,8.0,8.0,,comtrade,2026-10-08
842,,56,,2005,6801,M,98876.0,108.0,108.0,,comtrade,2026-10-08
842,,76,,2005,6801,M,746427.0,1487.0,1487.0,,comtrade,2026-10-08
842,,124,,2005,6801,M,1215442.0,5884.0,5884.0,,comtrade,2026-10-08
842,,152,,2005,6801,M,38700.0,64.0,64.0,,comtrade,2026-10-08
842,,156,,2005,6801,M,1149639.0,4509.0,4509.0,,comtrade,2026-10-08
842,,170,,2005,6801,M,93444.0,484.0,484.0,,comtrade,2026-10-08
842,,251,,2005,6801,M,26827.0,7.0,7.0,,comtrade,2026-10-08
842,,276,,2005,6801,M,7516.0,18.0,18.0,,comtrade,2026-10-08
842,,300,,2005,6801,M,6969.0,1.0,1.0,,comtrade,2026-10-08
842,,360,,2005,6801,M,4872.0,3.0,3.0,,comtrade,2026-10-08
842,,372,,2005,6801,M,121134.0,84.0,84.0,,comtrade,2026-10-08
842,,380,,2005,6801,M,815993.0,1102.0,1102.0,,comtrade,2026-10-08
842,,484,,2005,6801,M,1843722.0,8574.0,8574.0,,comtrade,2026-10-08
842,,598,,2005,6801,M,4050.0,1.0,1.0,,comtrade,2026-10-08
842,,608,,2005,6801,M,15487.0,40.0,40.0,,comtrade,2026-10-08
842,,616,,2005,6801,M,61296.0,191.0,191.0,,comtrade,2026-10-08
842,,620,,2005,6801,M,56611.0,128.0,128.0,,comtrade,2026-10-08
842,,699,,2005,6801,M,9018740.0,112040.0,112040.0,,comtrade,2026-10-08
842,,704,,2005,6801,M,4700.0,21.0,21.0,,comtrade,2026-10-08
842,,724,,2005,6801,M,33208.0,100.0,100.0,,comtrade,2026-10-08
842,,826,,2005,6801,M,17837.0,18.0,18.0,,comtrade,2026-10-08
842,,0,,2005,6802,M,3064395209.0,71292729.0,71292729.0,,comtrade,2026-10-08
842,,8,,2005,6802,M,41126.0,47.0,47.0,,comtrade,2026-10-08
842,,24,,2005,6802,M,4337.0,1.0,1.0,,comtrade,2026-10-08
842,,28,,2005,6802,M,12569.0,2.0,2.0,,comtrade,2026-10-08
842,,32,,2005,6802,M,8768707.0,64502.0,64502.0,,comtrade,2026-10-08
842,,36,,2005,6802,M,164940.0,13333.0,13333.0,,comtrade,2026-10-08
842,,40,,2005,6802,M,27468.0,17.0,17.0,,comtrade,2026-10-08
842,,44,,2005,6802,M,7421.0,4.0,4.0,,comtrade,2026-10-08
842,,48,,2005,6802,M,32044.0,8.0,8.0,,comtrade,2026-10-08
842,,51,,2005,6802,M,929206.0,54913.0,54913.0,,comtrade,2026-10-08
842,,56,,2005,6802,M,4004401.0,22479.0,22479.0,,comtrade,2026-10-08
842,,64,,2005,6802,M,24267.0,23.0,23.0,,comtrade,2026-10-08
842,,68,,2005,6802,M,92931.0,59.0,59.0,,comtrade,2026-10-08
842,,70,,2005,6802,M,3514.0,1.0,1.0,,comtrade,2026-10-08
842,,76,,2005,6802,M,538450137.0,1377091.0,1377091.0,,comtrade,2026-10-08
842,,84,,2005,6802,M,60525.0,31.0,31.0,,comtrade,2026-10-08
842,,96,,2005,6802,M,13048.0,18.0,18.0,,comtrade,2026-10-08
842,,100,,2005,6802,M,2647397.0,3164.0,3164.0,,comtrade,2026-10-08
842,,116,,2005,6802,M,2836.0,1.0,1.0,,comtrade,2026-10-08
842,,124,,2005,6802,M,91733792.0,24132772.0,24132772.0,,comtrade,2026-10-08
842,,136,,2005,6802,M,22203.0,21.0,21.0,,comtrade,2026-10-08
842,,144,,2005,6802,M,35254.0,62472.0,62472.0,,comtrade,2026-10-08
842,,148,,2005,6802,M,13798.0,17.0,17.0,,comtrade,2026-10-08
842,,152,,2005,6802,M,265136.0,380.0,380.0,,comtrade,2026-10-08
842,,156,,2005,6802,M,391472050.0,9089155.0,9089155.0,,comtrade,2026-10-08
842,,170,,2005,6802,M,3143926.0,495950.0,495950.0,,comtrade,2026-10-08
842,,191,,2005,6802,M,183258.0,171.0,171.0,,comtrade,2026-10-08
842,,196,,2005,6802,M,45564.0,42.0,42.0,,comtrade,2026-10-08
842,,203,,2005,6802,M,883276.0,53506.0,53506.0,,comtrade,2026-10-08
842,,208,,2005,6802,M,109889.0,77.0,77.0,,comtrade,2026-10-08
842,,214,,2005,6802,M,4293705.0,828836.0,828836.0,,comtrade,2026-10-08
842,,218,,2005,6802,M,185895.0,111780.0,111780.0,,comtrade,2026-10-08
842,,233,,2005,6802,M,27841.0,5.0,5.0,,comtrade,2026-10-08
842,,246,,2005,6802,M,1789034.0,1327.0,1327.0,,comtrade,2026-10-08
842,,251,,2005,6802,M,24811529.0,616788.0,616788.0,,comtrade,2026-10-08
842,,268,,2005,6802,M,5024.0,58.0,58.0,,comtrade,2026-10-08
842,,275,,2005,6802,M,1970620.0,2121.0,2121.0,,comtrade,2026-10-08
842,,276,,2005,6802,M,9384974.0,51369.0,51369.0,,comtrade,2026-10-08
842,,288,,2005,6802,M,11580.0,2.0,2.0,,comtrade,2026-10-08
842,,300,,2005,6802,M,23300867.0,382321.0,382321.0,,comtrade,2026-10-08
842,,320,,2005,6802,M,1189039.0,82174.0,82174.0,,comtrade,2026-10-08
842,,340,,2005,6802,M,358199.0,137.0,137.0,,comtrade,2026-10-08
842,,344,,2005,6802,M,3705644.0,169346.0,169346.0,,comtrade,2026-10-08
842,,352,,2005,6802,M,22943.0,19.0,19.0,,comtrade,2026-10-08
842,,360,,2005,6802,M,11433063.0,523620.0,523620.0,,comtrade,2026-10-08
842,,372,,2005,6802,M,153642.0,184.0,184.0,,comtrade,2026-10-08
842,,376,,2005,6802,M,37791273.0,3273947.0,3273947.0,,comtrade,2026-10-08
842,,380,,2005,6802,M,676508741.0,12116859.0,12116859.0,,comtrade,2026-10-08
842,,388,,2005,6802,M,768094.0,31444.0,31444.0,,comtrade,2026-10-08
842,,392,,2005,6802,M,205162.0,13254.0,13254.0,,comtrade,2026-10-08
842,,400,,2005,6802,M,1401261.0,1939.0,1939.0,,comtrade,2026-10-08
842,,404,,2005,6802,M,31802.0,25.0,25.0,,comtrade,2026-10-08
842,,410,,2005,6802,M,1281821.0,11619.0,11619.0,,comtrade,2026-10-08
842,,422,,2005,6802,M,4531349.0,56018.0,56018.0,,comtrade,2026-10-08
842,,440,,2005,6802,M,2862.0,1.0,1.0,,comtrade,2026-10-08
842,,446,,2005,6802,M,260519.0,63713.0,63713.0,,comtrade,2026-10-08
842,,458,,2005,6802,M,2195886.0,17035.0,17035.0,,comtrade,2026-10-08
842,,484,,2005,6802,M,134947181.0,506182.0,506182.0,,comtrade,2026-10-08
842,,490,,2005,6802,M,51909591.0,146892.0,146892.0,,comtrade,2026-10-08
842,,504,,2005,6802,M,149481.0,11944.0,11944.0,,comtrade,2026-10-08
842,,512,,2005,6802,M,1659230.0,1834.0,1834.0,,comtrade,2026-10-08
842,,524,,2005,6802,M,15511.0,5.0,5.0,,comtrade,2026-10-08
842,,528,,2005,6802,M,389475.0,7688.0,7688.0,,comtrade,2026-10-08
842,,530,,2005,6802,M,6452.0,2.0,2.0,,comtrade,2026-10-08
842,,554,,2005,6802,M,11518.0,2.0,2.0,,comtrade,2026-10-08
842,,558,,2005,6802,M,14166.0,6.0,6.0,,comtrade,2026-10-08
842,,579,,2005,6802,M,590220.0,389.0,389.0,,comtrade,2026-10-08
842,,586,,2005,6802,M,12948219.0,373277.0,373277.0,,comtrade,2026-10-08
842,,591,,2005,6802,M,23511.0,17.0,17.0,,comtrade,2026-10-08
842,,604,,2005,6802,M,25558889.0,936789.0,936789.0,,comtrade,2026-10-08
842,,608,,2005,6802,M,5794350.0,137841.0,137841.0,,comtrade,2026-10-08
842,,616,,2005,6802,M,282352.0,294.0,294.0,,comtrade,2026-10-08
842,,620,,2005,6802,M,21577322.0,268411.0,268411.0,,comtrade,2026-10-08
842,,642,,2005,6802,M,1026511.0,861.0,861.0,,comtrade,2026-10-08
842,,643,,2005,6802,M,28127.0,5.0,5.0,,comtrade,2026-10-08
842,,682,,2005,6802,M,3790619.0,4137.0,4137.0,,comtrade,2026-10-08
842,,699,,2005,6802,M,303766465.0,5212010.0,5212010.0,,comtrade,2026-10-08
842,,702,,2005,6802,M,397414.0,444.0,444.0,,comtrade,2026-10-08
842,,703,,2005,6802,M,94283.0,23.0,23.0,,comtrade,2026-10-08
842,,704,,2005,6802,M,2310741.0,4482.0,4482.0,,comtrade,2026-10-08
842,,705,,2005,6802,M,81596.0,48.0,48.0,,comtrade,2026-10-08
842,,710,,2005,6802,M,6863310.0,46797.0,46797.0,,comtrade,2026-10-08
842,,716,,2005,6802,M,137660.0,87.0,87.0,,comtrade,2026-10-08
842,,724,,2005,6802,M,170318684.0,2058745.0,2058745.0,,comtrade,2026-10-08
842,,752,,2005,6802,M,63907.0,53.0,53.0,,comtrade,2026-10-08
842,,757,,2005,6802,M,413583.0,317.0,317.0,,comtrade,2026-10-08
842,,760,,2005,6802,M,977683.0,6385.0,6385.0,,comtrade,2026-10-08
842,,764,,2005,6802,M,1188572.0,87346.0,87346.0,,comtrade,2026-10-08
842,,772,,2005,6802,M,575266.0,27635.0,27635.0,,comtrade,2026-10-08
842,,780,,2005,6802,M,42763.0,18.0,18.0,,comtrade,2026-10-08
842,,784,,2005,6802,M,7670206.0,361493.0,361493.0,,comtrade,2026-10-08
842,,788,,2005,6802,M,1887619.0,106839.0,106839.0,,comtrade,2026-10-08
842,,792,,2005,6802,M,437892035.0,6950869.0,6950869.0,,comtrade,2026-10-08
842,,804,,2005,6802,M,114989.0,93.0,93.0,,comtrade,2026-10-08
842,,818,,2005,6802,M,11292356.0,213728.0,213728.0,,comtrade,2026-10-08
842,,826,,2005,6802,M,6353736.0,68297.0,68297.0,,comtrade,2026-10-08
842,,854,,2005,6802,M,17509.0,24.0,24.0,,comtrade,2026-10-08
842,,858,,2005,6802,M,298651.0,127.0,127.0,,comtrade,2026-10-08
842,,862,,2005,6802,M,96067.0,24094.0,24094.0,,comtrade,2026-10-08
842,,0,,2005,6803,M,157405708.0,277428114.0,277428114.0,,comtrade,2026-10-08
842,,32,,2005,6803,M,277744.0,489525.0,489525.0,,comtrade,2026-10-08
842,,56,,2005,6803,M,11126.0,19610.0,19610.0,,comtrade,2026-10-08
842,,76,,2005,6803,M,15339440.0,27035817.0,27035817.0,,comtrade,2026-10-08
842,,124,,2005,6803,M,2986009.0,5262851.0,5262851.0,,comtrade,2026-10-08
842,,156,,2005,6803,M,60415886.0,106483212.0,106483212.0,,comtrade,2026-10-08
842,,170,,2005,6803,M,166961.0,294269.0,294269.0,,comtrade,2026-10-08
842,,196,,2005,6803,M,86784.0,152957.0,152957.0,,comtrade,2026-10-08
842,,203,,2005,6803,M,9008.0,15877.0,15877.0,,comtrade,2026-10-08
842,,208,,2005,6803,M,26461.0,46638.0,46638.0,,comtrade,2026-10-08
842,,218,,2005,6803,M,19398.0,34189.0,34189.0,,comtrade,2026-10-08
842,,251,,2005,6803,M,1146347.0,2020441.0,2020441.0,,comtrade,2026-10-08
842,,276,,2005,6803,M,39698.0,69968.0,69968.0,,comtrade,2026-10-08
842,,300,,2005,6803,M,29451.0,51907.0,51907.0,,comtrade,2026-10-08
842,,340,,2005,6803,M,4928.0,8686.0,8686.0,,comtrade,2026-10-08
842,,344,,2005,6803,M,50906.0,89722.0,89722.0,,comtrade,2026-10-08
842,,360,,2005,6803,M,143649.0,253182.0,253182.0,,comtrade,2026-10-08
842,,376,,2005,6803,M,170810.0,301053.0,301053.0,,comtrade,2026-10-08
842,,380,,2005,6803,M,7932990.0,13981923.0,13981923.0,,comtrade,2026-10-08
842,,418,,2005,6803,M,8813.0,15533.0,15533.0,,comtrade,2026-10-08
842,,458,,2005,6803,M,50053.0,88219.0,88219.0,,comtrade,2026-10-08
842,,484,,2005,6803,M,38493.0,67844.0,67844.0,,comtrade,2026-10-08
842,,490,,2005,6803,M,153898.0,271246.0,271246.0,,comtrade,2026-10-08
842,,579,,2005,6803,M,163015.0,287315.0,287315.0,,comtrade,2026-10-08
842,,586,,2005,6803,M,10541.0,18579.0,18579.0,,comtrade,2026-10-08
842,,608,,2005,6803,M,246158.0,433854.0,433854.0,,comtrade,2026-10-08
842,,616,,2005,6803,M,29726.0,52392.0,52392.0,,comtrade,2026-10-08
842,,620,,2005,6803,M,396557.0,698933.0,698933.0,,comtrade,2026-10-08
842,,699,,2005,6803,M,60833969.0,107220084.0,107220084.0,,comtrade,2026-10-08
842,,702,,2005,6803,M,55295.0,97458.0,97458.0,,comtrade,2026-10-08
842,,705,,2005,6803,M,7378.0,13004.0,13004.0,,comtrade,2026-10-08
842,,710,,2005,6803,M,1001618.0,1765355.0,1765355.0,,comtrade,2026-10-08
842,,724,,2005,6803,M,1565414.0,2759048.0,2759048.0,,comtrade,2026-10-08
842,,757,,2005,6803,M,13071.0,23038.0,23038.0,,comtrade,2026-10-08
842,,760,,2005,6803,M,75190.0,132523.0,132523.0,,comtrade,2026-10-08
842,,764,,2005,6803,M,26439.0,46599.0,46599.0,,comtrade,2026-10-08
842,,792,,2005,6803,M,442276.0,779513.0,779513.0,,comtrade,2026-10-08
842,,818,,2005,6803,M,16404.0,28912.0,28912.0,,comtrade,2026-10-08
842,,826,,2005,6803,M,3372351.0,5943781.0,5943781.0,,comtrade,2026-10-08
842,,858,,2005,6803,M,41453.0,73061.0,73061.0,,comtrade,2026-10-08
842,,0,,2006,2514,M,10235495.0,19893000.0,19893000.0,,comtrade,2026-10-08
842,,76,,2006,2514,M,990419.0,1723000.0,1723000.0,,comtrade,2026-10-08
842,,124,,2006,2514,M,395988.0,631000.0,631000.0,,comtrade,2026-10-08
842,,156,,2006,2514,M,4011416.0,8446000.0,8446000.0,,comtrade,2026-10-08
842,,251,,2006,2514,M,68477.0,47000.0,47000.0,,comtrade,2026-10-08
842,,372,,2006,2514,M,9655.0,1000.0,1000.0,,comtrade,2026-10-08
842,,380,,2006,2514,M,106955.0,107000.0,107000.0,,comtrade,2026-10-08
842,,682,,2006,2514,M,24258.0,21000.0,21000.0,,comtrade,2026-10-08
842,,699,,2006,2514,M,4310576.0,8631000.0,8631000.0,,comtrade,2026-10-08
842,,710,,2006,2514,M,99545.0,92000.0,92000.0,,comtrade,2026-10-08
842,,724,,2006,2514,M,45005.0,67000.0,67000.0,,comtrade,2026-10-08
842,,752,,2006,2514,M,98897.0,36000.0,36000.0,,comtrade,2026-10-08
842,,792,,2006,2514,M,27471.0,32000.0,32000.0,,comtrade,2026-10-08
842,,826,,2006,2514,M,46833.0,59000.0,59000.0,,comtrade,2026-10-08
842,,0,,2006,2515,M,15378707.0,37561000.0,37561000.0,,comtrade,2026-10-08
842,,76,,2006,2515,M,52819.0,68000.0,68000.0,,comtrade,2026-10-08
842,,124,,2006,2515,M,75369.0,97000.0,97000.0,,comtrade,2026-10-08
842,,144,,2006,2515,M,51913.0,57000.0,57000.0,,comtrade,2026-10-08
842,,156,,2006,2515,M,2364379.0,2699000.0,2699000.0,,comtrade,2026-10-08
842,,170,,2006,2515,M,173129.0,175000.0,175000.0,,comtrade,2026-10-08
842,,208,,2006,2515,M,16596.0,22000.0,22000.0,,comtrade,2026-10-08
842,,214,,2006,2515,M,38753.0,72000.0,72000.0,,comtrade,2026-10-08
842,,251,,2006,2515,M,93407.0,154000.0,154000.0,,comtrade,2026-10-08
842,,276,,2006,2515,M,3347.0,1000.0,1000.0,,comtrade,2026-10-08
842,,340,,2006,2515,M,288449.0,131000.0,131000.0,,comtrade,2026-10-08
842,,360,,2006,2515,M,3928.0,1000.0,1000.0,,comtrade,2026-10-08
842,,376,,2006,2515,M,97833.0,111000.0,111000.0,,comtrade,2026-10-08
842,,380,,2006,2515,M,2678412.0,1424000.0,1424000.0,,comtrade,2026-10-08
842,,410,,2006,2515,M,2266.0,1000.0,1000.0,,comtrade,2026-10-08
842,,422,,2006,2515,M,5450.0,20000.0,20000.0,,comtrade,2026-10-08
842,,484,,2006,2515,M,4419521.0,2938000.0,2938000.0,,comtrade,2026-10-08
842,,490,,2006,2515,M,12784.0,5000.0,5000.0,,comtrade,2026-10-08
842,,586,,2006,2515,M,99725.0,34000.0,34000.0,,comtrade,2026-10-08
842,,604,,2006,2515,M,42875.0,21000.0,21000.0,,comtrade,2026-10-08
842,,620,,2006,2515,M,174395.0,40000.0,40000.0,,comtrade,2026-10-08
842,,688,,2006,2515,M,36202.0,35000.0,35000.0,,comtrade,2026-10-08
842,,699,,2006,2515,M,278133.0,23464000.0,23464000.0,,comtrade,2026-10-08
842,,702,,2006,2515,M,12119.0,1000.0,1000.0,,comtrade,2026-10-08
842,,704,,2006,2515,M,21615.0,35000.0,35000.0,,comtrade,2026-10-08
842,,724,,2006,2515,M,1626754.0,1440000.0,1440000.0,,comtrade,2026-10-08
842,,760,,2006,2515,M,400478.0,344000.0,344000.0,,comtrade,2026-10-08
842,,784,,2006,2515,M,32346.0,64000.0,64000.0,,comtrade,2026-10-08
842,,792,,2006,2515,M,2080370.0,3974000.0,3974000.0,,comtrade,2026-10-08
842,,818,,2006,2515,M,63651.0,90000.0,90000.0,,comtrade,2026-10-08
842,,826,,2006,2515,M,131689.0,43000.0,43000.0,,comtrade,2026-10-08
842,,0,,2006,2516,M,69806374.0,407819008.0,407819008.0,,comtrade,2026-10-08
842,,32,,2006,2516,M,92602.0,177000.0,177000.0,,comtrade,2026-10-08
842,,36,,2006,2516,M,259353.0,396000.0,396000.0,,comtrade,2026-10-08
842,,76,,2006,2516,M,11447660.0,11056000.0,11056000.0,,comtrade,2026-10-08
842,,124,,2006,2516,M,5923400.0,48284000.0,48284000.0,,comtrade,2026-10-08
842,,156,,2006,2516,M,12012217.0,47335000.0,47335000.0,,comtrade,2026-10-08
842,,170,,2006,2516,M,7751.0,21000.0,21000.0,,comtrade,2026-10-08
842,,214,,2006,2516,M,16840.0,74000.0,74000.0,,comtrade,2026-10-08
842,,246,,2006,2516,M,4991.0,10000.0,10000.0,,comtrade,2026-10-08
842,,251,,2006,2516,M,121956.0,42000.0,42000.0,,comtrade,2026-10-08
842,,276,,2006,2516,M,366675.0,86000.0,86000.0,,comtrade,2026-10-08
842,,320,,2006,2516,M,3183.0,7000.0,7000.0,,comtrade,2026-10-08
842,,340,,2006,2516,M,89712.0,25000.0,25000.0,,comtrade,2026-10-08
842,,344,,2006,2516,M,290398.0,203000.0,203000.0,,comtrade,2026-10-08
842,,360,,2006,2516,M,19449.0,24000.0,24000.0,,comtrade,2026-10-08
842,,376,,2006,2516,M,255541.0,236000.0,236000.0,,comtrade,2026-10-08
842,,380,,2006,2516,M,5058291.0,3562000.0,3562000.0,,comtrade,2026-10-08
842,,392,,2006,2516,M,6042.0,21000.0,21000.0,,comtrade,2026-10-08
842,,422,,2006,2516,M,33179.0,209000.0,209000.0,,comtrade,2026-10-08
842,,484,,2006,2516,M,443298.0,1488000.0,1488000.0,,comtrade,2026-10-08
842,,490,,2006,2516,M,384679.0,20044000.0,20044000.0,,comtrade,2026-10-08
842,,528,,2006,2516,M,27682.0,74000.0,74000.0,,comtrade,2026-10-08
842,,554,,2006,2516,M,13650.0,1000.0,1000.0,,comtrade,2026-10-08
842,,579,,2006,2516,M,413402.0,693000.0,693000.0,,comtrade,2026-10-08
842,,608,,2006,2516,M,296900.0,1075000.0,1075000.0,,comtrade,2026-10-08
842,,616,,2006,2516,M,10500.0,4000.0,4000.0,,comtrade,2026-10-08
842,,682,,2006,2516,M,95547.0,124000.0,124000.0,,comtrade,2026-10-08
842,,699,,2006,2516,M,25868994.0,254721008.0,254721008.0,,comtrade,2026-10-08
842,,702,,2006,2516,M,15366.0,15000.0,15000.0,,comtrade,2026-10-08
842,,704,,2006,2516,M,185859.0,145000.0,145000.0,,comtrade,2026-10-08
842,,710,,2006,2516,M,2581645.0,10504000.0,10504000.0,,comtrade,2026-10-08
842,,716,,2006,2516,M,1410126.0,3332000.0,3332000.0,,comtrade,2026-10-08
842,,724,,2006,2516,M,1253745.0,1056000.0,1056000.0,,comtrade,2026-10-08
842,,752,,2006,2516,M,99250.0,66000.0,66000.0,,comtrade,2026-10-08
842,,764,,2006,2516,M,6666.0,1000.0,1000.0,,comtrade,2026-10-08
842,,784,,2006,2516,M,102230.0,89000.0,89000.0,,comtrade,2026-10-08
842,,792,,2006,2516,M,26856.0,45000.0,45000.0,,comtrade,2026-10-08
842,,818,,2006,2516,M,21402.0,29000.0,29000.0,,comtrade,2026-10-08
842,,826,,2006,2516,M,121612.0,275000.0,275000.0,,comtrade,2026-10-08
842,,858,,2006,2516,M,417725.0,2270000.0,2270000.0,,comtrade,2026-10-08
842,,0,,2006,6801,M,12417538.0,90364000.0,90364000.0,,comtrade,2026-10-08
842,,32,,2006,6801,M,30474.0,70000.0,70000.0,,comtrade,2026-10-08
842,,51,,2006,6801,M,21487.0,37000.0,37000.0,,comtrade,2026-10-08
842,,56,,2006,6801,M,95033.0,233000.0,233000.0,,comtrade,2026-10-08
842,,76,,2006,6801,M,558205.0,1031000.0,1031000.0,,comtrade,2026-10-08
842,,124,,2006,6801,M,1224015.0,5852000.0,5852000.0,,comtrade,2026-10-08
842,,156,,2006,6801,M,1426787.0,3945000.0,3945000.0,,comtrade,2026-10-08
842,,170,,2006,6801,M,40955.0,298000.0,298000.0,,comtrade,2026-10-08
842,,251,,2006,6801,M,91915.0,41000.0,41000.0,,comtrade,2026-10-08
842,,276,,2006,6801,M,47798.0,10000.0,10000.0,,comtrade,2026-10-08
842,,360,,2006,6801,M,15529.0,9000.0,9000.0,,comtrade,2026-10-08
842,,372,,2006,6801,M,4727.0,4000.0,4000.0,,comtrade,2026-10-08
842,,380,,2006,6801,M,587896.0,4719000.0,4719000.0,,comtrade,2026-10-08
842,,484,,2006,6801,M,2333763.0,10806000.0,10806000.0,,comtrade,2026-10-08
842,,608,,2006,6801,M,65771.0,170000.0,170000.0,,comtrade,2026-10-08
842,,643,,2006,6801,M,3804.0,1000.0,1000.0,,comtrade,2026-10-08
842,,699,,2006,6801,M,5360485.0,62155000.0,62155000.0,,comtrade,2026-10-08
842,,710,,2006,6801,M,23331.0,44000.0,44000.0,,comtrade,2026-10-08
842,,792,,2006,6801,M,226432.0,649000.0,649000.0,,comtrade,2026-10-08
842,,818,,2006,6801,M,45085.0,151000.0,151000.0,,comtrade,2026-10-08
842,,826,,2006,6801,M,214046.0,139000.0,139000.0,,comtrade,2026-10-08
842,,0,,2006,6802,M,3586665158.0,4878899433.0,4878899433.0,,comtrade,2026-10-08
842,,8,,2006,6802,M,93436.0,91000.0,91000.0,,comtrade,2026-10-08
842,,32,,2006,6802,M,8843558.0,10514989.0,10514989.0,,comtrade,2026-10-08
842,,36,,2006,6802,M,323846.0,433394.0,433394.0,,comtrade,2026-10-08
842,,40,,2006,6802,M,7331.0,2000.0,2000.0,,comtrade,2026-10-08
842,,48,,2006,6802,M,9399.0,9000.0,9000.0,,comtrade,2026-10-08
842,,51,,2006,6802,M,1153064.0,1516000.0,1516000.0,,comtrade,2026-10-08
842,,56,,2006,6802,M,2837910.0,1927578.0,1927578.0,,comtrade,2026-10-08
842,,68,,2006,6802,M,71130.0,41943.0,41943.0,,comtrade,2026-10-08
842,,76,,2006,6802,M,716845087.0,1097145912.0,1097145912.0,,comtrade,2026-10-08
842,,84,,2006,6802,M,49514.0,43000.0,43000.0,,comtrade,2026-10-08
842,,90,,2006,6802,M,3702.0,1000.0,1000.0,,comtrade,2026-10-08
842,,100,,2006,6802,M,2971736.0,3275000.0,3275000.0,,comtrade,2026-10-08
842,,116,,2006,6802,M,57119.0,71148.0,71148.0,,comtrade,2026-10-08
842,,124,,2006,6802,M,98772196.0,293070042.0,293070042.0,,comtrade,2026-10-08
842,,144,,2006,6802,M,128350.0,129000.0,129000.0,,comtrade,2026-10-08
842,,152,,2006,6802,M,372413.0,559000.0,559000.0,,comtrade,2026-10-08
842,,156,,2006,6802,M,505835853.0,756666352.0,756666352.0,,comtrade,2026-10-08
842,,170,,2006,6802,M,3923897.0,5907950.0,5907950.0,,comtrade,2026-10-08
842,,188,,2006,6802,M,30233.0,26000.0,26000.0,,comtrade,2026-10-08
842,,191,,2006,6802,M,377423.0,274000.0,274000.0,,comtrade,2026-10-08
842,,196,,2006,6802,M,106156.0,75000.0,75000.0,,comtrade,2026-10-08
842,,203,,2006,6802,M,786633.0,1058813.0,1058813.0,,comtrade,2026-10-08
842,,208,,2006,6802,M,114449.0,108000.0,108000.0,,comtrade,2026-10-08
842,,214,,2006,6802,M,5486374.0,11312675.0,11312675.0,,comtrade,2026-10-08
842,,218,,2006,6802,M,41395.0,70849.0,70849.0,,comtrade,2026-10-08
842,,232,,2006,6802,M,5999.0,27000.0,27000.0,,comtrade,2026-10-08
842,,233,,2006,6802,M,46929.0,20000.0,20000.0,,comtrade,2026-10-08
842,,246,,2006,6802,M,1639115.0,1422000.0,1422000.0,,comtrade,2026-10-08
842,,251,,2006,6802,M,20470552.0,31503625.0,31503625.0,,comtrade,2026-10-08
842,,275,,2006,6802,M,1664914.0,1648199.0,1648199.0,,comtrade,2026-10-08
842,,276,,2006,6802,M,12255756.0,13386000.0,13386000.0,,comtrade,2026-10-08
842,,288,,2006,6802,M,5099.0,2000.0,2000.0,,comtrade,2026-10-08
842,,292,,2006,6802,M,51509.0,42000.0,42000.0,,comtrade,2026-10-08
842,,300,,2006,6802,M,23869326.0,17013063.0,17013063.0,,comtrade,2026-10-08
842,,320,,2006,6802,M,978713.0,875000.0,875000.0,,comtrade,2026-10-08
842,,340,,2006,6802,M,583790.0,258000.0,258000.0,,comtrade,2026-10-08
842,,344,,2006,6802,M,9349579.0,9936367.0,9936367.0,,comtrade,2026-10-08
842,,348,,2006,6802,M,9070.0,30000.0,30000.0,,comtrade,2026-10-08
842,,352,,2006,6802,M,136419.0,25000.0,25000.0,,comtrade,2026-10-08
842,,360,,2006,6802,M,12548766.0,21811349.0,21811349.0,,comtrade,2026-10-08
842,,372,,2006,6802,M,215619.0,85000.0,85000.0,,comtrade,2026-10-08
842,,376,,2006,6802,M,41258676.0,61066137.0,61066137.0,,comtrade,2026-10-08
842,,380,,2006,6802,M,714571468.0,620616703.0,620616703.0,,comtrade,2026-10-08
842,,384,,2006,6802,M,4237.0,5000.0,5000.0,,comtrade,2026-10-08
842,,392,,2006,6802,M,76855.0,13000.0,13000.0,,comtrade,2026-10-08
842,,400,,2006,6802,M,1485585.0,1082632.0,1082632.0,,comtrade,2026-10-08
842,,404,,2006,6802,M,79003.0,38000.0,38000.0,,comtrade,2026-10-08
842,,410,,2006,6802,M,2539376.0,7477269.0,7477269.0,,comtrade,2026-10-08
842,,417,,2006,6802,M,30013.0,23000.0,23000.0,,comtrade,2026-10-08
842,,422,,2006,6802,M,6213794.0,29402898.0,29402898.0,,comtrade,2026-10-08
842,,428,,2006,6802,M,18500.0,12000.0,12000.0,,comtrade,2026-10-08
842,,442,,2006,6802,M,30129.0,2000.0,2000.0,,comtrade,2026-10-08
842,,446,,2006,6802,M,716615.0,284186.0,284186.0,,comtrade,2026-10-08
842,,450,,2006,6802,M,37367.0,17000.0,17000.0,,comtrade,2026-10-08
842,,458,,2006,6802,M,820279.0,1310000.0,1310000.0,,comtrade,2026-10-08
842,,470,,2006,6802,M,97820.0,16000.0,16000.0,,comtrade,2026-10-08
842,,484,,2006,6802,M,154610337.0,166177753.0,166177753.0,,comtrade,2026-10-08
842,,490,,2006,6802,M,64985162.0,60677968.0,60677968.0,,comtrade,2026-10-08
842,,504,,2006,6802,M,131155.0,72000.0,72000.0,,comtrade,2026-10-08
842,,512,,2006,6802,M,4470893.0,5500000.0,5500000.0,,comtrade,2026-10-08
842,,516,,2006,6802,M,18545.0,19000.0,19000.0,,comtrade,2026-10-08
842,,524,,2006,6802,M,2735.0,1000.0,1000.0,,comtrade,2026-10-08
842,,528,,2006,6802,M,236571.0,159000.0,159000.0,,comtrade,2026-10-08
842,,554,,2006,6802,M,42386.0,13000.0,13000.0,,comtrade,2026-10-08
842,,579,,2006,6802,M,524072.0,448000.0,448000.0,,comtrade,2026-10-08
842,,586,,2006,6802,M,14670832.0,18829035.0,18829035.0,,comtrade,2026-10-08
842,,600,,2006,6802,M,13100.0,9000.0,9000.0,,comtrade,2026-10-08
842,,604,,2006,6802,M,31830639.0,37513736.0,37513736.0,,comtrade,2026-10-08
842,,608,,2006,6802,M,5946041.0,11052000.0,11052000.0,,comtrade,2026-10-08
842,,616,,2006,6802,M,193278.0,161184.0,161184.0,,comtrade,2026-10-08
842,,620,,2006,6802,M,22860741.0,41676619.0,41676619.0,,comtrade,2026-10-08
842,,642,,2006,6802,M,755999.0,495000.0,495000.0,,comtrade,2026-10-08
842,,643,,2006,6802,M,24646.0,6000.0,6000.0,,comtrade,2026-10-08
842,,682,,2006,6802,M,3629480.0,3757000.0,3757000.0,,comtrade,2026-10-08
842,,688,,2006,6802,M,17303.0,17000.0,17000.0,,comtrade,2026-10-08
842,,690,,2006,6802,M,15256.0,20000.0,20000.0,,comtrade,2026-10-08
842,,699,,2006,6802,M,357389050.0,487058381.0,487058381.0,,comtrade,2026-10-08
842,,702,,2006,6802,M,384855.0,407000.0,407000.0,,comtrade,2026-10-08
842,,704,,2006,6802,M,1741139.0,3702515.0,3702515.0,,comtrade,2026-10-08
842,,710,,2006,6802,M,7235006.0,7452242.0,7452242.0,,comtrade,2026-10-08
842,,716,,2006,6802,M,97211.0,80000.0,80000.0,,comtrade,2026-10-08
842,,724,,2006,6802,M,171193264.0,170842825.0,170842825.0,,comtrade,2026-10-08
842,,740,,2006,6802,M,50946.0,21000.0,21000.0,,comtrade,2026-10-08
842,,752,,2006,6802,M,52820.0,82000.0,82000.0,,comtrade,2026-10-08
842,,757,,2006,6802,M,367917.0,242000.0,242000.0,,comtrade,2026-10-08
842,,760,,2006,6802,M,531012.0,1102000.0,1102000.0,,comtrade,2026-10-08
842,,764,,2006,6802,M,720214.0,402000.0,402000.0,,comtrade,2026-10-08
842,,772,,2006,6802,M,230106.0,369000.0,369000.0,,comtrade,2026-10-08
842,,784,,2006,6802,M,8911661.0,11716099.0,11716099.0,,comtrade,2026-10-08
842,,788,,2006,6802,M,2293514.0,18349000.0,18349000.0,,comtrade,2026-10-08
842,,792,,2006,6802,M,504234210.0,799556471.0,799556471.0,,comtrade,2026-10-08
842,,804,,2006,6802,M,75514.0,114000.0,114000.0,,comtrade,2026-10-08
842,,818,,2006,6802,M,14065529.0,19917484.0,19917484.0,,comtrade,2026-10-08
842,,826,,2006,6802,M,10707638.0,6949047.0,6949047.0,,comtrade,2026-10-08
842,,858,,2006,6802,M,268446.0,65000.0,65000.0,,comtrade,2026-10-08
842,,860,,2006,6802,M,10112.0,22000.0,22000.0,,comtrade,2026-10-08
842,,862,,2006,6802,M,72747.0,65000.0,65000.0,,comtrade,2026-10-08
842,,0,,2006,6803,M,170548561.0,300592439.0,300592439.0,,comtrade,2026-10-08
842,,32,,2006,6803,M,184076.0,324435.0,324435.0,,comtrade,2026-10-08
842,,56,,2006,6803,M,3559.0,6273.0,6273.0,,comtrade,2026-10-08
842,,76,,2006,6803,M,15102826.0,26618784.0,26618784.0,,comtrade,2026-10-08
842,,100,,2006,6803,M,14460.0,25486.0,25486.0,,comtrade,2026-10-08
842,,124,,2006,6803,M,4859814.0,8565439.0,8565439.0,,comtrade,2026-10-08
842,,156,,2006,6803,M,68741581.0,121157278.0,121157278.0,,comtrade,2026-10-08
842,,170,,2006,6803,M,219823.0,387439.0,387439.0,,comtrade,2026-10-08
842,,251,,2006,6803,M,514671.0,907109.0,907109.0,,comtrade,2026-10-08
842,,276,,2006,6803,M,96406.0,169916.0,169916.0,,comtrade,2026-10-08
842,,340,,2006,6803,M,9528.0,16793.0,16793.0,,comtrade,2026-10-08
842,,344,,2006,6803,M,46537.0,82022.0,82022.0,,comtrade,2026-10-08
842,,360,,2006,6803,M,235679.0,415385.0,415385.0,,comtrade,2026-10-08
842,,376,,2006,6803,M,152024.0,267943.0,267943.0,,comtrade,2026-10-08
842,,380,,2006,6803,M,8301687.0,14631753.0,14631753.0,,comtrade,2026-10-08
842,,410,,2006,6803,M,35917.0,63304.0,63304.0,,comtrade,2026-10-08
842,,484,,2006,6803,M,29056.0,51211.0,51211.0,,comtrade,2026-10-08
842,,490,,2006,6803,M,203351.0,358407.0,358407.0,,comtrade,2026-10-08
842,,516,,2006,6803,M,7855.0,13844.0,13844.0,,comtrade,2026-10-08
842,,528,,2006,6803,M,10369.0,18275.0,18275.0,,comtrade,2026-10-08
842,,579,,2006,6803,M,40473.0,71334.0,71334.0,,comtrade,2026-10-08
842,,608,,2006,6803,M,108482.0,191200.0,191200.0,,comtrade,2026-10-08
842,,620,,2006,6803,M,164161.0,289334.0,289334.0,,comtrade,2026-10-08
842,,699,,2006,6803,M,64474800.0,113637062.0,113637062.0,,comtrade,2026-10-08
842,,710,,2006,6803,M,1456797.0,2567610.0,2567610.0,,comtrade,2026-10-08
842,,724,,2006,6803,M,3244131.0,5717792.0,5717792.0,,comtrade,2026-10-08
842,,757,,2006,6803,M,21647.0,38153.0,38153.0,,comtrade,2026-10-08
842,,760,,2006,6803,M,5531.0,9748.0,9748.0,,comtrade,2026-10-08
842,,764,,2006,6803,M,3597.0,6340.0,6340.0,,comtrade,2026-10-08
842,,784,,2006,6803,M,36147.0,63709.0,63709.0,,comtrade,2026-10-08
842,,792,,2006,6803,M,243851.0,429788.0,429788.0,,comtrade,2026-10-08
842,,826,,2006,6803,M,1979725.0,3489272.0,3489272.0,,comtrade,2026-10-08
842,,0,,2007,2514,M,7241401.0,14963000.0,14963000.0,,comtrade,2026-10-08
842,,76,,2007,2514,M,722406.0,1452000.0,1452000.0,,comtrade,2026-10-08
842,,124,,2007,2514,M,105253.0,154000.0,154000.0,,comtrade,2026-10-08
842,,156,,2007,2514,M,4537940.0,8932000.0,8932000.0,,comtrade,2026-10-08
842,,344,,2007,2514,M,10284.0,20000.0,20000.0,,comtrade,2026-10-08
842,,376,,2007,2514,M,45335.0,74000.0,74000.0,,comtrade,2026-10-08
842,,380,,2007,2514,M,47833.0,21000.0,21000.0,,comtrade,2026-10-08
842,,470,,2007,2514,M,5424.0,18000.0,18000.0,,comtrade,2026-10-08
842,,484,,2007,2514,M,4400.0,6000.0,6000.0,,comtrade,2026-10-08
842,,586,,2007,2514,M,12946.0,23000.0,23000.0,,comtrade,2026-10-08
842,,620,,2007,2514,M,19340.0,38000.0,38000.0,,comtrade,2026-10-08
842,,699,,2007,2514,M,1661330.0,4133000.0,4133000.0,,comtrade,2026-10-08
842,,710,,2007,2514,M,4076.0,6000.0,6000.0,,comtrade,2026-10-08
842,,724,,2007,2514,M,30113.0,45000.0,45000.0,,comtrade,2026-10-08
842,,757,,2007,2514,M,12839.0,17000.0,17000.0,,comtrade,2026-10-08
842,,764,,2007,2514,M,6168.0,3000.0,3000.0,,comtrade,2026-10-08
842,,826,,2007,2514,M,15714.0,21000.0,21000.0,,comtrade,2026-10-08
842,,0,,2007,2515,M,14856830.0,18434000.0,18434000.0,,comtrade,2026-10-08
842,,32,,2007,2515,M,16166.0,3000.0,3000.0,,comtrade,2026-10-08
842,,56,,2007,2515,M,19149.0,14000.0,14000.0,,comtrade,2026-10-08
842,,68,,2007,2515,M,65468.0,32000.0,32000.0,,comtrade,2026-10-08
842,,76,,2007,2515,M,178534.0,390000.0,390000.0,,comtrade,2026-10-08
842,,124,,2007,2515,M,193757.0,2049000.0,2049000.0,,comtrade,2026-10-08
842,,156,,2007,2515,M,2116452.0,2228000.0,2228000.0,,comtrade,2026-10-08
842,,170,,2007,2515,M,99538.0,77000.0,77000.0,,comtrade,2026-10-08
842,,251,,2007,2515,M,117683.0,103000.0,103000.0,,comtrade,2026-10-08
842,,276,,2007,2515,M,20452.0,22000.0,22000.0,,comtrade,2026-10-08
842,,300,,2007,2515,M,44909.0,16000.0,16000.0,,comtrade,2026-10-08
842,,344,,2007,2515,M,17305.0,20000.0,20000.0,,comtrade,2026-10-08
842,,360,,2007,2515,M,30201.0,40000.0,40000.0,,comtrade,2026-10-08
842,,376,,2007,2515,M,280233.0,380000.0,380000.0,,comtrade,2026-10-08
842,,380,,2007,2515,M,3257051.0,1926000.0,1926000.0,,comtrade,2026-10-08
842,,388,,2007,2515,M,10925.0,80000.0,80000.0,,comtrade,2026-10-08
842,,398,,2007,2515,M,7503.0,10000.0,10000.0,,comtrade,2026-10-08
842,,410,,2007,2515,M,27150.0,23000.0,23000.0,,comtrade,2026-10-08
842,,484,,2007,2515,M,1614276.0,1027000.0,1027000.0,,comtrade,2026-10-08
842,,490,,2007,2515,M,3114.0,1000.0,1000.0,,comtrade,2026-10-08
842,,586,,2007,2515,M,147760.0,59000.0,59000.0,,comtrade,2026-10-08
842,,620,,2007,2515,M,207274.0,306000.0,306000.0,,comtrade,2026-10-08
842,,699,,2007,2515,M,236732.0,186000.0,186000.0,,comtrade,2026-10-08
842,,724,,2007,2515,M,1257332.0,1247000.0,1247000.0,,comtrade,2026-10-08
842,,752,,2007,2515,M,5013.0,1000.0,1000.0,,comtrade,2026-10-08
842,,760,,2007,2515,M,578973.0,678000.0,678000.0,,comtrade,2026-10-08
842,,764,,2007,2515,M,2858.0,5000.0,5000.0,,comtrade,2026-10-08
842,,784,,2007,2515,M,13077.0,18000.0,18000.0,,comtrade,2026-10-08
842,,792,,2007,2515,M,4164450.0,7373000.0,7373000.0,,comtrade,2026-10-08
842,,818,,2007,2515,M,43785.0,93000.0,93000.0,,comtrade,2026-10-08
842,,826,,2007,2515,M,79710.0,27000.0,27000.0,,comtrade,2026-10-08
842,,0,,2007,2516,M,60115825.0,241134000.0,241134000.0,,comtrade,2026-10-08
842,,8,,2007,2516,M,10730.0,42000.0,42000.0,,comtrade,2026-10-08
842,,32,,2007,2516,M,360157.0,418000.0,418000.0,,comtrade,2026-10-08
842,,56,,2007,2516,M,25736.0,9000.0,9000.0,,comtrade,2026-10-08
842,,76,,2007,2516,M,10417953.0,13368000.0,13368000.0,,comtrade,2026-10-08
842,,124,,2007,2516,M,6675740.0,41986000.0,41986000.0,,comtrade,2026-10-08
842,,156,,2007,2516,M,13152047.0,66380000.0,66380000.0,,comtrade,2026-10-08
842,,170,,2007,2516,M,40332.0,122000.0,122000.0,,comtrade,2026-10-08
842,,246,,2007,2516,M,32936.0,93000.0,93000.0,,comtrade,2026-10-08
842,,251,,2007,2516,M,54060.0,25000.0,25000.0,,comtrade,2026-10-08
842,,276,,2007,2516,M,119255.0,41000.0,41000.0,,comtrade,2026-10-08
842,,320,,2007,2516,M,16085.0,18000.0,18000.0,,comtrade,2026-10-08
842,,344,,2007,2516,M,24690.0,16000.0,16000.0,,comtrade,2026-10-08
842,,376,,2007,2516,M,4615.0,1000.0,1000.0,,comtrade,2026-10-08
842,,380,,2007,2516,M,3685743.0,4036000.0,4036000.0,,comtrade,2026-10-08
842,,392,,2007,2516,M,12545.0,7000.0,7000.0,,comtrade,2026-10-08
842,,484,,2007,2516,M,638952.0,2440000.0,2440000.0,,comtrade,2026-10-08
842,,490,,2007,2516,M,173818.0,185000.0,185000.0,,comtrade,2026-10-08
842,,512,,2007,2516,M,3450.0,1000.0,1000.0,,comtrade,2026-10-08
842,,528,,2007,2516,M,75971.0,84000.0,84000.0,,comtrade,2026-10-08
842,,554,,2007,2516,M,3250.0,12000.0,12000.0,,comtrade,2026-10-08
842,,579,,2007,2516,M,284055.0,513000.0,513000.0,,comtrade,2026-10-08
842,,608,,2007,2516,M,394258.0,1378000.0,1378000.0,,comtrade,2026-10-08
842,,616,,2007,2516,M,23504.0,2000.0,2000.0,,comtrade,2026-10-08
842,,620,,2007,2516,M,31574.0,65000.0,65000.0,,comtrade,2026-10-08
842,,699,,2007,2516,M,19015435.0,95148000.0,95148000.0,,comtrade,2026-10-08
842,,704,,2007,2516,M,41010.0,95000.0,95000.0,,comtrade,2026-10-08
842,,710,,2007,2516,M,2506455.0,10417000.0,10417000.0,,comtrade,2026-10-08
842,,716,,2007,2516,M,438492.0,906000.0,906000.0,,comtrade,2026-10-08
842,,724,,2007,2516,M,757471.0,480000.0,480000.0,,comtrade,2026-10-08
842,,752,,2007,2516,M,15672.0,23000.0,23000.0,,comtrade,2026-10-08
842,,757,,2007,2516,M,223109.0,370000.0,370000.0,,comtrade,2026-10-08
842,,764,,2007,2516,M,2580.0,1000.0,1000.0,,comtrade,2026-10-08
842,,780,,2007,2516,M,4834.0,20000.0,20000.0,,comtrade,2026-10-08
842,,784,,2007,2516,M,19704.0,18000.0,18000.0,,comtrade,2026-10-08
842,,792,,2007,2516,M,53703.0,86000.0,86000.0,,comtrade,2026-10-08
842,,818,,2007,2516,M,43661.0,84000.0,84000.0,,comtrade,2026-10-08
842,,826,,2007,2516,M,56340.0,58000.0,58000.0,,comtrade,2026-10-08
842,,858,,2007,2516,M,675903.0,2186000.0,2186000.0,,comtrade,2026-10-08
842,,0,,2007,6801,M,18370771.0,118230000.0,118230000.0,,comtrade,2026-10-08
842,,32,,2007,6801,M,55618.0,131000.0,131000.0,,comtrade,2026-10-08
842,,51,,2007,6801,M,14942.0,11000.0,11000.0,,comtrade,2026-10-08
842,,56,,2007,6801,M,94439.0,178000.0,178000.0,,comtrade,2026-10-08
842,,76,,2007,6801,M,591411.0,857000.0,857000.0,,comtrade,2026-10-08
842,,124,,2007,6801,M,1181849.0,4421000.0,4421000.0,,comtrade,2026-10-08
842,,156,,2007,6801,M,1705890.0,4339000.0,4339000.0,,comtrade,2026-10-08
842,,214,,2007,6801,M,11534.0,44000.0,44000.0,,comtrade,2026-10-08
842,,251,,2007,6801,M,132656.0,37000.0,37000.0,,comtrade,2026-10-08
842,,276,,2007,6801,M,5117.0,6000.0,6000.0,,comtrade,2026-10-08
842,,360,,2007,6801,M,28672.0,30000.0,30000.0,,comtrade,2026-10-08
842,,372,,2007,6801,M,4049.0,2000.0,2000.0,,comtrade,2026-10-08
842,,376,,2007,6801,M,16715.0,17000.0,17000.0,,comtrade,2026-10-08
842,,380,,2007,6801,M,930138.0,3146000.0,3146000.0,,comtrade,2026-10-08
842,,484,,2007,6801,M,2035076.0,7783000.0,7783000.0,,comtrade,2026-10-08
842,,608,,2007,6801,M,164858.0,303000.0,303000.0,,comtrade,2026-10-08
842,,620,,2007,6801,M,35789.0,38000.0,38000.0,,comtrade,2026-10-08
842,,699,,2007,6801,M,10349428.0,94923000.0,94923000.0,,comtrade,2026-10-08
842,,710,,2007,6801,M,8619.0,20000.0,20000.0,,comtrade,2026-10-08
842,,724,,2007,6801,M,15703.0,21000.0,21000.0,,comtrade,2026-10-08
842,,764,,2007,6801,M,586964.0,1088000.0,1088000.0,,comtrade,2026-10-08
842,,792,,2007,6801,M,260546.0,625000.0,625000.0,,comtrade,2026-10-08
842,,818,,2007,6801,M,36201.0,110000.0,110000.0,,comtrade,2026-10-08
842,,826,,2007,6801,M,104557.0,100000.0,100000.0,,comtrade,2026-10-08
842,,0,,2007,6802,M,3635052572.0,4733218242.0,4733218242.0,,comtrade,2026-10-08
842,,8,,2007,6802,M,4320.0,87000.0,87000.0,,comtrade,2026-10-08
842,,24,,2007,6802,M,16659.0,6000.0,6000.0,,comtrade,2026-10-08
842,,32,,2007,6802,M,10057992.0,10962569.0,10962569.0,,comtrade,2026-10-08
842,,36,,2007,6802,M,206117.0,135000.0,135000.0,,comtrade,2026-10-08
842,,40,,2007,6802,M,72204.0,18000.0,18000.0,,comtrade,2026-10-08
842,,44,,2007,6802,M,61000.0,1814000.0,1814000.0,,comtrade,2026-10-08
842,,48,,2007,6802,M,32025.0,11000.0,11000.0,,comtrade,2026-10-08
842,,50,,2007,6802,M,33068.0,17000.0,17000.0,,comtrade,2026-10-08
842,,51,,2007,6802,M,728121.0,954000.0,954000.0,,comtrade,2026-10-08
842,,56,,2007,6802,M,2765681.0,3105405.0,3105405.0,,comtrade,2026-10-08
842,,64,,2007,6802,M,2258.0,1000.0,1000.0,,comtrade,2026-10-08
842,,68,,2007,6802,M,41219.0,111000.0,111000.0,,comtrade,2026-10-08
842,,70,,2007,6802,M,4523.0,1000.0,1000.0,,comtrade,2026-10-08
842,,76,,2007,6802,M,729858772.0,936741252.0,936741252.0,,comtrade,2026-10-08
842,,92,,2007,6802,M,142576.0,273000.0,273000.0,,comtrade,2026-10-08
842,,100,,2007,6802,M,3344415.0,3819956.0,3819956.0,,comtrade,2026-10-08
842,,116,,2007,6802,M,52726.0,54000.0,54000.0,,comtrade,2026-10-08
842,,120,,2007,6802,M,77164.0,54497.0,54497.0,,comtrade,2026-10-08
842,,124,,2007,6802,M,104378135.0,194456517.0,194456517.0,,comtrade,2026-10-08
842,,136,,2007,6802,M,48236.0,93000.0,93000.0,,comtrade,2026-10-08
842,,144,,2007,6802,M,58220.0,41000.0,41000.0,,comtrade,2026-10-08
842,,152,,2007,6802,M,25169.0,38000.0,38000.0,,comtrade,2026-10-08
842,,156,,2007,6802,M,588824442.0,730334635.0,730334635.0,,comtrade,2026-10-08
842,,170,,2007,6802,M,3306448.0,5308996.0,5308996.0,,comtrade,2026-10-08
842,,188,,2007,6802,M,2849.0,1000.0,1000.0,,comtrade,2026-10-08
842,,191,,2007,6802,M,220276.0,159000.0,159000.0,,comtrade,2026-10-08
842,,196,,2007,6802,M,136888.0,87000.0,87000.0,,comtrade,2026-10-08
842,,203,,2007,6802,M,584626.0,727814.0,727814.0,,comtrade,2026-10-08
842,,208,,2007,6802,M,3887.0,6108.0,6108.0,,comtrade,2026-10-08
842,,214,,2007,6802,M,7779897.0,15989480.0,15989480.0,,comtrade,2026-10-08
842,,218,,2007,6802,M,16798.0,19000.0,19000.0,,comtrade,2026-10-08
842,,233,,2007,6802,M,13489.0,2000.0,2000.0,,comtrade,2026-10-08
842,,246,,2007,6802,M,1585289.0,1003000.0,1003000.0,,comtrade,2026-10-08
842,,251,,2007,6802,M,25852622.0,113268589.0,113268589.0,,comtrade,2026-10-08
842,,266,,2007,6802,M,7721.0,2000.0,2000.0,,comtrade,2026-10-08
842,,268,,2007,6802,M,32730.0,42000.0,42000.0,,comtrade,2026-10-08
842,,275,,2007,6802,M,2019346.0,1845000.0,1845000.0,,comtrade,2026-10-08
842,,276,,2007,6802,M,11968118.0,8003721.0,8003721.0,,comtrade,2026-10-08
842,,300,,2007,6802,M,28069496.0,18218630.0,18218630.0,,comtrade,2026-10-08
842,,308,,2007,6802,M,56163.0,6000.0,6000.0,,comtrade,2026-10-08
842,,320,,2007,6802,M,731501.0,528395.0,528395.0,,comtrade,2026-10-08
842,,340,,2007,6802,M,572271.0,476000.0,476000.0,,comtrade,2026-10-08
842,,344,,2007,6802,M,8534261.0,7631200.0,7631200.0,,comtrade,2026-10-08
842,,348,,2007,6802,M,76838.0,31000.0,31000.0,,comtrade,2026-10-08
842,,352,,2007,6802,M,2730.0,1000.0,1000.0,,comtrade,2026-10-08
842,,360,,2007,6802,M,12826973.0,18909366.0,18909366.0,,comtrade,2026-10-08
842,,372,,2007,6802,M,211048.0,258438.0,258438.0,,comtrade,2026-10-08
842,,376,,2007,6802,M,47483691.0,66406120.0,66406120.0,,comtrade,2026-10-08
842,,380,,2007,6802,M,676030321.0,581869558.0,581869558.0,,comtrade,2026-10-08
842,,392,,2007,6802,M,114074.0,54613.0,54613.0,,comtrade,2026-10-08
842,,400,,2007,6802,M,1400387.0,1138301.0,1138301.0,,comtrade,2026-10-08
842,,404,,2007,6802,M,16140.0,14000.0,14000.0,,comtrade,2026-10-08
842,,410,,2007,6802,M,3963120.0,1916974.0,1916974.0,,comtrade,2026-10-08
842,,422,,2007,6802,M,14560322.0,213538924.0,213538924.0,,comtrade,2026-10-08
842,,446,,2007,6802,M,257894.0,132682.0,132682.0,,comtrade,2026-10-08
842,,450,,2007,6802,M,32563.0,21000.0,21000.0,,comtrade,2026-10-08
842,,458,,2007,6802,M,578540.0,864000.0,864000.0,,comtrade,2026-10-08
842,,462,,2007,6802,M,4561.0,1000.0,1000.0,,comtrade,2026-10-08
842,,480,,2007,6802,M,21677.0,33000.0,33000.0,,comtrade,2026-10-08
842,,484,,2007,6802,M,149978479.0,194114362.0,194114362.0,,comtrade,2026-10-08
842,,490,,2007,6802,M,58191198.0,52864815.0,52864815.0,,comtrade,2026-10-08
842,,504,,2007,6802,M,185294.0,102000.0,102000.0,,comtrade,2026-10-08
842,,512,,2007,6802,M,3666516.0,4499716.0,4499716.0,,comtrade,2026-10-08
842,,516,,2007,6802,M,3196346.0,2998000.0,2998000.0,,comtrade,2026-10-08
842,,524,,2007,6802,M,4640.0,6000.0,6000.0,,comtrade,2026-10-08
842,,528,,2007,6802,M,134075.0,33000.0,33000.0,,comtrade,2026-10-08
842,,554,,2007,6802,M,21694.0,13000.0,13000.0,,comtrade,2026-10-08
842,,558,,2007,6802,M,7366.0,2000.0,2000.0,,comtrade,2026-10-08
842,,579,,2007,6802,M,588398.0,322000.0,322000.0,,comtrade,2026-10-08
842,,586,,2007,6802,M,16983800.0,10788389.0,10788389.0,,comtrade,2026-10-08
842,,591,,2007,6802,M,12757.0,3000.0,3000.0,,comtrade,2026-10-08
842,,600,,2007,6802,M,20596.0,23000.0,23000.0,,comtrade,2026-10-08
842,,604,,2007,6802,M,33591627.0,33832993.0,33832993.0,,comtrade,2026-10-08
842,,608,,2007,6802,M,6893054.0,9485000.0,9485000.0,,comtrade,2026-10-08
842,,616,,2007,6802,M,330330.0,183000.0,183000.0,,comtrade,2026-10-08
842,,620,,2007,6802,M,25566792.0,25615240.0,25615240.0,,comtrade,2026-10-08
842,,642,,2007,6802,M,428655.0,316000.0,316000.0,,comtrade,2026-10-08
842,,643,,2007,6802,M,9607.0,2000.0,2000.0,,comtrade,2026-10-08
842,,682,,2007,6802,M,1746175.0,2028000.0,2028000.0,,comtrade,2026-10-08
842,,699,,2007,6802,M,334634463.0,444428830.0,444428830.0,,comtrade,2026-10-08
842,,702,,2007,6802,M,317710.0,345000.0,345000.0,,comtrade,2026-10-08
842,,704,,2007,6802,M,2231004.0,3593927.0,3593927.0,,comtrade,2026-10-08
842,,710,,2007,6802,M,4339131.0,4492422.0,4492422.0,,comtrade,2026-10-08
842,,716,,2007,6802,M,81392.0,43000.0,43000.0,,comtrade,2026-10-08
842,,724,,2007,6802,M,149656047.0,157899659.0,157899659.0,,comtrade,2026-10-08
842,,752,,2007,6802,M,32044.0,6000.0,6000.0,,comtrade,2026-10-08
842,,757,,2007,6802,M,1382201.0,713000.0,713000.0,,comtrade,2026-10-08
842,,760,,2007,6802,M,572337.0,1291000.0,1291000.0,,comtrade,2026-10-08
842,,764,,2007,6802,M,675739.0,360000.0,360000.0,,comtrade,2026-10-08
842,,772,,2007,6802,M,135363.0,159000.0,159000.0,,comtrade,2026-10-08
842,,784,,2007,6802,M,7869308.0,11544883.0,11544883.0,,comtrade,2026-10-08
842,,788,,2007,6802,M,2004654.0,12919000.0,12919000.0,,comtrade,2026-10-08
842,,792,,2007,6802,M,510292215.0,770255117.0,770255117.0,,comtrade,2026-10-08
842,,804,,2007,6802,M,3804.0,1000.0,1000.0,,comtrade,2026-10-08
842,,818,,2007,6802,M,17841024.0,24244317.0,24244317.0,,comtrade,2026-10-08
842,,826,,2007,6802,M,11224323.0,21761389.0,21761389.0,,comtrade,2026-10-08
842,,854,,2007,6802,M,20067.0,19000.0,19000.0,,comtrade,2026-10-08
842,,858,,2007,6802,M,237799.0,245443.0,245443.0,,comtrade,2026-10-08
842,,862,,2007,6802,M,33951.0,21000.0,21000.0,,comtrade,2026-10-08
842,,0,,2007,6803,M,154704544.0,218404689.0,218404689.0,,comtrade,2026-10-08
842,,32,,2007,6803,M,429195.0,605918.0,605918.0,,comtrade,2026-10-08
842,,56,,2007,6803,M,9787.0,13817.0,13817.0,,comtrade,2026-10-08
842,,76,,2007,6803,M,12858800.0,18153457.0,18153457.0,,comtrade,2026-10-08
842,,120,,2007,6803,M,9606.0,13561.0,13561.0,,comtrade,2026-10-08
842,,124,,2007,6803,M,5180816.0,7314035.0,7314035.0,,comtrade,2026-10-08
842,,136,,2007,6803,M,23988.0,33865.0,33865.0,,comtrade,2026-10-08
842,,156,,2007,6803,M,60276474.0,85095526.0,85095526.0,,comtrade,2026-10-08
842,,170,,2007,6803,M,159247.0,224818.0,224818.0,,comtrade,2026-10-08
842,,214,,2007,6803,M,11399.0,16093.0,16093.0,,comtrade,2026-10-08
842,,251,,2007,6803,M,463922.0,654944.0,654944.0,,comtrade,2026-10-08
842,,276,,2007,6803,M,94975.0,134081.0,134081.0,,comtrade,2026-10-08
842,,300,,2007,6803,M,3110.0,4391.0,4391.0,,comtrade,2026-10-08
842,,344,,2007,6803,M,427197.0,603097.0,603097.0,,comtrade,2026-10-08
842,,360,,2007,6803,M,39541.0,55822.0,55822.0,,comtrade,2026-10-08
842,,376,,2007,6803,M,24911.0,35168.0,35168.0,,comtrade,2026-10-08
842,,380,,2007,6803,M,5677663.0,8015461.0,8015461.0,,comtrade,2026-10-08
842,,410,,2007,6803,M,86340.0,121891.0,121891.0,,comtrade,2026-10-08
842,,484,,2007,6803,M,18035.0,25461.0,25461.0,,comtrade,2026-10-08
842,,490,,2007,6803,M,227262.0,320838.0,320838.0,,comtrade,2026-10-08
842,,579,,2007,6803,M,76955.0,108641.0,108641.0,,comtrade,2026-10-08
842,,586,,2007,6803,M,74848.0,105667.0,105667.0,,comtrade,2026-10-08
842,,604,,2007,6803,M,5451.0,7695.0,7695.0,,comtrade,2026-10-08
842,,608,,2007,6803,M,5330.0,7525.0,7525.0,,comtrade,2026-10-08
842,,620,,2007,6803,M,150022.0,211794.0,211794.0,,comtrade,2026-10-08
842,,688,,2007,6803,M,6394.0,9027.0,9027.0,,comtrade,2026-10-08
842,,699,,2007,6803,M,59076402.0,83401320.0,83401320.0,,comtrade,2026-10-08
842,,704,,2007,6803,M,115513.0,163076.0,163076.0,,comtrade,2026-10-08
842,,710,,2007,6803,M,949175.0,1340001.0,1340001.0,,comtrade,2026-10-08
842,,724,,2007,6803,M,3330089.0,4701265.0,4701265.0,,comtrade,2026-10-08
842,,752,,2007,6803,M,17791.0,25117.0,25117.0,,comtrade,2026-10-08
842,,764,,2007,6803,M,25909.0,36577.0,36577.0,,comtrade,2026-10-08
842,,784,,2007,6803,M,59764.0,84372.0,84372.0,,comtrade,2026-10-08
842,,792,,2007,6803,M,355013.0,501191.0,501191.0,,comtrade,2026-10-08
842,,826,,2007,6803,M,4433620.0,6259179.0,6259179.0,,comtrade,2026-10-08
842,,0,,2008,2514,M,4073967.0,7239000.0,7239000.0,,comtrade,2026-10-08
842,,76,,2008,2514,M,396172.0,742000.0,742000.0,,comtrade,2026-10-08
842,,124,,2008,2514,M,83025.0,136000.0,136000.0,,comtrade,2026-10-08
842,,156,,2008,2514,M,2633608.0,4560000.0,4560000.0,,comtrade,2026-10-08
842,,300,,2008,2514,M,39993.0,21000.0,21000.0,,comtrade,2026-10-08
842,,344,,2008,2514,M,14556.0,20000.0,20000.0,,comtrade,2026-10-08
842,,380,,2008,2514,M,74672.0,55000.0,55000.0,,comtrade,2026-10-08
842,,410,,2008,2514,M,11145.0,32000.0,32000.0,,comtrade,2026-10-08
842,,620,,2008,2514,M,41774.0,42000.0,42000.0,,comtrade,2026-10-08
842,,699,,2008,2514,M,627504.0,1430000.0,1430000.0,,comtrade,2026-10-08
842,,710,,2008,2514,M,51573.0,88000.0,88000.0,,comtrade,2026-10-08
842,,724,,2008,2514,M,82061.0,102000.0,102000.0,,comtrade,2026-10-08
842,,764,,2008,2514,M,9597.0,7000.0,7000.0,,comtrade,2026-10-08
842,,792,,2008,2514,M,8287.0,4000.0,4000.0,,comtrade,2026-10-08
842,,0,,2008,2515,M,8225984.0,21155562.0,21155562.0,,comtrade,2026-10-08
842,,44,,2008,2515,M,35500.0,2268000.0,2268000.0,,comtrade,2026-10-08
842,,51,,2008,2515,M,2652.0,5678.0,5678.0,,comtrade,2026-10-08
842,,56,,2008,2515,M,9234.0,1000.0,1000.0,,comtrade,2026-10-08
842,,76,,2008,2515,M,134668.0,269464.0,269464.0,,comtrade,2026-10-08
842,,124,,2008,2515,M,118535.0,393089.0,393089.0,,comtrade,2026-10-08
842,,156,,2008,2515,M,2311323.0,5856501.0,5856501.0,,comtrade,2026-10-08
842,,170,,2008,2515,M,28809.0,66348.0,66348.0,,comtrade,2026-10-08
842,,214,,2008,2515,M,69744.0,122783.0,122783.0,,comtrade,2026-10-08
842,,218,,2008,2515,M,3730.0,7986.0,7986.0,,comtrade,2026-10-08
842,,251,,2008,2515,M,154576.0,295369.0,295369.0,,comtrade,2026-10-08
842,,276,,2008,2515,M,106060.0,60186.0,60186.0,,comtrade,2026-10-08
842,,300,,2008,2515,M,13195.0,19184.0,19184.0,,comtrade,2026-10-08
842,,344,,2008,2515,M,4216.0,5000.0,5000.0,,comtrade,2026-10-08
842,,360,,2008,2515,M,11819.0,5000.0,5000.0,,comtrade,2026-10-08
842,,376,,2008,2515,M,181834.0,364224.0,364224.0,,comtrade,2026-10-08
842,,380,,2008,2515,M,2240254.0,4308478.0,4308478.0,,comtrade,2026-10-08
842,,410,,2008,2515,M,9844.0,1000.0,1000.0,,comtrade,2026-10-08
842,,484,,2008,2515,M,145253.0,267605.0,267605.0,,comtrade,2026-10-08
842,,586,,2008,2515,M,38987.0,83473.0,83473.0,,comtrade,2026-10-08
842,,699,,2008,2515,M,141538.0,295444.0,295444.0,,comtrade,2026-10-08
842,,704,,2008,2515,M,144278.0,292234.0,292234.0,,comtrade,2026-10-08
842,,724,,2008,2515,M,612888.0,1302760.0,1302760.0,,comtrade,2026-10-08
842,,760,,2008,2515,M,430252.0,921192.0,921192.0,,comtrade,2026-10-08
842,,764,,2008,2515,M,5000.0,1000.0,1000.0,,comtrade,2026-10-08
842,,788,,2008,2515,M,7610.0,16293.0,16293.0,,comtrade,2026-10-08
842,,792,,2008,2515,M,1056880.0,3549839.0,3549839.0,,comtrade,2026-10-08
842,,818,,2008,2515,M,85031.0,182056.0,182056.0,,comtrade,2026-10-08
842,,826,,2008,2515,M,122274.0,194374.0,194374.0,,comtrade,2026-10-08
842,,0,,2008,2516,M,50022094.0,161845000.0,161845000.0,,comtrade,2026-10-08
842,,32,,2008,2516,M,248280.0,5906993.0,5906993.0,,comtrade,2026-10-08
842,,36,,2008,2516,M,9880.0,1000.0,1000.0,,comtrade,2026-10-08
842,,52,,2008,2516,M,76535.0,251591.0,251591.0,,comtrade,2026-10-08
842,,76,,2008,2516,M,2107406.0,4588280.0,4588280.0,,comtrade,2026-10-08
842,,124,,2008,2516,M,6004170.0,13480248.0,13480248.0,,comtrade,2026-10-08
842,,156,,2008,2516,M,6900021.0,45385486.0,45385486.0,,comtrade,2026-10-08
842,,214,,2008,2516,M,17921.0,58911.0,58911.0,,comtrade,2026-10-08
842,,246,,2008,2516,M,4882.0,13416.0,13416.0,,comtrade,2026-10-08
842,,276,,2008,2516,M,128919.0,355709.0,355709.0,,comtrade,2026-10-08
842,,300,,2008,2516,M,70681.0,46106.0,46106.0,,comtrade,2026-10-08
842,,344,,2008,2516,M,93324.0,211150.0,211150.0,,comtrade,2026-10-08
842,,360,,2008,2516,M,22497.0,56787.0,56787.0,,comtrade,2026-10-08
842,,376,,2008,2516,M,32857.0,74341.0,74341.0,,comtrade,2026-10-08
842,,380,,2008,2516,M,1674572.0,4276429.0,4276429.0,,comtrade,2026-10-08
842,,392,,2008,2516,M,77056.0,247130.0,247130.0,,comtrade,2026-10-08
842,,484,,2008,2516,M,301287.0,839371.0,839371.0,,comtrade,2026-10-08
842,,490,,2008,2516,M,54691.0,239000.0,239000.0,,comtrade,2026-10-08
842,,528,,2008,2516,M,11711.0,26497.0,26497.0,,comtrade,2026-10-08
842,,579,,2008,2516,M,272377.0,7781281.0,7781281.0,,comtrade,2026-10-08
842,,586,,2008,2516,M,16224.0,36708.0,36708.0,,comtrade,2026-10-08
842,,608,,2008,2516,M,382251.0,1153892.0,1153892.0,,comtrade,2026-10-08
842,,620,,2008,2516,M,38743.0,103531.0,103531.0,,comtrade,2026-10-08
842,,699,,2008,2516,M,27121324.0,66147438.0,66147438.0,,comtrade,2026-10-08
842,,704,,2008,2516,M,14006.0,46041.0,46041.0,,comtrade,2026-10-08
842,,710,,2008,2516,M,3109961.0,6155983.0,6155983.0,,comtrade,2026-10-08
842,,716,,2008,2516,M,226290.0,275705.0,275705.0,,comtrade,2026-10-08
842,,724,,2008,2516,M,80949.0,3314794.0,3314794.0,,comtrade,2026-10-08
842,,740,,2008,2516,M,25201.0,57019.0,57019.0,,comtrade,2026-10-08
842,,752,,2008,2516,M,11271.0,6000.0,6000.0,,comtrade,2026-10-08
842,,792,,2008,2516,M,5558.0,18271.0,18271.0,,comtrade,2026-10-08
842,,804,,2008,2516,M,15768.0,35676.0,35676.0,,comtrade,2026-10-08
842,,818,,2008,2516,M,10610.0,31691.0,31691.0,,comtrade,2026-10-08
842,,826,,2008,2516,M,29422.0,38525.0,38525.0,,comtrade,2026-10-08
842,,858,,2008,2516,M,825449.0,584000.0,584000.0,,comtrade,2026-10-08
842,,0,,2008,6801,M,17910755.0,52980000.0,52980000.0,,comtrade,2026-10-08
842,,32,,2008,6801,M,38162.0,45000.0,45000.0,,comtrade,2026-10-08
842,,51,,2008,6801,M,29319.0,4000.0,4000.0,,comtrade,2026-10-08
842,,56,,2008,6801,M,41229.0,30000.0,30000.0,,comtrade,2026-10-08
842,,76,,2008,6801,M,1075187.0,1444000.0,1444000.0,,comtrade,2026-10-08
842,,124,,2008,6801,M,1069207.0,3507000.0,3507000.0,,comtrade,2026-10-08
842,,156,,2008,6801,M,1817373.0,4617000.0,4617000.0,,comtrade,2026-10-08
842,,251,,2008,6801,M,99447.0,46000.0,46000.0,,comtrade,2026-10-08
842,,276,,2008,6801,M,105129.0,366000.0,366000.0,,comtrade,2026-10-08
842,,300,,2008,6801,M,12014.0,22000.0,22000.0,,comtrade,2026-10-08
842,,360,,2008,6801,M,30404.0,67000.0,67000.0,,comtrade,2026-10-08
842,,372,,2008,6801,M,22914.0,9000.0,9000.0,,comtrade,2026-10-08
842,,376,,2008,6801,M,112558.0,134000.0,134000.0,,comtrade,2026-10-08
842,,380,,2008,6801,M,2427865.0,2451000.0,2451000.0,,comtrade,2026-10-08
842,,458,,2008,6801,M,35220.0,66000.0,66000.0,,comtrade,2026-10-08
842,,484,,2008,6801,M,1596284.0,5806000.0,5806000.0,,comtrade,2026-10-08
842,,608,,2008,6801,M,110407.0,201000.0,201000.0,,comtrade,2026-10-08
842,,620,,2008,6801,M,6621.0,30000.0,30000.0,,comtrade,2026-10-08
842,,699,,2008,6801,M,7869172.0,31114000.0,31114000.0,,comtrade,2026-10-08
842,,704,,2008,6801,M,84706.0,339000.0,339000.0,,comtrade,2026-10-08
842,,760,,2008,6801,M,11781.0,17000.0,17000.0,,comtrade,2026-10-08
842,,764,,2008,6801,M,341994.0,617000.0,617000.0,,comtrade,2026-10-08
842,,792,,2008,6801,M,672759.0,1495000.0,1495000.0,,comtrade,2026-10-08
842,,818,,2008,6801,M,189262.0,485000.0,485000.0,,comtrade,2026-10-08
842,,826,,2008,6801,M,111741.0,68000.0,68000.0,,comtrade,2026-10-08
842,,0,,2008,6802,M,3072005197.0,4059404987.0,4059404987.0,,comtrade,2026-10-08
842,,4,,2008,6802,M,2739.0,2774.0,2774.0,,comtrade,2026-10-08
842,,32,,2008,6802,M,6348995.0,5510312.0,5510312.0,,comtrade,2026-10-08
842,,36,,2008,6802,M,1010911.0,960174.0,960174.0,,comtrade,2026-10-08
842,,40,,2008,6802,M,2734.0,2769.0,2769.0,,comtrade,2026-10-08
842,,51,,2008,6802,M,206919.0,121159.0,121159.0,,comtrade,2026-10-08
842,,56,,2008,6802,M,2602853.0,1882939.0,1882939.0,,comtrade,2026-10-08
842,,64,,2008,6802,M,2175.0,2203.0,2203.0,,comtrade,2026-10-08
842,,68,,2008,6802,M,54415.0,53619.0,53619.0,,comtrade,2026-10-08
842,,76,,2008,6802,M,583185794.0,601978413.0,601978413.0,,comtrade,2026-10-08
842,,100,,2008,6802,M,2719367.0,2634393.0,2634393.0,,comtrade,2026-10-08
842,,116,,2008,6802,M,24021.0,24150.0,24150.0,,comtrade,2026-10-08
842,,120,,2008,6802,M,33109.0,35610.0,35610.0,,comtrade,2026-10-08
842,,124,,2008,6802,M,98404796.0,110794387.0,110794387.0,,comtrade,2026-10-08
842,,144,,2008,6802,M,54686.0,55584.0,55584.0,,comtrade,2026-10-08
842,,152,,2008,6802,M,75461.0,90468.0,90468.0,,comtrade,2026-10-08
842,,156,,2008,6802,M,556175880.0,572338421.0,572338421.0,,comtrade,2026-10-08
842,,170,,2008,6802,M,2711418.0,3029529.0,3029529.0,,comtrade,2026-10-08
842,,191,,2008,6802,M,359586.0,260208.0,260208.0,,comtrade,2026-10-08
842,,196,,2008,6802,M,76231.0,77062.0,77062.0,,comtrade,2026-10-08
842,,203,,2008,6802,M,1042203.0,1055792.0,1055792.0,,comtrade,2026-10-08
842,,208,,2008,6802,M,54347.0,71886.0,71886.0,,comtrade,2026-10-08
842,,214,,2008,6802,M,7603460.0,12366478.0,12366478.0,,comtrade,2026-10-08
842,,218,,2008,6802,M,97201.0,178676.0,178676.0,,comtrade,2026-10-08
842,,246,,2008,6802,M,1491876.0,1513282.0,1513282.0,,comtrade,2026-10-08
842,,251,,2008,6802,M,24933294.0,66800681.0,66800681.0,,comtrade,2026-10-08
842,,266,,2008,6802,M,10110.0,9962.0,9962.0,,comtrade,2026-10-08
842,,268,,2008,6802,M,48400.0,49018.0,49018.0,,comtrade,2026-10-08
842,,275,,2008,6802,M,961236.0,1042745.0,1042745.0,,comtrade,2026-10-08
842,,276,,2008,6802,M,12874856.0,29534055.0,29534055.0,,comtrade,2026-10-08
842,,300,,2008,6802,M,25088557.0,24105815.0,24105815.0,,comtrade,2026-10-08
842,,320,,2008,6802,M,730607.0,698194.0,698194.0,,comtrade,2026-10-08
842,,340,,2008,6802,M,586920.0,577934.0,577934.0,,comtrade,2026-10-08
842,,344,,2008,6802,M,2776582.0,2856772.0,2856772.0,,comtrade,2026-10-08
842,,348,,2008,6802,M,77940.0,76800.0,76800.0,,comtrade,2026-10-08
842,,360,,2008,6802,M,14920313.0,16081383.0,16081383.0,,comtrade,2026-10-08
842,,372,,2008,6802,M,166238.0,105267.0,105267.0,,comtrade,2026-10-08
842,,376,,2008,6802,M,38817591.0,74482102.0,74482102.0,,comtrade,2026-10-08
842,,380,,2008,6802,M,568770317.0,634598170.0,634598170.0,,comtrade,2026-10-08
842,,392,,2008,6802,M,712307.0,964415.0,964415.0,,comtrade,2026-10-08
842,,400,,2008,6802,M,1310872.0,1412815.0,1412815.0,,comtrade,2026-10-08
842,,404,,2008,6802,M,6896.0,6984.0,6984.0,,comtrade,2026-10-08
842,,410,,2008,6802,M,773343.0,790583.0,790583.0,,comtrade,2026-10-08
842,,422,,2008,6802,M,18097631.0,490601424.0,490601424.0,,comtrade,2026-10-08
842,,446,,2008,6802,M,481970.0,398694.0,398694.0,,comtrade,2026-10-08
842,,450,,2008,6802,M,10136.0,10393.0,10393.0,,comtrade,2026-10-08
842,,458,,2008,6802,M,666093.0,665778.0,665778.0,,comtrade,2026-10-08
842,,470,,2008,6802,M,4317.0,2000.0,2000.0,,comtrade,2026-10-08
842,,484,,2008,6802,M,111395468.0,134184833.0,134184833.0,,comtrade,2026-10-08
842,,490,,2008,6802,M,42424661.0,43203279.0,43203279.0,,comtrade,2026-10-08
842,,504,,2008,6802,M,161447.0,145159.0,145159.0,,comtrade,2026-10-08
842,,512,,2008,6802,M,1641572.0,1698472.0,1698472.0,,comtrade,2026-10-08
842,,516,,2008,6802,M,3835029.0,3824619.0,3824619.0,,comtrade,2026-10-08
842,,528,,2008,6802,M,102041.0,98306.0,98306.0,,comtrade,2026-10-08
842,,554,,2008,6802,M,480905.0,420411.0,420411.0,,comtrade,2026-10-08
842,,579,,2008,6802,M,642812.0,649770.0,649770.0,,comtrade,2026-10-08
842,,586,,2008,6802,M,13453530.0,12618428.0,12618428.0,,comtrade,2026-10-08
842,,591,,2008,6802,M,4600.0,4533.0,4533.0,,comtrade,2026-10-08
842,,600,,2008,6802,M,10134.0,25000.0,25000.0,,comtrade,2026-10-08
842,,604,,2008,6802,M,30419624.0,32700301.0,32700301.0,,comtrade,2026-10-08
842,,608,,2008,6802,M,4696021.0,6065922.0,6065922.0,,comtrade,2026-10-08
842,,616,,2008,6802,M,71901.0,74075.0,74075.0,,comtrade,2026-10-08
842,,620,,2008,6802,M,30729208.0,38833735.0,38833735.0,,comtrade,2026-10-08
842,,642,,2008,6802,M,192611.0,184669.0,184669.0,,comtrade,2026-10-08
842,,643,,2008,6802,M,36218.0,46245.0,46245.0,,comtrade,2026-10-08
842,,682,,2008,6802,M,336657.0,349106.0,349106.0,,comtrade,2026-10-08
842,,688,,2008,6802,M,859989.0,493663.0,493663.0,,comtrade,2026-10-08
842,,699,,2008,6802,M,301695221.0,311868928.0,311868928.0,,comtrade,2026-10-08
842,,702,,2008,6802,M,878406.0,914901.0,914901.0,,comtrade,2026-10-08
842,,704,,2008,6802,M,2880529.0,3009463.0,3009463.0,,comtrade,2026-10-08
842,,710,,2008,6802,M,1789821.0,1819905.0,1819905.0,,comtrade,2026-10-08
842,,716,,2008,6802,M,113745.0,107961.0,107961.0,,comtrade,2026-10-08
842,,724,,2008,6802,M,109514408.0,185411479.0,185411479.0,,comtrade,2026-10-08
842,,752,,2008,6802,M,18207.0,15689.0,15689.0,,comtrade,2026-10-08
842,,757,,2008,6802,M,390919.0,347342.0,347342.0,,comtrade,2026-10-08
842,,760,,2008,6802,M,1248444.0,1944868.0,1944868.0,,comtrade,2026-10-08
842,,764,,2008,6802,M,769311.0,809807.0,809807.0,,comtrade,2026-10-08
842,,772,,2008,6802,M,178132.0,211475.0,211475.0,,comtrade,2026-10-08
842,,784,,2008,6802,M,4980179.0,6311869.0,6311869.0,,comtrade,2026-10-08
842,,788,,2008,6802,M,2061905.0,2315073.0,2315073.0,,comtrade,2026-10-08
842,,792,,2008,6802,M,404335402.0,584127087.0,584127087.0,,comtrade,2026-10-08
842,,804,,2008,6802,M,38458.0,75633.0,75633.0,,comtrade,2026-10-08
842,,807,,2008,6802,M,81250.0,113623.0,113623.0,,comtrade,2026-10-08
842,,818,,2008,6802,M,12864805.0,14363855.0,14363855.0,,comtrade,2026-10-08
842,,826,,2008,6802,M,9372526.0,8969050.0,8969050.0,,comtrade,2026-10-08
842,,858,,2008,6802,M,86268.0,88710.0,88710.0,,comtrade,2026-10-08
842,,862,,2008,6802,M,45130.0,45477.0,45477.0,,comtrade,2026-10-08
842,,0,,2008,6803,M,123271009.0,208669320.0,208669320.0,,comtrade,2026-10-08
842,,32,,2008,6803,M,231399.0,391705.0,391705.0,,comtrade,2026-10-08
842,,56,,2008,6803,M,65009.0,110045.0,110045.0,,comtrade,2026-10-08
842,,64,,2008,6803,M,11599.0,19634.0,19634.0,,comtrade,2026-10-08
842,,76,,2008,6803,M,11520335.0,19501264.0,19501264.0,,comtrade,2026-10-08
842,,100,,2008,6803,M,50070.0,84757.0,84757.0,,comtrade,2026-10-08
842,,120,,2008,6803,M,12599.0,21327.0,21327.0,,comtrade,2026-10-08
842,,124,,2008,6803,M,3365411.0,5696863.0,5696863.0,,comtrade,2026-10-08
842,,136,,2008,6803,M,8309.0,14065.0,14065.0,,comtrade,2026-10-08
842,,156,,2008,6803,M,49872140.0,84422003.0,84422003.0,,comtrade,2026-10-08
842,,170,,2008,6803,M,40245.0,68125.0,68125.0,,comtrade,2026-10-08
842,,208,,2008,6803,M,30795.0,52129.0,52129.0,,comtrade,2026-10-08
842,,214,,2008,6803,M,60052.0,101654.0,101654.0,,comtrade,2026-10-08
842,,251,,2008,6803,M,552078.0,934540.0,934540.0,,comtrade,2026-10-08
842,,276,,2008,6803,M,54102.0,91582.0,91582.0,,comtrade,2026-10-08
842,,300,,2008,6803,M,34228.0,57940.0,57940.0,,comtrade,2026-10-08
842,,344,,2008,6803,M,53076.0,89845.0,89845.0,,comtrade,2026-10-08
842,,360,,2008,6803,M,35717.0,60461.0,60461.0,,comtrade,2026-10-08
842,,380,,2008,6803,M,2700648.0,4571573.0,4571573.0,,comtrade,2026-10-08
842,,410,,2008,6803,M,17514.0,29647.0,29647.0,,comtrade,2026-10-08
842,,484,,2008,6803,M,299905.0,507670.0,507670.0,,comtrade,2026-10-08
842,,490,,2008,6803,M,72891.0,123388.0,123388.0,,comtrade,2026-10-08
842,,528,,2008,6803,M,5178.0,8765.0,8765.0,,comtrade,2026-10-08
842,,554,,2008,6803,M,2818.0,4770.0,4770.0,,comtrade,2026-10-08
842,,579,,2008,6803,M,2868.0,4855.0,4855.0,,comtrade,2026-10-08
842,,586,,2008,6803,M,32096.0,54331.0,54331.0,,comtrade,2026-10-08
842,,608,,2008,6803,M,9271.0,15694.0,15694.0,,comtrade,2026-10-08
842,,620,,2008,6803,M,178737.0,302560.0,302560.0,,comtrade,2026-10-08
842,,699,,2008,6803,M,47985592.0,81228514.0,81228514.0,,comtrade,2026-10-08
842,,702,,2008,6803,M,18466.0,31259.0,31259.0,,comtrade,2026-10-08
842,,704,,2008,6803,M,92789.0,157070.0,157070.0,,comtrade,2026-10-08
842,,710,,2008,6803,M,605168.0,1024410.0,1024410.0,,comtrade,2026-10-08
842,,724,,2008,6803,M,3183096.0,5388246.0,5388246.0,,comtrade,2026-10-08
842,,764,,2008,6803,M,83371.0,141128.0,141128.0,,comtrade,2026-10-08
842,,792,,2008,6803,M,337723.0,571687.0,571687.0,,comtrade,2026-10-08
842,,826,,2008,6803,M,1633598.0,2765304.0,2765304.0,,comtrade,2026-10-08
842,,862,,2008,6803,M,12116.0,20510.0,20510.0,,comtrade,2026-10-08
842,,0,,2009,2514,M,1475565.0,2898000.0,2898000.0,,comtrade,2026-10-08
842,,76,,2009,2514,M,92596.0,162000.0,162000.0,,comtrade,2026-10-08
842,,124,,2009,2514,M,113322.0,178000.0,178000.0,,comtrade,2026-10-08
842,,156,,2009,2514,M,695548.0,1537000.0,1537000.0,,comtrade,2026-10-08
842,,276,,2009,2514,M,36635.0,56000.0,56000.0,,comtrade,2026-10-08
842,,380,,2009,2514,M,4547.0,3000.0,3000.0,,comtrade,2026-10-08
842,,699,,2009,2514,M,338845.0,757000.0,757000.0,,comtrade,2026-10-08
842,,724,,2009,2514,M,122060.0,188000.0,188000.0,,comtrade,2026-10-08
842,,764,,2009,2514,M,66513.0,16000.0,16000.0,,comtrade,2026-10-08
842,,826,,2009,2514,M,5499.0,1000.0,1000.0,,comtrade,2026-10-08
842,,0,,2009,2515,M,4131479.0,6833000.0,6833000.0,,comtrade,2026-10-08
842,,44,,2009,2515,M,24000.0,672000.0,672000.0,,comtrade,2026-10-08
842,,51,,2009,2515,M,11940.0,31000.0,31000.0,,comtrade,2026-10-08
842,,76,,2009,2515,M,53308.0,27000.0,27000.0,,comtrade,2026-10-08
842,,124,,2009,2515,M,48894.0,161000.0,161000.0,,comtrade,2026-10-08
842,,156,,2009,2515,M,1077792.0,2070000.0,2070000.0,,comtrade,2026-10-08
842,,170,,2009,2515,M,3705.0,11000.0,11000.0,,comtrade,2026-10-08
842,,251,,2009,2515,M,17745.0,7000.0,7000.0,,comtrade,2026-10-08
842,,376,,2009,2515,M,88639.0,126000.0,126000.0,,comtrade,2026-10-08
842,,380,,2009,2515,M,753240.0,509000.0,509000.0,,comtrade,2026-10-08
842,,422,,2009,2515,M,14771.0,22000.0,22000.0,,comtrade,2026-10-08
842,,484,,2009,2515,M,89812.0,309000.0,309000.0,,comtrade,2026-10-08
842,,490,,2009,2515,M,34786.0,5000.0,5000.0,,comtrade,2026-10-08
842,,512,,2009,2515,M,7946.0,1000.0,1000.0,,comtrade,2026-10-08
842,,586,,2009,2515,M,2693.0,1000.0,1000.0,,comtrade,2026-10-08
842,,604,,2009,2515,M,29017.0,27000.0,27000.0,,comtrade,2026-10-08
842,,620,,2009,2515,M,20607.0,7000.0,7000.0,,comtrade,2026-10-08
842,,699,,2009,2515,M,58888.0,74000.0,74000.0,,comtrade,2026-10-08
842,,704,,2009,2515,M,4900.0,1000.0,1000.0,,comtrade,2026-10-08
842,,710,,2009,2515,M,113416.0,43000.0,43000.0,,comtrade,2026-10-08
842,,724,,2009,2515,M,279817.0,484000.0,484000.0,,comtrade,2026-10-08
842,,760,,2009,2515,M,381566.0,238000.0,238000.0,,comtrade,2026-10-08
842,,772,,2009,2515,M,4751.0,45000.0,45000.0,,comtrade,2026-10-08
842,,792,,2009,2515,M,940886.0,1734000.0,1734000.0,,comtrade,2026-10-08
842,,818,,2009,2515,M,53387.0,226000.0,226000.0,,comtrade,2026-10-08
842,,826,,2009,2515,M,14973.0,2000.0,2000.0,,comtrade,2026-10-08
842,,0,,2009,2516,M,23149468.0,114808000.0,114808000.0,,comtrade,2026-10-08
842,,32,,2009,2516,M,276009.0,686000.0,686000.0,,comtrade,2026-10-08
842,,76,,2009,2516,M,912345.0,1458000.0,1458000.0,,comtrade,2026-10-08
842,,124,,2009,2516,M,5112360.0,25675000.0,25675000.0,,comtrade,2026-10-08
842,,156,,2009,2516,M,2958333.0,4693000.0,4693000.0,,comtrade,2026-10-08
842,,214,,2009,2516,M,5456.0,2000.0,2000.0,,comtrade,2026-10-08
842,,246,,2009,2516,M,11515.0,27000.0,27000.0,,comtrade,2026-10-08
842,,251,,2009,2516,M,39370.0,25000.0,25000.0,,comtrade,2026-10-08
842,,276,,2009,2516,M,39573.0,38000.0,38000.0,,comtrade,2026-10-08
842,,300,,2009,2516,M,71167.0,8000.0,8000.0,,comtrade,2026-10-08
842,,304,,2009,2516,M,4658.0,1000.0,1000.0,,comtrade,2026-10-08
842,,344,,2009,2516,M,10808.0,1000.0,1000.0,,comtrade,2026-10-08
842,,360,,2009,2516,M,11717.0,22000.0,22000.0,,comtrade,2026-10-08
842,,376,,2009,2516,M,2281.0,2000.0,2000.0,,comtrade,2026-10-08
842,,380,,2009,2516,M,847129.0,916000.0,916000.0,,comtrade,2026-10-08
842,,392,,2009,2516,M,8895.0,2000.0,2000.0,,comtrade,2026-10-08
842,,484,,2009,2516,M,50688.0,224000.0,224000.0,,comtrade,2026-10-08
842,,490,,2009,2516,M,12731.0,6000.0,6000.0,,comtrade,2026-10-08
842,,528,,2009,2516,M,16438.0,26000.0,26000.0,,comtrade,2026-10-08
842,,579,,2009,2516,M,365658.0,543000.0,543000.0,,comtrade,2026-10-08
842,,608,,2009,2516,M,330268.0,1080000.0,1080000.0,,comtrade,2026-10-08
842,,620,,2009,2516,M,15799.0,32000.0,32000.0,,comtrade,2026-10-08
842,,699,,2009,2516,M,7805286.0,68638000.0,68638000.0,,comtrade,2026-10-08
842,,710,,2009,2516,M,1103710.0,4684000.0,4684000.0,,comtrade,2026-10-08
842,,716,,2009,2516,M,2429553.0,4488000.0,4488000.0,,comtrade,2026-10-08
842,,724,,2009,2516,M,71865.0,75000.0,75000.0,,comtrade,2026-10-08
842,,752,,2009,2516,M,31100.0,64000.0,64000.0,,comtrade,2026-10-08
842,,764,,2009,2516,M,12256.0,19000.0,19000.0,,comtrade,2026-10-08
842,,792,,2009,2516,M,7720.0,2000.0,2000.0,,comtrade,2026-10-08
842,,826,,2009,2516,M,71127.0,124000.0,124000.0,,comtrade,2026-10-08
842,,858,,2009,2516,M,513653.0,1247000.0,1247000.0,,comtrade,2026-10-08
842,,0,,2009,6801,M,12931934.0,80802000.0,80802000.0,,comtrade,2026-10-08
842,,32,,2009,6801,M,16810.0,45000.0,45000.0,,comtrade,2026-10-08
842,,51,,2009,6801,M,19559.0,1000.0,1000.0,,comtrade,2026-10-08
842,,56,,2009,6801,M,53483.0,69000.0,69000.0,,comtrade,2026-10-08
842,,76,,2009,6801,M,713485.0,1171000.0,1171000.0,,comtrade,2026-10-08
842,,124,,2009,6801,M,1114971.0,2888000.0,2888000.0,,comtrade,2026-10-08
842,,156,,2009,6801,M,1792957.0,4777000.0,4777000.0,,comtrade,2026-10-08
842,,214,,2009,6801,M,9905.0,19000.0,19000.0,,comtrade,2026-10-08
842,,251,,2009,6801,M,115786.0,72000.0,72000.0,,comtrade,2026-10-08
842,,276,,2009,6801,M,34827.0,14000.0,14000.0,,comtrade,2026-10-08
842,,360,,2009,6801,M,19592.0,40000.0,40000.0,,comtrade,2026-10-08
842,,372,,2009,6801,M,32259.0,24000.0,24000.0,,comtrade,2026-10-08
842,,376,,2009,6801,M,31766.0,32000.0,32000.0,,comtrade,2026-10-08
842,,380,,2009,6801,M,1029476.0,1256000.0,1256000.0,,comtrade,2026-10-08
842,,484,,2009,6801,M,1128867.0,3936000.0,3936000.0,,comtrade,2026-10-08
842,,528,,2009,6801,M,34436.0,16000.0,16000.0,,comtrade,2026-10-08
842,,608,,2009,6801,M,165677.0,322000.0,322000.0,,comtrade,2026-10-08
842,,699,,2009,6801,M,6453380.0,65817000.0,65817000.0,,comtrade,2026-10-08
842,,704,,2009,6801,M,17302.0,45000.0,45000.0,,comtrade,2026-10-08
842,,792,,2009,6801,M,21215.0,71000.0,71000.0,,comtrade,2026-10-08
842,,818,,2009,6801,M,55389.0,132000.0,132000.0,,comtrade,2026-10-08
842,,826,,2009,6801,M,70792.0,55000.0,55000.0,,comtrade,2026-10-08
842,,0,,2009,6802,M,1945882665.0,2803602242.0,2803602242.0,,comtrade,2026-10-08
842,,8,,2009,6802,M,19551.0,23000.0,23000.0,,comtrade,2026-10-08
842,,32,,2009,6802,M,2265541.0,4016398.0,4016398.0,,comtrade,2026-10-08
842,,36,,2009,6802,M,78870.0,14000.0,14000.0,,comtrade,2026-10-08
842,,40,,2009,6802,M,29765.0,2000.0,2000.0,,comtrade,2026-10-08
842,,51,,2009,6802,M,169657.0,150000.0,150000.0,,comtrade,2026-10-08
842,,56,,2009,6802,M,1387354.0,939848.0,939848.0,,comtrade,2026-10-08
842,,68,,2009,6802,M,10875.0,19000.0,19000.0,,comtrade,2026-10-08
842,,76,,2009,6802,M,394116390.0,532370171.0,532370171.0,,comtrade,2026-10-08
842,,84,,2009,6802,M,38239.0,38000.0,38000.0,,comtrade,2026-10-08
842,,100,,2009,6802,M,1279002.0,1543000.0,1543000.0,,comtrade,2026-10-08
842,,116,,2009,6802,M,21183.0,6000.0,6000.0,,comtrade,2026-10-08
842,,120,,2009,6802,M,9475.0,14174.0,14174.0,,comtrade,2026-10-08
842,,124,,2009,6802,M,76985963.0,85762106.0,85762106.0,,comtrade,2026-10-08
842,,152,,2009,6802,M,99145.0,48000.0,48000.0,,comtrade,2026-10-08
842,,156,,2009,6802,M,406396827.0,484011540.0,484011540.0,,comtrade,2026-10-08
842,,170,,2009,6802,M,1277697.0,1434726.0,1434726.0,,comtrade,2026-10-08
842,,191,,2009,6802,M,81523.0,418000.0,418000.0,,comtrade,2026-10-08
842,,196,,2009,6802,M,15652.0,21000.0,21000.0,,comtrade,2026-10-08
842,,203,,2009,6802,M,842551.0,847000.0,847000.0,,comtrade,2026-10-08
842,,208,,2009,6802,M,7222.0,3000.0,3000.0,,comtrade,2026-10-08
842,,214,,2009,6802,M,4476611.0,9723058.0,9723058.0,,comtrade,2026-10-08
842,,218,,2009,6802,M,66395.0,73000.0,73000.0,,comtrade,2026-10-08
842,,222,,2009,6802,M,10557.0,21000.0,21000.0,,comtrade,2026-10-08
842,,246,,2009,6802,M,823000.0,493000.0,493000.0,,comtrade,2026-10-08
842,,251,,2009,6802,M,16377634.0,7913477.0,7913477.0,,comtrade,2026-10-08
842,,275,,2009,6802,M,157868.0,124000.0,124000.0,,comtrade,2026-10-08
842,,276,,2009,6802,M,4786060.0,3064552.0,3064552.0,,comtrade,2026-10-08
842,,300,,2009,6802,M,15418376.0,6980897.0,6980897.0,,comtrade,2026-10-08
842,,320,,2009,6802,M,126147.0,85000.0,85000.0,,comtrade,2026-10-08
842,,340,,2009,6802,M,237657.0,126000.0,126000.0,,comtrade,2026-10-08
842,,344,,2009,6802,M,1809256.0,1544152.0,1544152.0,,comtrade,2026-10-08
842,,348,,2009,6802,M,52824.0,39000.0,39000.0,,comtrade,2026-10-08
842,,360,,2009,6802,M,10365524.0,10766031.0,10766031.0,,comtrade,2026-10-08
842,,372,,2009,6802,M,86270.0,40957.0,40957.0,,comtrade,2026-10-08
842,,376,,2009,6802,M,17814712.0,18311890.0,18311890.0,,comtrade,2026-10-08
842,,380,,2009,6802,M,308200069.0,192005791.0,192005791.0,,comtrade,2026-10-08
842,,392,,2009,6802,M,294180.0,114000.0,114000.0,,comtrade,2026-10-08
842,,400,,2009,6802,M,322543.0,368000.0,368000.0,,comtrade,2026-10-08
842,,404,,2009,6802,M,38754.0,23000.0,23000.0,,comtrade,2026-10-08
842,,410,,2009,6802,M,321449.0,707407.0,707407.0,,comtrade,2026-10-08
842,,422,,2009,6802,M,6921343.0,470072016.0,470072016.0,,comtrade,2026-10-08
842,,446,,2009,6802,M,73603.0,58733.0,58733.0,,comtrade,2026-10-08
842,,458,,2009,6802,M,754351.0,1514000.0,1514000.0,,comtrade,2026-10-08
842,,480,,2009,6802,M,139448.0,5000.0,5000.0,,comtrade,2026-10-08
842,,484,,2009,6802,M,65111860.0,101246657.0,101246657.0,,comtrade,2026-10-08
842,,490,,2009,6802,M,30635781.0,25000000.0,25000000.0,,comtrade,2026-10-08
842,,496,,2009,6802,M,14595.0,23000.0,23000.0,,comtrade,2026-10-08
842,,504,,2009,6802,M,86218.0,41000.0,41000.0,,comtrade,2026-10-08
842,,512,,2009,6802,M,784086.0,911000.0,911000.0,,comtrade,2026-10-08
842,,516,,2009,6802,M,1779250.0,850000.0,850000.0,,comtrade,2026-10-08
842,,520,,2009,6802,M,7150.0,1000.0,1000.0,,comtrade,2026-10-08
842,,524,,2009,6802,M,3501.0,2000.0,2000.0,,comtrade,2026-10-08
842,,528,,2009,6802,M,46791.0,23000.0,23000.0,,comtrade,2026-10-08
842,,554,,2009,6802,M,285436.0,29000.0,29000.0,,comtrade,2026-10-08
842,,558,,2009,6802,M,5980.0,2000.0,2000.0,,comtrade,2026-10-08
842,,579,,2009,6802,M,235884.0,115000.0,115000.0,,comtrade,2026-10-08
842,,583,,2009,6802,M,4178.0,2000.0,2000.0,,comtrade,2026-10-08
842,,586,,2009,6802,M,7756702.0,4790312.0,4790312.0,,comtrade,2026-10-08
842,,591,,2009,6802,M,67344.0,52000.0,52000.0,,comtrade,2026-10-08
842,,604,,2009,6802,M,14236054.0,13813416.0,13813416.0,,comtrade,2026-10-08
842,,608,,2009,6802,M,2630149.0,15606000.0,15606000.0,,comtrade,2026-10-08
842,,616,,2009,6802,M,3136.0,1000.0,1000.0,,comtrade,2026-10-08
842,,620,,2009,6802,M,20473725.0,24711099.0,24711099.0,,comtrade,2026-10-08
842,,642,,2009,6802,M,456284.0,222000.0,222000.0,,comtrade,2026-10-08
842,,643,,2009,6802,M,2462.0,1000.0,1000.0,,comtrade,2026-10-08
842,,682,,2009,6802,M,210947.0,133000.0,133000.0,,comtrade,2026-10-08
842,,688,,2009,6802,M,176097.0,74000.0,74000.0,,comtrade,2026-10-08
842,,699,,2009,6802,M,186475733.0,210815307.0,210815307.0,,comtrade,2026-10-08
842,,702,,2009,6802,M,696557.0,712296.0,712296.0,,comtrade,2026-10-08
842,,704,,2009,6802,M,2340808.0,3431552.0,3431552.0,,comtrade,2026-10-08
842,,710,,2009,6802,M,844980.0,988000.0,988000.0,,comtrade,2026-10-08
842,,716,,2009,6802,M,61247.0,71000.0,71000.0,,comtrade,2026-10-08
842,,724,,2009,6802,M,62447569.0,91744157.0,91744157.0,,comtrade,2026-10-08
842,,757,,2009,6802,M,913978.0,379000.0,379000.0,,comtrade,2026-10-08
842,,760,,2009,6802,M,894505.0,1346000.0,1346000.0,,comtrade,2026-10-08
842,,764,,2009,6802,M,447712.0,547000.0,547000.0,,comtrade,2026-10-08
842,,772,,2009,6802,M,16488.0,23000.0,23000.0,,comtrade,2026-10-08
842,,784,,2009,6802,M,1816081.0,3042581.0,3042581.0,,comtrade,2026-10-08
842,,788,,2009,6802,M,1076279.0,14070924.0,14070924.0,,comtrade,2026-10-08
842,,792,,2009,6802,M,257461615.0,437154878.0,437154878.0,,comtrade,2026-10-08
842,,804,,2009,6802,M,9590.0,22000.0,22000.0,,comtrade,2026-10-08
842,,818,,2009,6802,M,8156210.0,11822140.0,11822140.0,,comtrade,2026-10-08
842,,826,,2009,6802,M,2238577.0,3856000.0,3856000.0,,comtrade,2026-10-08
842,,858,,2009,6802,M,113025.0,50000.0,50000.0,,comtrade,2026-10-08
842,,862,,2009,6802,M,50988.0,22000.0,22000.0,,comtrade,2026-10-08
842,,0,,2009,6803,M,75208895.0,111040024.0,111040024.0,,comtrade,2026-10-08
842,,32,,2009,6803,M,81352.0,120110.0,120110.0,,comtrade,2026-10-08
842,,56,,2009,6803,M,11453.0,16909.0,16909.0,,comtrade,2026-10-08
842,,76,,2009,6803,M,5477260.0,8086744.0,8086744.0,,comtrade,2026-10-08
842,,100,,2009,6803,M,11347.0,16753.0,16753.0,,comtrade,2026-10-08
842,,124,,2009,6803,M,2831880.0,4181048.0,4181048.0,,comtrade,2026-10-08
842,,156,,2009,6803,M,32176215.0,47505653.0,47505653.0,,comtrade,2026-10-08
842,,170,,2009,6803,M,27033.0,39912.0,39912.0,,comtrade,2026-10-08
842,,214,,2009,6803,M,5177.0,7643.0,7643.0,,comtrade,2026-10-08
842,,251,,2009,6803,M,119325.0,176174.0,176174.0,,comtrade,2026-10-08
842,,276,,2009,6803,M,95950.0,141663.0,141663.0,,comtrade,2026-10-08
842,,344,,2009,6803,M,24720.0,36497.0,36497.0,,comtrade,2026-10-08
842,,376,,2009,6803,M,71041.0,104886.0,104886.0,,comtrade,2026-10-08
842,,380,,2009,6803,M,993120.0,1466264.0,1466264.0,,comtrade,2026-10-08
842,,410,,2009,6803,M,10444.0,15420.0,15420.0,,comtrade,2026-10-08
842,,484,,2009,6803,M,151350.0,223456.0,223456.0,,comtrade,2026-10-08
842,,490,,2009,6803,M,14677.0,21669.0,21669.0,,comtrade,2026-10-08
842,,528,,2009,6803,M,3036.0,4482.0,4482.0,,comtrade,2026-10-08
842,,579,,2009,6803,M,42383.0,62575.0,62575.0,,comtrade,2026-10-08
842,,608,,2009,6803,M,25653.0,37875.0,37875.0,,comtrade,2026-10-08
842,,620,,2009,6803,M,126387.0,186600.0,186600.0,,comtrade,2026-10-08
842,,699,,2009,6803,M,29416429.0,43431046.0,43431046.0,,comtrade,2026-10-08
842,,702,,2009,6803,M,7767.0,11467.0,11467.0,,comtrade,2026-10-08
842,,704,,2009,6803,M,159049.0,234823.0,234823.0,,comtrade,2026-10-08
842,,710,,2009,6803,M,253068.0,373635.0,373635.0,,comtrade,2026-10-08
842,,724,,2009,6803,M,1953627.0,2884377.0,2884377.0,,comtrade,2026-10-08
842,,792,,2009,6803,M,18394.0,27157.0,27157.0,,comtrade,2026-10-08
842,,826,,2009,6803,M,1100758.0,1625183.0,1625183.0,,comtrade,2026-10-08
842,,0,,2010,2514,M,2543451.0,5804000.0,5804000.0,,comtrade,2026-10-08
842,,76,,2010,2514,M,87709.0,171000.0,171000.0,,comtrade,2026-10-08
842,,124,,2010,2514,M,103822.0,167000.0,167000.0,,comtrade,2026-10-08
842,,156,,2010,2514,M,1681202.0,4211000.0,4211000.0,,comtrade,2026-10-08
842,,360,,2010,2514,M,12013.0,23000.0,23000.0,,comtrade,2026-10-08
842,,380,,2010,2514,M,27355.0,10000.0,10000.0,,comtrade,2026-10-08
842,,699,,2010,2514,M,469416.0,979000.0,979000.0,,comtrade,2026-10-08
842,,724,,2010,2514,M,111627.0,234000.0,234000.0,,comtrade,2026-10-08
842,,764,,2010,2514,M,50307.0,9000.0,9000.0,,comtrade,2026-10-08
842,,0,,2010,2515,M,3517559.0,5818000.0,5818000.0,,comtrade,2026-10-08
842,,56,,2010,2515,M,17760.0,7000.0,7000.0,,comtrade,2026-10-08
842,,76,,2010,2515,M,6803.0,1000.0,1000.0,,comtrade,2026-10-08
842,,124,,2010,2515,M,403290.0,1270000.0,1270000.0,,comtrade,2026-10-08
842,,156,,2010,2515,M,1016379.0,1870000.0,1870000.0,,comtrade,2026-10-08
842,,214,,2010,2515,M,22189.0,70000.0,70000.0,,comtrade,2026-10-08
842,,251,,2010,2515,M,47526.0,54000.0,54000.0,,comtrade,2026-10-08
842,,268,,2010,2515,M,16477.0,14000.0,14000.0,,comtrade,2026-10-08
842,,276,,2010,2515,M,34036.0,15000.0,15000.0,,comtrade,2026-10-08
842,,376,,2010,2515,M,14167.0,17000.0,17000.0,,comtrade,2026-10-08
842,,380,,2010,2515,M,635950.0,210000.0,210000.0,,comtrade,2026-10-08
842,,400,,2010,2515,M,50816.0,72000.0,72000.0,,comtrade,2026-10-08
842,,484,,2010,2515,M,60623.0,106000.0,106000.0,,comtrade,2026-10-08
842,,490,,2010,2515,M,4201.0,3000.0,3000.0,,comtrade,2026-10-08
842,,504,,2010,2515,M,48093.0,13000.0,13000.0,,comtrade,2026-10-08
842,,586,,2010,2515,M,65940.0,28000.0,28000.0,,comtrade,2026-10-08
842,,604,,2010,2515,M,9673.0,1000.0,1000.0,,comtrade,2026-10-08
842,,608,,2010,2515,M,18215.0,25000.0,25000.0,,comtrade,2026-10-08
842,,620,,2010,2515,M,7232.0,3000.0,3000.0,,comtrade,2026-10-08
842,,699,,2010,2515,M,59712.0,47000.0,47000.0,,comtrade,2026-10-08
842,,724,,2010,2515,M,226006.0,328000.0,328000.0,,comtrade,2026-10-08
842,,760,,2010,2515,M,244959.0,205000.0,205000.0,,comtrade,2026-10-08
842,,792,,2010,2515,M,260539.0,1062000.0,1062000.0,,comtrade,2026-10-08
842,,818,,2010,2515,M,231347.0,396000.0,396000.0,,comtrade,2026-10-08
842,,826,,2010,2515,M,15626.0,1000.0,1000.0,,comtrade,2026-10-08
842,,0,,2010,2516,M,24049139.0,176021000.0,176021000.0,,comtrade,2026-10-08
842,,32,,2010,2516,M,59981.0,130000.0,130000.0,,comtrade,2026-10-08
842,,36,,2010,2516,M,21346.0,13000.0,13000.0,,comtrade,2026-10-08
842,,76,,2010,2516,M,160601.0,254000.0,254000.0,,comtrade,2026-10-08
842,,124,,2010,2516,M,5392112.0,26075000.0,26075000.0,,comtrade,2026-10-08
842,,156,,2010,2516,M,3161463.0,4853000.0,4853000.0,,comtrade,2026-10-08
842,,246,,2010,2516,M,2308.0,7000.0,7000.0,,comtrade,2026-10-08
842,,251,,2010,2516,M,3796.0,1000.0,1000.0,,comtrade,2026-10-08
842,,276,,2010,2516,M,32560.0,20000.0,20000.0,,comtrade,2026-10-08
842,,344,,2010,2516,M,24922.0,15000.0,15000.0,,comtrade,2026-10-08
842,,380,,2010,2516,M,434346.0,284000.0,284000.0,,comtrade,2026-10-08
842,,458,,2010,2516,M,20273.0,4000.0,4000.0,,comtrade,2026-10-08
842,,484,,2010,2516,M,60278.0,184000.0,184000.0,,comtrade,2026-10-08
842,,528,,2010,2516,M,37879.0,52000.0,52000.0,,comtrade,2026-10-08
842,,579,,2010,2516,M,499279.0,749000.0,749000.0,,comtrade,2026-10-08
842,,608,,2010,2516,M,142181.0,447000.0,447000.0,,comtrade,2026-10-08
842,,699,,2010,2516,M,11751586.0,135545000.0,135545000.0,,comtrade,2026-10-08
842,,710,,2010,2516,M,1219821.0,4784000.0,4784000.0,,comtrade,2026-10-08
842,,716,,2010,2516,M,93937.0,244000.0,244000.0,,comtrade,2026-10-08
842,,724,,2010,2516,M,28836.0,68000.0,68000.0,,comtrade,2026-10-08
842,,740,,2010,2516,M,16547.0,17000.0,17000.0,,comtrade,2026-10-08
842,,752,,2010,2516,M,12733.0,26000.0,26000.0,,comtrade,2026-10-08
842,,764,,2010,2516,M,32957.0,53000.0,53000.0,,comtrade,2026-10-08
842,,792,,2010,2516,M,10477.0,81000.0,81000.0,,comtrade,2026-10-08
842,,804,,2010,2516,M,2353.0,1000.0,1000.0,,comtrade,2026-10-08
842,,826,,2010,2516,M,510167.0,1394000.0,1394000.0,,comtrade,2026-10-08
842,,858,,2010,2516,M,316400.0,720000.0,720000.0,,comtrade,2026-10-08
842,,0,,2010,6801,M,8391894.0,17728000.0,17728000.0,,comtrade,2026-10-08
842,,51,,2010,6801,M,70625.0,24000.0,24000.0,,comtrade,2026-10-08
842,,56,,2010,6801,M,8638.0,17000.0,17000.0,,comtrade,2026-10-08
842,,76,,2010,6801,M,241031.0,725000.0,725000.0,,comtrade,2026-10-08
842,,124,,2010,6801,M,1033398.0,2608000.0,2608000.0,,comtrade,2026-10-08
842,,156,,2010,6801,M,3406118.0,7053000.0,7053000.0,,comtrade,2026-10-08
842,,214,,2010,6801,M,20588.0,40000.0,40000.0,,comtrade,2026-10-08
842,,251,,2010,6801,M,933946.0,484000.0,484000.0,,comtrade,2026-10-08
842,,276,,2010,6801,M,26012.0,22000.0,22000.0,,comtrade,2026-10-08
842,,360,,2010,6801,M,29893.0,62000.0,62000.0,,comtrade,2026-10-08
842,,372,,2010,6801,M,23629.0,19000.0,19000.0,,comtrade,2026-10-08
842,,376,,2010,6801,M,22768.0,18000.0,18000.0,,comtrade,2026-10-08
842,,380,,2010,6801,M,761540.0,739000.0,739000.0,,comtrade,2026-10-08
842,,458,,2010,6801,M,55451.0,116000.0,116000.0,,comtrade,2026-10-08
842,,484,,2010,6801,M,880558.0,3299000.0,3299000.0,,comtrade,2026-10-08
842,,504,,2010,6801,M,3619.0,5000.0,5000.0,,comtrade,2026-10-08
842,,600,,2010,6801,M,4631.0,31000.0,31000.0,,comtrade,2026-10-08
842,,608,,2010,6801,M,96963.0,178000.0,178000.0,,comtrade,2026-10-08
842,,620,,2010,6801,M,3408.0,1000.0,1000.0,,comtrade,2026-10-08
842,,699,,2010,6801,M,467114.0,1881000.0,1881000.0,,comtrade,2026-10-08
842,,792,,2010,6801,M,174326.0,382000.0,382000.0,,comtrade,2026-10-08
842,,826,,2010,6801,M,127638.0,24000.0,24000.0,,comtrade,2026-10-08
842,,0,,2010,6802,M,2161896713.0,3020082004.0,3020082004.0,,comtrade,2026-10-08
842,,32,,2010,6802,M,2329591.0,1815629.0,1815629.0,,comtrade,2026-10-08
842,,36,,2010,6802,M,43323.0,22587.0,22587.0,,comtrade,2026-10-08
842,,51,,2010,6802,M,43665.0,50000.0,50000.0,,comtrade,2026-10-08
842,,52,,2010,6802,M,31475.0,19000.0,19000.0,,comtrade,2026-10-08
842,,56,,2010,6802,M,974599.0,551000.0,551000.0,,comtrade,2026-10-08
842,,64,,2010,6802,M,22210.0,26000.0,26000.0,,comtrade,2026-10-08
842,,68,,2010,6802,M,38715.0,5000.0,5000.0,,comtrade,2026-10-08
842,,76,,2010,6802,M,553885093.0,783460562.0,783460562.0,,comtrade,2026-10-08
842,,100,,2010,6802,M,1408461.0,2100000.0,2100000.0,,comtrade,2026-10-08
842,,116,,2010,6802,M,9319.0,1000.0,1000.0,,comtrade,2026-10-08
842,,124,,2010,6802,M,75282010.0,89597894.0,89597894.0,,comtrade,2026-10-08
842,,144,,2010,6802,M,3593.0,2000.0,2000.0,,comtrade,2026-10-08
842,,156,,2010,6802,M,416477133.0,554026569.0,554026569.0,,comtrade,2026-10-08
842,,170,,2010,6802,M,986902.0,1328672.0,1328672.0,,comtrade,2026-10-08
842,,191,,2010,6802,M,172179.0,99000.0,99000.0,,comtrade,2026-10-08
842,,203,,2010,6802,M,1163609.0,1130000.0,1130000.0,,comtrade,2026-10-08
842,,208,,2010,6802,M,13152.0,4000.0,4000.0,,comtrade,2026-10-08
842,,214,,2010,6802,M,3598992.0,8509671.0,8509671.0,,comtrade,2026-10-08
842,,218,,2010,6802,M,87873.0,72000.0,72000.0,,comtrade,2026-10-08
842,,222,,2010,6802,M,12309.0,33000.0,33000.0,,comtrade,2026-10-08
842,,233,,2010,6802,M,8749.0,1000.0,1000.0,,comtrade,2026-10-08
842,,246,,2010,6802,M,856532.0,499000.0,499000.0,,comtrade,2026-10-08
842,,251,,2010,6802,M,10974438.0,11146352.0,11146352.0,,comtrade,2026-10-08
842,,266,,2010,6802,M,18098.0,9000.0,9000.0,,comtrade,2026-10-08
842,,268,,2010,6802,M,3475.0,4000.0,4000.0,,comtrade,2026-10-08
842,,275,,2010,6802,M,76936.0,71000.0,71000.0,,comtrade,2026-10-08
842,,276,,2010,6802,M,4137992.0,2459000.0,2459000.0,,comtrade,2026-10-08
842,,288,,2010,6802,M,11158.0,22000.0,22000.0,,comtrade,2026-10-08
842,,300,,2010,6802,M,9743146.0,5199589.0,5199589.0,,comtrade,2026-10-08
842,,320,,2010,6802,M,212606.0,126000.0,126000.0,,comtrade,2026-10-08
842,,332,,2010,6802,M,19446.0,4000.0,4000.0,,comtrade,2026-10-08
842,,340,,2010,6802,M,768955.0,510000.0,510000.0,,comtrade,2026-10-08
842,,344,,2010,6802,M,1798135.0,1578000.0,1578000.0,,comtrade,2026-10-08
842,,360,,2010,6802,M,11083185.0,11722799.0,11722799.0,,comtrade,2026-10-08
842,,372,,2010,6802,M,76618.0,64000.0,64000.0,,comtrade,2026-10-08
842,,376,,2010,6802,M,13231631.0,11339489.0,11339489.0,,comtrade,2026-10-08
842,,380,,2010,6802,M,303281260.0,266839093.0,266839093.0,,comtrade,2026-10-08
842,,392,,2010,6802,M,287747.0,134610.0,134610.0,,comtrade,2026-10-08
842,,400,,2010,6802,M,873539.0,1293274.0,1293274.0,,comtrade,2026-10-08
842,,404,,2010,6802,M,23216.0,27000.0,27000.0,,comtrade,2026-10-08
842,,410,,2010,6802,M,2335261.0,3161000.0,3161000.0,,comtrade,2026-10-08
842,,422,,2010,6802,M,2788094.0,201786778.0,201786778.0,,comtrade,2026-10-08
842,,440,,2010,6802,M,4497.0,1000.0,1000.0,,comtrade,2026-10-08
842,,446,,2010,6802,M,902286.0,1324735.0,1324735.0,,comtrade,2026-10-08
842,,450,,2010,6802,M,7711.0,1000.0,1000.0,,comtrade,2026-10-08
842,,458,,2010,6802,M,111596.0,218000.0,218000.0,,comtrade,2026-10-08
842,,484,,2010,6802,M,69408525.0,83308553.0,83308553.0,,comtrade,2026-10-08
842,,490,,2010,6802,M,32796647.0,29523176.0,29523176.0,,comtrade,2026-10-08
842,,504,,2010,6802,M,199549.0,128000.0,128000.0,,comtrade,2026-10-08
842,,508,,2010,6802,M,51763.0,55000.0,55000.0,,comtrade,2026-10-08
842,,512,,2010,6802,M,491258.0,569000.0,569000.0,,comtrade,2026-10-08
842,,516,,2010,6802,M,736677.0,405000.0,405000.0,,comtrade,2026-10-08
842,,524,,2010,6802,M,3303.0,1000.0,1000.0,,comtrade,2026-10-08
842,,528,,2010,6802,M,34985.0,23000.0,23000.0,,comtrade,2026-10-08
842,,533,,2010,6802,M,5600.0,7000.0,7000.0,,comtrade,2026-10-08
842,,554,,2010,6802,M,477660.0,1927000.0,1927000.0,,comtrade,2026-10-08
842,,579,,2010,6802,M,376914.0,187000.0,187000.0,,comtrade,2026-10-08
842,,586,,2010,6802,M,6387932.0,4208908.0,4208908.0,,comtrade,2026-10-08
842,,604,,2010,6802,M,13750766.0,14185166.0,14185166.0,,comtrade,2026-10-08
842,,608,,2010,6802,M,3528044.0,27865895.0,27865895.0,,comtrade,2026-10-08
842,,616,,2010,6802,M,15137.0,22000.0,22000.0,,comtrade,2026-10-08
842,,620,,2010,6802,M,15126423.0,12655414.0,12655414.0,,comtrade,2026-10-08
842,,642,,2010,6802,M,112750.0,56000.0,56000.0,,comtrade,2026-10-08
842,,682,,2010,6802,M,8812904.0,10877000.0,10877000.0,,comtrade,2026-10-08
842,,699,,2010,6802,M,233071436.0,282212621.0,282212621.0,,comtrade,2026-10-08
842,,702,,2010,6802,M,471040.0,492000.0,492000.0,,comtrade,2026-10-08
842,,704,,2010,6802,M,2944827.0,4321703.0,4321703.0,,comtrade,2026-10-08
842,,705,,2010,6802,M,93768.0,7000.0,7000.0,,comtrade,2026-10-08
842,,710,,2010,6802,M,753781.0,1048368.0,1048368.0,,comtrade,2026-10-08
842,,716,,2010,6802,M,5296.0,2000.0,2000.0,,comtrade,2026-10-08
842,,724,,2010,6802,M,60057954.0,76076902.0,76076902.0,,comtrade,2026-10-08
842,,752,,2010,6802,M,5482.0,6141.0,6141.0,,comtrade,2026-10-08
842,,757,,2010,6802,M,400983.0,227000.0,227000.0,,comtrade,2026-10-08
842,,760,,2010,6802,M,928562.0,2055431.0,2055431.0,,comtrade,2026-10-08
842,,764,,2010,6802,M,386063.0,748000.0,748000.0,,comtrade,2026-10-08
842,,772,,2010,6802,M,134333.0,154000.0,154000.0,,comtrade,2026-10-08
842,,784,,2010,6802,M,990087.0,1602096.0,1602096.0,,comtrade,2026-10-08
842,,788,,2010,6802,M,1126703.0,607511.0,607511.0,,comtrade,2026-10-08
842,,792,,2010,6802,M,278780163.0,484466461.0,484466461.0,,comtrade,2026-10-08
842,,804,,2010,6802,M,37150.0,26000.0,26000.0,,comtrade,2026-10-08
842,,818,,2010,6802,M,7349828.0,14361356.0,14361356.0,,comtrade,2026-10-08
842,,826,,2010,6802,M,1818686.0,3266000.0,3266000.0,,comtrade,2026-10-08
842,,862,,2010,6802,M,3224.0,2000.0,2000.0,,comtrade,2026-10-08
842,,0,,2010,6803,M,75403991.0,134498143.0,134498143.0,,comtrade,2026-10-08
842,,32,,2010,6803,M,71003.0,126648.0,126648.0,,comtrade,2026-10-08
842,,40,,2010,6803,M,22736.0,40554.0,40554.0,,comtrade,2026-10-08
842,,76,,2010,6803,M,5900263.0,10524303.0,10524303.0,,comtrade,2026-10-08
842,,100,,2010,6803,M,53048.0,94622.0,94622.0,,comtrade,2026-10-08
842,,124,,2010,6803,M,3367937.0,6007391.0,6007391.0,,comtrade,2026-10-08
842,,156,,2010,6803,M,29827724.0,53203729.0,53203729.0,,comtrade,2026-10-08
842,,251,,2010,6803,M,469897.0,838156.0,838156.0,,comtrade,2026-10-08
842,,276,,2010,6803,M,61733.0,110113.0,110113.0,,comtrade,2026-10-08
842,,344,,2010,6803,M,13005.0,23197.0,23197.0,,comtrade,2026-10-08
842,,360,,2010,6803,M,18685.0,33328.0,33328.0,,comtrade,2026-10-08
842,,372,,2010,6803,M,87751.0,156522.0,156522.0,,comtrade,2026-10-08
842,,376,,2010,6803,M,113328.0,202143.0,202143.0,,comtrade,2026-10-08
842,,380,,2010,6803,M,1096237.0,1955359.0,1955359.0,,comtrade,2026-10-08
842,,484,,2010,6803,M,45564.0,81273.0,81273.0,,comtrade,2026-10-08
842,,490,,2010,6803,M,109791.0,195834.0,195834.0,,comtrade,2026-10-08
842,,586,,2010,6803,M,28279.0,50441.0,50441.0,,comtrade,2026-10-08
842,,608,,2010,6803,M,9422.0,16806.0,16806.0,,comtrade,2026-10-08
842,,620,,2010,6803,M,164012.0,292548.0,292548.0,,comtrade,2026-10-08
842,,699,,2010,6803,M,28610746.0,51033004.0,51033004.0,,comtrade,2026-10-08
842,,704,,2010,6803,M,64686.0,115380.0,115380.0,,comtrade,2026-10-08
842,,710,,2010,6803,M,218226.0,389250.0,389250.0,,comtrade,2026-10-08
842,,724,,2010,6803,M,2931629.0,5229148.0,5229148.0,,comtrade,2026-10-08
842,,752,,2010,6803,M,2183.0,3894.0,3894.0,,comtrade,2026-10-08
842,,757,,2010,6803,M,5114.0,9122.0,9122.0,,comtrade,2026-10-08
842,,764,,2010,6803,M,28223.0,50341.0,50341.0,,comtrade,2026-10-08
842,,792,,2010,6803,M,127554.0,227518.0,227518.0,,comtrade,2026-10-08
842,,826,,2010,6803,M,1955215.0,3487518.0,3487518.0,,comtrade,2026-10-08
842,,0,,2011,2514,M,2124636.0,4432000.0,4432000.0,,comtrade,2026-10-08
842,,56,,2011,2514,M,13392.0,5000.0,5000.0,,comtrade,2026-10-08
842,,76,,2011,2514,M,18067.0,23000.0,23000.0,,comtrade,2026-10-08
842,,124,,2011,2514,M,13858.0,22000.0,22000.0,,comtrade,2026-10-08
842,,156,,2011,2514,M,1392346.0,3132000.0,3132000.0,,comtrade,2026-10-08
842,,380,,2011,2514,M,10298.0,1000.0,1000.0,,comtrade,2026-10-08
842,,620,,2011,2514,M,4381.0,7000.0,7000.0,,comtrade,2026-10-08
842,,699,,2011,2514,M,552214.0,1071000.0,1071000.0,,comtrade,2026-10-08
842,,724,,2011,2514,M,120080.0,171000.0,171000.0,,comtrade,2026-10-08
842,,0,,2011,2515,M,4650900.0,9548000.0,9548000.0,,comtrade,2026-10-08
842,,32,,2011,2515,M,15205.0,17000.0,17000.0,,comtrade,2026-10-08
842,,124,,2011,2515,M,141340.0,727000.0,727000.0,,comtrade,2026-10-08
842,,156,,2011,2515,M,2085384.0,5206000.0,5206000.0,,comtrade,2026-10-08
842,,214,,2011,2515,M,361259.0,892000.0,892000.0,,comtrade,2026-10-08
842,,251,,2011,2515,M,269254.0,679000.0,679000.0,,comtrade,2026-10-08
842,,300,,2011,2515,M,10944.0,25000.0,25000.0,,comtrade,2026-10-08
842,,344,,2011,2515,M,2988.0,242000.0,242000.0,,comtrade,2026-10-08
842,,376,,2011,2515,M,106812.0,98000.0,98000.0,,comtrade,2026-10-08
842,,380,,2011,2515,M,762976.0,466000.0,466000.0,,comtrade,2026-10-08
842,,484,,2011,2515,M,107829.0,250000.0,250000.0,,comtrade,2026-10-08
842,,586,,2011,2515,M,94618.0,31000.0,31000.0,,comtrade,2026-10-08
842,,620,,2011,2515,M,4228.0,1000.0,1000.0,,comtrade,2026-10-08
842,,699,,2011,2515,M,147212.0,242000.0,242000.0,,comtrade,2026-10-08
842,,704,,2011,2515,M,8364.0,7000.0,7000.0,,comtrade,2026-10-08
842,,724,,2011,2515,M,117323.0,87000.0,87000.0,,comtrade,2026-10-08
842,,760,,2011,2515,M,187375.0,275000.0,275000.0,,comtrade,2026-10-08
842,,784,,2011,2515,M,3650.0,1000.0,1000.0,,comtrade,2026-10-08
842,,788,,2011,2515,M,5147.0,20000.0,20000.0,,comtrade,2026-10-08
842,,792,,2011,2515,M,160549.0,157000.0,157000.0,,comtrade,2026-10-08
842,,818,,2011,2515,M,58443.0,125000.0,125000.0,,comtrade,2026-10-08
842,,0,,2011,2516,M,22682934.0,155184000.0,155184000.0,,comtrade,2026-10-08
842,,32,,2011,2516,M,180028.0,247000.0,247000.0,,comtrade,2026-10-08
842,,76,,2011,2516,M,360400.0,499000.0,499000.0,,comtrade,2026-10-08
842,,124,,2011,2516,M,5356300.0,25204000.0,25204000.0,,comtrade,2026-10-08
842,,156,,2011,2516,M,2723568.0,25305000.0,25305000.0,,comtrade,2026-10-08
842,,231,,2011,2516,M,4249.0,1000.0,1000.0,,comtrade,2026-10-08
842,,234,,2011,2516,M,30780.0,4000.0,4000.0,,comtrade,2026-10-08
842,,246,,2011,2516,M,3060.0,10000.0,10000.0,,comtrade,2026-10-08
842,,251,,2011,2516,M,9855.0,2000.0,2000.0,,comtrade,2026-10-08
842,,276,,2011,2516,M,183443.0,242000.0,242000.0,,comtrade,2026-10-08
842,,360,,2011,2516,M,7969.0,18000.0,18000.0,,comtrade,2026-10-08
842,,380,,2011,2516,M,492699.0,850000.0,850000.0,,comtrade,2026-10-08
842,,484,,2011,2516,M,59539.0,55000.0,55000.0,,comtrade,2026-10-08
842,,490,,2011,2516,M,5317.0,2000.0,2000.0,,comtrade,2026-10-08
842,,579,,2011,2516,M,349359.0,485000.0,485000.0,,comtrade,2026-10-08
842,,604,,2011,2516,M,5000.0,10000.0,10000.0,,comtrade,2026-10-08
842,,608,,2011,2516,M,282047.0,796000.0,796000.0,,comtrade,2026-10-08
842,,620,,2011,2516,M,42582.0,71000.0,71000.0,,comtrade,2026-10-08
842,,699,,2011,2516,M,10052985.0,93107000.0,93107000.0,,comtrade,2026-10-08
842,,702,,2011,2516,M,3900.0,1000.0,1000.0,,comtrade,2026-10-08
842,,710,,2011,2516,M,1280511.0,5189000.0,5189000.0,,comtrade,2026-10-08
842,,716,,2011,2516,M,220849.0,921000.0,921000.0,,comtrade,2026-10-08
842,,724,,2011,2516,M,43087.0,25000.0,25000.0,,comtrade,2026-10-08
842,,764,,2011,2516,M,41733.0,63000.0,63000.0,,comtrade,2026-10-08
842,,792,,2011,2516,M,105731.0,71000.0,71000.0,,comtrade,2026-10-08
842,,826,,2011,2516,M,436504.0,1041000.0,1041000.0,,comtrade,2026-10-08
842,,858,,2011,2516,M,401439.0,965000.0,965000.0,,comtrade,2026-10-08
842,,0,,2011,6801,M,10259823.0,53084000.0,53084000.0,,comtrade,2026-10-08
842,,32,,2011,6801,M,235257.0,367000.0,367000.0,,comtrade,2026-10-08
842,,56,,2011,6801,M,120396.0,78000.0,78000.0,,comtrade,2026-10-08
842,,76,,2011,6801,M,131455.0,234000.0,234000.0,,comtrade,2026-10-08
842,,124,,2011,6801,M,724216.0,2385000.0,2385000.0,,comtrade,2026-10-08
842,,156,,2011,6801,M,2647245.0,4814000.0,4814000.0,,comtrade,2026-10-08
842,,170,,2011,6801,M,6321.0,19000.0,19000.0,,comtrade,2026-10-08
842,,214,,2011,6801,M,26636.0,62000.0,62000.0,,comtrade,2026-10-08
842,,251,,2011,6801,M,123740.0,51000.0,51000.0,,comtrade,2026-10-08
842,,276,,2011,6801,M,2306.0,1000.0,1000.0,,comtrade,2026-10-08
842,,360,,2011,6801,M,18404.0,29000.0,29000.0,,comtrade,2026-10-08
842,,376,,2011,6801,M,88320.0,37000.0,37000.0,,comtrade,2026-10-08
842,,380,,2011,6801,M,189697.0,826000.0,826000.0,,comtrade,2026-10-08
842,,410,,2011,6801,M,7274.0,3000.0,3000.0,,comtrade,2026-10-08
842,,442,,2011,6801,M,11979.0,1000.0,1000.0,,comtrade,2026-10-08
842,,484,,2011,6801,M,669863.0,2532000.0,2532000.0,,comtrade,2026-10-08
842,,504,,2011,6801,M,37972.0,63000.0,63000.0,,comtrade,2026-10-08
842,,591,,2011,6801,M,10420.0,18000.0,18000.0,,comtrade,2026-10-08
842,,608,,2011,6801,M,85892.0,163000.0,163000.0,,comtrade,2026-10-08
842,,642,,2011,6801,M,22427.0,22000.0,22000.0,,comtrade,2026-10-08
842,,699,,2011,6801,M,4858948.0,40912000.0,40912000.0,,comtrade,2026-10-08
842,,757,,2011,6801,M,16335.0,2000.0,2000.0,,comtrade,2026-10-08
842,,764,,2011,6801,M,17718.0,37000.0,37000.0,,comtrade,2026-10-08
842,,792,,2011,6801,M,137112.0,279000.0,279000.0,,comtrade,2026-10-08
842,,818,,2011,6801,M,30099.0,111000.0,111000.0,,comtrade,2026-10-08
842,,826,,2011,6801,M,39791.0,38000.0,38000.0,,comtrade,2026-10-08
842,,0,,2011,6802,M,2230598845.0,2565760264.0,2565760264.0,,comtrade,2026-10-08
842,,8,,2011,6802,M,4324.0,1000.0,1000.0,,comtrade,2026-10-08
842,,32,,2011,6802,M,1450315.0,1139943.0,1139943.0,,comtrade,2026-10-08
842,,36,,2011,6802,M,80283.0,16000.0,16000.0,,comtrade,2026-10-08
842,,40,,2011,6802,M,57344.0,76574.0,76574.0,,comtrade,2026-10-08
842,,44,,2011,6802,M,39450.0,9000.0,9000.0,,comtrade,2026-10-08
842,,51,,2011,6802,M,41982.0,85000.0,85000.0,,comtrade,2026-10-08
842,,52,,2011,6802,M,63856.0,117000.0,117000.0,,comtrade,2026-10-08
842,,56,,2011,6802,M,1014950.0,1411800.0,1411800.0,,comtrade,2026-10-08
842,,70,,2011,6802,M,15977.0,19000.0,19000.0,,comtrade,2026-10-08
842,,76,,2011,6802,M,564508976.0,610325292.0,610325292.0,,comtrade,2026-10-08
842,,84,,2011,6802,M,41205.0,21000.0,21000.0,,comtrade,2026-10-08
842,,100,,2011,6802,M,838605.0,1615000.0,1615000.0,,comtrade,2026-10-08
842,,116,,2011,6802,M,2786.0,1000.0,1000.0,,comtrade,2026-10-08
842,,124,,2011,6802,M,79791741.0,126073204.0,126073204.0,,comtrade,2026-10-08
842,,144,,2011,6802,M,29680.0,17000.0,17000.0,,comtrade,2026-10-08
842,,156,,2011,6802,M,410980673.0,518148723.0,518148723.0,,comtrade,2026-10-08
842,,170,,2011,6802,M,789185.0,823000.0,823000.0,,comtrade,2026-10-08
842,,191,,2011,6802,M,77533.0,45000.0,45000.0,,comtrade,2026-10-08
842,,196,,2011,6802,M,41861.0,55000.0,55000.0,,comtrade,2026-10-08
842,,203,,2011,6802,M,296625.0,281000.0,281000.0,,comtrade,2026-10-08
842,,208,,2011,6802,M,25821.0,5000.0,5000.0,,comtrade,2026-10-08
842,,212,,2011,6802,M,27431.0,44000.0,44000.0,,comtrade,2026-10-08
842,,214,,2011,6802,M,4642091.0,10062051.0,10062051.0,,comtrade,2026-10-08
842,,218,,2011,6802,M,153013.0,82000.0,82000.0,,comtrade,2026-10-08
842,,232,,2011,6802,M,8027.0,21000.0,21000.0,,comtrade,2026-10-08
842,,233,,2011,6802,M,3893.0,1000.0,1000.0,,comtrade,2026-10-08
842,,246,,2011,6802,M,801472.0,903000.0,903000.0,,comtrade,2026-10-08
842,,251,,2011,6802,M,11534152.0,8111886.0,8111886.0,,comtrade,2026-10-08
842,,268,,2011,6802,M,22319.0,40000.0,40000.0,,comtrade,2026-10-08
842,,275,,2011,6802,M,117041.0,112000.0,112000.0,,comtrade,2026-10-08
842,,276,,2011,6802,M,6587911.0,4005112.0,4005112.0,,comtrade,2026-10-08
842,,300,,2011,6802,M,11136864.0,6310114.0,6310114.0,,comtrade,2026-10-08
842,,320,,2011,6802,M,178230.0,241000.0,241000.0,,comtrade,2026-10-08
842,,332,,2011,6802,M,37008.0,7000.0,7000.0,,comtrade,2026-10-08
842,,340,,2011,6802,M,168696.0,62000.0,62000.0,,comtrade,2026-10-08
842,,344,,2011,6802,M,2671682.0,2379950.0,2379950.0,,comtrade,2026-10-08
842,,348,,2011,6802,M,133273.0,89000.0,89000.0,,comtrade,2026-10-08
842,,360,,2011,6802,M,10572397.0,10174819.0,10174819.0,,comtrade,2026-10-08
842,,372,,2011,6802,M,90919.0,50698.0,50698.0,,comtrade,2026-10-08
842,,376,,2011,6802,M,13343260.0,10259309.0,10259309.0,,comtrade,2026-10-08
842,,380,,2011,6802,M,320966219.0,190370891.0,190370891.0,,comtrade,2026-10-08
842,,388,,2011,6802,M,2699.0,1000.0,1000.0,,comtrade,2026-10-08
842,,392,,2011,6802,M,348036.0,626000.0,626000.0,,comtrade,2026-10-08
842,,400,,2011,6802,M,381836.0,979000.0,979000.0,,comtrade,2026-10-08
842,,404,,2011,6802,M,13160.0,12000.0,12000.0,,comtrade,2026-10-08
842,,410,,2011,6802,M,1702932.0,1415000.0,1415000.0,,comtrade,2026-10-08
842,,422,,2011,6802,M,333983.0,169000.0,169000.0,,comtrade,2026-10-08
842,,450,,2011,6802,M,5720.0,1000.0,1000.0,,comtrade,2026-10-08
842,,458,,2011,6802,M,30965.0,63000.0,63000.0,,comtrade,2026-10-08
842,,466,,2011,6802,M,6930.0,2000.0,2000.0,,comtrade,2026-10-08
842,,484,,2011,6802,M,70885271.0,121004842.0,121004842.0,,comtrade,2026-10-08
842,,490,,2011,6802,M,29537690.0,24077000.0,24077000.0,,comtrade,2026-10-08
842,,499,,2011,6802,M,76480.0,58000.0,58000.0,,comtrade,2026-10-08
842,,504,,2011,6802,M,159961.0,103000.0,103000.0,,comtrade,2026-10-08
842,,512,,2011,6802,M,463950.0,519000.0,519000.0,,comtrade,2026-10-08
842,,516,,2011,6802,M,86467.0,107000.0,107000.0,,comtrade,2026-10-08
842,,520,,2011,6802,M,21556.0,26000.0,26000.0,,comtrade,2026-10-08
842,,524,,2011,6802,M,14399.0,2000.0,2000.0,,comtrade,2026-10-08
842,,528,,2011,6802,M,92905.0,37000.0,37000.0,,comtrade,2026-10-08
842,,566,,2011,6802,M,2855.0,1000.0,1000.0,,comtrade,2026-10-08
842,,579,,2011,6802,M,605350.0,315000.0,315000.0,,comtrade,2026-10-08
842,,586,,2011,6802,M,5102017.0,6894730.0,6894730.0,,comtrade,2026-10-08
842,,604,,2011,6802,M,13239152.0,20928115.0,20928115.0,,comtrade,2026-10-08
842,,608,,2011,6802,M,1949932.0,2446334.0,2446334.0,,comtrade,2026-10-08
842,,616,,2011,6802,M,34845.0,27000.0,27000.0,,comtrade,2026-10-08
842,,620,,2011,6802,M,17072334.0,16187290.0,16187290.0,,comtrade,2026-10-08
842,,642,,2011,6802,M,230636.0,144000.0,144000.0,,comtrade,2026-10-08
842,,643,,2011,6802,M,35001.0,47000.0,47000.0,,comtrade,2026-10-08
842,,682,,2011,6802,M,9034172.0,10306000.0,10306000.0,,comtrade,2026-10-08
842,,699,,2011,6802,M,247536967.0,267249422.0,267249422.0,,comtrade,2026-10-08
842,,702,,2011,6802,M,204138.0,203000.0,203000.0,,comtrade,2026-10-08
842,,704,,2011,6802,M,2348952.0,3093479.0,3093479.0,,comtrade,2026-10-08
842,,710,,2011,6802,M,1562862.0,1408056.0,1408056.0,,comtrade,2026-10-08
842,,716,,2011,6802,M,123437.0,94000.0,94000.0,,comtrade,2026-10-08
842,,724,,2011,6802,M,67071629.0,70838582.0,70838582.0,,comtrade,2026-10-08
842,,752,,2011,6802,M,43169.0,37000.0,37000.0,,comtrade,2026-10-08
842,,757,,2011,6802,M,297177.0,133000.0,133000.0,,comtrade,2026-10-08
842,,760,,2011,6802,M,1176453.0,2181000.0,2181000.0,,comtrade,2026-10-08
842,,764,,2011,6802,M,353595.0,204000.0,204000.0,,comtrade,2026-10-08
842,,772,,2011,6802,M,194965.0,483000.0,483000.0,,comtrade,2026-10-08
842,,784,,2011,6802,M,662684.0,880775.0,880775.0,,comtrade,2026-10-08
842,,788,,2011,6802,M,1220834.0,730461.0,730461.0,,comtrade,2026-10-08
842,,792,,2011,6802,M,304478671.0,493812407.0,493812407.0,,comtrade,2026-10-08
842,,804,,2011,6802,M,32565.0,33000.0,33000.0,,comtrade,2026-10-08
842,,818,,2011,6802,M,7145651.0,11824405.0,11824405.0,,comtrade,2026-10-08
842,,826,,2011,6802,M,1277822.0,2442000.0,2442000.0,,comtrade,2026-10-08
842,,858,,2011,6802,M,6970.0,2000.0,2000.0,,comtrade,2026-10-08
842,,0,,2011,6803,M,74570337.0,130389372.0,130389372.0,,comtrade,2026-10-08
842,,31,,2011,6803,M,105407.0,184309.0,184309.0,,comtrade,2026-10-08
842,,32,,2011,6803,M,26516.0,46364.0,46364.0,,comtrade,2026-10-08
842,,36,,2011,6803,M,10821.0,18921.0,18921.0,,comtrade,2026-10-08
842,,40,,2011,6803,M,4608.0,8057.0,8057.0,,comtrade,2026-10-08
842,,76,,2011,6803,M,6211891.0,10861753.0,10861753.0,,comtrade,2026-10-08
842,,100,,2011,6803,M,66650.0,116540.0,116540.0,,comtrade,2026-10-08
842,,124,,2011,6803,M,5437852.0,9508313.0,9508313.0,,comtrade,2026-10-08
842,,156,,2011,6803,M,30310236.0,52998723.0,52998723.0,,comtrade,2026-10-08
842,,208,,2011,6803,M,6219.0,10874.0,10874.0,,comtrade,2026-10-08
842,,251,,2011,6803,M,388529.0,679359.0,679359.0,,comtrade,2026-10-08
842,,276,,2011,6803,M,143000.0,250042.0,250042.0,,comtrade,2026-10-08
842,,360,,2011,6803,M,4310.0,7536.0,7536.0,,comtrade,2026-10-08
842,,372,,2011,6803,M,24224.0,42357.0,42357.0,,comtrade,2026-10-08
842,,376,,2011,6803,M,43405.0,75895.0,75895.0,,comtrade,2026-10-08
842,,380,,2011,6803,M,762474.0,1333218.0,1333218.0,,comtrade,2026-10-08
842,,410,,2011,6803,M,22874.0,39996.0,39996.0,,comtrade,2026-10-08
842,,484,,2011,6803,M,72222.0,126283.0,126283.0,,comtrade,2026-10-08
842,,490,,2011,6803,M,37846.0,66175.0,66175.0,,comtrade,2026-10-08
842,,608,,2011,6803,M,7977.0,13948.0,13948.0,,comtrade,2026-10-08
842,,620,,2011,6803,M,194358.0,339843.0,339843.0,,comtrade,2026-10-08
842,,699,,2011,6803,M,24780207.0,43329235.0,43329235.0,,comtrade,2026-10-08
842,,704,,2011,6803,M,110764.0,193676.0,193676.0,,comtrade,2026-10-08
842,,710,,2011,6803,M,239390.0,418583.0,418583.0,,comtrade,2026-10-08
842,,724,,2011,6803,M,2995355.0,5237504.0,5237504.0,,comtrade,2026-10-08
842,,764,,2011,6803,M,88361.0,154503.0,154503.0,,comtrade,2026-10-08
842,,792,,2011,6803,M,97711.0,170852.0,170852.0,,comtrade,2026-10-08
842,,826,,2011,6803,M,2377130.0,4156512.0,4156512.0,,comtrade,2026-10-08
842,,0,,2012,2514,M,3931800.0,7221000.0,7221000.0,,comtrade,2026-10-08
842,,56,,2012,2514,M,6460.0,1000.0,1000.0,,comtrade,2026-10-08
842,,76,,2012,2514,M,532043.0,608000.0,608000.0,,comtrade,2026-10-08
842,,124,,2012,2514,M,104207.0,201000.0,201000.0,,comtrade,2026-10-08
842,,156,,2012,2514,M,2219682.0,4400000.0,4400000.0,,comtrade,2026-10-08
842,,251,,2012,2514,M,3225.0,1000.0,1000.0,,comtrade,2026-10-08
842,,380,,2012,2514,M,4527.0,1000.0,1000.0,,comtrade,2026-10-08
842,,528,,2012,2514,M,16731.0,4000.0,4000.0,,comtrade,2026-10-08
842,,643,,2012,2514,M,14620.0,20000.0,20000.0,,comtrade,2026-10-08
842,,699,,2012,2514,M,466674.0,1166000.0,1166000.0,,comtrade,2026-10-08
842,,724,,2012,2514,M,527493.0,775000.0,775000.0,,comtrade,2026-10-08
842,,792,,2012,2514,M,10050.0,22000.0,22000.0,,comtrade,2026-10-08
842,,826,,2012,2514,M,26088.0,22000.0,22000.0,,comtrade,2026-10-08
842,,0,,2012,2515,M,7739746.0,17400000.0,17400000.0,,comtrade,2026-10-08
842,,124,,2012,2515,M,493352.0,2870000.0,2870000.0,,comtrade,2026-10-08
842,,156,,2012,2515,M,1338913.0,2375000.0,2375000.0,,comtrade,2026-10-08
842,,214,,2012,2515,M,329468.0,1168000.0,1168000.0,,comtrade,2026-10-08
842,,251,,2012,2515,M,404855.0,668000.0,668000.0,,comtrade,2026-10-08
842,,276,,2012,2515,M,2669.0,1000.0,1000.0,,comtrade,2026-10-08
842,,300,,2012,2515,M,3517.0,1000.0,1000.0,,comtrade,2026-10-08
842,,344,,2012,2515,M,10560.0,12000.0,12000.0,,comtrade,2026-10-08
842,,376,,2012,2515,M,22612.0,61000.0,61000.0,,comtrade,2026-10-08
842,,380,,2012,2515,M,913238.0,332000.0,332000.0,,comtrade,2026-10-08
842,,484,,2012,2515,M,23549.0,39000.0,39000.0,,comtrade,2026-10-08
842,,490,,2012,2515,M,16199.0,18000.0,18000.0,,comtrade,2026-10-08
842,,586,,2012,2515,M,21475.0,9000.0,9000.0,,comtrade,2026-10-08
842,,616,,2012,2515,M,37591.0,8000.0,8000.0,,comtrade,2026-10-08
842,,620,,2012,2515,M,60812.0,38000.0,38000.0,,comtrade,2026-10-08
842,,699,,2012,2515,M,222618.0,315000.0,315000.0,,comtrade,2026-10-08
842,,724,,2012,2515,M,214932.0,263000.0,263000.0,,comtrade,2026-10-08
842,,760,,2012,2515,M,82664.0,153000.0,153000.0,,comtrade,2026-10-08
842,,788,,2012,2515,M,8410.0,40000.0,40000.0,,comtrade,2026-10-08
842,,792,,2012,2515,M,3476385.0,8949000.0,8949000.0,,comtrade,2026-10-08
842,,818,,2012,2515,M,44882.0,76000.0,76000.0,,comtrade,2026-10-08
842,,826,,2012,2515,M,11045.0,4000.0,4000.0,,comtrade,2026-10-08
842,,0,,2012,2516,M,22366389.0,103962000.0,103962000.0,,comtrade,2026-10-08
842,,32,,2012,2516,M,111251.0,229000.0,229000.0,,comtrade,2026-10-08
842,,36,,2012,2516,M,4352.0,2000.0,2000.0,,comtrade,2026-10-08
842,,40,,2012,2516,M,2402.0,1000.0,1000.0,,comtrade,2026-10-08
842,,56,,2012,2516,M,62655.0,101000.0,101000.0,,comtrade,2026-10-08
842,,76,,2012,2516,M,111390.0,313000.0,313000.0,,comtrade,2026-10-08
842,,124,,2012,2516,M,6249837.0,24982000.0,24982000.0,,comtrade,2026-10-08
842,,152,,2012,2516,M,22700.0,42000.0,42000.0,,comtrade,2026-10-08
842,,156,,2012,2516,M,3643818.0,8285000.0,8285000.0,,comtrade,2026-10-08
842,,246,,2012,2516,M,3202.0,8000.0,8000.0,,comtrade,2026-10-08
842,,276,,2012,2516,M,32037.0,20000.0,20000.0,,comtrade,2026-10-08
842,,300,,2012,2516,M,3804.0,2000.0,2000.0,,comtrade,2026-10-08
842,,360,,2012,2516,M,8179.0,18000.0,18000.0,,comtrade,2026-10-08
842,,380,,2012,2516,M,587370.0,700000.0,700000.0,,comtrade,2026-10-08
842,,410,,2012,2516,M,4226.0,27000.0,27000.0,,comtrade,2026-10-08
842,,450,,2012,2516,M,8195.0,21000.0,21000.0,,comtrade,2026-10-08
842,,484,,2012,2516,M,72658.0,195000.0,195000.0,,comtrade,2026-10-08
842,,516,,2012,2516,M,70897.0,40000.0,40000.0,,comtrade,2026-10-08
842,,528,,2012,2516,M,64702.0,84000.0,84000.0,,comtrade,2026-10-08
842,,554,,2012,2516,M,2666.0,1000.0,1000.0,,comtrade,2026-10-08
842,,579,,2012,2516,M,213690.0,364000.0,364000.0,,comtrade,2026-10-08
842,,608,,2012,2516,M,236514.0,603000.0,603000.0,,comtrade,2026-10-08
842,,620,,2012,2516,M,125314.0,297000.0,297000.0,,comtrade,2026-10-08
842,,699,,2012,2516,M,6948031.0,55090000.0,55090000.0,,comtrade,2026-10-08
842,,704,,2012,2516,M,9135.0,20000.0,20000.0,,comtrade,2026-10-08
842,,710,,2012,2516,M,1704694.0,7341000.0,7341000.0,,comtrade,2026-10-08
842,,716,,2012,2516,M,112101.0,385000.0,385000.0,,comtrade,2026-10-08
842,,724,,2012,2516,M,116459.0,89000.0,89000.0,,comtrade,2026-10-08
842,,752,,2012,2516,M,19964.0,47000.0,47000.0,,comtrade,2026-10-08
842,,757,,2012,2516,M,111881.0,357000.0,357000.0,,comtrade,2026-10-08
842,,764,,2012,2516,M,8954.0,3000.0,3000.0,,comtrade,2026-10-08
842,,826,,2012,2516,M,1177824.0,2927000.0,2927000.0,,comtrade,2026-10-08
842,,858,,2012,2516,M,515487.0,1368000.0,1368000.0,,comtrade,2026-10-08
842,,0,,2012,6801,M,18310664.0,92903000.0,92903000.0,,comtrade,2026-10-08
842,,32,,2012,6801,M,221692.0,648000.0,648000.0,,comtrade,2026-10-08
842,,51,,2012,6801,M,6166.0,1000.0,1000.0,,comtrade,2026-10-08
842,,56,,2012,6801,M,145812.0,154000.0,154000.0,,comtrade,2026-10-08
842,,76,,2012,6801,M,134528.0,151000.0,151000.0,,comtrade,2026-10-08
842,,124,,2012,6801,M,4335538.0,4833000.0,4833000.0,,comtrade,2026-10-08
842,,156,,2012,6801,M,3051162.0,4762000.0,4762000.0,,comtrade,2026-10-08
842,,214,,2012,6801,M,2407.0,2000.0,2000.0,,comtrade,2026-10-08
842,,251,,2012,6801,M,107493.0,78000.0,78000.0,,comtrade,2026-10-08
842,,276,,2012,6801,M,16587.0,3000.0,3000.0,,comtrade,2026-10-08
842,,360,,2012,6801,M,840805.0,568000.0,568000.0,,comtrade,2026-10-08
842,,380,,2012,6801,M,348876.0,405000.0,405000.0,,comtrade,2026-10-08
842,,392,,2012,6801,M,9981.0,1000.0,1000.0,,comtrade,2026-10-08
842,,400,,2012,6801,M,18611.0,20000.0,20000.0,,comtrade,2026-10-08
842,,484,,2012,6801,M,846341.0,2740000.0,2740000.0,,comtrade,2026-10-08
842,,608,,2012,6801,M,74165.0,118000.0,118000.0,,comtrade,2026-10-08
842,,620,,2012,6801,M,5427.0,2000.0,2000.0,,comtrade,2026-10-08
842,,699,,2012,6801,M,7523098.0,77048000.0,77048000.0,,comtrade,2026-10-08
842,,704,,2012,6801,M,16668.0,23000.0,23000.0,,comtrade,2026-10-08
842,,710,,2012,6801,M,28837.0,6000.0,6000.0,,comtrade,2026-10-08
842,,724,,2012,6801,M,50445.0,86000.0,86000.0,,comtrade,2026-10-08
842,,792,,2012,6801,M,294996.0,959000.0,959000.0,,comtrade,2026-10-08
842,,818,,2012,6801,M,19065.0,66000.0,66000.0,,comtrade,2026-10-08
842,,826,,2012,6801,M,211964.0,229000.0,229000.0,,comtrade,2026-10-08
842,,0,,2012,6802,M,2470744416.0,2827070275.0,2827070275.0,,comtrade,2026-10-08
842,,24,,2012,6802,M,10862.0,8000.0,8000.0,,comtrade,2026-10-08
842,,32,,2012,6802,M,1767511.0,6700621.0,6700621.0,,comtrade,2026-10-08
842,,36,,2012,6802,M,72185.0,16560.0,16560.0,,comtrade,2026-10-08
842,,40,,2012,6802,M,58232.0,35000.0,35000.0,,comtrade,2026-10-08
842,,51,,2012,6802,M,75731.0,131000.0,131000.0,,comtrade,2026-10-08
842,,56,,2012,6802,M,1012931.0,460857.0,460857.0,,comtrade,2026-10-08
842,,68,,2012,6802,M,8616.0,7000.0,7000.0,,comtrade,2026-10-08
842,,70,,2012,6802,M,18942.0,9000.0,9000.0,,comtrade,2026-10-08
842,,76,,2012,6802,M,634738891.0,682724653.0,682724653.0,,comtrade,2026-10-08
842,,100,,2012,6802,M,1260919.0,2141000.0,2141000.0,,comtrade,2026-10-08
842,,116,,2012,6802,M,11538.0,5000.0,5000.0,,comtrade,2026-10-08
842,,124,,2012,6802,M,91652448.0,117744358.0,117744358.0,,comtrade,2026-10-08
842,,144,,2012,6802,M,170778.0,102000.0,102000.0,,comtrade,2026-10-08
842,,156,,2012,6802,M,467793992.0,556148482.0,556148482.0,,comtrade,2026-10-08
842,,170,,2012,6802,M,702501.0,795000.0,795000.0,,comtrade,2026-10-08
842,,196,,2012,6802,M,67056.0,65000.0,65000.0,,comtrade,2026-10-08
842,,203,,2012,6802,M,36531.0,16000.0,16000.0,,comtrade,2026-10-08
842,,208,,2012,6802,M,6300.0,1000.0,1000.0,,comtrade,2026-10-08
842,,214,,2012,6802,M,5349088.0,10456885.0,10456885.0,,comtrade,2026-10-08
842,,218,,2012,6802,M,150574.0,48000.0,48000.0,,comtrade,2026-10-08
842,,232,,2012,6802,M,36793.0,66000.0,66000.0,,comtrade,2026-10-08
842,,246,,2012,6802,M,1209151.0,521000.0,521000.0,,comtrade,2026-10-08
842,,251,,2012,6802,M,12707946.0,12072268.0,12072268.0,,comtrade,2026-10-08
842,,275,,2012,6802,M,62211.0,18799.0,18799.0,,comtrade,2026-10-08
842,,276,,2012,6802,M,3800747.0,2181282.0,2181282.0,,comtrade,2026-10-08
842,,300,,2012,6802,M,15061951.0,7824127.0,7824127.0,,comtrade,2026-10-08
842,,320,,2012,6802,M,69425.0,41000.0,41000.0,,comtrade,2026-10-08
842,,332,,2012,6802,M,33390.0,150000.0,150000.0,,comtrade,2026-10-08
842,,340,,2012,6802,M,310975.0,1587000.0,1587000.0,,comtrade,2026-10-08
842,,344,,2012,6802,M,4031119.0,4553847.0,4553847.0,,comtrade,2026-10-08
842,,352,,2012,6802,M,18326.0,14000.0,14000.0,,comtrade,2026-10-08
842,,360,,2012,6802,M,10755516.0,11472645.0,11472645.0,,comtrade,2026-10-08
842,,372,,2012,6802,M,114984.0,112000.0,112000.0,,comtrade,2026-10-08
842,,376,,2012,6802,M,11962443.0,10377134.0,10377134.0,,comtrade,2026-10-08
842,,380,,2012,6802,M,371207032.0,231695901.0,231695901.0,,comtrade,2026-10-08
842,,392,,2012,6802,M,221535.0,89000.0,89000.0,,comtrade,2026-10-08
842,,400,,2012,6802,M,377861.0,458000.0,458000.0,,comtrade,2026-10-08
842,,404,,2012,6802,M,10053.0,22000.0,22000.0,,comtrade,2026-10-08
842,,410,,2012,6802,M,994679.0,430000.0,430000.0,,comtrade,2026-10-08
842,,422,,2012,6802,M,535042.0,98000.0,98000.0,,comtrade,2026-10-08
842,,428,,2012,6802,M,15132.0,44000.0,44000.0,,comtrade,2026-10-08
842,,458,,2012,6802,M,30523.0,46000.0,46000.0,,comtrade,2026-10-08
842,,470,,2012,6802,M,96499.0,65000.0,65000.0,,comtrade,2026-10-08
842,,484,,2012,6802,M,63627419.0,70631105.0,70631105.0,,comtrade,2026-10-08
842,,490,,2012,6802,M,31438749.0,22538000.0,22538000.0,,comtrade,2026-10-08
842,,499,,2012,6802,M,41281.0,21000.0,21000.0,,comtrade,2026-10-08
842,,504,,2012,6802,M,160958.0,149000.0,149000.0,,comtrade,2026-10-08
842,,508,,2012,6802,M,21519.0,15000.0,15000.0,,comtrade,2026-10-08
842,,512,,2012,6802,M,244549.0,280000.0,280000.0,,comtrade,2026-10-08
842,,516,,2012,6802,M,877360.0,888000.0,888000.0,,comtrade,2026-10-08
842,,528,,2012,6802,M,43949.0,13000.0,13000.0,,comtrade,2026-10-08
842,,554,,2012,6802,M,162945.0,1229000.0,1229000.0,,comtrade,2026-10-08
842,,558,,2012,6802,M,15887.0,21000.0,21000.0,,comtrade,2026-10-08
842,,579,,2012,6802,M,420563.0,352000.0,352000.0,,comtrade,2026-10-08
842,,586,,2012,6802,M,4990670.0,3193752.0,3193752.0,,comtrade,2026-10-08
842,,604,,2012,6802,M,13247595.0,12734294.0,12734294.0,,comtrade,2026-10-08
842,,608,,2012,6802,M,2496532.0,3354000.0,3354000.0,,comtrade,2026-10-08
842,,616,,2012,6802,M,372279.0,2589000.0,2589000.0,,comtrade,2026-10-08
842,,620,,2012,6802,M,15709924.0,33056165.0,33056165.0,,comtrade,2026-10-08
842,,642,,2012,6802,M,241847.0,191431.0,191431.0,,comtrade,2026-10-08
842,,643,,2012,6802,M,18760.0,7000.0,7000.0,,comtrade,2026-10-08
842,,682,,2012,6802,M,8898225.0,9159000.0,9159000.0,,comtrade,2026-10-08
842,,688,,2012,6802,M,19645.0,15000.0,15000.0,,comtrade,2026-10-08
842,,699,,2012,6802,M,276587710.0,313238131.0,313238131.0,,comtrade,2026-10-08
842,,702,,2012,6802,M,76888.0,106000.0,106000.0,,comtrade,2026-10-08
842,,704,,2012,6802,M,2823408.0,4177733.0,4177733.0,,comtrade,2026-10-08
842,,705,,2012,6802,M,73871.0,48000.0,48000.0,,comtrade,2026-10-08
842,,710,,2012,6802,M,3301069.0,3015497.0,3015497.0,,comtrade,2026-10-08
842,,716,,2012,6802,M,151997.0,109000.0,109000.0,,comtrade,2026-10-08
842,,724,,2012,6802,M,71267912.0,72077189.0,72077189.0,,comtrade,2026-10-08
842,,752,,2012,6802,M,11773.0,2000.0,2000.0,,comtrade,2026-10-08
842,,757,,2012,6802,M,1074415.0,502698.0,502698.0,,comtrade,2026-10-08
842,,760,,2012,6802,M,1536300.0,1756000.0,1756000.0,,comtrade,2026-10-08
842,,764,,2012,6802,M,513247.0,469832.0,469832.0,,comtrade,2026-10-08
842,,772,,2012,6802,M,176689.0,122000.0,122000.0,,comtrade,2026-10-08
842,,784,,2012,6802,M,364369.0,298096.0,298096.0,,comtrade,2026-10-08
842,,788,,2012,6802,M,1332754.0,1838288.0,1838288.0,,comtrade,2026-10-08
842,,792,,2012,6802,M,321315126.0,593936990.0,593936990.0,,comtrade,2026-10-08
842,,804,,2012,6802,M,9449.0,19000.0,19000.0,,comtrade,2026-10-08
842,,818,,2012,6802,M,7687102.0,12712655.0,12712655.0,,comtrade,2026-10-08
842,,826,,2012,6802,M,760722.0,650000.0,650000.0,,comtrade,2026-10-08
842,,0,,2012,6803,M,74181027.0,119625908.0,119625908.0,,comtrade,2026-10-08
842,,56,,2012,6803,M,3005.0,4846.0,4846.0,,comtrade,2026-10-08
842,,76,,2012,6803,M,6540583.0,10547484.0,10547484.0,,comtrade,2026-10-08
842,,100,,2012,6803,M,97552.0,157314.0,157314.0,,comtrade,2026-10-08
842,,124,,2012,6803,M,3467163.0,5591221.0,5591221.0,,comtrade,2026-10-08
842,,156,,2012,6803,M,35187057.0,56743399.0,56743399.0,,comtrade,2026-10-08
842,,170,,2012,6803,M,8098.0,13059.0,13059.0,,comtrade,2026-10-08
842,,214,,2012,6803,M,4475.0,7216.0,7216.0,,comtrade,2026-10-08
842,,251,,2012,6803,M,293554.0,473391.0,473391.0,,comtrade,2026-10-08
842,,276,,2012,6803,M,342607.0,552495.0,552495.0,,comtrade,2026-10-08
842,,344,,2012,6803,M,28981.0,46735.0,46735.0,,comtrade,2026-10-08
842,,360,,2012,6803,M,4115.0,6636.0,6636.0,,comtrade,2026-10-08
842,,380,,2012,6803,M,886806.0,1430082.0,1430082.0,,comtrade,2026-10-08
842,,490,,2012,6803,M,19112.0,30820.0,30820.0,,comtrade,2026-10-08
842,,528,,2012,6803,M,6577.0,10606.0,10606.0,,comtrade,2026-10-08
842,,620,,2012,6803,M,468080.0,754836.0,754836.0,,comtrade,2026-10-08
842,,694,,2012,6803,M,3224.0,5199.0,5199.0,,comtrade,2026-10-08
842,,699,,2012,6803,M,21242541.0,34256175.0,34256175.0,,comtrade,2026-10-08
842,,704,,2012,6803,M,317882.0,512623.0,512623.0,,comtrade,2026-10-08
842,,710,,2012,6803,M,112926.0,182107.0,182107.0,,comtrade,2026-10-08
842,,724,,2012,6803,M,3994035.0,6440866.0,6440866.0,,comtrade,2026-10-08
842,,764,,2012,6803,M,111796.0,180285.0,180285.0,,comtrade,2026-10-08
842,,792,,2012,6803,M,67487.0,108831.0,108831.0,,comtrade,2026-10-08
842,,826,,2012,6803,M,973371.0,1569679.0,1569679.0,,comtrade,2026-10-08
842,,0,,2013,2514,M,4180325.0,6822000.0,6822000.0,,comtrade,2026-10-08
842,,76,,2013,2514,M,767145.0,788000.0,788000.0,,comtrade,2026-10-08
842,,124,,2013,2514,M,51685.0,84000.0,84000.0,,comtrade,2026-10-08
842,,156,,2013,2514,M,2619123.0,4660000.0,4660000.0,,comtrade,2026-10-08
842,,251,,2013,2514,M,4872.0,1000.0,1000.0,,comtrade,2026-10-08
842,,276,,2013,2514,M,38349.0,39000.0,39000.0,,comtrade,2026-10-08
842,,380,,2013,2514,M,2527.0,49000.0,49000.0,,comtrade,2026-10-08
842,,699,,2013,2514,M,305449.0,576000.0,576000.0,,comtrade,2026-10-08
842,,724,,2013,2514,M,391175.0,625000.0,625000.0,,comtrade,2026-10-08
842,,0,,2013,2515,M,6560264.0,13043000.0,13043000.0,,comtrade,2026-10-08
842,,56,,2013,2515,M,81782.0,15000.0,15000.0,,comtrade,2026-10-08
842,,124,,2013,2515,M,737408.0,4837000.0,4837000.0,,comtrade,2026-10-08
842,,156,,2013,2515,M,822079.0,897000.0,897000.0,,comtrade,2026-10-08
842,,214,,2013,2515,M,627008.0,1853000.0,1853000.0,,comtrade,2026-10-08
842,,251,,2013,2515,M,274212.0,375000.0,375000.0,,comtrade,2026-10-08
842,,276,,2013,2515,M,10329.0,1000.0,1000.0,,comtrade,2026-10-08
842,,300,,2013,2515,M,53238.0,30000.0,30000.0,,comtrade,2026-10-08
842,,376,,2013,2515,M,22816.0,23000.0,23000.0,,comtrade,2026-10-08
842,,380,,2013,2515,M,2079291.0,1550000.0,1550000.0,,comtrade,2026-10-08
842,,410,,2013,2515,M,61506.0,20000.0,20000.0,,comtrade,2026-10-08
842,,484,,2013,2515,M,167241.0,198000.0,198000.0,,comtrade,2026-10-08
842,,490,,2013,2515,M,39403.0,34000.0,34000.0,,comtrade,2026-10-08
842,,504,,2013,2515,M,29122.0,24000.0,24000.0,,comtrade,2026-10-08
842,,586,,2013,2515,M,113700.0,64000.0,64000.0,,comtrade,2026-10-08
842,,604,,2013,2515,M,65582.0,201000.0,201000.0,,comtrade,2026-10-08
842,,620,,2013,2515,M,178538.0,233000.0,233000.0,,comtrade,2026-10-08
842,,699,,2013,2515,M,10480.0,2000.0,2000.0,,comtrade,2026-10-08
842,,724,,2013,2515,M,108984.0,191000.0,191000.0,,comtrade,2026-10-08
842,,752,,2013,2515,M,4172.0,1000.0,1000.0,,comtrade,2026-10-08
842,,760,,2013,2515,M,49770.0,96000.0,96000.0,,comtrade,2026-10-08
842,,792,,2013,2515,M,870049.0,2163000.0,2163000.0,,comtrade,2026-10-08
842,,818,,2013,2515,M,153554.0,235000.0,235000.0,,comtrade,2026-10-08
842,,0,,2013,2516,M,18708091.0,66908000.0,66908000.0,,comtrade,2026-10-08
842,,32,,2013,2516,M,184597.0,345000.0,345000.0,,comtrade,2026-10-08
842,,36,,2013,2516,M,23115.0,19000.0,19000.0,,comtrade,2026-10-08
842,,56,,2013,2516,M,23354.0,15294000.0,15294000.0,,comtrade,2026-10-08
842,,76,,2013,2516,M,21179.0,27000.0,27000.0,,comtrade,2026-10-08
842,,124,,2013,2516,M,4768307.0,21345000.0,21345000.0,,comtrade,2026-10-08
842,,156,,2013,2516,M,4673675.0,9386000.0,9386000.0,,comtrade,2026-10-08
842,,246,,2013,2516,M,33331.0,108000.0,108000.0,,comtrade,2026-10-08
842,,251,,2013,2516,M,9505.0,1000.0,1000.0,,comtrade,2026-10-08
842,,276,,2013,2516,M,82438.0,78000.0,78000.0,,comtrade,2026-10-08
842,,380,,2013,2516,M,987333.0,2046000.0,2046000.0,,comtrade,2026-10-08
842,,410,,2013,2516,M,17610.0,2000.0,2000.0,,comtrade,2026-10-08
842,,484,,2013,2516,M,96720.0,447000.0,447000.0,,comtrade,2026-10-08
842,,516,,2013,2516,M,28342.0,21000.0,21000.0,,comtrade,2026-10-08
842,,579,,2013,2516,M,579288.0,822000.0,822000.0,,comtrade,2026-10-08
842,,608,,2013,2516,M,277119.0,671000.0,671000.0,,comtrade,2026-10-08
842,,616,,2013,2516,M,3700.0,1000.0,1000.0,,comtrade,2026-10-08
842,,620,,2013,2516,M,3823.0,17000.0,17000.0,,comtrade,2026-10-08
842,,699,,2013,2516,M,2640369.0,5341000.0,5341000.0,,comtrade,2026-10-08
842,,704,,2013,2516,M,25170.0,54000.0,54000.0,,comtrade,2026-10-08
842,,710,,2013,2516,M,2550804.0,7244000.0,7244000.0,,comtrade,2026-10-08
842,,716,,2013,2516,M,132902.0,385000.0,385000.0,,comtrade,2026-10-08
842,,724,,2013,2516,M,11875.0,8000.0,8000.0,,comtrade,2026-10-08
842,,764,,2013,2516,M,7946.0,1000.0,1000.0,,comtrade,2026-10-08
842,,792,,2013,2516,M,14404.0,25000.0,25000.0,,comtrade,2026-10-08
842,,826,,2013,2516,M,1063800.0,2190000.0,2190000.0,,comtrade,2026-10-08
842,,858,,2013,2516,M,447385.0,1030000.0,1030000.0,,comtrade,2026-10-08
842,,0,,2013,6801,M,24864048.0,135789000.0,135789000.0,,comtrade,2026-10-08
842,,32,,2013,6801,M,35485.0,80000.0,80000.0,,comtrade,2026-10-08
842,,56,,2013,6801,M,74829.0,92000.0,92000.0,,comtrade,2026-10-08
842,,76,,2013,6801,M,20704.0,32000.0,32000.0,,comtrade,2026-10-08
842,,124,,2013,6801,M,3071412.0,2610000.0,2610000.0,,comtrade,2026-10-08
842,,156,,2013,6801,M,4189535.0,6757000.0,6757000.0,,comtrade,2026-10-08
842,,214,,2013,6801,M,3293.0,2000.0,2000.0,,comtrade,2026-10-08
842,,251,,2013,6801,M,238731.0,197000.0,197000.0,,comtrade,2026-10-08
842,,360,,2013,6801,M,3224208.0,3830000.0,3830000.0,,comtrade,2026-10-08
842,,376,,2013,6801,M,46024.0,33000.0,33000.0,,comtrade,2026-10-08
842,,380,,2013,6801,M,1102212.0,1016000.0,1016000.0,,comtrade,2026-10-08
842,,392,,2013,6801,M,14993.0,12000.0,12000.0,,comtrade,2026-10-08
842,,484,,2013,6801,M,867754.0,3346000.0,3346000.0,,comtrade,2026-10-08
842,,608,,2013,6801,M,85082.0,112000.0,112000.0,,comtrade,2026-10-08
842,,699,,2013,6801,M,11476903.0,116444000.0,116444000.0,,comtrade,2026-10-08
842,,704,,2013,6801,M,8262.0,21000.0,21000.0,,comtrade,2026-10-08
842,,724,,2013,6801,M,26994.0,44000.0,44000.0,,comtrade,2026-10-08
842,,792,,2013,6801,M,359037.0,1147000.0,1147000.0,,comtrade,2026-10-08
842,,826,,2013,6801,M,18590.0,14000.0,14000.0,,comtrade,2026-10-08
842,,0,,2013,6802,M,2968532923.0,3187060177.0,3187060177.0,,comtrade,2026-10-08
842,,24,,2013,6802,M,19504.0,9000.0,9000.0,,comtrade,2026-10-08
842,,32,,2013,6802,M,1795059.0,1367000.0,1367000.0,,comtrade,2026-10-08
842,,36,,2013,6802,M,34914.0,38588.0,38588.0,,comtrade,2026-10-08
842,,40,,2013,6802,M,11734.0,7000.0,7000.0,,comtrade,2026-10-08
842,,51,,2013,6802,M,14240.0,22000.0,22000.0,,comtrade,2026-10-08
842,,56,,2013,6802,M,775222.0,420170.0,420170.0,,comtrade,2026-10-08
842,,76,,2013,6802,M,828016195.0,851267090.0,851267090.0,,comtrade,2026-10-08
842,,100,,2013,6802,M,1521690.0,2423000.0,2423000.0,,comtrade,2026-10-08
842,,116,,2013,6802,M,14514.0,10000.0,10000.0,,comtrade,2026-10-08
842,,120,,2013,6802,M,16874.0,18000.0,18000.0,,comtrade,2026-10-08
842,,124,,2013,6802,M,85885306.0,113570449.0,113570449.0,,comtrade,2026-10-08
842,,144,,2013,6802,M,61913.0,195000.0,195000.0,,comtrade,2026-10-08
842,,156,,2013,6802,M,569705388.0,680375580.0,680375580.0,,comtrade,2026-10-08
842,,170,,2013,6802,M,558057.0,563000.0,563000.0,,comtrade,2026-10-08
842,,188,,2013,6802,M,9858.0,3000.0,3000.0,,comtrade,2026-10-08
842,,191,,2013,6802,M,25041.0,21000.0,21000.0,,comtrade,2026-10-08
842,,196,,2013,6802,M,64400.0,51000.0,51000.0,,comtrade,2026-10-08
842,,208,,2013,6802,M,11340.0,5000.0,5000.0,,comtrade,2026-10-08
842,,214,,2013,6802,M,4623154.0,8408493.0,8408493.0,,comtrade,2026-10-08
842,,218,,2013,6802,M,337516.0,61000.0,61000.0,,comtrade,2026-10-08
842,,233,,2013,6802,M,14055.0,21000.0,21000.0,,comtrade,2026-10-08
842,,246,,2013,6802,M,821437.0,407000.0,407000.0,,comtrade,2026-10-08
842,,251,,2013,6802,M,12447379.0,10461066.0,10461066.0,,comtrade,2026-10-08
842,,275,,2013,6802,M,521614.0,429000.0,429000.0,,comtrade,2026-10-08
842,,276,,2013,6802,M,5995406.0,4873624.0,4873624.0,,comtrade,2026-10-08
842,,300,,2013,6802,M,23615402.0,12848224.0,12848224.0,,comtrade,2026-10-08
842,,320,,2013,6802,M,49836.0,43000.0,43000.0,,comtrade,2026-10-08
842,,332,,2013,6802,M,40464.0,891000.0,891000.0,,comtrade,2026-10-08
842,,340,,2013,6802,M,211655.0,207000.0,207000.0,,comtrade,2026-10-08
842,,344,,2013,6802,M,5164165.0,5044626.0,5044626.0,,comtrade,2026-10-08
842,,348,,2013,6802,M,40087.0,58914.0,58914.0,,comtrade,2026-10-08
842,,352,,2013,6802,M,5575.0,1000.0,1000.0,,comtrade,2026-10-08
842,,360,,2013,6802,M,10195180.0,10158976.0,10158976.0,,comtrade,2026-10-08
842,,372,,2013,6802,M,86161.0,23000.0,23000.0,,comtrade,2026-10-08
842,,376,,2013,6802,M,10795179.0,11019130.0,11019130.0,,comtrade,2026-10-08
842,,380,,2013,6802,M,486918958.0,282789392.0,282789392.0,,comtrade,2026-10-08
842,,392,,2013,6802,M,257214.0,84111.0,84111.0,,comtrade,2026-10-08
842,,400,,2013,6802,M,371246.0,525149.0,525149.0,,comtrade,2026-10-08
842,,404,,2013,6802,M,10400.0,11000.0,11000.0,,comtrade,2026-10-08
842,,410,,2013,6802,M,325169.0,540000.0,540000.0,,comtrade,2026-10-08
842,,422,,2013,6802,M,676046.0,101503.0,101503.0,,comtrade,2026-10-08
842,,442,,2013,6802,M,41176.0,57000.0,57000.0,,comtrade,2026-10-08
842,,446,,2013,6802,M,10134.0,5000.0,5000.0,,comtrade,2026-10-08
842,,450,,2013,6802,M,4548.0,1000.0,1000.0,,comtrade,2026-10-08
842,,458,,2013,6802,M,42232.0,41000.0,41000.0,,comtrade,2026-10-08
842,,484,,2013,6802,M,65982693.0,81312496.0,81312496.0,,comtrade,2026-10-08
842,,490,,2013,6802,M,30963621.0,25927022.0,25927022.0,,comtrade,2026-10-08
842,,499,,2013,6802,M,16784.0,13000.0,13000.0,,comtrade,2026-10-08
842,,500,,2013,6802,M,36348.0,19000.0,19000.0,,comtrade,2026-10-08
842,,504,,2013,6802,M,521716.0,423000.0,423000.0,,comtrade,2026-10-08
842,,512,,2013,6802,M,151184.0,160000.0,160000.0,,comtrade,2026-10-08
842,,516,,2013,6802,M,574914.0,1193000.0,1193000.0,,comtrade,2026-10-08
842,,528,,2013,6802,M,550820.0,184318.0,184318.0,,comtrade,2026-10-08
842,,554,,2013,6802,M,18324.0,9000.0,9000.0,,comtrade,2026-10-08
842,,579,,2013,6802,M,153955.0,135000.0,135000.0,,comtrade,2026-10-08
842,,586,,2013,6802,M,4513659.0,2878000.0,2878000.0,,comtrade,2026-10-08
842,,604,,2013,6802,M,15426253.0,14129512.0,14129512.0,,comtrade,2026-10-08
842,,608,,2013,6802,M,3003613.0,4199000.0,4199000.0,,comtrade,2026-10-08
842,,616,,2013,6802,M,38283.0,4000.0,4000.0,,comtrade,2026-10-08
842,,620,,2013,6802,M,17399391.0,19028531.0,19028531.0,,comtrade,2026-10-08
842,,642,,2013,6802,M,397039.0,401000.0,401000.0,,comtrade,2026-10-08
842,,643,,2013,6802,M,2068.0,7000.0,7000.0,,comtrade,2026-10-08
842,,674,,2013,6802,M,17922.0,1000.0,1000.0,,comtrade,2026-10-08
842,,682,,2013,6802,M,9537312.0,9765000.0,9765000.0,,comtrade,2026-10-08
842,,699,,2013,6802,M,299759141.0,336997358.0,336997358.0,,comtrade,2026-10-08
842,,702,,2013,6802,M,145174.0,97000.0,97000.0,,comtrade,2026-10-08
842,,704,,2013,6802,M,4556422.0,4593506.0,4593506.0,,comtrade,2026-10-08
842,,705,,2013,6802,M,398637.0,225000.0,225000.0,,comtrade,2026-10-08
842,,710,,2013,6802,M,6091640.0,4943929.0,4943929.0,,comtrade,2026-10-08
842,,716,,2013,6802,M,276609.0,204000.0,204000.0,,comtrade,2026-10-08
842,,724,,2013,6802,M,77004348.0,77796907.0,77796907.0,,comtrade,2026-10-08
842,,752,,2013,6802,M,12280.0,2000.0,2000.0,,comtrade,2026-10-08
842,,757,,2013,6802,M,123301.0,213473.0,213473.0,,comtrade,2026-10-08
842,,760,,2013,6802,M,857758.0,1025000.0,1025000.0,,comtrade,2026-10-08
842,,764,,2013,6802,M,555275.0,316212.0,316212.0,,comtrade,2026-10-08
842,,772,,2013,6802,M,102798.0,107000.0,107000.0,,comtrade,2026-10-08
842,,780,,2013,6802,M,15063.0,23000.0,23000.0,,comtrade,2026-10-08
842,,784,,2013,6802,M,417589.0,445862.0,445862.0,,comtrade,2026-10-08
842,,788,,2013,6802,M,1119423.0,1200563.0,1200563.0,,comtrade,2026-10-08
842,,792,,2013,6802,M,366156435.0,586250561.0,586250561.0,,comtrade,2026-10-08
842,,804,,2013,6802,M,73707.0,65000.0,65000.0,,comtrade,2026-10-08
842,,807,,2013,6802,M,54268.0,106000.0,106000.0,,comtrade,2026-10-08
842,,818,,2013,6802,M,7850827.0,12383437.0,12383437.0,,comtrade,2026-10-08
842,,826,,2013,6802,M,1493692.0,798406.0,798406.0,,comtrade,2026-10-08
842,,0,,2013,6803,M,77972051.0,125739394.0,125739394.0,,comtrade,2026-10-08
842,,32,,2013,6803,M,5556.0,8960.0,8960.0,,comtrade,2026-10-08
842,,56,,2013,6803,M,2153.0,3472.0,3472.0,,comtrade,2026-10-08
842,,76,,2013,6803,M,7060720.0,11386268.0,11386268.0,,comtrade,2026-10-08
842,,100,,2013,6803,M,150968.0,243454.0,243454.0,,comtrade,2026-10-08
842,,124,,2013,6803,M,3975442.0,6410883.0,6410883.0,,comtrade,2026-10-08
842,,156,,2013,6803,M,37798455.0,60954595.0,60954595.0,,comtrade,2026-10-08
842,,208,,2013,6803,M,3392.0,5470.0,5470.0,,comtrade,2026-10-08
842,,251,,2013,6803,M,294339.0,474657.0,474657.0,,comtrade,2026-10-08
842,,276,,2013,6803,M,166045.0,267768.0,267768.0,,comtrade,2026-10-08
842,,300,,2013,6803,M,14932.0,24080.0,24080.0,,comtrade,2026-10-08
842,,344,,2013,6803,M,9888.0,15946.0,15946.0,,comtrade,2026-10-08
842,,360,,2013,6803,M,8701.0,14031.0,14031.0,,comtrade,2026-10-08
842,,376,,2013,6803,M,5264.0,8489.0,8489.0,,comtrade,2026-10-08
842,,380,,2013,6803,M,1302358.0,2100210.0,2100210.0,,comtrade,2026-10-08
842,,410,,2013,6803,M,3435.0,5539.0,5539.0,,comtrade,2026-10-08
842,,484,,2013,6803,M,20574.0,33178.0,33178.0,,comtrade,2026-10-08
842,,490,,2013,6803,M,44913.0,72428.0,72428.0,,comtrade,2026-10-08
842,,604,,2013,6803,M,29230.0,47137.0,47137.0,,comtrade,2026-10-08
842,,608,,2013,6803,M,51471.0,83003.0,83003.0,,comtrade,2026-10-08
842,,620,,2013,6803,M,374143.0,603351.0,603351.0,,comtrade,2026-10-08
842,,699,,2013,6803,M,20816049.0,33568405.0,33568405.0,,comtrade,2026-10-08
842,,704,,2013,6803,M,309488.0,499087.0,499087.0,,comtrade,2026-10-08
842,,710,,2013,6803,M,130143.0,209871.0,209871.0,,comtrade,2026-10-08
842,,724,,2013,6803,M,3791487.0,6114233.0,6114233.0,,comtrade,2026-10-08
842,,764,,2013,6803,M,218049.0,351630.0,351630.0,,comtrade,2026-10-08
842,,792,,2013,6803,M,110993.0,178990.0,178990.0,,comtrade,2026-10-08
842,,826,,2013,6803,M,1273863.0,2054259.0,2054259.0,,comtrade,2026-10-08
842,,0,,2014,2514,M,4239424.0,9669313.0,9669313.0,,comtrade,2026-10-08
842,,76,,2014,2514,M,500388.0,1141289.0,1141289.0,,comtrade,2026-10-08
842,,124,,2014,2514,M,58096.0,132506.0,132506.0,,comtrade,2026-10-08
842,,156,,2014,2514,M,2370436.0,5406510.0,5406510.0,,comtrade,2026-10-08
842,,188,,2014,2514,M,7720.0,17608.0,17608.0,,comtrade,2026-10-08
842,,344,,2014,2514,M,6703.0,15288.0,15288.0,,comtrade,2026-10-08
842,,360,,2014,2514,M,22266.0,50784.0,50784.0,,comtrade,2026-10-08
842,,380,,2014,2514,M,21513.0,49067.0,49067.0,,comtrade,2026-10-08
842,,490,,2014,2514,M,48610.0,110870.0,110870.0,,comtrade,2026-10-08
842,,620,,2014,2514,M,37734.0,86064.0,86064.0,,comtrade,2026-10-08
842,,699,,2014,2514,M,341162.0,778125.0,778125.0,,comtrade,2026-10-08
842,,724,,2014,2514,M,808111.0,1843146.0,1843146.0,,comtrade,2026-10-08
842,,826,,2014,2514,M,16685.0,38055.0,38055.0,,comtrade,2026-10-08
842,,0,,2014,2515,M,7415211.0,18872469.0,18872469.0,,comtrade,2026-10-08
842,,32,,2014,2515,M,5267.0,12457.0,12457.0,,comtrade,2026-10-08
842,,56,,2014,2515,M,637325.0,1766002.0,1766002.0,,comtrade,2026-10-08
842,,124,,2014,2515,M,815420.0,2078443.0,2078443.0,,comtrade,2026-10-08
842,,156,,2014,2515,M,1225166.0,2982425.0,2982425.0,,comtrade,2026-10-08
842,,191,,2014,2515,M,98856.0,233811.0,233811.0,,comtrade,2026-10-08
842,,214,,2014,2515,M,359808.0,914685.0,914685.0,,comtrade,2026-10-08
842,,251,,2014,2515,M,539819.0,1619834.0,1619834.0,,comtrade,2026-10-08
842,,300,,2014,2515,M,69493.0,164363.0,164363.0,,comtrade,2026-10-08
842,,344,,2014,2515,M,27019.0,63905.0,63905.0,,comtrade,2026-10-08
842,,360,,2014,2515,M,14463.0,36767.0,36767.0,,comtrade,2026-10-08
842,,376,,2014,2515,M,11467.0,34627.0,34627.0,,comtrade,2026-10-08
842,,380,,2014,2515,M,1621237.0,3990990.0,3990990.0,,comtrade,2026-10-08
842,,410,,2014,2515,M,6954.0,16447.0,16447.0,,comtrade,2026-10-08
842,,484,,2014,2515,M,72543.0,185494.0,185494.0,,comtrade,2026-10-08
842,,490,,2014,2515,M,26407.0,62457.0,62457.0,,comtrade,2026-10-08
842,,504,,2014,2515,M,43856.0,105210.0,105210.0,,comtrade,2026-10-08
842,,604,,2014,2515,M,34164.0,86850.0,86850.0,,comtrade,2026-10-08
842,,620,,2014,2515,M,941519.0,2383980.0,2383980.0,,comtrade,2026-10-08
842,,699,,2014,2515,M,138118.0,343140.0,343140.0,,comtrade,2026-10-08
842,,724,,2014,2515,M,224757.0,542252.0,542252.0,,comtrade,2026-10-08
842,,760,,2014,2515,M,50521.0,122199.0,122199.0,,comtrade,2026-10-08
842,,784,,2014,2515,M,9050.0,21405.0,21405.0,,comtrade,2026-10-08
842,,792,,2014,2515,M,222558.0,576591.0,576591.0,,comtrade,2026-10-08
842,,818,,2014,2515,M,196217.0,473245.0,473245.0,,comtrade,2026-10-08
842,,826,,2014,2515,M,23207.0,54889.0,54889.0,,comtrade,2026-10-08
842,,0,,2014,2516,M,22687178.0,69493439.0,69493439.0,,comtrade,2026-10-08
842,,36,,2014,2516,M,53569.0,180915.0,180915.0,,comtrade,2026-10-08
842,,56,,2014,2516,M,182445.0,569765.0,569765.0,,comtrade,2026-10-08
842,,76,,2014,2516,M,705400.0,2130750.0,2130750.0,,comtrade,2026-10-08
842,,124,,2014,2516,M,4787341.0,14867301.0,14867301.0,,comtrade,2026-10-08
842,,156,,2014,2516,M,4507694.0,12729994.0,12729994.0,,comtrade,2026-10-08
842,,231,,2014,2516,M,10643.0,33237.0,33237.0,,comtrade,2026-10-08
842,,246,,2014,2516,M,38403.0,133870.0,133870.0,,comtrade,2026-10-08
842,,251,,2014,2516,M,78608.0,270526.0,270526.0,,comtrade,2026-10-08
842,,276,,2014,2516,M,108891.0,338337.0,338337.0,,comtrade,2026-10-08
842,,344,,2014,2516,M,8468.0,24827.0,24827.0,,comtrade,2026-10-08
842,,360,,2014,2516,M,9812.0,30642.0,30642.0,,comtrade,2026-10-08
842,,372,,2014,2516,M,4300.0,9419.0,9419.0,,comtrade,2026-10-08
842,,376,,2014,2516,M,129830.0,456904.0,456904.0,,comtrade,2026-10-08
842,,380,,2014,2516,M,843884.0,2382318.0,2382318.0,,comtrade,2026-10-08
842,,392,,2014,2516,M,4079.0,14355.0,14355.0,,comtrade,2026-10-08
842,,410,,2014,2516,M,35300.0,77321.0,77321.0,,comtrade,2026-10-08
842,,484,,2014,2516,M,83077.0,268244.0,268244.0,,comtrade,2026-10-08
842,,579,,2014,2516,M,491905.0,1590683.0,1590683.0,,comtrade,2026-10-08
842,,586,,2014,2516,M,5257.0,18501.0,18501.0,,comtrade,2026-10-08
842,,608,,2014,2516,M,255361.0,797477.0,797477.0,,comtrade,2026-10-08
842,,616,,2014,2516,M,23972.0,52508.0,52508.0,,comtrade,2026-10-08
842,,620,,2014,2516,M,12120.0,38442.0,38442.0,,comtrade,2026-10-08
842,,699,,2014,2516,M,6581216.0,20525845.0,20525845.0,,comtrade,2026-10-08
842,,704,,2014,2516,M,53489.0,167318.0,167318.0,,comtrade,2026-10-08
842,,710,,2014,2516,M,1290493.0,4301356.0,4301356.0,,comtrade,2026-10-08
842,,716,,2014,2516,M,211616.0,733562.0,733562.0,,comtrade,2026-10-08
842,,724,,2014,2516,M,86613.0,219180.0,219180.0,,comtrade,2026-10-08
842,,764,,2014,2516,M,13127.0,38487.0,38487.0,,comtrade,2026-10-08
842,,826,,2014,2516,M,1640071.0,5147885.0,5147885.0,,comtrade,2026-10-08
842,,858,,2014,2516,M,430194.0,1343469.0,1343469.0,,comtrade,2026-10-08
842,,0,,2014,6801,M,36652810.0,124061028.0,124061028.0,,comtrade,2026-10-08
842,,32,,2014,6801,M,70877.0,239902.0,239902.0,,comtrade,2026-10-08
842,,36,,2014,6801,M,53689.0,181724.0,181724.0,,comtrade,2026-10-08
842,,76,,2014,6801,M,94035.0,318286.0,318286.0,,comtrade,2026-10-08
842,,124,,2014,6801,M,2953633.0,9997344.0,9997344.0,,comtrade,2026-10-08
842,,156,,2014,6801,M,4023615.0,13618978.0,13618978.0,,comtrade,2026-10-08
842,,214,,2014,6801,M,22663.0,76709.0,76709.0,,comtrade,2026-10-08
842,,251,,2014,6801,M,560448.0,1896983.0,1896983.0,,comtrade,2026-10-08
842,,276,,2014,6801,M,3708.0,12551.0,12551.0,,comtrade,2026-10-08
842,,360,,2014,6801,M,3506833.0,11869794.0,11869794.0,,comtrade,2026-10-08
842,,376,,2014,6801,M,19572.0,66247.0,66247.0,,comtrade,2026-10-08
842,,380,,2014,6801,M,471274.0,1595150.0,1595150.0,,comtrade,2026-10-08
842,,484,,2014,6801,M,928297.0,3142064.0,3142064.0,,comtrade,2026-10-08
842,,504,,2014,6801,M,18748.0,63458.0,63458.0,,comtrade,2026-10-08
842,,608,,2014,6801,M,62872.0,212807.0,212807.0,,comtrade,2026-10-08
842,,620,,2014,6801,M,4996.0,16910.0,16910.0,,comtrade,2026-10-08
842,,699,,2014,6801,M,18273711.0,61852157.0,61852157.0,,comtrade,2026-10-08
842,,757,,2014,6801,M,8785.0,29735.0,29735.0,,comtrade,2026-10-08
842,,792,,2014,6801,M,5499391.0,18614128.0,18614128.0,,comtrade,2026-10-08
842,,818,,2014,6801,M,13535.0,45813.0,45813.0,,comtrade,2026-10-08
842,,826,,2014,6801,M,62128.0,210288.0,210288.0,,comtrade,2026-10-08
842,,0,,2014,6802,M,3105702470.0,3971482336.0,3971482336.0,,comtrade,2026-10-08
842,,24,,2014,6802,M,4244.0,5944.0,5944.0,,comtrade,2026-10-08
842,,32,,2014,6802,M,2369350.0,3196377.0,3196377.0,,comtrade,2026-10-08
842,,36,,2014,6802,M,69096.0,87046.0,87046.0,,comtrade,2026-10-08
842,,50,,2014,6802,M,3300.0,3640.0,3640.0,,comtrade,2026-10-08
842,,51,,2014,6802,M,19333.0,22093.0,22093.0,,comtrade,2026-10-08
842,,56,,2014,6802,M,1599872.0,1969739.0,1969739.0,,comtrade,2026-10-08
842,,68,,2014,6802,M,15239.0,24475.0,24475.0,,comtrade,2026-10-08
842,,70,,2014,6802,M,24830.0,27390.0,27390.0,,comtrade,2026-10-08
842,,76,,2014,6802,M,863761724.0,1183713622.0,1183713622.0,,comtrade,2026-10-08
842,,84,,2014,6802,M,32393.0,39869.0,39869.0,,comtrade,2026-10-08
842,,92,,2014,6802,M,69345.0,87856.0,87856.0,,comtrade,2026-10-08
842,,100,,2014,6802,M,3308628.0,3956092.0,3956092.0,,comtrade,2026-10-08
842,,104,,2014,6802,M,4248.0,4686.0,4686.0,,comtrade,2026-10-08
842,,116,,2014,6802,M,6789.0,8356.0,8356.0,,comtrade,2026-10-08
842,,120,,2014,6802,M,41796.0,57332.0,57332.0,,comtrade,2026-10-08
842,,124,,2014,6802,M,86488664.0,118267991.0,118267991.0,,comtrade,2026-10-08
842,,144,,2014,6802,M,53501.0,74934.0,74934.0,,comtrade,2026-10-08
842,,152,,2014,6802,M,24662.0,27205.0,27205.0,,comtrade,2026-10-08
842,,156,,2014,6802,M,600041907.0,780153137.0,780153137.0,,comtrade,2026-10-08
842,,170,,2014,6802,M,350665.0,426945.0,426945.0,,comtrade,2026-10-08
842,,188,,2014,6802,M,3860.0,5406.0,5406.0,,comtrade,2026-10-08
842,,191,,2014,6802,M,73884.0,90135.0,90135.0,,comtrade,2026-10-08
842,,196,,2014,6802,M,77266.0,110455.0,110455.0,,comtrade,2026-10-08
842,,203,,2014,6802,M,56898.0,71942.0,71942.0,,comtrade,2026-10-08
842,,204,,2014,6802,M,18860.0,23213.0,23213.0,,comtrade,2026-10-08
842,,208,,2014,6802,M,48374.0,63572.0,63572.0,,comtrade,2026-10-08
842,,214,,2014,6802,M,5693683.0,7351231.0,7351231.0,,comtrade,2026-10-08
842,,218,,2014,6802,M,448063.0,498530.0,498530.0,,comtrade,2026-10-08
842,,246,,2014,6802,M,616983.0,763517.0,763517.0,,comtrade,2026-10-08
842,,251,,2014,6802,M,12395493.0,15271874.0,15271874.0,,comtrade,2026-10-08
842,,275,,2014,6802,M,122966.0,151196.0,151196.0,,comtrade,2026-10-08
842,,276,,2014,6802,M,6797030.0,8392907.0,8392907.0,,comtrade,2026-10-08
842,,300,,2014,6802,M,23122717.0,25992556.0,25992556.0,,comtrade,2026-10-08
842,,332,,2014,6802,M,68844.0,82343.0,82343.0,,comtrade,2026-10-08
842,,340,,2014,6802,M,440219.0,551239.0,551239.0,,comtrade,2026-10-08
842,,344,,2014,6802,M,4945432.0,6243021.0,6243021.0,,comtrade,2026-10-08
842,,352,,2014,6802,M,17626.0,23493.0,23493.0,,comtrade,2026-10-08
842,,360,,2014,6802,M,10218401.0,12451179.0,12451179.0,,comtrade,2026-10-08
842,,372,,2014,6802,M,61965.0,77484.0,77484.0,,comtrade,2026-10-08
842,,376,,2014,6802,M,10501573.0,12908503.0,12908503.0,,comtrade,2026-10-08
842,,380,,2014,6802,M,509640562.0,613009968.0,613009968.0,,comtrade,2026-10-08
842,,392,,2014,6802,M,338334.0,483732.0,483732.0,,comtrade,2026-10-08
842,,400,,2014,6802,M,635742.0,800504.0,800504.0,,comtrade,2026-10-08
842,,404,,2014,6802,M,21822.0,26858.0,26858.0,,comtrade,2026-10-08
842,,410,,2014,6802,M,576525.0,754849.0,754849.0,,comtrade,2026-10-08
842,,414,,2014,6802,M,27906.0,39085.0,39085.0,,comtrade,2026-10-08
842,,422,,2014,6802,M,1148929.0,1431437.0,1431437.0,,comtrade,2026-10-08
842,,428,,2014,6802,M,5128.0,7182.0,7182.0,,comtrade,2026-10-08
842,,440,,2014,6802,M,37430.0,46069.0,46069.0,,comtrade,2026-10-08
842,,446,,2014,6802,M,58412.0,64435.0,64435.0,,comtrade,2026-10-08
842,,450,,2014,6802,M,8572.0,13767.0,13767.0,,comtrade,2026-10-08
842,,484,,2014,6802,M,66465971.0,77367568.0,77367568.0,,comtrade,2026-10-08
842,,490,,2014,6802,M,23212408.0,30778094.0,30778094.0,,comtrade,2026-10-08
842,,504,,2014,6802,M,1259493.0,1546718.0,1546718.0,,comtrade,2026-10-08
842,,512,,2014,6802,M,133652.0,158481.0,158481.0,,comtrade,2026-10-08
842,,516,,2014,6802,M,84651.0,118563.0,118563.0,,comtrade,2026-10-08
842,,528,,2014,6802,M,575886.0,733777.0,733777.0,,comtrade,2026-10-08
842,,579,,2014,6802,M,131768.0,169179.0,169179.0,,comtrade,2026-10-08
842,,586,,2014,6802,M,3281075.0,3719529.0,3719529.0,,comtrade,2026-10-08
842,,604,,2014,6802,M,11084566.0,12914629.0,12914629.0,,comtrade,2026-10-08
842,,608,,2014,6802,M,2980323.0,3606930.0,3606930.0,,comtrade,2026-10-08
842,,616,,2014,6802,M,44454.0,60572.0,60572.0,,comtrade,2026-10-08
842,,620,,2014,6802,M,20234552.0,25003431.0,25003431.0,,comtrade,2026-10-08
842,,642,,2014,6802,M,589796.0,867670.0,867670.0,,comtrade,2026-10-08
842,,643,,2014,6802,M,11254.0,18075.0,18075.0,,comtrade,2026-10-08
842,,674,,2014,6802,M,16059.0,17715.0,17715.0,,comtrade,2026-10-08
842,,682,,2014,6802,M,5062484.0,7082305.0,7082305.0,,comtrade,2026-10-08
842,,694,,2014,6802,M,2480.0,3142.0,3142.0,,comtrade,2026-10-08
842,,699,,2014,6802,M,315549045.0,423597915.0,423597915.0,,comtrade,2026-10-08
842,,702,,2014,6802,M,125215.0,159585.0,159585.0,,comtrade,2026-10-08
842,,704,,2014,6802,M,4586565.0,5984503.0,5984503.0,,comtrade,2026-10-08
842,,705,,2014,6802,M,602045.0,664532.0,664532.0,,comtrade,2026-10-08
842,,710,,2014,6802,M,7169482.0,9817396.0,9817396.0,,comtrade,2026-10-08
842,,716,,2014,6802,M,206543.0,285999.0,285999.0,,comtrade,2026-10-08
842,,724,,2014,6802,M,80201883.0,99266746.0,99266746.0,,comtrade,2026-10-08
842,,752,,2014,6802,M,2682.0,3301.0,3301.0,,comtrade,2026-10-08
842,,757,,2014,6802,M,789685.0,943960.0,943960.0,,comtrade,2026-10-08
842,,760,,2014,6802,M,1521713.0,1904146.0,1904146.0,,comtrade,2026-10-08
842,,764,,2014,6802,M,471965.0,628277.0,628277.0,,comtrade,2026-10-08
842,,772,,2014,6802,M,31193.0,43689.0,43689.0,,comtrade,2026-10-08
842,,784,,2014,6802,M,666579.0,793076.0,793076.0,,comtrade,2026-10-08
842,,788,,2014,6802,M,1201166.0,1480060.0,1480060.0,,comtrade,2026-10-08
842,,792,,2014,6802,M,401525312.0,450587803.0,450587803.0,,comtrade,2026-10-08
842,,804,,2014,6802,M,14562.0,17923.0,17923.0,,comtrade,2026-10-08
842,,807,,2014,6802,M,105974.0,116902.0,116902.0,,comtrade,2026-10-08
842,,818,,2014,6802,M,6997243.0,8193587.0,8193587.0,,comtrade,2026-10-08
842,,826,,2014,6802,M,2172303.0,2770705.0,2770705.0,,comtrade,2026-10-08
842,,858,,2014,6802,M,3446.0,4322.0,4322.0,,comtrade,2026-10-08
842,,862,,2014,6802,M,67912.0,95118.0,95118.0,,comtrade,2026-10-08
842,,0,,2014,6803,M,80745419.0,121796738.0,121796738.0,,comtrade,2026-10-08
842,,32,,2014,6803,M,20130.0,30364.0,30364.0,,comtrade,2026-10-08
842,,56,,2014,6803,M,2139.0,3226.0,3226.0,,comtrade,2026-10-08
842,,76,,2014,6803,M,7443776.0,11228224.0,11228224.0,,comtrade,2026-10-08
842,,100,,2014,6803,M,146145.0,220446.0,220446.0,,comtrade,2026-10-08
842,,124,,2014,6803,M,4048463.0,6106719.0,6106719.0,,comtrade,2026-10-08
842,,156,,2014,6803,M,38897849.0,58673683.0,58673683.0,,comtrade,2026-10-08
842,,170,,2014,6803,M,7707.0,11625.0,11625.0,,comtrade,2026-10-08
842,,251,,2014,6803,M,777819.0,1173266.0,1173266.0,,comtrade,2026-10-08
842,,276,,2014,6803,M,90879.0,137082.0,137082.0,,comtrade,2026-10-08
842,,300,,2014,6803,M,56806.0,85686.0,85686.0,,comtrade,2026-10-08
842,,340,,2014,6803,M,11570.0,17452.0,17452.0,,comtrade,2026-10-08
842,,344,,2014,6803,M,21826.0,32922.0,32922.0,,comtrade,2026-10-08
842,,360,,2014,6803,M,7692.0,11603.0,11603.0,,comtrade,2026-10-08
842,,376,,2014,6803,M,10925.0,16479.0,16479.0,,comtrade,2026-10-08
842,,380,,2014,6803,M,1239370.0,1869471.0,1869471.0,,comtrade,2026-10-08
842,,410,,2014,6803,M,47261.0,71289.0,71289.0,,comtrade,2026-10-08
842,,484,,2014,6803,M,29979.0,45220.0,45220.0,,comtrade,2026-10-08
842,,490,,2014,6803,M,4643.0,7004.0,7004.0,,comtrade,2026-10-08
842,,528,,2014,6803,M,28868.0,43545.0,43545.0,,comtrade,2026-10-08
842,,608,,2014,6803,M,16342.0,24650.0,24650.0,,comtrade,2026-10-08
842,,616,,2014,6803,M,6384.0,9630.0,9630.0,,comtrade,2026-10-08
842,,620,,2014,6803,M,411500.0,620708.0,620708.0,,comtrade,2026-10-08
842,,699,,2014,6803,M,20267840.0,30572097.0,30572097.0,,comtrade,2026-10-08
842,,704,,2014,6803,M,84757.0,127848.0,127848.0,,comtrade,2026-10-08
842,,710,,2014,6803,M,101416.0,152976.0,152976.0,,comtrade,2026-10-08
842,,724,,2014,6803,M,4499043.0,6786376.0,6786376.0,,comtrade,2026-10-08
842,,764,,2014,6803,M,73816.0,111344.0,111344.0,,comtrade,2026-10-08
842,,792,,2014,6803,M,71048.0,107169.0,107169.0,,comtrade,2026-10-08
842,,826,,2014,6803,M,2319426.0,3498632.0,3498632.0,,comtrade,2026-10-08
842,,0,,2015,2514,M,3790025.0,6675000.0,6675000.0,,comtrade,2026-10-08
842,,76,,2015,2514,M,447692.0,683000.0,683000.0,,comtrade,2026-10-08
842,,124,,2015,2514,M,53831.0,83000.0,83000.0,,comtrade,2026-10-08
842,,156,,2015,2514,M,1904329.0,3578000.0,3578000.0,,comtrade,2026-10-08
842,,300,,2015,2514,M,5436.0,16000.0,16000.0,,comtrade,2026-10-08
842,,376,,2015,2514,M,110490.0,44000.0,44000.0,,comtrade,2026-10-08
842,,380,,2015,2514,M,3950.0,1000.0,1000.0,,comtrade,2026-10-08
842,,620,,2015,2514,M,16431.0,10000.0,10000.0,,comtrade,2026-10-08
842,,699,,2015,2514,M,607795.0,1185000.0,1185000.0,,comtrade,2026-10-08
842,,724,,2015,2514,M,619106.0,1026000.0,1026000.0,,comtrade,2026-10-08
842,,792,,2015,2514,M,20965.0,49000.0,49000.0,,comtrade,2026-10-08
842,,0,,2015,2515,M,8885622.0,20227000.0,20227000.0,,comtrade,2026-10-08
842,,32,,2015,2515,M,53465.0,21000.0,21000.0,,comtrade,2026-10-08
842,,56,,2015,2515,M,235317.0,211000.0,211000.0,,comtrade,2026-10-08
842,,124,,2015,2515,M,971367.0,5956000.0,5956000.0,,comtrade,2026-10-08
842,,156,,2015,2515,M,2053796.0,4871000.0,4871000.0,,comtrade,2026-10-08
842,,214,,2015,2515,M,191947.0,447000.0,447000.0,,comtrade,2026-10-08
842,,251,,2015,2515,M,642364.0,1527000.0,1527000.0,,comtrade,2026-10-08
842,,300,,2015,2515,M,128550.0,132000.0,132000.0,,comtrade,2026-10-08
842,,344,,2015,2515,M,11784.0,5000.0,5000.0,,comtrade,2026-10-08
842,,360,,2015,2515,M,31843.0,110000.0,110000.0,,comtrade,2026-10-08
842,,372,,2015,2515,M,8155.0,21000.0,21000.0,,comtrade,2026-10-08
842,,376,,2015,2515,M,47994.0,108000.0,108000.0,,comtrade,2026-10-08
842,,380,,2015,2515,M,1289690.0,692000.0,692000.0,,comtrade,2026-10-08
842,,484,,2015,2515,M,158558.0,678000.0,678000.0,,comtrade,2026-10-08
842,,490,,2015,2515,M,26314.0,18000.0,18000.0,,comtrade,2026-10-08
842,,504,,2015,2515,M,116070.0,128000.0,128000.0,,comtrade,2026-10-08
842,,586,,2015,2515,M,24009.0,17000.0,17000.0,,comtrade,2026-10-08
842,,604,,2015,2515,M,143748.0,400000.0,400000.0,,comtrade,2026-10-08
842,,620,,2015,2515,M,1566019.0,2318000.0,2318000.0,,comtrade,2026-10-08
842,,699,,2015,2515,M,149390.0,151000.0,151000.0,,comtrade,2026-10-08
842,,704,,2015,2515,M,159616.0,98000.0,98000.0,,comtrade,2026-10-08
842,,724,,2015,2515,M,91752.0,133000.0,133000.0,,comtrade,2026-10-08
842,,760,,2015,2515,M,28018.0,112000.0,112000.0,,comtrade,2026-10-08
842,,784,,2015,2515,M,11616.0,1000.0,1000.0,,comtrade,2026-10-08
842,,792,,2015,2515,M,174402.0,269000.0,269000.0,,comtrade,2026-10-08
842,,818,,2015,2515,M,556641.0,1797000.0,1797000.0,,comtrade,2026-10-08
842,,826,,2015,2515,M,13197.0,6000.0,6000.0,,comtrade,2026-10-08
842,,0,,2015,2516,M,30734759.0,69212000.0,69212000.0,,comtrade,2026-10-08
842,,32,,2015,2516,M,75874.0,198000.0,198000.0,,comtrade,2026-10-08
842,,40,,2015,2516,M,5306.0,6000.0,6000.0,,comtrade,2026-10-08
842,,56,,2015,2516,M,48569.0,111000.0,111000.0,,comtrade,2026-10-08
842,,76,,2015,2516,M,870453.0,1324000.0,1324000.0,,comtrade,2026-10-08
842,,124,,2015,2516,M,5788496.0,21403000.0,21403000.0,,comtrade,2026-10-08
842,,156,,2015,2516,M,5532024.0,11384000.0,11384000.0,,comtrade,2026-10-08
842,,203,,2015,2516,M,35565.0,39000.0,39000.0,,comtrade,2026-10-08
842,,208,,2015,2516,M,27554.0,208000.0,208000.0,,comtrade,2026-10-08
842,,246,,2015,2516,M,59781.0,172000.0,172000.0,,comtrade,2026-10-08
842,,251,,2015,2516,M,13969.0,1000.0,1000.0,,comtrade,2026-10-08
842,,276,,2015,2516,M,52468.0,48000.0,48000.0,,comtrade,2026-10-08
842,,300,,2015,2516,M,12063.0,40000.0,40000.0,,comtrade,2026-10-08
842,,348,,2015,2516,M,284500.0,165000.0,165000.0,,comtrade,2026-10-08
842,,360,,2015,2516,M,36986.0,73000.0,73000.0,,comtrade,2026-10-08
842,,380,,2015,2516,M,2283663.0,5185000.0,5185000.0,,comtrade,2026-10-08
842,,458,,2015,2516,M,20904.0,1000.0,1000.0,,comtrade,2026-10-08
842,,484,,2015,2516,M,176314.0,188000.0,188000.0,,comtrade,2026-10-08
842,,528,,2015,2516,M,22571.0,26000.0,26000.0,,comtrade,2026-10-08
842,,579,,2015,2516,M,520822.0,805000.0,805000.0,,comtrade,2026-10-08
842,,586,,2015,2516,M,13500.0,1000.0,1000.0,,comtrade,2026-10-08
842,,608,,2015,2516,M,419343.0,1082000.0,1082000.0,,comtrade,2026-10-08
842,,616,,2015,2516,M,8342.0,10000.0,10000.0,,comtrade,2026-10-08
842,,620,,2015,2516,M,8857.0,117000.0,117000.0,,comtrade,2026-10-08
842,,682,,2015,2516,M,8429.0,16000.0,16000.0,,comtrade,2026-10-08
842,,699,,2015,2516,M,10666303.0,17841000.0,17841000.0,,comtrade,2026-10-08
842,,704,,2015,2516,M,58376.0,139000.0,139000.0,,comtrade,2026-10-08
842,,710,,2015,2516,M,1520577.0,4698000.0,4698000.0,,comtrade,2026-10-08
842,,716,,2015,2516,M,59093.0,116000.0,116000.0,,comtrade,2026-10-08
842,,724,,2015,2516,M,228465.0,196000.0,196000.0,,comtrade,2026-10-08
842,,752,,2015,2516,M,14544.0,37000.0,37000.0,,comtrade,2026-10-08
842,,757,,2015,2516,M,27583.0,17000.0,17000.0,,comtrade,2026-10-08
842,,792,,2015,2516,M,15203.0,22000.0,22000.0,,comtrade,2026-10-08
842,,826,,2015,2516,M,1471054.0,2834000.0,2834000.0,,comtrade,2026-10-08
842,,858,,2015,2516,M,347208.0,709000.0,709000.0,,comtrade,2026-10-08
842,,0,,2015,6801,M,50222095.0,211575000.0,211575000.0,,comtrade,2026-10-08
842,,56,,2015,6801,M,124230.0,61000.0,61000.0,,comtrade,2026-10-08
842,,76,,2015,6801,M,179512.0,189000.0,189000.0,,comtrade,2026-10-08
842,,124,,2015,6801,M,5129218.0,4267000.0,4267000.0,,comtrade,2026-10-08
842,,156,,2015,6801,M,6362727.0,17974000.0,17974000.0,,comtrade,2026-10-08
842,,214,,2015,6801,M,17303.0,42000.0,42000.0,,comtrade,2026-10-08
842,,251,,2015,6801,M,506318.0,304000.0,304000.0,,comtrade,2026-10-08
842,,276,,2015,6801,M,8276.0,20000.0,20000.0,,comtrade,2026-10-08
842,,360,,2015,6801,M,4318330.0,2448000.0,2448000.0,,comtrade,2026-10-08
842,,376,,2015,6801,M,15513.0,35000.0,35000.0,,comtrade,2026-10-08
842,,380,,2015,6801,M,283444.0,374000.0,374000.0,,comtrade,2026-10-08
842,,484,,2015,6801,M,1054442.0,3899000.0,3899000.0,,comtrade,2026-10-08
842,,528,,2015,6801,M,30307.0,32000.0,32000.0,,comtrade,2026-10-08
842,,586,,2015,6801,M,42183.0,11000.0,11000.0,,comtrade,2026-10-08
842,,608,,2015,6801,M,66156.0,72000.0,72000.0,,comtrade,2026-10-08
842,,699,,2015,6801,M,15883598.0,145908000.0,145908000.0,,comtrade,2026-10-08
842,,704,,2015,6801,M,17678.0,57000.0,57000.0,,comtrade,2026-10-08
842,,724,,2015,6801,M,119075.0,103000.0,103000.0,,comtrade,2026-10-08
842,,792,,2015,6801,M,15853934.0,35505000.0,35505000.0,,comtrade,2026-10-08
842,,818,,2015,6801,M,6256.0,22000.0,22000.0,,comtrade,2026-10-08
842,,826,,2015,6801,M,203595.0,252000.0,252000.0,,comtrade,2026-10-08
842,,0,,2015,6802,M,3238533041.0,3807422519.0,,,comtrade,2026-10-08
842,,32,,2015,6802,M,1600447.0,1531000.0,,,comtrade,2026-10-08
842,,36,,2015,6802,M,74674.0,38798.0,,,comtrade,2026-10-08
842,,40,,2015,6802,M,71680.0,7000.0,,,comtrade,2026-10-08
842,,51,,2015,6802,M,9195.0,12405.0,,,comtrade,2026-10-08
842,,52,,2015,6802,M,6325.0,17000.0,,,comtrade,2026-10-08
842,,56,,2015,6802,M,1518623.0,828771.0,,,comtrade,2026-10-08
842,,70,,2015,6802,M,12723.0,13000.0,,,comtrade,2026-10-08
842,,76,,2015,6802,M,875912951.0,972401229.0,,,comtrade,2026-10-08
842,,92,,2015,6802,M,5406.0,2000.0,,,comtrade,2026-10-08
842,,100,,2015,6802,M,2530214.0,5208000.0,,,comtrade,2026-10-08
842,,104,,2015,6802,M,2226.0,1000.0,,,comtrade,2026-10-08
842,,116,,2015,6802,M,13340.0,7000.0,,,comtrade,2026-10-08
842,,124,,2015,6802,M,98755645.0,181709412.0,,,comtrade,2026-10-08
842,,144,,2015,6802,M,65698.0,72000.0,,,comtrade,2026-10-08
842,,152,,2015,6802,M,562677.0,252000.0,,,comtrade,2026-10-08
842,,156,,2015,6802,M,657672343.0,715841663.0,,,comtrade,2026-10-08
842,,170,,2015,6802,M,90513.0,89000.0,,,comtrade,2026-10-08
842,,191,,2015,6802,M,251242.0,216000.0,,,comtrade,2026-10-08
842,,196,,2015,6802,M,151649.0,127000.0,,,comtrade,2026-10-08
842,,204,,2015,6802,M,5091.0,15000.0,,,comtrade,2026-10-08
842,,208,,2015,6802,M,66141.0,186000.0,,,comtrade,2026-10-08
842,,214,,2015,6802,M,5941271.0,14057203.0,,,comtrade,2026-10-08
842,,218,,2015,6802,M,507775.0,54000.0,,,comtrade,2026-10-08
842,,246,,2015,6802,M,621088.0,304000.0,,,comtrade,2026-10-08
842,,251,,2015,6802,M,13807294.0,11054702.0,,,comtrade,2026-10-08
842,,275,,2015,6802,M,43944.0,21000.0,,,comtrade,2026-10-08
842,,276,,2015,6802,M,4504205.0,2961636.0,,,comtrade,2026-10-08
842,,300,,2015,6802,M,27567620.0,18586348.0,,,comtrade,2026-10-08
842,,320,,2015,6802,M,36328.0,26000.0,,,comtrade,2026-10-08
842,,332,,2015,6802,M,12865.0,3000.0,,,comtrade,2026-10-08
842,,340,,2015,6802,M,115672.0,5498000.0,,,comtrade,2026-10-08
842,,344,,2015,6802,M,4847008.0,4294370.0,,,comtrade,2026-10-08
842,,348,,2015,6802,M,136352.0,120000.0,,,comtrade,2026-10-08
842,,352,,2015,6802,M,10990.0,5000.0,,,comtrade,2026-10-08
842,,360,,2015,6802,M,11361365.0,10590706.0,,,comtrade,2026-10-08
842,,372,,2015,6802,M,47618.0,65000.0,,,comtrade,2026-10-08
842,,376,,2015,6802,M,9652066.0,7296486.0,,,comtrade,2026-10-08
842,,380,,2015,6802,M,532789976.0,314422757.0,,,comtrade,2026-10-08
842,,392,,2015,6802,M,183030.0,237000.0,,,comtrade,2026-10-08
842,,400,,2015,6802,M,376609.0,346872.0,,,comtrade,2026-10-08
842,,404,,2015,6802,M,14750.0,13000.0,,,comtrade,2026-10-08
842,,410,,2015,6802,M,536605.0,375000.0,,,comtrade,2026-10-08
842,,422,,2015,6802,M,1335955.0,1724615.0,,,comtrade,2026-10-08
842,,450,,2015,6802,M,28356.0,4000.0,,,comtrade,2026-10-08
842,,458,,2015,6802,M,16021.0,32000.0,,,comtrade,2026-10-08
842,,480,,2015,6802,M,265299.0,973612.0,,,comtrade,2026-10-08
842,,484,,2015,6802,M,62752177.0,78513064.0,,,comtrade,2026-10-08
842,,490,,2015,6802,M,15752149.0,14122000.0,,,comtrade,2026-10-08
842,,499,,2015,6802,M,24671.0,23000.0,,,comtrade,2026-10-08
842,,504,,2015,6802,M,1600886.0,1915751.0,,,comtrade,2026-10-08
842,,512,,2015,6802,M,167184.0,90000.0,,,comtrade,2026-10-08
842,,516,,2015,6802,M,142666.0,185000.0,,,comtrade,2026-10-08
842,,528,,2015,6802,M,154251.0,57000.0,,,comtrade,2026-10-08
842,,554,,2015,6802,M,2945.0,1000.0,,,comtrade,2026-10-08
842,,579,,2015,6802,M,159102.0,166000.0,,,comtrade,2026-10-08
842,,586,,2015,6802,M,3420021.0,2062411.0,,,comtrade,2026-10-08
842,,604,,2015,6802,M,10445508.0,10310569.0,,,comtrade,2026-10-08
842,,608,,2015,6802,M,3275937.0,7073423.0,,,comtrade,2026-10-08
842,,616,,2015,6802,M,505555.0,398045.0,,,comtrade,2026-10-08
842,,620,,2015,6802,M,21733009.0,18544488.0,,,comtrade,2026-10-08
842,,642,,2015,6802,M,622792.0,601000.0,,,comtrade,2026-10-08
842,,674,,2015,6802,M,59865.0,14000.0,,,comtrade,2026-10-08
842,,682,,2015,6802,M,3408354.0,3825000.0,,,comtrade,2026-10-08
842,,688,,2015,6802,M,147108.0,181000.0,,,comtrade,2026-10-08
842,,699,,2015,6802,M,343968808.0,407376318.0,,,comtrade,2026-10-08
842,,702,,2015,6802,M,236884.0,324000.0,,,comtrade,2026-10-08
842,,703,,2015,6802,M,27390.0,11965.0,,,comtrade,2026-10-08
842,,704,,2015,6802,M,5235157.0,5139270.0,,,comtrade,2026-10-08
842,,705,,2015,6802,M,946520.0,484000.0,,,comtrade,2026-10-08
842,,710,,2015,6802,M,5770993.0,4004409.0,,,comtrade,2026-10-08
842,,716,,2015,6802,M,121411.0,96000.0,,,comtrade,2026-10-08
842,,724,,2015,6802,M,83767282.0,98740442.0,,,comtrade,2026-10-08
842,,752,,2015,6802,M,26725.0,30000.0,,,comtrade,2026-10-08
842,,757,,2015,6802,M,668613.0,3274000.0,,,comtrade,2026-10-08
842,,760,,2015,6802,M,1827904.0,1750000.0,,,comtrade,2026-10-08
842,,764,,2015,6802,M,302937.0,577446.0,,,comtrade,2026-10-08
842,,784,,2015,6802,M,543845.0,506000.0,,,comtrade,2026-10-08
842,,788,,2015,6802,M,1340664.0,1359107.0,,,comtrade,2026-10-08
842,,792,,2015,6802,M,407413010.0,863293523.0,,,comtrade,2026-10-08
842,,800,,2015,6802,M,55934.0,17000.0,,,comtrade,2026-10-08
842,,804,,2015,6802,M,53310.0,95000.0,,,comtrade,2026-10-08
842,,807,,2015,6802,M,77551.0,63000.0,,,comtrade,2026-10-08
842,,818,,2015,6802,M,5887488.0,9377288.0,,,comtrade,2026-10-08
842,,826,,2015,6802,M,1747570.0,1179414.0,,,comtrade,2026-10-08
842,,0,,2015,6803,M,83409956.0,130027479.0,130027479.0,,comtrade,2026-10-08
842,,56,,2015,6803,M,36268.0,56538.0,56538.0,,comtrade,2026-10-08
842,,76,,2015,6803,M,7232882.0,11275314.0,11275314.0,,comtrade,2026-10-08
842,,100,,2015,6803,M,524522.0,817675.0,817675.0,,comtrade,2026-10-08
842,,120,,2015,6803,M,99489.0,155093.0,155093.0,,comtrade,2026-10-08
842,,124,,2015,6803,M,3974493.0,6195823.0,6195823.0,,comtrade,2026-10-08
842,,156,,2015,6803,M,42611258.0,66426536.0,66426536.0,,comtrade,2026-10-08
842,,170,,2015,6803,M,15845.0,24701.0,24701.0,,comtrade,2026-10-08
842,,251,,2015,6803,M,345688.0,538892.0,538892.0,,comtrade,2026-10-08
842,,276,,2015,6803,M,135983.0,211983.0,211983.0,,comtrade,2026-10-08
842,,344,,2015,6803,M,23619.0,36820.0,36820.0,,comtrade,2026-10-08
842,,360,,2015,6803,M,62426.0,97316.0,97316.0,,comtrade,2026-10-08
842,,376,,2015,6803,M,41220.0,64258.0,64258.0,,comtrade,2026-10-08
842,,380,,2015,6803,M,1336201.0,2082999.0,2082999.0,,comtrade,2026-10-08
842,,392,,2015,6803,M,10648.0,16599.0,16599.0,,comtrade,2026-10-08
842,,484,,2015,6803,M,13269.0,20685.0,20685.0,,comtrade,2026-10-08
842,,490,,2015,6803,M,24715.0,38528.0,38528.0,,comtrade,2026-10-08
842,,499,,2015,6803,M,18113.0,28236.0,28236.0,,comtrade,2026-10-08
842,,528,,2015,6803,M,3801.0,5925.0,5925.0,,comtrade,2026-10-08
842,,579,,2015,6803,M,10053.0,15672.0,15672.0,,comtrade,2026-10-08
842,,604,,2015,6803,M,24674.0,38464.0,38464.0,,comtrade,2026-10-08
842,,608,,2015,6803,M,20764.0,32369.0,32369.0,,comtrade,2026-10-08
842,,620,,2015,6803,M,440241.0,686290.0,686290.0,,comtrade,2026-10-08
842,,643,,2015,6803,M,6546.0,10205.0,10205.0,,comtrade,2026-10-08
842,,699,,2015,6803,M,18425632.0,28723651.0,28723651.0,,comtrade,2026-10-08
842,,704,,2015,6803,M,160168.0,249685.0,249685.0,,comtrade,2026-10-08
842,,710,,2015,6803,M,87973.0,137141.0,137141.0,,comtrade,2026-10-08
842,,724,,2015,6803,M,5417728.0,8445677.0,8445677.0,,comtrade,2026-10-08
842,,764,,2015,6803,M,36738.0,57271.0,57271.0,,comtrade,2026-10-08
842,,792,,2015,6803,M,87460.0,136341.0,136341.0,,comtrade,2026-10-08
842,,826,,2015,6803,M,2181539.0,3400793.0,3400793.0,,comtrade,2026-10-08
842,,0,,2016,2514,M,5157984.0,9151000.0,9151000.0,,comtrade,2026-10-08
842,,76,,2016,2514,M,248329.0,384000.0,384000.0,,comtrade,2026-10-08
842,,100,,2016,2514,M,7517.0,27000.0,27000.0,,comtrade,2026-10-08
842,,124,,2016,2514,M,75919.0,133000.0,133000.0,,comtrade,2026-10-08
842,,156,,2016,2514,M,2719645.0,5120000.0,5120000.0,,comtrade,2026-10-08
842,,344,,2016,2514,M,36128.0,34000.0,34000.0,,comtrade,2026-10-08
842,,360,,2016,2514,M,5906.0,4000.0,4000.0,,comtrade,2026-10-08
842,,579,,2016,2514,M,4886.0,1000.0,1000.0,,comtrade,2026-10-08
842,,699,,2016,2514,M,923520.0,1688000.0,1688000.0,,comtrade,2026-10-08
842,,724,,2016,2514,M,903520.0,1496000.0,1496000.0,,comtrade,2026-10-08
842,,826,,2016,2514,M,14329.0,20000.0,20000.0,,comtrade,2026-10-08
842,,862,,2016,2514,M,218285.0,244000.0,244000.0,,comtrade,2026-10-08
842,,0,,2016,2515,M,9275024.0,21049740.633,21049740.633,,comtrade,2026-10-08
842,,36,,2016,2515,M,4621.0,1000.0,1000.0,,comtrade,2026-10-08
842,,56,,2016,2515,M,47727.0,60000.0,60000.0,,comtrade,2026-10-08
842,,76,,2016,2515,M,273587.0,499000.0,499000.0,,comtrade,2026-10-08
842,,100,,2016,2515,M,9616.0,1000.0,1000.0,,comtrade,2026-10-08
842,,116,,2016,2515,M,2653.0,2000.0,2000.0,,comtrade,2026-10-08
842,,124,,2016,2515,M,1019463.0,5971000.0,5971000.0,,comtrade,2026-10-08
842,,156,,2016,2515,M,1751760.0,5310000.0,5310000.0,,comtrade,2026-10-08
842,,214,,2016,2515,M,331907.0,713000.0,713000.0,,comtrade,2026-10-08
842,,251,,2016,2515,M,501497.0,601000.0,601000.0,,comtrade,2026-10-08
842,,276,,2016,2515,M,25544.0,31000.0,31000.0,,comtrade,2026-10-08
842,,300,,2016,2515,M,31299.0,29000.0,29000.0,,comtrade,2026-10-08
842,,344,,2016,2515,M,28789.0,10000.0,10000.0,,comtrade,2026-10-08
842,,360,,2016,2515,M,38470.0,110000.0,110000.0,,comtrade,2026-10-08
842,,376,,2016,2515,M,86769.0,240000.0,240000.0,,comtrade,2026-10-08
842,,380,,2016,2515,M,2663745.0,3516740.633,3516740.633,,comtrade,2026-10-08
842,,484,,2016,2515,M,56678.0,82000.0,82000.0,,comtrade,2026-10-08
842,,490,,2016,2515,M,7913.0,3000.0,3000.0,,comtrade,2026-10-08
842,,504,,2016,2515,M,81703.0,86000.0,86000.0,,comtrade,2026-10-08
842,,586,,2016,2515,M,16963.0,19000.0,19000.0,,comtrade,2026-10-08
842,,604,,2016,2515,M,83024.0,219000.0,219000.0,,comtrade,2026-10-08
842,,620,,2016,2515,M,1141301.0,1580000.0,1580000.0,,comtrade,2026-10-08
842,,699,,2016,2515,M,225086.0,293000.0,293000.0,,comtrade,2026-10-08
842,,724,,2016,2515,M,57121.0,93000.0,93000.0,,comtrade,2026-10-08
842,,784,,2016,2515,M,24056.0,3000.0,3000.0,,comtrade,2026-10-08
842,,792,,2016,2515,M,395696.0,610000.0,610000.0,,comtrade,2026-10-08
842,,818,,2016,2515,M,329248.0,941000.0,941000.0,,comtrade,2026-10-08
842,,826,,2016,2515,M,38788.0,26000.0,26000.0,,comtrade,2026-10-08
842,,0,,2016,2516,M,29396708.0,88602000.0,88602000.0,,comtrade,2026-10-08
842,,36,,2016,2516,M,20133.0,29000.0,29000.0,,comtrade,2026-10-08
842,,56,,2016,2516,M,75394.0,105000.0,105000.0,,comtrade,2026-10-08
842,,76,,2016,2516,M,1550020.0,2860000.0,2860000.0,,comtrade,2026-10-08
842,,116,,2016,2516,M,2884.0,1000.0,1000.0,,comtrade,2026-10-08
842,,124,,2016,2516,M,5773221.0,24890000.0,24890000.0,,comtrade,2026-10-08
842,,156,,2016,2516,M,5997890.0,15991000.0,15991000.0,,comtrade,2026-10-08
842,,208,,2016,2516,M,3615.0,1000.0,1000.0,,comtrade,2026-10-08
842,,246,,2016,2516,M,37690.0,299000.0,299000.0,,comtrade,2026-10-08
842,,276,,2016,2516,M,39331.0,58000.0,58000.0,,comtrade,2026-10-08
842,,344,,2016,2516,M,5833.0,1000.0,1000.0,,comtrade,2026-10-08
842,,360,,2016,2516,M,10106.0,46000.0,46000.0,,comtrade,2026-10-08
842,,376,,2016,2516,M,36532.0,17000.0,17000.0,,comtrade,2026-10-08
842,,380,,2016,2516,M,1766208.0,2693000.0,2693000.0,,comtrade,2026-10-08
842,,450,,2016,2516,M,9186.0,1000.0,1000.0,,comtrade,2026-10-08
842,,484,,2016,2516,M,82598.0,178000.0,178000.0,,comtrade,2026-10-08
842,,528,,2016,2516,M,3218.0,1000.0,1000.0,,comtrade,2026-10-08
842,,579,,2016,2516,M,293028.0,479000.0,479000.0,,comtrade,2026-10-08
842,,586,,2016,2516,M,64567.0,26000.0,26000.0,,comtrade,2026-10-08
842,,608,,2016,2516,M,304595.0,805000.0,805000.0,,comtrade,2026-10-08
842,,620,,2016,2516,M,3795.0,1000.0,1000.0,,comtrade,2026-10-08
842,,643,,2016,2516,M,10420.0,10000.0,10000.0,,comtrade,2026-10-08
842,,699,,2016,2516,M,9520733.0,29420000.0,29420000.0,,comtrade,2026-10-08
842,,704,,2016,2516,M,140762.0,363000.0,363000.0,,comtrade,2026-10-08
842,,710,,2016,2516,M,3028071.0,8322000.0,8322000.0,,comtrade,2026-10-08
842,,716,,2016,2516,M,173005.0,343000.0,343000.0,,comtrade,2026-10-08
842,,724,,2016,2516,M,49309.0,920000.0,920000.0,,comtrade,2026-10-08
842,,752,,2016,2516,M,11488.0,24000.0,24000.0,,comtrade,2026-10-08
842,,764,,2016,2516,M,46088.0,32000.0,32000.0,,comtrade,2026-10-08
842,,792,,2016,2516,M,14026.0,18000.0,18000.0,,comtrade,2026-10-08
842,,826,,2016,2516,M,271220.0,557000.0,557000.0,,comtrade,2026-10-08
842,,858,,2016,2516,M,51742.0,111000.0,111000.0,,comtrade,2026-10-08
842,,0,,2016,6801,M,77514554.0,309235000.0,309235000.0,,comtrade,2026-10-08
842,,8,,2016,6801,M,4810.0,16000.0,16000.0,,comtrade,2026-10-08
842,,32,,2016,6801,M,27404.0,72000.0,72000.0,,comtrade,2026-10-08
842,,56,,2016,6801,M,171816.0,529000.0,529000.0,,comtrade,2026-10-08
842,,76,,2016,6801,M,116640.0,166000.0,166000.0,,comtrade,2026-10-08
842,,124,,2016,6801,M,5809100.0,4829000.0,4829000.0,,comtrade,2026-10-08
842,,156,,2016,6801,M,6999993.0,13234000.0,13234000.0,,comtrade,2026-10-08
842,,251,,2016,6801,M,481285.0,756000.0,756000.0,,comtrade,2026-10-08
842,,268,,2016,6801,M,169830.0,176000.0,176000.0,,comtrade,2026-10-08
842,,360,,2016,6801,M,3404450.0,2090000.0,2090000.0,,comtrade,2026-10-08
842,,380,,2016,6801,M,683308.0,1688000.0,1688000.0,,comtrade,2026-10-08
842,,484,,2016,6801,M,983175.0,3860000.0,3860000.0,,comtrade,2026-10-08
842,,586,,2016,6801,M,27683.0,10000.0,10000.0,,comtrade,2026-10-08
842,,604,,2016,6801,M,15092.0,21000.0,21000.0,,comtrade,2026-10-08
842,,608,,2016,6801,M,81044.0,100000.0,100000.0,,comtrade,2026-10-08
842,,699,,2016,6801,M,16570169.0,168504000.0,168504000.0,,comtrade,2026-10-08
842,,704,,2016,6801,M,113073.0,113000.0,113000.0,,comtrade,2026-10-08
842,,724,,2016,6801,M,48239.0,28000.0,28000.0,,comtrade,2026-10-08
842,,760,,2016,6801,M,17607.0,14000.0,14000.0,,comtrade,2026-10-08
842,,792,,2016,6801,M,41398132.0,112673000.0,112673000.0,,comtrade,2026-10-08
842,,818,,2016,6801,M,38717.0,95000.0,95000.0,,comtrade,2026-10-08
842,,826,,2016,6801,M,273053.0,180000.0,180000.0,,comtrade,2026-10-08
842,,862,,2016,6801,M,79934.0,81000.0,81000.0,,comtrade,2026-10-08
842,,0,,2016,6802,M,3039195855.0,3351792505.951,3351792505.951,,comtrade,2026-10-08
842,,4,,2016,6802,M,4337.0,1000.0,1000.0,,comtrade,2026-10-08
842,,8,,2016,6802,M,49322.0,249000.0,249000.0,,comtrade,2026-10-08
842,,24,,2016,6802,M,15398.0,6000.0,6000.0,,comtrade,2026-10-08
842,,32,,2016,6802,M,1054979.0,1137000.0,1137000.0,,comtrade,2026-10-08
842,,36,,2016,6802,M,123741.0,116000.0,116000.0,,comtrade,2026-10-08
842,,40,,2016,6802,M,82504.0,871000.0,871000.0,,comtrade,2026-10-08
842,,44,,2016,6802,M,18650.0,21000.0,21000.0,,comtrade,2026-10-08
842,,52,,2016,6802,M,47483.0,34000.0,34000.0,,comtrade,2026-10-08
842,,56,,2016,6802,M,1398363.0,1194754.842,1194754.842,,comtrade,2026-10-08
842,,70,,2016,6802,M,8480.0,23000.0,23000.0,,comtrade,2026-10-08
842,,76,,2016,6802,M,781073641.0,953456388.033,953456388.033,,comtrade,2026-10-08
842,,100,,2016,6802,M,2230922.0,3104497.532,3104497.532,,comtrade,2026-10-08
842,,116,,2016,6802,M,5423.0,2000.0,2000.0,,comtrade,2026-10-08
842,,124,,2016,6802,M,113296570.0,128663722.236,128663722.236,,comtrade,2026-10-08
842,,144,,2016,6802,M,38878.0,25000.0,25000.0,,comtrade,2026-10-08
842,,152,,2016,6802,M,65899.0,19000.0,19000.0,,comtrade,2026-10-08
842,,156,,2016,6802,M,668667211.0,733607930.297,733607930.297,,comtrade,2026-10-08
842,,166,,2016,6802,M,9367.0,20000.0,20000.0,,comtrade,2026-10-08
842,,170,,2016,6802,M,147847.0,85000.0,85000.0,,comtrade,2026-10-08
842,,188,,2016,6802,M,38209.0,68000.0,68000.0,,comtrade,2026-10-08
842,,191,,2016,6802,M,84977.0,65000.0,65000.0,,comtrade,2026-10-08
842,,196,,2016,6802,M,190837.0,81000.0,81000.0,,comtrade,2026-10-08
842,,203,,2016,6802,M,2741.0,1000.0,1000.0,,comtrade,2026-10-08
842,,208,,2016,6802,M,69711.0,62000.0,62000.0,,comtrade,2026-10-08
842,,214,,2016,6802,M,6944693.0,17666139.849,17666139.849,,comtrade,2026-10-08
842,,218,,2016,6802,M,872461.0,211430.604,211430.604,,comtrade,2026-10-08
842,,233,,2016,6802,M,4800.0,2000.0,2000.0,,comtrade,2026-10-08
842,,246,,2016,6802,M,637283.0,308000.0,308000.0,,comtrade,2026-10-08
842,,251,,2016,6802,M,14012547.0,8326685.837,8326685.837,,comtrade,2026-10-08
842,,268,,2016,6802,M,19296.0,17000.0,17000.0,,comtrade,2026-10-08
842,,276,,2016,6802,M,4030866.0,3054823.143,3054823.143,,comtrade,2026-10-08
842,,300,,2016,6802,M,30599359.0,19147037.303,19147037.303,,comtrade,2026-10-08
842,,320,,2016,6802,M,37002.0,31000.0,31000.0,,comtrade,2026-10-08
842,,332,,2016,6802,M,26633.0,4000.0,4000.0,,comtrade,2026-10-08
842,,340,,2016,6802,M,33913.0,9000.0,9000.0,,comtrade,2026-10-08
842,,344,,2016,6802,M,3473303.0,1954086.884,1954086.884,,comtrade,2026-10-08
842,,360,,2016,6802,M,14109938.0,14181179.107,14181179.107,,comtrade,2026-10-08
842,,372,,2016,6802,M,82526.0,88000.0,88000.0,,comtrade,2026-10-08
842,,376,,2016,6802,M,9383173.0,7544494.713,7544494.713,,comtrade,2026-10-08
842,,380,,2016,6802,M,512495056.0,260648218.256,260648218.256,,comtrade,2026-10-08
842,,392,,2016,6802,M,264985.0,228461.002,228461.002,,comtrade,2026-10-08
842,,400,,2016,6802,M,537082.0,562762.221,562762.221,,comtrade,2026-10-08
842,,404,,2016,6802,M,11975.0,28000.0,28000.0,,comtrade,2026-10-08
842,,410,,2016,6802,M,219173.0,373000.0,373000.0,,comtrade,2026-10-08
842,,422,,2016,6802,M,2190335.0,1561745.248,1561745.248,,comtrade,2026-10-08
842,,450,,2016,6802,M,47093.0,10000.0,10000.0,,comtrade,2026-10-08
842,,470,,2016,6802,M,8376.0,1000.0,1000.0,,comtrade,2026-10-08
842,,480,,2016,6802,M,441393.0,1797136.4,1797136.4,,comtrade,2026-10-08
842,,484,,2016,6802,M,56783249.0,102829162.431,102829162.431,,comtrade,2026-10-08
842,,490,,2016,6802,M,9557670.0,4974372.875,4974372.875,,comtrade,2026-10-08
842,,498,,2016,6802,M,5200.0,20000.0,20000.0,,comtrade,2026-10-08
842,,504,,2016,6802,M,1887532.0,1774639.985,1774639.985,,comtrade,2026-10-08
842,,512,,2016,6802,M,161536.0,188000.0,188000.0,,comtrade,2026-10-08
842,,516,,2016,6802,M,462866.0,514000.0,514000.0,,comtrade,2026-10-08
842,,524,,2016,6802,M,2323.0,1000.0,1000.0,,comtrade,2026-10-08
842,,528,,2016,6802,M,86647.0,41000.0,41000.0,,comtrade,2026-10-08
842,,554,,2016,6802,M,6045.0,7125.811,7125.811,,comtrade,2026-10-08
842,,558,,2016,6802,M,2210.0,8000.0,8000.0,,comtrade,2026-10-08
842,,579,,2016,6802,M,132068.0,140000.0,140000.0,,comtrade,2026-10-08
842,,586,,2016,6802,M,2481915.0,1547070.112,1547070.112,,comtrade,2026-10-08
842,,600,,2016,6802,M,12852.0,13000.0,13000.0,,comtrade,2026-10-08
842,,604,,2016,6802,M,6768727.0,6463555.641,6463555.641,,comtrade,2026-10-08
842,,608,,2016,6802,M,1952922.0,2350183.572,2350183.572,,comtrade,2026-10-08
842,,616,,2016,6802,M,156296.0,345000.0,345000.0,,comtrade,2026-10-08
842,,620,,2016,6802,M,19975765.0,16265217.616,16265217.616,,comtrade,2026-10-08
842,,642,,2016,6802,M,701467.0,727682.616,727682.616,,comtrade,2026-10-08
842,,643,,2016,6802,M,7651.0,4000.0,4000.0,,comtrade,2026-10-08
842,,682,,2016,6802,M,2679657.0,3447000.0,3447000.0,,comtrade,2026-10-08
842,,688,,2016,6802,M,25381.0,48000.0,48000.0,,comtrade,2026-10-08
842,,699,,2016,6802,M,336712315.0,405659812.904,405659812.904,,comtrade,2026-10-08
842,,702,,2016,6802,M,68402.0,87758.083,87758.083,,comtrade,2026-10-08
842,,703,,2016,6802,M,1197102.0,7191000.0,7191000.0,,comtrade,2026-10-08
842,,704,,2016,6802,M,7164192.0,7320879.615,7320879.615,,comtrade,2026-10-08
842,,705,,2016,6802,M,197179.0,217000.0,217000.0,,comtrade,2026-10-08
842,,710,,2016,6802,M,4463641.0,3209702.253,3209702.253,,comtrade,2026-10-08
842,,716,,2016,6802,M,190862.0,125000.0,125000.0,,comtrade,2026-10-08
842,,724,,2016,6802,M,76875645.0,97588862.651,97588862.651,,comtrade,2026-10-08
842,,752,,2016,6802,M,19282.0,45000.0,45000.0,,comtrade,2026-10-08
842,,757,,2016,6802,M,1039969.0,607000.0,607000.0,,comtrade,2026-10-08
842,,760,,2016,6802,M,2172968.0,2311000.0,2311000.0,,comtrade,2026-10-08
842,,764,,2016,6802,M,538829.0,316000.0,316000.0,,comtrade,2026-10-08
842,,772,,2016,6802,M,17552.0,17000.0,17000.0,,comtrade,2026-10-08
842,,784,,2016,6802,M,396634.0,371846.819,371846.819,,comtrade,2026-10-08
842,,788,,2016,6802,M,1214013.0,770403.666,770403.666,,comtrade,2026-10-08
842,,792,,2016,6802,M,326754455.0,514076027.284,514076027.284,,comtrade,2026-10-08
842,,804,,2016,6802,M,151297.0,204000.0,204000.0,,comtrade,2026-10-08
842,,807,,2016,6802,M,104147.0,101000.0,101000.0,,comtrade,2026-10-08
842,,818,,2016,6802,M,4092040.0,6313471.567,6313471.567,,comtrade,2026-10-08
842,,826,,2016,6802,M,2214897.0,1796236.942,1796236.942,,comtrade,2026-10-08
842,,858,,2016,6802,M,458450.0,947000.0,947000.0,,comtrade,2026-10-08
842,,862,,2016,6802,M,93254.0,140000.0,140000.0,,comtrade,2026-10-08
842,,0,,2016,6803,M,77608047.0,138336658.261,138336658.261,,comtrade,2026-10-08
842,,32,,2016,6803,M,44754.0,79774.186,79774.186,,comtrade,2026-10-08
842,,76,,2016,6803,M,7718464.0,13758193.357,13758193.357,,comtrade,2026-10-08
842,,100,,2016,6803,M,242896.0,432963.104,432963.104,,comtrade,2026-10-08
842,,124,,2016,6803,M,4088544.0,7287846.248,7287846.248,,comtrade,2026-10-08
842,,156,,2016,6803,M,38572377.0,68755418.306,68755418.306,,comtrade,2026-10-08
842,,191,,2016,6803,M,22516.0,40134.861,40134.861,,comtrade,2026-10-08
842,,251,,2016,6803,M,371370.0,661968.53,661968.53,,comtrade,2026-10-08
842,,276,,2016,6803,M,19173.0,34175.95,34175.95,,comtrade,2026-10-08
842,,300,,2016,6803,M,13980.0,24919.407,24919.407,,comtrade,2026-10-08
842,,344,,2016,6803,M,18797.0,33505.729,33505.729,,comtrade,2026-10-08
842,,360,,2016,6803,M,26857.0,47872.711,47872.711,,comtrade,2026-10-08
842,,376,,2016,6803,M,13889.0,24757.199,24757.199,,comtrade,2026-10-08
842,,380,,2016,6803,M,1479459.0,2637141.663,2637141.663,,comtrade,2026-10-08
842,,392,,2016,6803,M,2436.0,4342.18,4342.18,,comtrade,2026-10-08
842,,484,,2016,6803,M,17645.0,31452.284,31452.284,,comtrade,2026-10-08
842,,490,,2016,6803,M,10398.0,18534.477,18534.477,,comtrade,2026-10-08
842,,528,,2016,6803,M,29897.0,53291.524,53291.524,,comtrade,2026-10-08
842,,604,,2016,6803,M,34577.0,61633.643,61633.643,,comtrade,2026-10-08
842,,608,,2016,6803,M,6728.0,11992.687,11992.687,,comtrade,2026-10-08
842,,620,,2016,6803,M,259331.0,462258.558,462258.558,,comtrade,2026-10-08
842,,643,,2016,6803,M,13356.0,23807.124,23807.124,,comtrade,2026-10-08
842,,699,,2016,6803,M,16714097.0,29792945.631,29792945.631,,comtrade,2026-10-08
842,,704,,2016,6803,M,476128.0,848700.089,848700.089,,comtrade,2026-10-08
842,,710,,2016,6803,M,46437.0,82774.141,82774.141,,comtrade,2026-10-08
842,,724,,2016,6803,M,4915829.0,8762485.112,8762485.112,,comtrade,2026-10-08
842,,757,,2016,6803,M,68687.0,122434.856,122434.856,,comtrade,2026-10-08
842,,764,,2016,6803,M,47584.0,84818.673,84818.673,,comtrade,2026-10-08
842,,792,,2016,6803,M,4636.0,8263.689,8263.689,,comtrade,2026-10-08
842,,826,,2016,6803,M,2327205.0,4148252.343,4148252.343,,comtrade,2026-10-08
842,,0,,2017,2514,M,4743464.0,8635000.0,8635000.0,,comtrade,2026-10-08
842,,76,,2017,2514,M,209990.0,362000.0,362000.0,,comtrade,2026-10-08
842,,100,,2017,2514,M,4544.0,23000.0,23000.0,,comtrade,2026-10-08
842,,124,,2017,2514,M,17603.0,41000.0,41000.0,,comtrade,2026-10-08
842,,156,,2017,2514,M,2435062.0,5266000.0,5266000.0,,comtrade,2026-10-08
842,,251,,2017,2514,M,3792.0,28000.0,28000.0,,comtrade,2026-10-08
842,,360,,2017,2514,M,2630.0,2000.0,2000.0,,comtrade,2026-10-08
842,,376,,2017,2514,M,32156.0,32000.0,32000.0,,comtrade,2026-10-08
842,,579,,2017,2514,M,4112.0,1000.0,1000.0,,comtrade,2026-10-08
842,,643,,2017,2514,M,2605.0,1000.0,1000.0,,comtrade,2026-10-08
842,,699,,2017,2514,M,1561642.0,2024000.0,2024000.0,,comtrade,2026-10-08
842,,724,,2017,2514,M,393774.0,733000.0,733000.0,,comtrade,2026-10-08
842,,757,,2017,2514,M,14725.0,13000.0,13000.0,,comtrade,2026-10-08
842,,792,,2017,2514,M,10326.0,44000.0,44000.0,,comtrade,2026-10-08
842,,826,,2017,2514,M,50503.0,65000.0,65000.0,,comtrade,2026-10-08
842,,0,,2017,2515,M,11179181.0,31779000.0,31779000.0,,comtrade,2026-10-08
842,,36,,2017,2515,M,2683.0,1000.0,1000.0,,comtrade,2026-10-08
842,,56,,2017,2515,M,66404.0,65000.0,65000.0,,comtrade,2026-10-08
842,,76,,2017,2515,M,532812.0,1461000.0,1461000.0,,comtrade,2026-10-08
842,,124,,2017,2515,M,1461703.0,8808000.0,8808000.0,,comtrade,2026-10-08
842,,156,,2017,2515,M,2465994.0,10326000.0,10326000.0,,comtrade,2026-10-08
842,,196,,2017,2515,M,7495.0,109000.0,109000.0,,comtrade,2026-10-08
842,,214,,2017,2515,M,275237.0,787000.0,787000.0,,comtrade,2026-10-08
842,,251,,2017,2515,M,272636.0,494000.0,494000.0,,comtrade,2026-10-08
842,,300,,2017,2515,M,21450.0,45000.0,45000.0,,comtrade,2026-10-08
842,,332,,2017,2515,M,643263.0,3921000.0,3921000.0,,comtrade,2026-10-08
842,,344,,2017,2515,M,39667.0,22000.0,22000.0,,comtrade,2026-10-08
842,,360,,2017,2515,M,93321.0,158000.0,158000.0,,comtrade,2026-10-08
842,,376,,2017,2515,M,49456.0,93000.0,93000.0,,comtrade,2026-10-08
842,,380,,2017,2515,M,3011479.0,2403000.0,2403000.0,,comtrade,2026-10-08
842,,410,,2017,2515,M,9870.0,9000.0,9000.0,,comtrade,2026-10-08
842,,484,,2017,2515,M,30895.0,46000.0,46000.0,,comtrade,2026-10-08
842,,490,,2017,2515,M,39376.0,25000.0,25000.0,,comtrade,2026-10-08
842,,528,,2017,2515,M,3417.0,1000.0,1000.0,,comtrade,2026-10-08
842,,586,,2017,2515,M,19239.0,14000.0,14000.0,,comtrade,2026-10-08
842,,604,,2017,2515,M,33176.0,105000.0,105000.0,,comtrade,2026-10-08
842,,620,,2017,2515,M,1392855.0,1785000.0,1785000.0,,comtrade,2026-10-08
842,,642,,2017,2515,M,5878.0,5000.0,5000.0,,comtrade,2026-10-08
842,,699,,2017,2515,M,98363.0,116000.0,116000.0,,comtrade,2026-10-08
842,,702,,2017,2515,M,66308.0,57000.0,57000.0,,comtrade,2026-10-08
842,,724,,2017,2515,M,124378.0,108000.0,108000.0,,comtrade,2026-10-08
842,,792,,2017,2515,M,303551.0,400000.0,400000.0,,comtrade,2026-10-08
842,,818,,2017,2515,M,106132.0,414000.0,414000.0,,comtrade,2026-10-08
842,,826,,2017,2515,M,2143.0,1000.0,1000.0,,comtrade,2026-10-08
842,,0,,2017,2516,M,31934792.0,92371000.0,92371000.0,,comtrade,2026-10-08
842,,32,,2017,2516,M,123017.0,167000.0,167000.0,,comtrade,2026-10-08
842,,36,,2017,2516,M,25334.0,1000.0,1000.0,,comtrade,2026-10-08
842,,56,,2017,2516,M,111687.0,438000.0,438000.0,,comtrade,2026-10-08
842,,70,,2017,2516,M,2741.0,8000.0,8000.0,,comtrade,2026-10-08
842,,76,,2017,2516,M,1343772.0,3099000.0,3099000.0,,comtrade,2026-10-08
842,,116,,2017,2516,M,5438.0,1000.0,1000.0,,comtrade,2026-10-08
842,,124,,2017,2516,M,7151476.0,21776000.0,21776000.0,,comtrade,2026-10-08
842,,156,,2017,2516,M,4259843.0,10650000.0,10650000.0,,comtrade,2026-10-08
842,,246,,2017,2516,M,39742.0,467000.0,467000.0,,comtrade,2026-10-08
842,,251,,2017,2516,M,23328.0,18000.0,18000.0,,comtrade,2026-10-08
842,,276,,2017,2516,M,76274.0,54000.0,54000.0,,comtrade,2026-10-08
842,,300,,2017,2516,M,10132.0,22000.0,22000.0,,comtrade,2026-10-08
842,,344,,2017,2516,M,12101.0,6000.0,6000.0,,comtrade,2026-10-08
842,,360,,2017,2516,M,8395.0,4000.0,4000.0,,comtrade,2026-10-08
842,,372,,2017,2516,M,3493.0,1000.0,1000.0,,comtrade,2026-10-08
842,,380,,2017,2516,M,1011642.0,1480000.0,1480000.0,,comtrade,2026-10-08
842,,410,,2017,2516,M,15358.0,6000.0,6000.0,,comtrade,2026-10-08
842,,484,,2017,2516,M,223550.0,491000.0,491000.0,,comtrade,2026-10-08
842,,490,,2017,2516,M,3181.0,1000.0,1000.0,,comtrade,2026-10-08
842,,528,,2017,2516,M,3006.0,1000.0,1000.0,,comtrade,2026-10-08
842,,579,,2017,2516,M,110510.0,507000.0,507000.0,,comtrade,2026-10-08
842,,586,,2017,2516,M,64993.0,20000.0,20000.0,,comtrade,2026-10-08
842,,608,,2017,2516,M,17800.0,28000.0,28000.0,,comtrade,2026-10-08
842,,620,,2017,2516,M,15819.0,60000.0,60000.0,,comtrade,2026-10-08
842,,626,,2017,2516,M,15956.0,19000.0,19000.0,,comtrade,2026-10-08
842,,688,,2017,2516,M,7643.0,18000.0,18000.0,,comtrade,2026-10-08
842,,699,,2017,2516,M,12527010.0,42092000.0,42092000.0,,comtrade,2026-10-08
842,,704,,2017,2516,M,167481.0,551000.0,551000.0,,comtrade,2026-10-08
842,,710,,2017,2516,M,3531495.0,8826000.0,8826000.0,,comtrade,2026-10-08
842,,716,,2017,2516,M,571652.0,943000.0,943000.0,,comtrade,2026-10-08
842,,724,,2017,2516,M,3216.0,1000.0,1000.0,,comtrade,2026-10-08
842,,792,,2017,2516,M,38252.0,90000.0,90000.0,,comtrade,2026-10-08
842,,818,,2017,2516,M,19527.0,26000.0,26000.0,,comtrade,2026-10-08
842,,826,,2017,2516,M,168944.0,91000.0,91000.0,,comtrade,2026-10-08
842,,858,,2017,2516,M,220984.0,408000.0,408000.0,,comtrade,2026-10-08
842,,0,,2017,6801,M,99258348.0,353726000.0,353726000.0,,comtrade,2026-10-08
842,,8,,2017,6801,M,25694.0,85000.0,85000.0,,comtrade,2026-10-08
842,,56,,2017,6801,M,220851.0,495000.0,495000.0,,comtrade,2026-10-08
842,,76,,2017,6801,M,274226.0,634000.0,634000.0,,comtrade,2026-10-08
842,,124,,2017,6801,M,4526216.0,5555000.0,5555000.0,,comtrade,2026-10-08
842,,156,,2017,6801,M,4187779.0,8004000.0,8004000.0,,comtrade,2026-10-08
842,,214,,2017,6801,M,42371.0,357000.0,357000.0,,comtrade,2026-10-08
842,,251,,2017,6801,M,469680.0,1184000.0,1184000.0,,comtrade,2026-10-08
842,,268,,2017,6801,M,190742.0,323000.0,323000.0,,comtrade,2026-10-08
842,,344,,2017,6801,M,7959.0,14000.0,14000.0,,comtrade,2026-10-08
842,,360,,2017,6801,M,2697437.0,1683000.0,1683000.0,,comtrade,2026-10-08
842,,380,,2017,6801,M,1037059.0,1781000.0,1781000.0,,comtrade,2026-10-08
842,,458,,2017,6801,M,3053.0,1000.0,1000.0,,comtrade,2026-10-08
842,,484,,2017,6801,M,856877.0,3460000.0,3460000.0,,comtrade,2026-10-08
842,,490,,2017,6801,M,36689.0,14000.0,14000.0,,comtrade,2026-10-08
842,,504,,2017,6801,M,10356.0,5000.0,5000.0,,comtrade,2026-10-08
842,,528,,2017,6801,M,17717.0,42000.0,42000.0,,comtrade,2026-10-08
842,,586,,2017,6801,M,13133.0,4000.0,4000.0,,comtrade,2026-10-08
842,,604,,2017,6801,M,12051.0,14000.0,14000.0,,comtrade,2026-10-08
842,,608,,2017,6801,M,45501.0,62000.0,62000.0,,comtrade,2026-10-08
842,,699,,2017,6801,M,29208187.0,183949000.0,183949000.0,,comtrade,2026-10-08
842,,704,,2017,6801,M,72450.0,192000.0,192000.0,,comtrade,2026-10-08
842,,724,,2017,6801,M,280324.0,184000.0,184000.0,,comtrade,2026-10-08
842,,792,,2017,6801,M,54512421.0,145108000.0,145108000.0,,comtrade,2026-10-08
842,,818,,2017,6801,M,137583.0,353000.0,353000.0,,comtrade,2026-10-08
842,,826,,2017,6801,M,371992.0,223000.0,223000.0,,comtrade,2026-10-08
842,,0,,2017,6802,M,3028799578.0,3360680557.193,3360680557.193,,comtrade,2026-10-08
842,,8,,2017,6802,M,47495.0,34000.0,34000.0,,comtrade,2026-10-08
842,,20,,2017,6802,M,20962.0,23453.785,23453.785,,comtrade,2026-10-08
842,,32,,2017,6802,M,1038536.0,1058000.0,1058000.0,,comtrade,2026-10-08
842,,36,,2017,6802,M,111955.0,22000.0,22000.0,,comtrade,2026-10-08
842,,40,,2017,6802,M,164705.0,15000.0,15000.0,,comtrade,2026-10-08
842,,51,,2017,6802,M,16948.0,23000.0,23000.0,,comtrade,2026-10-08
842,,56,,2017,6802,M,1799654.0,1131831.454,1131831.454,,comtrade,2026-10-08
842,,70,,2017,6802,M,46599.0,43000.0,43000.0,,comtrade,2026-10-08
842,,76,,2017,6802,M,760669001.0,937340437.895,937340437.895,,comtrade,2026-10-08
842,,100,,2017,6802,M,2143685.0,2820000.0,2820000.0,,comtrade,2026-10-08
842,,104,,2017,6802,M,13709.0,2000.0,2000.0,,comtrade,2026-10-08
842,,116,,2017,6802,M,8739.0,1000.0,1000.0,,comtrade,2026-10-08
842,,124,,2017,6802,M,113518250.0,142832554.621,142832554.621,,comtrade,2026-10-08
842,,144,,2017,6802,M,50562.0,42000.0,42000.0,,comtrade,2026-10-08
842,,152,,2017,6802,M,22992.0,20000.0,20000.0,,comtrade,2026-10-08
842,,156,,2017,6802,M,687464449.0,760147706.646,760147706.646,,comtrade,2026-10-08
842,,170,,2017,6802,M,283414.0,156968.007,156968.007,,comtrade,2026-10-08
842,,188,,2017,6802,M,28409.0,23000.0,23000.0,,comtrade,2026-10-08
842,,191,,2017,6802,M,242017.0,316000.0,316000.0,,comtrade,2026-10-08
842,,196,,2017,6802,M,246421.0,215000.0,215000.0,,comtrade,2026-10-08
842,,203,,2017,6802,M,13845.0,16546.082,16546.082,,comtrade,2026-10-08
842,,208,,2017,6802,M,66666.0,31263.803,31263.803,,comtrade,2026-10-08
842,,214,,2017,6802,M,4147407.0,7986735.95,7986735.95,,comtrade,2026-10-08
842,,218,,2017,6802,M,732896.0,52000.0,52000.0,,comtrade,2026-10-08
842,,231,,2017,6802,M,7385.0,1000.0,1000.0,,comtrade,2026-10-08
842,,233,,2017,6802,M,5445.0,1000.0,1000.0,,comtrade,2026-10-08
842,,246,,2017,6802,M,701728.0,386000.0,386000.0,,comtrade,2026-10-08
842,,251,,2017,6802,M,14223272.0,9524706.265,9524706.265,,comtrade,2026-10-08
842,,268,,2017,6802,M,2695.0,2000.0,2000.0,,comtrade,2026-10-08
842,,276,,2017,6802,M,9305360.0,6153909.152,6153909.152,,comtrade,2026-10-08
842,,300,,2017,6802,M,29675856.0,17389378.532,17389378.532,,comtrade,2026-10-08
842,,320,,2017,6802,M,19677.0,18000.0,18000.0,,comtrade,2026-10-08
842,,332,,2017,6802,M,57532.0,137000.0,137000.0,,comtrade,2026-10-08
842,,340,,2017,6802,M,13800.0,2000.0,2000.0,,comtrade,2026-10-08
842,,344,,2017,6802,M,6267461.0,3718588.17,3718588.17,,comtrade,2026-10-08
842,,348,,2017,6802,M,63426.0,75800.057,75800.057,,comtrade,2026-10-08
842,,360,,2017,6802,M,14752297.0,14285114.034,14285114.034,,comtrade,2026-10-08
842,,372,,2017,6802,M,153130.0,32000.0,32000.0,,comtrade,2026-10-08
842,,376,,2017,6802,M,6723224.0,4913090.504,4913090.504,,comtrade,2026-10-08
842,,380,,2017,6802,M,486834291.0,220646901.157,220646901.157,,comtrade,2026-10-08
842,,392,,2017,6802,M,465510.0,335663.702,335663.702,,comtrade,2026-10-08
842,,400,,2017,6802,M,363493.0,412178.23,412178.23,,comtrade,2026-10-08
842,,404,,2017,6802,M,5000.0,1000.0,1000.0,,comtrade,2026-10-08
842,,410,,2017,6802,M,281585.0,94000.0,94000.0,,comtrade,2026-10-08
842,,422,,2017,6802,M,2798407.0,1323577.212,1323577.212,,comtrade,2026-10-08
842,,446,,2017,6802,M,18957.0,18000.0,18000.0,,comtrade,2026-10-08
842,,450,,2017,6802,M,222670.0,36000.0,36000.0,,comtrade,2026-10-08
842,,470,,2017,6802,M,2500.0,1000.0,1000.0,,comtrade,2026-10-08
842,,480,,2017,6802,M,125637.0,71000.0,71000.0,,comtrade,2026-10-08
842,,484,,2017,6802,M,47133002.0,70094070.675,70094070.675,,comtrade,2026-10-08
842,,490,,2017,6802,M,7421716.0,3357000.0,3357000.0,,comtrade,2026-10-08
842,,498,,2017,6802,M,7792.0,40000.0,40000.0,,comtrade,2026-10-08
842,,499,,2017,6802,M,19478.0,23278.049,23278.049,,comtrade,2026-10-08
842,,500,,2017,6802,M,74220.0,67595.204,67595.204,,comtrade,2026-10-08
842,,504,,2017,6802,M,2748518.0,2684492.616,2684492.616,,comtrade,2026-10-08
842,,512,,2017,6802,M,196455.0,218000.0,218000.0,,comtrade,2026-10-08
842,,516,,2017,6802,M,1778967.0,1785000.0,1785000.0,,comtrade,2026-10-08
842,,528,,2017,6802,M,155802.0,228082.442,228082.442,,comtrade,2026-10-08
842,,554,,2017,6802,M,2921.0,1000.0,1000.0,,comtrade,2026-10-08
842,,579,,2017,6802,M,135173.0,85000.0,85000.0,,comtrade,2026-10-08
842,,586,,2017,6802,M,2070730.0,1085285.636,1085285.636,,comtrade,2026-10-08
842,,604,,2017,6802,M,5110487.0,5151962.825,5151962.825,,comtrade,2026-10-08
842,,608,,2017,6802,M,1483995.0,1848417.97,1848417.97,,comtrade,2026-10-08
842,,616,,2017,6802,M,219951.0,146000.0,146000.0,,comtrade,2026-10-08
842,,620,,2017,6802,M,23716970.0,17515592.109,17515592.109,,comtrade,2026-10-08
842,,624,,2017,6802,M,4372.0,1000.0,1000.0,,comtrade,2026-10-08
842,,642,,2017,6802,M,1032792.0,1135826.62,1135826.62,,comtrade,2026-10-08
842,,643,,2017,6802,M,17834.0,38000.0,38000.0,,comtrade,2026-10-08
842,,674,,2017,6802,M,28314.0,26000.0,26000.0,,comtrade,2026-10-08
842,,682,,2017,6802,M,1270779.0,1895000.0,1895000.0,,comtrade,2026-10-08
842,,688,,2017,6802,M,65939.0,112648.917,112648.917,,comtrade,2026-10-08
842,,690,,2017,6802,M,16731.0,24000.0,24000.0,,comtrade,2026-10-08
842,,699,,2017,6802,M,374645540.0,463251620.421,463251620.421,,comtrade,2026-10-08
842,,702,,2017,6802,M,245860.0,101000.0,101000.0,,comtrade,2026-10-08
842,,703,,2017,6802,M,39286.0,46423.632,46423.632,,comtrade,2026-10-08
842,,704,,2017,6802,M,8158011.0,8453565.529,8453565.529,,comtrade,2026-10-08
842,,705,,2017,6802,M,205431.0,26000.0,26000.0,,comtrade,2026-10-08
842,,710,,2017,6802,M,4773538.0,3160867.097,3160867.097,,comtrade,2026-10-08
842,,716,,2017,6802,M,56531.0,32000.0,32000.0,,comtrade,2026-10-08
842,,724,,2017,6802,M,74182991.0,107093616.893,107093616.893,,comtrade,2026-10-08
842,,752,,2017,6802,M,4641.0,2000.0,2000.0,,comtrade,2026-10-08
842,,757,,2017,6802,M,675956.0,395000.0,395000.0,,comtrade,2026-10-08
842,,760,,2017,6802,M,1897289.0,2147000.0,2147000.0,,comtrade,2026-10-08
842,,764,,2017,6802,M,278259.0,185000.0,185000.0,,comtrade,2026-10-08
842,,784,,2017,6802,M,489777.0,626090.789,626090.789,,comtrade,2026-10-08
842,,788,,2017,6802,M,708345.0,479200.624,479200.624,,comtrade,2026-10-08
842,,792,,2017,6802,M,314431160.0,522026164.659,522026164.659,,comtrade,2026-10-08
842,,804,,2017,6802,M,94490.0,79000.0,79000.0,,comtrade,2026-10-08
842,,807,,2017,6802,M,29383.0,20000.0,20000.0,,comtrade,2026-10-08
842,,818,,2017,6802,M,4878951.0,8736408.047,8736408.047,,comtrade,2026-10-08
842,,826,,2017,6802,M,2254099.0,2288046.076,2288046.076,,comtrade,2026-10-08
842,,862,,2017,6802,M,47448.0,35895.107,35895.107,,comtrade,2026-10-08
842,,0,,2017,6803,M,67776764.0,118443823.909,118443823.909,,comtrade,2026-10-08
842,,76,,2017,6803,M,7145885.0,12487848.263,12487848.263,,comtrade,2026-10-08
842,,100,,2017,6803,M,174270.0,304546.927,304546.927,,comtrade,2026-10-08
842,,124,,2017,6803,M,3816116.0,6668883.919,6668883.919,,comtrade,2026-10-08
842,,156,,2017,6803,M,32396374.0,56614541.487,56614541.487,,comtrade,2026-10-08
842,,203,,2017,6803,M,5506.0,9622.054,9622.054,,comtrade,2026-10-08
842,,218,,2017,6803,M,19942.0,34849.801,34849.801,,comtrade,2026-10-08
842,,251,,2017,6803,M,268256.0,468792.91,468792.91,,comtrade,2026-10-08
842,,276,,2017,6803,M,46758.0,81712.315,81712.315,,comtrade,2026-10-08
842,,300,,2017,6803,M,49120.0,85840.047,85840.047,,comtrade,2026-10-08
842,,344,,2017,6803,M,97886.0,171061.459,171061.459,,comtrade,2026-10-08
842,,360,,2017,6803,M,49533.0,86561.789,86561.789,,comtrade,2026-10-08
842,,380,,2017,6803,M,1021223.0,1784646.39,1784646.39,,comtrade,2026-10-08
842,,440,,2017,6803,M,4989.0,8718.567,8718.567,,comtrade,2026-10-08
842,,484,,2017,6803,M,27777.0,48541.918,48541.918,,comtrade,2026-10-08
842,,490,,2017,6803,M,4734.0,8272.939,8272.939,,comtrade,2026-10-08
842,,620,,2017,6803,M,132689.0,231881.719,231881.719,,comtrade,2026-10-08
842,,643,,2017,6803,M,19751.0,34516.017,34516.017,,comtrade,2026-10-08
842,,699,,2017,6803,M,13866375.0,24232294.105,24232294.105,,comtrade,2026-10-08
842,,704,,2017,6803,M,692585.0,1210332.435,1210332.435,,comtrade,2026-10-08
842,,710,,2017,6803,M,60548.0,105811.14,105811.14,,comtrade,2026-10-08
842,,724,,2017,6803,M,5346010.0,9342462.367,9342462.367,,comtrade,2026-10-08
842,,764,,2017,6803,M,47651.0,83272.885,83272.885,,comtrade,2026-10-08
842,,792,,2017,6803,M,48469.0,84702.387,84702.387,,comtrade,2026-10-08
842,,818,,2017,6803,M,6643.0,11609.028,11609.028,,comtrade,2026-10-08
842,,826,,2017,6803,M,2420472.0,4229915.128,4229915.128,,comtrade,2026-10-08
842,,862,,2017,6803,M,7202.0,12585.912,12585.912,,comtrade,2026-10-08
842,,0,,2018,2514,M,4922438.0,8171000.0,8171000.0,,comtrade,2026-10-08
842,,76,,2018,2514,M,295418.0,400000.0,400000.0,,comtrade,2026-10-08
842,,100,,2018,2514,M,3059.0,9000.0,9000.0,,comtrade,2026-10-08
842,,124,,2018,2514,M,66023.0,93000.0,93000.0,,comtrade,2026-10-08
842,,156,,2018,2514,M,2596160.0,4963000.0,4963000.0,,comtrade,2026-10-08
842,,251,,2018,2514,M,16255.0,59000.0,59000.0,,comtrade,2026-10-08
842,,360,,2018,2514,M,2121.0,1000.0,1000.0,,comtrade,2026-10-08
842,,440,,2018,2514,M,7604.0,1000.0,1000.0,,comtrade,2026-10-08
842,,528,,2018,2514,M,5400.0,1000.0,1000.0,,comtrade,2026-10-08
842,,620,,2018,2514,M,56732.0,47000.0,47000.0,,comtrade,2026-10-08
842,,643,,2018,2514,M,9855.0,2000.0,2000.0,,comtrade,2026-10-08
842,,699,,2018,2514,M,1409755.0,1909000.0,1909000.0,,comtrade,2026-10-08
842,,710,,2018,2514,M,11718.0,18000.0,18000.0,,comtrade,2026-10-08
842,,724,,2018,2514,M,442338.0,668000.0,668000.0,,comtrade,2026-10-08
842,,0,,2018,2515,M,9980327.0,26939000.0,26939000.0,,comtrade,2026-10-08
842,,56,,2018,2515,M,171148.0,216000.0,216000.0,,comtrade,2026-10-08
842,,76,,2018,2515,M,137861.0,483000.0,483000.0,,comtrade,2026-10-08
842,,124,,2018,2515,M,1710615.0,11085000.0,11085000.0,,comtrade,2026-10-08
842,,156,,2018,2515,M,1244929.0,2139000.0,2139000.0,,comtrade,2026-10-08
842,,196,,2018,2515,M,43703.0,259000.0,259000.0,,comtrade,2026-10-08
842,,214,,2018,2515,M,538097.0,1987000.0,1987000.0,,comtrade,2026-10-08
842,,251,,2018,2515,M,263445.0,537000.0,537000.0,,comtrade,2026-10-08
842,,300,,2018,2515,M,27027.0,24000.0,24000.0,,comtrade,2026-10-08
842,,332,,2018,2515,M,212709.0,1005000.0,1005000.0,,comtrade,2026-10-08
842,,344,,2018,2515,M,21372.0,19000.0,19000.0,,comtrade,2026-10-08
842,,360,,2018,2515,M,241779.0,194000.0,194000.0,,comtrade,2026-10-08
842,,376,,2018,2515,M,8020.0,10000.0,10000.0,,comtrade,2026-10-08
842,,380,,2018,2515,M,2785157.0,4635000.0,4635000.0,,comtrade,2026-10-08
842,,484,,2018,2515,M,61065.0,164000.0,164000.0,,comtrade,2026-10-08
842,,490,,2018,2515,M,22946.0,7000.0,7000.0,,comtrade,2026-10-08
842,,504,,2018,2515,M,62381.0,67000.0,67000.0,,comtrade,2026-10-08
842,,586,,2018,2515,M,13516.0,15000.0,15000.0,,comtrade,2026-10-08
842,,591,,2018,2515,M,11944.0,205000.0,205000.0,,comtrade,2026-10-08
842,,600,,2018,2515,M,3032.0,5000.0,5000.0,,comtrade,2026-10-08
842,,620,,2018,2515,M,559088.0,718000.0,718000.0,,comtrade,2026-10-08
842,,699,,2018,2515,M,481612.0,838000.0,838000.0,,comtrade,2026-10-08
842,,702,,2018,2515,M,20788.0,19000.0,19000.0,,comtrade,2026-10-08
842,,724,,2018,2515,M,357458.0,129000.0,129000.0,,comtrade,2026-10-08
842,,757,,2018,2515,M,98664.0,132000.0,132000.0,,comtrade,2026-10-08
842,,788,,2018,2515,M,28173.0,20000.0,20000.0,,comtrade,2026-10-08
842,,792,,2018,2515,M,395780.0,463000.0,463000.0,,comtrade,2026-10-08
842,,818,,2018,2515,M,453734.0,1563000.0,1563000.0,,comtrade,2026-10-08
842,,826,,2018,2515,M,4284.0,1000.0,1000.0,,comtrade,2026-10-08
842,,0,,2018,2516,M,31034745.0,97788000.0,97788000.0,,comtrade,2026-10-08
842,,40,,2018,2516,M,4038.0,4000.0,4000.0,,comtrade,2026-10-08
842,,56,,2018,2516,M,64506.0,167000.0,167000.0,,comtrade,2026-10-08
842,,70,,2018,2516,M,55939.0,16000.0,16000.0,,comtrade,2026-10-08
842,,76,,2018,2516,M,1554199.0,3569000.0,3569000.0,,comtrade,2026-10-08
842,,124,,2018,2516,M,5990090.0,20522000.0,20522000.0,,comtrade,2026-10-08
842,,140,,2018,2516,M,9638.0,35000.0,35000.0,,comtrade,2026-10-08
842,,144,,2018,2516,M,21889.0,65000.0,65000.0,,comtrade,2026-10-08
842,,156,,2018,2516,M,4811634.0,9592000.0,9592000.0,,comtrade,2026-10-08
842,,246,,2018,2516,M,104103.0,1164000.0,1164000.0,,comtrade,2026-10-08
842,,251,,2018,2516,M,133064.0,75000.0,75000.0,,comtrade,2026-10-08
842,,276,,2018,2516,M,68516.0,93000.0,93000.0,,comtrade,2026-10-08
842,,300,,2018,2516,M,24599.0,48000.0,48000.0,,comtrade,2026-10-08
842,,344,,2018,2516,M,25126.0,40000.0,40000.0,,comtrade,2026-10-08
842,,360,,2018,2516,M,178467.0,115000.0,115000.0,,comtrade,2026-10-08
842,,376,,2018,2516,M,8395.0,1000.0,1000.0,,comtrade,2026-10-08
842,,380,,2018,2516,M,1547784.0,2618000.0,2618000.0,,comtrade,2026-10-08
842,,410,,2018,2516,M,3545.0,16000.0,16000.0,,comtrade,2026-10-08
842,,484,,2018,2516,M,79081.0,174000.0,174000.0,,comtrade,2026-10-08
842,,528,,2018,2516,M,33479.0,81000.0,81000.0,,comtrade,2026-10-08
842,,579,,2018,2516,M,320898.0,445000.0,445000.0,,comtrade,2026-10-08
842,,600,,2018,2516,M,2274.0,3000.0,3000.0,,comtrade,2026-10-08
842,,682,,2018,2516,M,21600.0,27000.0,27000.0,,comtrade,2026-10-08
842,,699,,2018,2516,M,12483958.0,51452000.0,51452000.0,,comtrade,2026-10-08
842,,704,,2018,2516,M,72962.0,181000.0,181000.0,,comtrade,2026-10-08
842,,710,,2018,2516,M,2553079.0,6017000.0,6017000.0,,comtrade,2026-10-08
842,,716,,2018,2516,M,255148.0,407000.0,407000.0,,comtrade,2026-10-08
842,,724,,2018,2516,M,10004.0,9000.0,9000.0,,comtrade,2026-10-08
842,,752,,2018,2516,M,23282.0,26000.0,26000.0,,comtrade,2026-10-08
842,,792,,2018,2516,M,21414.0,40000.0,40000.0,,comtrade,2026-10-08
842,,818,,2018,2516,M,10124.0,23000.0,23000.0,,comtrade,2026-10-08
842,,826,,2018,2516,M,213924.0,161000.0,161000.0,,comtrade,2026-10-08
842,,858,,2018,2516,M,314986.0,568000.0,568000.0,,comtrade,2026-10-08
842,,862,,2018,2516,M,13000.0,34000.0,34000.0,,comtrade,2026-10-08
842,,0,,2018,6801,M,85576195.0,321999000.0,321999000.0,,comtrade,2026-10-08
842,,8,,2018,6801,M,442259.0,322000.0,322000.0,,comtrade,2026-10-08
842,,32,,2018,6801,M,78170.0,125000.0,125000.0,,comtrade,2026-10-08
842,,56,,2018,6801,M,248658.0,186000.0,186000.0,,comtrade,2026-10-08
842,,76,,2018,6801,M,203202.0,116000.0,116000.0,,comtrade,2026-10-08
842,,124,,2018,6801,M,5256810.0,3931000.0,3931000.0,,comtrade,2026-10-08
842,,156,,2018,6801,M,5533847.0,9881000.0,9881000.0,,comtrade,2026-10-08
842,,214,,2018,6801,M,11793.0,41000.0,41000.0,,comtrade,2026-10-08
842,,251,,2018,6801,M,465662.0,328000.0,328000.0,,comtrade,2026-10-08
842,,276,,2018,6801,M,6616.0,1000.0,1000.0,,comtrade,2026-10-08
842,,300,,2018,6801,M,8049.0,10000.0,10000.0,,comtrade,2026-10-08
842,,360,,2018,6801,M,173167.0,235000.0,235000.0,,comtrade,2026-10-08
842,,380,,2018,6801,M,971712.0,1707000.0,1707000.0,,comtrade,2026-10-08
842,,392,,2018,6801,M,15676.0,5000.0,5000.0,,comtrade,2026-10-08
842,,458,,2018,6801,M,6074.0,1000.0,1000.0,,comtrade,2026-10-08
842,,484,,2018,6801,M,1029101.0,3494000.0,3494000.0,,comtrade,2026-10-08
842,,490,,2018,6801,M,38734.0,15000.0,15000.0,,comtrade,2026-10-08
842,,586,,2018,6801,M,26400.0,7000.0,7000.0,,comtrade,2026-10-08
842,,608,,2018,6801,M,20178.0,25000.0,25000.0,,comtrade,2026-10-08
842,,620,,2018,6801,M,53146.0,233000.0,233000.0,,comtrade,2026-10-08
842,,699,,2018,6801,M,18728902.0,176121000.0,176121000.0,,comtrade,2026-10-08
842,,704,,2018,6801,M,185529.0,465000.0,465000.0,,comtrade,2026-10-08
842,,724,,2018,6801,M,203633.0,147000.0,147000.0,,comtrade,2026-10-08
842,,764,,2018,6801,M,5451.0,1000.0,1000.0,,comtrade,2026-10-08
842,,792,,2018,6801,M,51521340.0,124256000.0,124256000.0,,comtrade,2026-10-08
842,,818,,2018,6801,M,67069.0,166000.0,166000.0,,comtrade,2026-10-08
842,,826,,2018,6801,M,275017.0,180000.0,180000.0,,comtrade,2026-10-08
842,,0,,2018,6802,M,2989612560.0,3339309714.231,3339309714.231,,comtrade,2026-10-08
842,,8,,2018,6802,M,100208.0,114000.0,114000.0,,comtrade,2026-10-08
842,,20,,2018,6802,M,2032.0,1000.0,1000.0,,comtrade,2026-10-08
842,,32,,2018,6802,M,386514.0,302000.0,302000.0,,comtrade,2026-10-08
842,,36,,2018,6802,M,157574.0,95000.0,95000.0,,comtrade,2026-10-08
842,,40,,2018,6802,M,184240.0,135995.563,135995.563,,comtrade,2026-10-08
842,,51,,2018,6802,M,27208.0,40000.0,40000.0,,comtrade,2026-10-08
842,,56,,2018,6802,M,1640094.0,737498.197,737498.197,,comtrade,2026-10-08
842,,70,,2018,6802,M,16240.0,4000.0,4000.0,,comtrade,2026-10-08
842,,76,,2018,6802,M,655096511.0,839182939.562,839182939.562,,comtrade,2026-10-08
842,,92,,2018,6802,M,26122.0,21000.0,21000.0,,comtrade,2026-10-08
842,,100,,2018,6802,M,1763679.0,2382000.0,2382000.0,,comtrade,2026-10-08
842,,116,,2018,6802,M,3275.0,1000.0,1000.0,,comtrade,2026-10-08
842,,124,,2018,6802,M,112665919.0,183852330.878,183852330.878,,comtrade,2026-10-08
842,,140,,2018,6802,M,6260.0,8497.744,8497.744,,comtrade,2026-10-08
842,,144,,2018,6802,M,64352.0,66000.0,66000.0,,comtrade,2026-10-08
842,,152,,2018,6802,M,32569.0,24000.0,24000.0,,comtrade,2026-10-08
842,,156,,2018,6802,M,739238129.0,743718451.143,743718451.143,,comtrade,2026-10-08
842,,170,,2018,6802,M,696162.0,123000.0,123000.0,,comtrade,2026-10-08
842,,191,,2018,6802,M,354202.0,396000.0,396000.0,,comtrade,2026-10-08
842,,196,,2018,6802,M,64592.0,49000.0,49000.0,,comtrade,2026-10-08
842,,203,,2018,6802,M,6633.0,3000.0,3000.0,,comtrade,2026-10-08
842,,208,,2018,6802,M,139035.0,96000.0,96000.0,,comtrade,2026-10-08
842,,214,,2018,6802,M,4058053.0,7148000.0,7148000.0,,comtrade,2026-10-08
842,,218,,2018,6802,M,946574.0,78000.0,78000.0,,comtrade,2026-10-08
842,,242,,2018,6802,M,9235.0,1000.0,1000.0,,comtrade,2026-10-08
842,,246,,2018,6802,M,514546.0,274000.0,274000.0,,comtrade,2026-10-08
842,,251,,2018,6802,M,13421637.0,7961369.99,7961369.99,,comtrade,2026-10-08
842,,276,,2018,6802,M,5712092.0,5161960.305,5161960.305,,comtrade,2026-10-08
842,,300,,2018,6802,M,33019809.0,16065750.847,16065750.847,,comtrade,2026-10-08
842,,320,,2018,6802,M,83850.0,58000.0,58000.0,,comtrade,2026-10-08
842,,332,,2018,6802,M,25201.0,68000.0,68000.0,,comtrade,2026-10-08
842,,340,,2018,6802,M,12968.0,7000.0,7000.0,,comtrade,2026-10-08
842,,344,,2018,6802,M,8956197.0,6595607.836,6595607.836,,comtrade,2026-10-08
842,,352,,2018,6802,M,7670.0,4000.0,4000.0,,comtrade,2026-10-08
842,,360,,2018,6802,M,16891390.0,16363115.172,16363115.172,,comtrade,2026-10-08
842,,364,,2018,6802,M,3331.0,1000.0,1000.0,,comtrade,2026-10-08
842,,372,,2018,6802,M,77851.0,53000.0,53000.0,,comtrade,2026-10-08
842,,376,,2018,6802,M,7429857.0,5212009.055,5212009.055,,comtrade,2026-10-08
842,,380,,2018,6802,M,494852814.0,189402352.886,189402352.886,,comtrade,2026-10-08
842,,384,,2018,6802,M,4669.0,6338.014,6338.014,,comtrade,2026-10-08
842,,392,,2018,6802,M,487915.0,379639.822,379639.822,,comtrade,2026-10-08
842,,400,,2018,6802,M,291832.0,308151.594,308151.594,,comtrade,2026-10-08
842,,410,,2018,6802,M,247667.0,131669.265,131669.265,,comtrade,2026-10-08
842,,422,,2018,6802,M,2160912.0,453485.528,453485.528,,comtrade,2026-10-08
842,,440,,2018,6802,M,5885.0,1000.0,1000.0,,comtrade,2026-10-08
842,,450,,2018,6802,M,116336.0,16000.0,16000.0,,comtrade,2026-10-08
842,,458,,2018,6802,M,11897.0,2000.0,2000.0,,comtrade,2026-10-08
842,,470,,2018,6802,M,30987.0,34308.168,34308.168,,comtrade,2026-10-08
842,,480,,2018,6802,M,215964.0,245881.951,245881.951,,comtrade,2026-10-08
842,,484,,2018,6802,M,44085553.0,67955535.057,67955535.057,,comtrade,2026-10-08
842,,490,,2018,6802,M,7726865.0,4177000.0,4177000.0,,comtrade,2026-10-08
842,,504,,2018,6802,M,3641354.0,3159839.387,3159839.387,,comtrade,2026-10-08
842,,512,,2018,6802,M,113778.0,106000.0,106000.0,,comtrade,2026-10-08
842,,516,,2018,6802,M,1309475.0,1174000.0,1174000.0,,comtrade,2026-10-08
842,,524,,2018,6802,M,2200.0,7000.0,7000.0,,comtrade,2026-10-08
842,,528,,2018,6802,M,166234.0,90568.785,90568.785,,comtrade,2026-10-08
842,,554,,2018,6802,M,10324.0,1000.0,1000.0,,comtrade,2026-10-08
842,,579,,2018,6802,M,168956.0,132000.0,132000.0,,comtrade,2026-10-08
842,,586,,2018,6802,M,1795303.0,982000.0,982000.0,,comtrade,2026-10-08
842,,604,,2018,6802,M,5270028.0,6047183.527,6047183.527,,comtrade,2026-10-08
842,,608,,2018,6802,M,1279977.0,1522000.0,1522000.0,,comtrade,2026-10-08
842,,616,,2018,6802,M,350825.0,1476000.0,1476000.0,,comtrade,2026-10-08
842,,620,,2018,6802,M,26618469.0,20177903.347,20177903.347,,comtrade,2026-10-08
842,,642,,2018,6802,M,1546480.0,1927842.723,1927842.723,,comtrade,2026-10-08
842,,643,,2018,6802,M,19778.0,8000.0,8000.0,,comtrade,2026-10-08
842,,682,,2018,6802,M,655938.0,1096000.0,1096000.0,,comtrade,2026-10-08
842,,688,,2018,6802,M,54794.0,73000.0,73000.0,,comtrade,2026-10-08
842,,694,,2018,6802,M,37689.0,2000.0,2000.0,,comtrade,2026-10-08
842,,699,,2018,6802,M,366026166.0,501993235.988,501993235.988,,comtrade,2026-10-08
842,,702,,2018,6802,M,38370.0,3000.0,3000.0,,comtrade,2026-10-08
842,,703,,2018,6802,M,50617.0,31000.0,31000.0,,comtrade,2026-10-08
842,,704,,2018,6802,M,9077552.0,8534016.912,8534016.912,,comtrade,2026-10-08
842,,705,,2018,6802,M,116436.0,58000.0,58000.0,,comtrade,2026-10-08
842,,710,,2018,6802,M,3929142.0,3445580.229,3445580.229,,comtrade,2026-10-08
842,,724,,2018,6802,M,72963293.0,103714768.572,103714768.572,,comtrade,2026-10-08
842,,752,,2018,6802,M,4531.0,3000.0,3000.0,,comtrade,2026-10-08
842,,757,,2018,6802,M,676210.0,295000.0,295000.0,,comtrade,2026-10-08
842,,760,,2018,6802,M,1315116.0,1530000.0,1530000.0,,comtrade,2026-10-08
842,,764,,2018,6802,M,358868.0,134000.0,134000.0,,comtrade,2026-10-08
842,,772,,2018,6802,M,16836.0,18000.0,18000.0,,comtrade,2026-10-08
842,,784,,2018,6802,M,712661.0,692287.349,692287.349,,comtrade,2026-10-08
842,,788,,2018,6802,M,767101.0,338862.049,338862.049,,comtrade,2026-10-08
842,,792,,2018,6802,M,329026851.0,572039886.465,572039886.465,,comtrade,2026-10-08
842,,804,,2018,6802,M,203344.0,83966.521,83966.521,,comtrade,2026-10-08
842,,807,,2018,6802,M,61756.0,66000.0,66000.0,,comtrade,2026-10-08
842,,818,,2018,6802,M,4665512.0,7363008.636,7363008.636,,comtrade,2026-10-08
842,,826,,2018,6802,M,2400999.0,1304875.162,1304875.162,,comtrade,2026-10-08
842,,858,,2018,6802,M,18326.0,15000.0,15000.0,,comtrade,2026-10-08
842,,862,,2018,6802,M,60164.0,146000.0,146000.0,,comtrade,2026-10-08
842,,0,,2018,6803,M,69783325.0,117162992.312,117162992.312,,comtrade,2026-10-08
842,,32,,2018,6803,M,50364.0,84558.839,84558.839,,comtrade,2026-10-08
842,,56,,2018,6803,M,24303.0,40803.619,40803.619,,comtrade,2026-10-08
842,,76,,2018,6803,M,10185509.0,17101001.029,17101001.029,,comtrade,2026-10-08
842,,100,,2018,6803,M,189411.0,318012.355,318012.355,,comtrade,2026-10-08
842,,124,,2018,6803,M,4051388.0,6802094.069,6802094.069,,comtrade,2026-10-08
842,,156,,2018,6803,M,32002278.0,53730352.506,53730352.506,,comtrade,2026-10-08
842,,251,,2018,6803,M,4742.0,7961.6,7961.6,,comtrade,2026-10-08
842,,276,,2018,6803,M,13747.0,23080.581,23080.581,,comtrade,2026-10-08
842,,300,,2018,6803,M,32861.0,55172.107,55172.107,,comtrade,2026-10-08
842,,344,,2018,6803,M,116411.0,195448.714,195448.714,,comtrade,2026-10-08
842,,360,,2018,6803,M,150673.0,252973.035,252973.035,,comtrade,2026-10-08
842,,372,,2018,6803,M,2511.0,4215.853,4215.853,,comtrade,2026-10-08
842,,380,,2018,6803,M,842894.0,1415180.249,1415180.249,,comtrade,2026-10-08
842,,440,,2018,6803,M,2048.0,3438.498,3438.498,,comtrade,2026-10-08
842,,484,,2018,6803,M,3706.0,6222.204,6222.204,,comtrade,2026-10-08
842,,528,,2018,6803,M,9367.0,15726.762,15726.762,,comtrade,2026-10-08
842,,554,,2018,6803,M,3820.0,6413.604,6413.604,,comtrade,2026-10-08
842,,620,,2018,6803,M,147206.0,247152.102,247152.102,,comtrade,2026-10-08
842,,643,,2018,6803,M,85112.0,142899.132,142899.132,,comtrade,2026-10-08
842,,699,,2018,6803,M,13415143.0,22523407.937,22523407.937,,comtrade,2026-10-08
842,,704,,2018,6803,M,480455.0,806661.842,806661.842,,comtrade,2026-10-08
842,,705,,2018,6803,M,45222.0,75925.658,75925.658,,comtrade,2026-10-08
842,,710,,2018,6803,M,29084.0,48830.698,48830.698,,comtrade,2026-10-08
842,,724,,2018,6803,M,6316864.0,10605724.05,10605724.05,,comtrade,2026-10-08
842,,752,,2018,6803,M,6942.0,11655.299,11655.299,,comtrade,2026-10-08
842,,792,,2018,6803,M,169069.0,283859.073,283859.073,,comtrade,2026-10-08
842,,826,,2018,6803,M,1402195.0,2354220.897,2354220.897,,comtrade,2026-10-08
842,,0,,2019,2514,M,4187827.0,7283000.0,7283000.0,,comtrade,2026-10-08
842,,76,,2019,2514,M,313518.0,469000.0,469000.0,,comtrade,2026-10-08
842,,124,,2019,2514,M,12959.0,19000.0,19000.0,,comtrade,2026-10-08
842,,156,,2019,2514,M,1059995.0,2795000.0,2795000.0,,comtrade,2026-10-08
842,,380,,2019,2514,M,14391.0,5000.0,5000.0,,comtrade,2026-10-08
842,,586,,2019,2514,M,8512.0,1000.0,1000.0,,comtrade,2026-10-08
842,,643,,2019,2514,M,6149.0,1000.0,1000.0,,comtrade,2026-10-08
842,,699,,2019,2514,M,1865343.0,2946000.0,2946000.0,,comtrade,2026-10-08
842,,724,,2019,2514,M,510174.0,898000.0,898000.0,,comtrade,2026-10-08
842,,792,,2019,2514,M,18182.0,72000.0,72000.0,,comtrade,2026-10-08
842,,826,,2019,2514,M,378604.0,77000.0,77000.0,,comtrade,2026-10-08
842,,0,,2019,2515,M,9793605.0,22263997.777,22263997.777,,comtrade,2026-10-08
842,,56,,2019,2515,M,315222.0,291000.0,291000.0,,comtrade,2026-10-08
842,,76,,2019,2515,M,160836.0,594787.337,594787.337,,comtrade,2026-10-08
842,,124,,2019,2515,M,1607290.0,11386708.615,11386708.615,,comtrade,2026-10-08
842,,152,,2019,2515,M,7719.0,4000.0,4000.0,,comtrade,2026-10-08
842,,156,,2019,2515,M,1157192.0,1612494.92,1612494.92,,comtrade,2026-10-08
842,,208,,2019,2515,M,2792.0,1000.0,1000.0,,comtrade,2026-10-08
842,,214,,2019,2515,M,191629.0,581841.501,581841.501,,comtrade,2026-10-08
842,,251,,2019,2515,M,692559.0,847777.148,847777.148,,comtrade,2026-10-08
842,,276,,2019,2515,M,34716.0,23000.0,23000.0,,comtrade,2026-10-08
842,,300,,2019,2515,M,30599.0,114292.592,114292.592,,comtrade,2026-10-08
842,,360,,2019,2515,M,328157.0,254000.0,254000.0,,comtrade,2026-10-08
842,,376,,2019,2515,M,66120.0,82126.55,82126.55,,comtrade,2026-10-08
842,,380,,2019,2515,M,1689964.0,827988.429,827988.429,,comtrade,2026-10-08
842,,400,,2019,2515,M,9027.0,24000.0,24000.0,,comtrade,2026-10-08
842,,410,,2019,2515,M,10793.0,1000.0,1000.0,,comtrade,2026-10-08
842,,484,,2019,2515,M,167838.0,244805.023,244805.023,,comtrade,2026-10-08
842,,490,,2019,2515,M,80256.0,20000.0,20000.0,,comtrade,2026-10-08
842,,504,,2019,2515,M,19290.0,21000.0,21000.0,,comtrade,2026-10-08
842,,586,,2019,2515,M,12948.0,12000.0,12000.0,,comtrade,2026-10-08
842,,620,,2019,2515,M,482830.0,842112.332,842112.332,,comtrade,2026-10-08
842,,699,,2019,2515,M,577611.0,1148442.181,1148442.181,,comtrade,2026-10-08
842,,704,,2019,2515,M,237626.0,86000.0,86000.0,,comtrade,2026-10-08
842,,705,,2019,2515,M,736230.0,367000.0,367000.0,,comtrade,2026-10-08
842,,724,,2019,2515,M,100322.0,48803.17,48803.17,,comtrade,2026-10-08
842,,784,,2019,2515,M,5120.0,1000.0,1000.0,,comtrade,2026-10-08
842,,788,,2019,2515,M,4344.0,1000.0,1000.0,,comtrade,2026-10-08
842,,792,,2019,2515,M,611121.0,1092817.978,1092817.978,,comtrade,2026-10-08
842,,804,,2019,2515,M,3159.0,1000.0,1000.0,,comtrade,2026-10-08
842,,818,,2019,2515,M,431604.0,1727000.0,1727000.0,,comtrade,2026-10-08
842,,826,,2019,2515,M,18691.0,5000.0,5000.0,,comtrade,2026-10-08
842,,0,,2019,2516,M,31709708.0,96256041.975,96256041.975,,comtrade,2026-10-08
842,,4,,2019,2516,M,14191.0,21000.0,21000.0,,comtrade,2026-10-08
842,,36,,2019,2516,M,6914.0,1000.0,1000.0,,comtrade,2026-10-08
842,,56,,2019,2516,M,78792.0,235099.442,235099.442,,comtrade,2026-10-08
842,,76,,2019,2516,M,918930.0,3429927.881,3429927.881,,comtrade,2026-10-08
842,,116,,2019,2516,M,10239.0,24886.136,24886.136,,comtrade,2026-10-08
842,,124,,2019,2516,M,6472408.0,21085431.193,21085431.193,,comtrade,2026-10-08
842,,156,,2019,2516,M,3791205.0,8217277.455,8217277.455,,comtrade,2026-10-08
842,,208,,2019,2516,M,4493.0,1000.0,1000.0,,comtrade,2026-10-08
842,,214,,2019,2516,M,71057.0,50000.0,50000.0,,comtrade,2026-10-08
842,,246,,2019,2516,M,51905.0,446000.0,446000.0,,comtrade,2026-10-08
842,,251,,2019,2516,M,56483.0,6000.0,6000.0,,comtrade,2026-10-08
842,,276,,2019,2516,M,60571.0,46089.914,46089.914,,comtrade,2026-10-08
842,,348,,2019,2516,M,3099.0,4000.0,4000.0,,comtrade,2026-10-08
842,,360,,2019,2516,M,255814.0,184000.0,184000.0,,comtrade,2026-10-08
842,,380,,2019,2516,M,653868.0,1103679.716,1103679.716,,comtrade,2026-10-08
842,,410,,2019,2516,M,59000.0,138000.0,138000.0,,comtrade,2026-10-08
842,,484,,2019,2516,M,1256688.0,19231000.0,19231000.0,,comtrade,2026-10-08
842,,528,,2019,2516,M,3241.0,1000.0,1000.0,,comtrade,2026-10-08
842,,579,,2019,2516,M,430799.0,602000.0,602000.0,,comtrade,2026-10-08
842,,604,,2019,2516,M,10400.0,2000.0,2000.0,,comtrade,2026-10-08
842,,620,,2019,2516,M,51169.0,108684.88,108684.88,,comtrade,2026-10-08
842,,699,,2019,2516,M,13362183.0,33244386.583,33244386.583,,comtrade,2026-10-08
842,,704,,2019,2516,M,243793.0,730031.534,730031.534,,comtrade,2026-10-08
842,,710,,2019,2516,M,2699407.0,5957547.241,5957547.241,,comtrade,2026-10-08
842,,716,,2019,2516,M,155014.0,222000.0,222000.0,,comtrade,2026-10-08
842,,724,,2019,2516,M,8618.0,4000.0,4000.0,,comtrade,2026-10-08
842,,757,,2019,2516,M,222842.0,298000.0,298000.0,,comtrade,2026-10-08
842,,792,,2019,2516,M,47692.0,56000.0,56000.0,,comtrade,2026-10-08
842,,804,,2019,2516,M,4870.0,7000.0,7000.0,,comtrade,2026-10-08
842,,826,,2019,2516,M,496217.0,456000.0,456000.0,,comtrade,2026-10-08
842,,858,,2019,2516,M,207806.0,343000.0,343000.0,,comtrade,2026-10-08
842,,0,,2019,6801,M,99170161.0,384826000.0,384826000.0,,comtrade,2026-10-08
842,,8,,2019,6801,M,11685.0,29000.0,29000.0,,comtrade,2026-10-08
842,,56,,2019,6801,M,217403.0,237000.0,237000.0,,comtrade,2026-10-08
842,,76,,2019,6801,M,36013.0,76000.0,76000.0,,comtrade,2026-10-08
842,,124,,2019,6801,M,3885410.0,2717000.0,2717000.0,,comtrade,2026-10-08
842,,156,,2019,6801,M,4930870.0,10130000.0,10130000.0,,comtrade,2026-10-08
842,,214,,2019,6801,M,153055.0,160000.0,160000.0,,comtrade,2026-10-08
842,,251,,2019,6801,M,553589.0,317000.0,317000.0,,comtrade,2026-10-08
842,,276,,2019,6801,M,5492.0,5000.0,5000.0,,comtrade,2026-10-08
842,,300,,2019,6801,M,57148.0,97000.0,97000.0,,comtrade,2026-10-08
842,,360,,2019,6801,M,29212.0,20000.0,20000.0,,comtrade,2026-10-08
842,,376,,2019,6801,M,99587.0,40000.0,40000.0,,comtrade,2026-10-08
842,,380,,2019,6801,M,320179.0,590000.0,590000.0,,comtrade,2026-10-08
842,,484,,2019,6801,M,1016828.0,3138000.0,3138000.0,,comtrade,2026-10-08
842,,528,,2019,6801,M,7926.0,20000.0,20000.0,,comtrade,2026-10-08
842,,586,,2019,6801,M,13800.0,4000.0,4000.0,,comtrade,2026-10-08
842,,608,,2019,6801,M,23105.0,25000.0,25000.0,,comtrade,2026-10-08
842,,620,,2019,6801,M,124274.0,224000.0,224000.0,,comtrade,2026-10-08
842,,699,,2019,6801,M,19488429.0,196864000.0,196864000.0,,comtrade,2026-10-08
842,,704,,2019,6801,M,791263.0,1207000.0,1207000.0,,comtrade,2026-10-08
842,,724,,2019,6801,M,373881.0,384000.0,384000.0,,comtrade,2026-10-08
842,,792,,2019,6801,M,66934205.0,168470000.0,168470000.0,,comtrade,2026-10-08
842,,818,,2019,6801,M,17251.0,55000.0,55000.0,,comtrade,2026-10-08
842,,826,,2019,6801,M,79556.0,17000.0,17000.0,,comtrade,2026-10-08
842,,0,,2019,6802,M,2709023448.0,3403812570.4,3403812570.4,,comtrade,2026-10-08
842,,8,,2019,6802,M,33749.0,58000.0,58000.0,,comtrade,2026-10-08
842,,12,,2019,6802,M,27497.0,23000.0,23000.0,,comtrade,2026-10-08
842,,20,,2019,6802,M,13923.0,17000.0,17000.0,,comtrade,2026-10-08
842,,32,,2019,6802,M,484861.0,630000.0,630000.0,,comtrade,2026-10-08
842,,36,,2019,6802,M,173991.0,85000.0,85000.0,,comtrade,2026-10-08
842,,40,,2019,6802,M,356620.0,342008.0,342008.0,,comtrade,2026-10-08
842,,51,,2019,6802,M,101915.0,89000.0,89000.0,,comtrade,2026-10-08
842,,56,,2019,6802,M,2119596.0,958493.0,958493.0,,comtrade,2026-10-08
842,,68,,2019,6802,M,2591.0,1000.0,1000.0,,comtrade,2026-10-08
842,,70,,2019,6802,M,19238.0,11000.0,11000.0,,comtrade,2026-10-08
842,,76,,2019,6802,M,673480115.0,848284823.0,848284823.0,,comtrade,2026-10-08
842,,92,,2019,6802,M,63303.0,47000.0,47000.0,,comtrade,2026-10-08
842,,100,,2019,6802,M,1293645.0,1623941.0,1623941.0,,comtrade,2026-10-08
842,,104,,2019,6802,M,3080.0,1000.0,1000.0,,comtrade,2026-10-08
842,,112,,2019,6802,M,20074.0,4000.0,4000.0,,comtrade,2026-10-08
842,,124,,2019,6802,M,114200908.0,459977280.0,459977280.0,,comtrade,2026-10-08
842,,144,,2019,6802,M,137425.0,124000.0,124000.0,,comtrade,2026-10-08
842,,152,,2019,6802,M,24660.0,60000.0,60000.0,,comtrade,2026-10-08
842,,156,,2019,6802,M,536600273.0,603228700.0,603228700.0,,comtrade,2026-10-08
842,,170,,2019,6802,M,423980.0,269000.0,269000.0,,comtrade,2026-10-08
842,,191,,2019,6802,M,363278.0,476000.0,476000.0,,comtrade,2026-10-08
842,,196,,2019,6802,M,31829.0,18000.0,18000.0,,comtrade,2026-10-08
842,,203,,2019,6802,M,299418.0,178000.0,178000.0,,comtrade,2026-10-08
842,,208,,2019,6802,M,98820.0,85000.0,85000.0,,comtrade,2026-10-08
842,,214,,2019,6802,M,4357505.0,6978135.0,6978135.0,,comtrade,2026-10-08
842,,218,,2019,6802,M,947570.0,103000.0,103000.0,,comtrade,2026-10-08
842,,246,,2019,6802,M,559133.0,297000.0,297000.0,,comtrade,2026-10-08
842,,251,,2019,6802,M,10698269.0,9140463.0,9140463.0,,comtrade,2026-10-08
842,,258,,2019,6802,M,2497.0,1000.0,1000.0,,comtrade,2026-10-08
842,,268,,2019,6802,M,8259.0,1000.0,1000.0,,comtrade,2026-10-08
842,,275,,2019,6802,M,34600.0,41000.0,41000.0,,comtrade,2026-10-08
842,,276,,2019,6802,M,4128535.0,2531093.0,2531093.0,,comtrade,2026-10-08
842,,300,,2019,6802,M,34591694.0,17032399.0,17032399.0,,comtrade,2026-10-08
842,,320,,2019,6802,M,56652.0,17000.0,17000.0,,comtrade,2026-10-08
842,,332,,2019,6802,M,8068.0,26000.0,26000.0,,comtrade,2026-10-08
842,,340,,2019,6802,M,74623.0,52000.0,52000.0,,comtrade,2026-10-08
842,,344,,2019,6802,M,1854988.0,1498666.0,1498666.0,,comtrade,2026-10-08
842,,360,,2019,6802,M,17052298.0,10199407.0,10199407.0,,comtrade,2026-10-08
842,,372,,2019,6802,M,48460.0,256000.0,256000.0,,comtrade,2026-10-08
842,,376,,2019,6802,M,5935273.0,4431645.0,4431645.0,,comtrade,2026-10-08
842,,380,,2019,6802,M,436451873.0,173932656.0,173932656.0,,comtrade,2026-10-08
842,,392,,2019,6802,M,703372.0,546256.0,546256.0,,comtrade,2026-10-08
842,,400,,2019,6802,M,586001.0,608014.0,608014.0,,comtrade,2026-10-08
842,,404,,2019,6802,M,39852.0,13000.0,13000.0,,comtrade,2026-10-08
842,,410,,2019,6802,M,391709.0,477683.0,477683.0,,comtrade,2026-10-08
842,,422,,2019,6802,M,3391317.0,586249.0,586249.0,,comtrade,2026-10-08
842,,440,,2019,6802,M,2500.0,1000.0,1000.0,,comtrade,2026-10-08
842,,442,,2019,6802,M,28503.0,19000.0,19000.0,,comtrade,2026-10-08
842,,446,,2019,6802,M,26978.0,30000.0,30000.0,,comtrade,2026-10-08
842,,450,,2019,6802,M,745041.0,154000.0,154000.0,,comtrade,2026-10-08
842,,458,,2019,6802,M,945794.0,710000.0,710000.0,,comtrade,2026-10-08
842,,466,,2019,6802,M,262837.0,154000.0,154000.0,,comtrade,2026-10-08
842,,470,,2019,6802,M,5170.0,3000.0,3000.0,,comtrade,2026-10-08
842,,480,,2019,6802,M,111237.0,120000.0,120000.0,,comtrade,2026-10-08
842,,484,,2019,6802,M,42443531.0,70898440.0,70898440.0,,comtrade,2026-10-08
842,,490,,2019,6802,M,5769595.0,2523000.0,2523000.0,,comtrade,2026-10-08
842,,498,,2019,6802,M,25734.0,1000.0,1000.0,,comtrade,2026-10-08
842,,504,,2019,6802,M,3757211.0,3423616.0,3423616.0,,comtrade,2026-10-08
842,,512,,2019,6802,M,295313.0,93000.0,93000.0,,comtrade,2026-10-08
842,,516,,2019,6802,M,5936838.0,4832943.0,4832943.0,,comtrade,2026-10-08
842,,528,,2019,6802,M,252038.0,95000.0,95000.0,,comtrade,2026-10-08
842,,554,,2019,6802,M,2791.0,1000.0,1000.0,,comtrade,2026-10-08
842,,558,,2019,6802,M,25237.0,19000.0,19000.0,,comtrade,2026-10-08
842,,566,,2019,6802,M,3450.0,1000.0,1000.0,,comtrade,2026-10-08
842,,579,,2019,6802,M,286384.0,93000.0,93000.0,,comtrade,2026-10-08
842,,586,,2019,6802,M,2028987.0,934095.0,934095.0,,comtrade,2026-10-08
842,,591,,2019,6802,M,17907.0,13000.0,13000.0,,comtrade,2026-10-08
842,,604,,2019,6802,M,3873785.0,3639043.0,3639043.0,,comtrade,2026-10-08
842,,608,,2019,6802,M,1459776.0,1679000.0,1679000.0,,comtrade,2026-10-08
842,,616,,2019,6802,M,432763.0,132000.0,132000.0,,comtrade,2026-10-08
842,,620,,2019,6802,M,23153013.0,17529781.4,17529781.4,,comtrade,2026-10-08
842,,642,,2019,6802,M,1197272.0,1066589.0,1066589.0,,comtrade,2026-10-08
842,,643,,2019,6802,M,204788.0,16350.0,16350.0,,comtrade,2026-10-08
842,,682,,2019,6802,M,441174.0,719000.0,719000.0,,comtrade,2026-10-08
842,,688,,2019,6802,M,103862.0,129000.0,129000.0,,comtrade,2026-10-08
842,,694,,2019,6802,M,7139.0,1000.0,1000.0,,comtrade,2026-10-08
842,,699,,2019,6802,M,360022805.0,507390920.0,507390920.0,,comtrade,2026-10-08
842,,703,,2019,6802,M,76995.0,26000.0,26000.0,,comtrade,2026-10-08
842,,704,,2019,6802,M,13882450.0,12535332.0,12535332.0,,comtrade,2026-10-08
842,,705,,2019,6802,M,153110.0,12000.0,12000.0,,comtrade,2026-10-08
842,,710,,2019,6802,M,4543899.0,3837019.0,3837019.0,,comtrade,2026-10-08
842,,716,,2019,6802,M,113863.0,68000.0,68000.0,,comtrade,2026-10-08
842,,724,,2019,6802,M,66245029.0,100706648.0,100706648.0,,comtrade,2026-10-08
842,,752,,2019,6802,M,26305.0,6000.0,6000.0,,comtrade,2026-10-08
842,,757,,2019,6802,M,887181.0,368000.0,368000.0,,comtrade,2026-10-08
842,,760,,2019,6802,M,1023915.0,1257000.0,1257000.0,,comtrade,2026-10-08
842,,764,,2019,6802,M,368661.0,214815.0,214815.0,,comtrade,2026-10-08
842,,780,,2019,6802,M,17600.0,54000.0,54000.0,,comtrade,2026-10-08
842,,784,,2019,6802,M,731876.0,384554.0,384554.0,,comtrade,2026-10-08
842,,788,,2019,6802,M,1104731.0,407248.0,407248.0,,comtrade,2026-10-08
842,,792,,2019,6802,M,307858609.0,515548888.0,515548888.0,,comtrade,2026-10-08
842,,804,,2019,6802,M,65433.0,97822.0,97822.0,,comtrade,2026-10-08
842,,807,,2019,6802,M,96397.0,67000.0,67000.0,,comtrade,2026-10-08
842,,818,,2019,6802,M,3703464.0,5829195.0,5829195.0,,comtrade,2026-10-08
842,,826,,2019,6802,M,1957140.0,610361.0,610361.0,,comtrade,2026-10-08
842,,0,,2019,6803,M,61198338.0,98950957.429,98950957.429,,comtrade,2026-10-08
842,,32,,2019,6803,M,303584.0,490861.818,490861.818,,comtrade,2026-10-08
842,,76,,2019,6803,M,10784354.0,17437110.033,17437110.033,,comtrade,2026-10-08
842,,100,,2019,6803,M,49713.0,80380.434,80380.434,,comtrade,2026-10-08
842,,116,,2019,6803,M,7554.0,12213.984,12213.984,,comtrade,2026-10-08
842,,124,,2019,6803,M,4986860.0,8063202.167,8063202.167,,comtrade,2026-10-08
842,,156,,2019,6803,M,26818953.0,43363286.705,43363286.705,,comtrade,2026-10-08
842,,170,,2019,6803,M,26936.0,43552.539,43552.539,,comtrade,2026-10-08
842,,251,,2019,6803,M,19781.0,31983.694,31983.694,,comtrade,2026-10-08
842,,276,,2019,6803,M,21475.0,34722.705,34722.705,,comtrade,2026-10-08
842,,300,,2019,6803,M,21596.0,34918.348,34918.348,,comtrade,2026-10-08
842,,360,,2019,6803,M,56687.0,91656.622,91656.622,,comtrade,2026-10-08
842,,372,,2019,6803,M,5175.0,8367.404,8367.404,,comtrade,2026-10-08
842,,376,,2019,6803,M,3675.0,5942.069,5942.069,,comtrade,2026-10-08
842,,380,,2019,6803,M,567055.0,916865.343,916865.343,,comtrade,2026-10-08
842,,410,,2019,6803,M,4939.0,7985.818,7985.818,,comtrade,2026-10-08
842,,440,,2019,6803,M,23548.0,38074.517,38074.517,,comtrade,2026-10-08
842,,458,,2019,6803,M,44998.0,72756.799,72756.799,,comtrade,2026-10-08
842,,490,,2019,6803,M,3737.0,6042.317,6042.317,,comtrade,2026-10-08
842,,528,,2019,6803,M,18931.0,30609.337,30609.337,,comtrade,2026-10-08
842,,608,,2019,6803,M,2887.0,4667.96,4667.96,,comtrade,2026-10-08
842,,620,,2019,6803,M,56864.0,91942.811,91942.811,,comtrade,2026-10-08
842,,643,,2019,6803,M,143017.0,231242.703,231242.703,,comtrade,2026-10-08
842,,699,,2019,6803,M,9360359.0,15134667.3,15134667.3,,comtrade,2026-10-08
842,,704,,2019,6803,M,496737.0,803168.899,803168.899,,comtrade,2026-10-08
842,,710,,2019,6803,M,32725.0,52912.713,52912.713,,comtrade,2026-10-08
842,,724,,2019,6803,M,6234245.0,10080086.024,10080086.024,,comtrade,2026-10-08
842,,764,,2019,6803,M,6538.0,10571.224,10571.224,,comtrade,2026-10-08
842,,792,,2019,6803,M,92317.0,149266.399,149266.399,,comtrade,2026-10-08
842,,826,,2019,6803,M,1003098.0,1621898.743,1621898.743,,comtrade,2026-10-08
842,,0,,2020,2514,M,3759549.0,6534000.0,6534000.0,,comtrade,2026-10-08
842,,76,,2020,2514,M,402677.0,764000.0,764000.0,,comtrade,2026-10-08
842,,124,,2020,2514,M,2101.0,39000.0,39000.0,,comtrade,2026-10-08
842,,156,,2020,2514,M,793957.0,2167000.0,2167000.0,,comtrade,2026-10-08
842,,251,,2020,2514,M,15532.0,38000.0,38000.0,,comtrade,2026-10-08
842,,380,,2020,2514,M,116962.0,54000.0,54000.0,,comtrade,2026-10-08
842,,484,,2020,2514,M,7094.0,19000.0,19000.0,,comtrade,2026-10-08
842,,620,,2020,2514,M,40676.0,42000.0,42000.0,,comtrade,2026-10-08
842,,643,,2020,2514,M,179673.0,286000.0,286000.0,,comtrade,2026-10-08
842,,699,,2020,2514,M,1318795.0,1788000.0,1788000.0,,comtrade,2026-10-08
842,,724,,2020,2514,M,877916.0,1333000.0,1333000.0,,comtrade,2026-10-08
842,,826,,2020,2514,M,4166.0,4000.0,4000.0,,comtrade,2026-10-08
842,,0,,2020,2515,M,9004698.0,0.0,22146705.691,,comtrade,2026-10-08
842,,56,,2020,2515,M,67380.0,64000.0,64000.0,,comtrade,2026-10-08
842,,76,,2020,2515,M,54899.0,32000.0,32000.0,,comtrade,2026-10-08
842,,100,,2020,2515,M,14210.0,22000.0,22000.0,,comtrade,2026-10-08
842,,124,,2020,2515,M,2197332.0,13773021.46,13773021.46,,comtrade,2026-10-08
842,,156,,2020,2515,M,637951.0,1052258.0,1052258.0,,comtrade,2026-10-08
842,,191,,2020,2515,M,3633.0,1000.0,1000.0,,comtrade,2026-10-08
842,,214,,2020,2515,M,205308.0,562000.0,562000.0,,comtrade,2026-10-08
842,,251,,2020,2515,M,501179.0,628000.0,628000.0,,comtrade,2026-10-08
842,,300,,2020,2515,M,373371.0,540000.0,540000.0,,comtrade,2026-10-08
842,,320,,2020,2515,M,40808.0,111000.0,111000.0,,comtrade,2026-10-08
842,,360,,2020,2515,M,74228.0,122000.0,122000.0,,comtrade,2026-10-08
842,,376,,2020,2515,M,25430.0,22000.0,22000.0,,comtrade,2026-10-08
842,,380,,2020,2515,M,1732132.0,865094.128,865094.128,,comtrade,2026-10-08
842,,410,,2020,2515,M,12980.0,13000.0,13000.0,,comtrade,2026-10-08
842,,484,,2020,2515,M,176541.0,244106.39,244106.39,,comtrade,2026-10-08
842,,490,,2020,2515,M,9378.0,2000.0,2000.0,,comtrade,2026-10-08
842,,504,,2020,2515,M,89706.0,128000.0,128000.0,,comtrade,2026-10-08
842,,528,,2020,2515,M,50947.0,13000.0,13000.0,,comtrade,2026-10-08
842,,586,,2020,2515,M,11942.0,10000.0,10000.0,,comtrade,2026-10-08
842,,604,,2020,2515,M,47536.0,25000.0,25000.0,,comtrade,2026-10-08
842,,620,,2020,2515,M,503816.0,596000.0,596000.0,,comtrade,2026-10-08
842,,699,,2020,2515,M,917892.0,1045168.933,1045168.933,,comtrade,2026-10-08
842,,704,,2020,2515,M,7553.0,25.0,25.0,,comtrade,2026-10-08
842,,705,,2020,2515,M,167217.0,80000.0,80000.0,,comtrade,2026-10-08
842,,724,,2020,2515,M,135863.0,163000.0,163000.0,,comtrade,2026-10-08
842,,784,,2020,2515,M,6126.0,0.0,27.167,,comtrade,2026-10-08
842,,788,,2020,2515,M,10060.0,0.0,44.614,,comtrade,2026-10-08
842,,792,,2020,2515,M,261746.0,368065.0,368065.0,,comtrade,2026-10-08
842,,818,,2020,2515,M,655512.0,1661895.0,1661895.0,,comtrade,2026-10-08
842,,826,,2020,2515,M,12022.0,3000.0,3000.0,,comtrade,2026-10-08
842,,0,,2020,2516,M,27510405.0,67361666.405,67361666.405,,comtrade,2026-10-08
842,,36,,2020,2516,M,13905.0,19000.0,19000.0,,comtrade,2026-10-08
842,,56,,2020,2516,M,31580.0,97417.603,97417.603,,comtrade,2026-10-08
842,,76,,2020,2516,M,456085.0,1700371.27,1700371.27,,comtrade,2026-10-08
842,,100,,2020,2516,M,8919.0,1000.0,1000.0,,comtrade,2026-10-08
842,,124,,2020,2516,M,6347825.0,19700671.525,19700671.525,,comtrade,2026-10-08
842,,156,,2020,2516,M,2999162.0,6527478.837,6527478.837,,comtrade,2026-10-08
842,,246,,2020,2516,M,87841.0,294772.356,294772.356,,comtrade,2026-10-08
842,,276,,2020,2516,M,11460.0,8000.0,8000.0,,comtrade,2026-10-08
842,,344,,2020,2516,M,28223.0,29000.0,29000.0,,comtrade,2026-10-08
842,,360,,2020,2516,M,6631.0,2000.0,2000.0,,comtrade,2026-10-08
842,,380,,2020,2516,M,1702561.0,1678975.415,1678975.415,,comtrade,2026-10-08
842,,392,,2020,2516,M,87716.0,285604.754,285604.754,,comtrade,2026-10-08
842,,458,,2020,2516,M,23697.0,18000.0,18000.0,,comtrade,2026-10-08
842,,484,,2020,2516,M,354991.0,346025.146,346025.146,,comtrade,2026-10-08
842,,528,,2020,2516,M,6545.0,1000.0,1000.0,,comtrade,2026-10-08
842,,579,,2020,2516,M,95979.0,175000.0,175000.0,,comtrade,2026-10-08
842,,620,,2020,2516,M,15939.0,43676.578,43676.578,,comtrade,2026-10-08
842,,699,,2020,2516,M,11086376.0,27458745.374,27458745.374,,comtrade,2026-10-08
842,,704,,2020,2516,M,109186.0,265000.0,265000.0,,comtrade,2026-10-08
842,,710,,2020,2516,M,2992048.0,7055000.0,7055000.0,,comtrade,2026-10-08
842,,724,,2020,2516,M,10628.0,8000.0,8000.0,,comtrade,2026-10-08
842,,752,,2020,2516,M,11741.0,24000.0,24000.0,,comtrade,2026-10-08
842,,757,,2020,2516,M,68603.0,57000.0,57000.0,,comtrade,2026-10-08
842,,792,,2020,2516,M,21458.0,54000.0,54000.0,,comtrade,2026-10-08
842,,804,,2020,2516,M,44841.0,143769.706,143769.706,,comtrade,2026-10-08
842,,818,,2020,2516,M,5174.0,4000.0,4000.0,,comtrade,2026-10-08
842,,826,,2020,2516,M,491566.0,707157.841,707157.841,,comtrade,2026-10-08
842,,858,,2020,2516,M,389725.0,657000.0,657000.0,,comtrade,2026-10-08
842,,0,,2020,6801,M,118251879.0,421801000.0,421801000.0,,comtrade,2026-10-08
842,,8,,2020,6801,M,11515.0,40000.0,40000.0,,comtrade,2026-10-08
842,,32,,2020,6801,M,20710.0,58000.0,58000.0,,comtrade,2026-10-08
842,,56,,2020,6801,M,533183.0,796000.0,796000.0,,comtrade,2026-10-08
842,,76,,2020,6801,M,75736.0,103000.0,103000.0,,comtrade,2026-10-08
842,,100,,2020,6801,M,16907.0,20000.0,20000.0,,comtrade,2026-10-08
842,,124,,2020,6801,M,3321728.0,1817000.0,1817000.0,,comtrade,2026-10-08
842,,156,,2020,6801,M,3380182.0,6299000.0,6299000.0,,comtrade,2026-10-08
842,,203,,2020,6801,M,2424.0,1000.0,1000.0,,comtrade,2026-10-08
842,,208,,2020,6801,M,64050.0,32000.0,32000.0,,comtrade,2026-10-08
842,,214,,2020,6801,M,33820.0,65000.0,65000.0,,comtrade,2026-10-08
842,,246,,2020,6801,M,4082.0,1000.0,1000.0,,comtrade,2026-10-08
842,,251,,2020,6801,M,335600.0,377000.0,377000.0,,comtrade,2026-10-08
842,,276,,2020,6801,M,8794.0,3000.0,3000.0,,comtrade,2026-10-08
842,,360,,2020,6801,M,33832.0,27000.0,27000.0,,comtrade,2026-10-08
842,,376,,2020,6801,M,5109.0,5000.0,5000.0,,comtrade,2026-10-08
842,,380,,2020,6801,M,695623.0,833000.0,833000.0,,comtrade,2026-10-08
842,,392,,2020,6801,M,24395.0,77000.0,77000.0,,comtrade,2026-10-08
842,,484,,2020,6801,M,1246474.0,3558000.0,3558000.0,,comtrade,2026-10-08
842,,528,,2020,6801,M,21959.0,6000.0,6000.0,,comtrade,2026-10-08
842,,586,,2020,6801,M,25600.0,5000.0,5000.0,,comtrade,2026-10-08
842,,604,,2020,6801,M,73708.0,82000.0,82000.0,,comtrade,2026-10-08
842,,620,,2020,6801,M,447496.0,706000.0,706000.0,,comtrade,2026-10-08
842,,688,,2020,6801,M,2750.0,20000.0,20000.0,,comtrade,2026-10-08
842,,699,,2020,6801,M,20512660.0,174633000.0,174633000.0,,comtrade,2026-10-08
842,,704,,2020,6801,M,497486.0,1648000.0,1648000.0,,comtrade,2026-10-08
842,,724,,2020,6801,M,587427.0,326000.0,326000.0,,comtrade,2026-10-08
842,,792,,2020,6801,M,86178356.0,230136000.0,230136000.0,,comtrade,2026-10-08
842,,818,,2020,6801,M,35752.0,103000.0,103000.0,,comtrade,2026-10-08
842,,826,,2020,6801,M,54521.0,24000.0,24000.0,,comtrade,2026-10-08
842,,0,,2020,6802,M,2538943351.0,3204258405.0,3204258405.0,,comtrade,2026-10-08
842,,8,,2020,6802,M,110616.0,131000.0,131000.0,,comtrade,2026-10-08
842,,24,,2020,6802,M,4616.0,5000.0,5000.0,,comtrade,2026-10-08
842,,32,,2020,6802,M,301630.0,292000.0,292000.0,,comtrade,2026-10-08
842,,36,,2020,6802,M,272826.0,75197.0,75197.0,,comtrade,2026-10-08
842,,40,,2020,6802,M,171922.0,16000.0,16000.0,,comtrade,2026-10-08
842,,52,,2020,6802,M,41314.0,35000.0,35000.0,,comtrade,2026-10-08
842,,56,,2020,6802,M,1424349.0,726617.0,726617.0,,comtrade,2026-10-08
842,,64,,2020,6802,M,4006.0,3000.0,3000.0,,comtrade,2026-10-08
842,,70,,2020,6802,M,32448.0,38000.0,38000.0,,comtrade,2026-10-08
842,,76,,2020,6802,M,661941454.0,844467845.0,844467845.0,,comtrade,2026-10-08
842,,84,,2020,6802,M,2304.0,1000.0,1000.0,,comtrade,2026-10-08
842,,100,,2020,6802,M,2179825.0,1879000.0,1879000.0,,comtrade,2026-10-08
842,,116,,2020,6802,M,143534.0,94000.0,94000.0,,comtrade,2026-10-08
842,,124,,2020,6802,M,105734816.0,348142000.0,348142000.0,,comtrade,2026-10-08
842,,144,,2020,6802,M,42669.0,40000.0,40000.0,,comtrade,2026-10-08
842,,156,,2020,6802,M,485264556.0,538652700.0,538652700.0,,comtrade,2026-10-08
842,,170,,2020,6802,M,162476.0,231000.0,231000.0,,comtrade,2026-10-08
842,,191,,2020,6802,M,838224.0,1055000.0,1055000.0,,comtrade,2026-10-08
842,,196,,2020,6802,M,121569.0,56000.0,56000.0,,comtrade,2026-10-08
842,,203,,2020,6802,M,70577.0,25000.0,25000.0,,comtrade,2026-10-08
842,,208,,2020,6802,M,72165.0,21000.0,21000.0,,comtrade,2026-10-08
842,,214,,2020,6802,M,3569540.0,6160000.0,6160000.0,,comtrade,2026-10-08
842,,218,,2020,6802,M,682632.0,1389000.0,1389000.0,,comtrade,2026-10-08
842,,246,,2020,6802,M,561548.0,286000.0,286000.0,,comtrade,2026-10-08
842,,251,,2020,6802,M,8501208.0,5499556.0,5499556.0,,comtrade,2026-10-08
842,,275,,2020,6802,M,21040.0,22000.0,22000.0,,comtrade,2026-10-08
842,,276,,2020,6802,M,3214467.0,1857830.0,1857830.0,,comtrade,2026-10-08
842,,300,,2020,6802,M,25033930.0,15965762.0,15965762.0,,comtrade,2026-10-08
842,,320,,2020,6802,M,19967.0,18000.0,18000.0,,comtrade,2026-10-08
842,,332,,2020,6802,M,79420.0,152000.0,152000.0,,comtrade,2026-10-08
842,,340,,2020,6802,M,362321.0,140000.0,140000.0,,comtrade,2026-10-08
842,,344,,2020,6802,M,773732.0,664482.0,664482.0,,comtrade,2026-10-08
842,,360,,2020,6802,M,16841546.0,11292170.0,11292170.0,,comtrade,2026-10-08
842,,364,,2020,6802,M,3827.0,1000.0,1000.0,,comtrade,2026-10-08
842,,372,,2020,6802,M,91479.0,18000.0,18000.0,,comtrade,2026-10-08
842,,376,,2020,6802,M,5146560.0,3842000.0,3842000.0,,comtrade,2026-10-08
842,,380,,2020,6802,M,356876904.0,136698697.0,136698697.0,,comtrade,2026-10-08
842,,392,,2020,6802,M,969143.0,679000.0,679000.0,,comtrade,2026-10-08
842,,400,,2020,6802,M,326170.0,354000.0,354000.0,,comtrade,2026-10-08
842,,404,,2020,6802,M,2719.0,1000.0,1000.0,,comtrade,2026-10-08
842,,410,,2020,6802,M,103861.0,82000.0,82000.0,,comtrade,2026-10-08
842,,422,,2020,6802,M,3618847.0,567567.0,567567.0,,comtrade,2026-10-08
842,,446,,2020,6802,M,37548.0,42000.0,42000.0,,comtrade,2026-10-08
842,,450,,2020,6802,M,157479.0,23000.0,23000.0,,comtrade,2026-10-08
842,,458,,2020,6802,M,3941595.0,3986723.0,3986723.0,,comtrade,2026-10-08
842,,466,,2020,6802,M,32084.0,21000.0,21000.0,,comtrade,2026-10-08
842,,470,,2020,6802,M,2696.0,1000.0,1000.0,,comtrade,2026-10-08
842,,480,,2020,6802,M,225523.0,32824.0,32824.0,,comtrade,2026-10-08
842,,484,,2020,6802,M,44795364.0,71722886.0,71722886.0,,comtrade,2026-10-08
842,,490,,2020,6802,M,5743841.0,2433000.0,2433000.0,,comtrade,2026-10-08
842,,498,,2020,6802,M,25322.0,54000.0,54000.0,,comtrade,2026-10-08
842,,504,,2020,6802,M,3939972.0,3736144.0,3736144.0,,comtrade,2026-10-08
842,,512,,2020,6802,M,140373.0,137000.0,137000.0,,comtrade,2026-10-08
842,,516,,2020,6802,M,8517445.0,7256982.0,7256982.0,,comtrade,2026-10-08
842,,520,,2020,6802,M,27623.0,20000.0,20000.0,,comtrade,2026-10-08
842,,524,,2020,6802,M,2669.0,3000.0,3000.0,,comtrade,2026-10-08
842,,528,,2020,6802,M,338695.0,56000.0,56000.0,,comtrade,2026-10-08
842,,554,,2020,6802,M,4250.0,3000.0,3000.0,,comtrade,2026-10-08
842,,579,,2020,6802,M,137713.0,72000.0,72000.0,,comtrade,2026-10-08
842,,586,,2020,6802,M,1347279.0,952000.0,952000.0,,comtrade,2026-10-08
842,,604,,2020,6802,M,3507677.0,3852382.0,3852382.0,,comtrade,2026-10-08
842,,608,,2020,6802,M,1332057.0,1124000.0,1124000.0,,comtrade,2026-10-08
842,,616,,2020,6802,M,563872.0,179320.0,179320.0,,comtrade,2026-10-08
842,,620,,2020,6802,M,24180940.0,22444395.0,22444395.0,,comtrade,2026-10-08
842,,642,,2020,6802,M,795449.0,714371.0,714371.0,,comtrade,2026-10-08
842,,643,,2020,6802,M,160521.0,20000.0,20000.0,,comtrade,2026-10-08
842,,682,,2020,6802,M,93142.0,140000.0,140000.0,,comtrade,2026-10-08
842,,688,,2020,6802,M,18105.0,14000.0,14000.0,,comtrade,2026-10-08
842,,694,,2020,6802,M,15710.0,1000.0,1000.0,,comtrade,2026-10-08
842,,699,,2020,6802,M,367838478.0,517799533.0,517799533.0,,comtrade,2026-10-08
842,,702,,2020,6802,M,128319.0,84000.0,84000.0,,comtrade,2026-10-08
842,,703,,2020,6802,M,18984.0,10000.0,10000.0,,comtrade,2026-10-08
842,,704,,2020,6802,M,18037354.0,21320763.0,21320763.0,,comtrade,2026-10-08
842,,705,,2020,6802,M,80935.0,10000.0,10000.0,,comtrade,2026-10-08
842,,710,,2020,6802,M,4895054.0,4487380.0,4487380.0,,comtrade,2026-10-08
842,,724,,2020,6802,M,55574822.0,88132794.0,88132794.0,,comtrade,2026-10-08
842,,752,,2020,6802,M,6537.0,250.0,250.0,,comtrade,2026-10-08
842,,757,,2020,6802,M,138891.0,79000.0,79000.0,,comtrade,2026-10-08
842,,760,,2020,6802,M,894839.0,966000.0,966000.0,,comtrade,2026-10-08
842,,764,,2020,6802,M,2342251.0,2964000.0,2964000.0,,comtrade,2026-10-08
842,,784,,2020,6802,M,2369480.0,1633000.0,1633000.0,,comtrade,2026-10-08
842,,788,,2020,6802,M,830552.0,330460.0,330460.0,,comtrade,2026-10-08
842,,792,,2020,6802,M,294730106.0,519686720.0,519686720.0,,comtrade,2026-10-08
842,,804,,2020,6802,M,438811.0,133000.0,133000.0,,comtrade,2026-10-08
842,,807,,2020,6802,M,17678.0,20000.0,20000.0,,comtrade,2026-10-08
842,,818,,2020,6802,M,3420918.0,5312559.0,5312559.0,,comtrade,2026-10-08
842,,826,,2020,6802,M,1275656.0,535496.0,535496.0,,comtrade,2026-10-08
842,,858,,2020,6802,M,79985.0,35000.0,35000.0,,comtrade,2026-10-08
842,,0,,2020,6803,M,54379681.0,95729856.425,95729856.425,,comtrade,2026-10-08
842,,32,,2020,6803,M,411809.0,724947.549,724947.549,,comtrade,2026-10-08
842,,76,,2020,6803,M,10276441.0,19607561.689,19607561.689,,comtrade,2026-10-08
842,,100,,2020,6803,M,44145.0,71000.0,71000.0,,comtrade,2026-10-08
842,,124,,2020,6803,M,5457976.0,7568488.703,7568488.703,,comtrade,2026-10-08
842,,156,,2020,6803,M,20743229.0,34573657.614,34573657.614,,comtrade,2026-10-08
842,,276,,2020,6803,M,35739.0,7000.0,7000.0,,comtrade,2026-10-08
842,,300,,2020,6803,M,29727.0,55000.0,55000.0,,comtrade,2026-10-08
842,,360,,2020,6803,M,4955.0,1000.0,1000.0,,comtrade,2026-10-08
842,,380,,2020,6803,M,753715.0,721433.658,721433.658,,comtrade,2026-10-08
842,,392,,2020,6803,M,12784.0,2000.0,2000.0,,comtrade,2026-10-08
842,,410,,2020,6803,M,4740.0,1000.0,1000.0,,comtrade,2026-10-08
842,,458,,2020,6803,M,7432.0,61000.0,61000.0,,comtrade,2026-10-08
842,,490,,2020,6803,M,6525.0,1000.0,1000.0,,comtrade,2026-10-08
842,,616,,2020,6803,M,10635.0,7000.0,7000.0,,comtrade,2026-10-08
842,,620,,2020,6803,M,23077.0,15000.0,15000.0,,comtrade,2026-10-08
842,,643,,2020,6803,M,490944.0,137750.724,137750.724,,comtrade,2026-10-08
842,,699,,2020,6803,M,8006194.0,19424448.372,19424448.372,,comtrade,2026-10-08
842,,702,,2020,6803,M,16365.0,1000.0,1000.0,,comtrade,2026-10-08
842,,704,,2020,6803,M,423014.0,497000.0,497000.0,,comtrade,2026-10-08
842,,710,,2020,6803,M,32191.0,59000.0,59000.0,,comtrade,2026-10-08
842,,724,,2020,6803,M,6823407.0,11612105.537,11612105.537,,comtrade,2026-10-08
842,,792,,2020,6803,M,90816.0,152000.0,152000.0,,comtrade,2026-10-08
842,,826,,2020,6803,M,673821.0,429462.579,429462.579,,comtrade,2026-10-08
842,,0,,2021,2514,M,3387840.0,5109000.0,5109000.0,,comtrade,2026-10-08
842,,76,,2021,2514,M,556898.0,980000.0,980000.0,,comtrade,2026-10-08
842,,156,,2021,2514,M,756995.0,1542000.0,1542000.0,,comtrade,2026-10-08
842,,276,,2021,2514,M,4105.0,1000.0,1000.0,,comtrade,2026-10-08
842,,300,,2021,2514,M,26742.0,44000.0,44000.0,,comtrade,2026-10-08
842,,380,,2021,2514,M,11719.0,17000.0,17000.0,,comtrade,2026-10-08
842,,620,,2021,2514,M,25708.0,23000.0,23000.0,,comtrade,2026-10-08
842,,643,,2021,2514,M,5056.0,5000.0,5000.0,,comtrade,2026-10-08
842,,699,,2021,2514,M,1639509.0,2061000.0,2061000.0,,comtrade,2026-10-08
842,,724,,2021,2514,M,339457.0,395000.0,395000.0,,comtrade,2026-10-08
842,,792,,2021,2514,M,21651.0,41000.0,41000.0,,comtrade,2026-10-08
842,,0,,2021,2515,M,14341692.0,35641000.0,35641000.0,,comtrade,2026-10-08
842,,56,,2021,2515,M,188696.0,207000.0,207000.0,,comtrade,2026-10-08
842,,76,,2021,2515,M,86467.0,204000.0,204000.0,,comtrade,2026-10-08
842,,124,,2021,2515,M,2279906.0,16503000.0,16503000.0,,comtrade,2026-10-08
842,,156,,2021,2515,M,652590.0,1266000.0,1266000.0,,comtrade,2026-10-08
842,,170,,2021,2515,M,5425.0,3000.0,3000.0,,comtrade,2026-10-08
842,,214,,2021,2515,M,254200.0,632000.0,632000.0,,comtrade,2026-10-08
842,,251,,2021,2515,M,297779.0,252000.0,252000.0,,comtrade,2026-10-08
842,,276,,2021,2515,M,9453.0,1000.0,1000.0,,comtrade,2026-10-08
842,,300,,2021,2515,M,383333.0,616000.0,616000.0,,comtrade,2026-10-08
842,,320,,2021,2515,M,51653.0,125000.0,125000.0,,comtrade,2026-10-08
842,,360,,2021,2515,M,42059.0,33000.0,33000.0,,comtrade,2026-10-08
842,,372,,2021,2515,M,23227.0,4000.0,4000.0,,comtrade,2026-10-08
842,,376,,2021,2515,M,34076.0,22000.0,22000.0,,comtrade,2026-10-08
842,,380,,2021,2515,M,2661317.0,1854000.0,1854000.0,,comtrade,2026-10-08
842,,484,,2021,2515,M,229061.0,373000.0,373000.0,,comtrade,2026-10-08
842,,490,,2021,2515,M,37822.0,27000.0,27000.0,,comtrade,2026-10-08
842,,504,,2021,2515,M,77842.0,78000.0,78000.0,,comtrade,2026-10-08
842,,516,,2021,2515,M,25798.0,21000.0,21000.0,,comtrade,2026-10-08
842,,528,,2021,2515,M,39205.0,28000.0,28000.0,,comtrade,2026-10-08
842,,586,,2021,2515,M,17515.0,13000.0,13000.0,,comtrade,2026-10-08
842,,620,,2021,2515,M,507455.0,596000.0,596000.0,,comtrade,2026-10-08
842,,699,,2021,2515,M,3979660.0,8876000.0,8876000.0,,comtrade,2026-10-08
842,,704,,2021,2515,M,705808.0,153000.0,153000.0,,comtrade,2026-10-08
842,,705,,2021,2515,M,207152.0,93000.0,93000.0,,comtrade,2026-10-08
842,,724,,2021,2515,M,136604.0,137000.0,137000.0,,comtrade,2026-10-08
842,,788,,2021,2515,M,22224.0,55000.0,55000.0,,comtrade,2026-10-08
842,,792,,2021,2515,M,770951.0,1185000.0,1185000.0,,comtrade,2026-10-08
842,,818,,2021,2515,M,593205.0,2280000.0,2280000.0,,comtrade,2026-10-08
842,,826,,2021,2515,M,21209.0,4000.0,4000.0,,comtrade,2026-10-08
842,,0,,2021,2516,M,36201085.0,96529000.0,96529000.0,,comtrade,2026-10-08
842,,8,,2021,2516,M,6001.0,14000.0,14000.0,,comtrade,2026-10-08
842,,36,,2021,2516,M,43443.0,5000.0,5000.0,,comtrade,2026-10-08
842,,56,,2021,2516,M,120018.0,210000.0,210000.0,,comtrade,2026-10-08
842,,76,,2021,2516,M,603847.0,2094000.0,2094000.0,,comtrade,2026-10-08
842,,100,,2021,2516,M,48310.0,55000.0,55000.0,,comtrade,2026-10-08
842,,124,,2021,2516,M,9092244.0,39011000.0,39011000.0,,comtrade,2026-10-08
842,,156,,2021,2516,M,4680544.0,8774000.0,8774000.0,,comtrade,2026-10-08
842,,203,,2021,2516,M,7758.0,1000.0,1000.0,,comtrade,2026-10-08
842,,208,,2021,2516,M,12106.0,1000.0,1000.0,,comtrade,2026-10-08
842,,214,,2021,2516,M,38525.0,21000.0,21000.0,,comtrade,2026-10-08
842,,246,,2021,2516,M,148088.0,1012000.0,1012000.0,,comtrade,2026-10-08
842,,276,,2021,2516,M,55263.0,102000.0,102000.0,,comtrade,2026-10-08
842,,360,,2021,2516,M,6677.0,5000.0,5000.0,,comtrade,2026-10-08
842,,372,,2021,2516,M,25690.0,29000.0,29000.0,,comtrade,2026-10-08
842,,376,,2021,2516,M,2242.0,5000.0,5000.0,,comtrade,2026-10-08
842,,380,,2021,2516,M,1643124.0,1849000.0,1849000.0,,comtrade,2026-10-08
842,,422,,2021,2516,M,5220.0,20000.0,20000.0,,comtrade,2026-10-08
842,,484,,2021,2516,M,193424.0,297000.0,297000.0,,comtrade,2026-10-08
842,,499,,2021,2516,M,18599.0,5000.0,5000.0,,comtrade,2026-10-08
842,,554,,2021,2516,M,20900.0,40000.0,40000.0,,comtrade,2026-10-08
842,,579,,2021,2516,M,984372.0,777000.0,777000.0,,comtrade,2026-10-08
842,,604,,2021,2516,M,17980.0,48000.0,48000.0,,comtrade,2026-10-08
842,,682,,2021,2516,M,21875.0,64000.0,64000.0,,comtrade,2026-10-08
842,,699,,2021,2516,M,13527443.0,32530000.0,32530000.0,,comtrade,2026-10-08
842,,704,,2021,2516,M,42626.0,97000.0,97000.0,,comtrade,2026-10-08
842,,710,,2021,2516,M,3775033.0,8086000.0,8086000.0,,comtrade,2026-10-08
842,,724,,2021,2516,M,237877.0,220000.0,220000.0,,comtrade,2026-10-08
842,,752,,2021,2516,M,14980.0,23000.0,23000.0,,comtrade,2026-10-08
842,,792,,2021,2516,M,60080.0,80000.0,80000.0,,comtrade,2026-10-08
842,,826,,2021,2516,M,485431.0,653000.0,653000.0,,comtrade,2026-10-08
842,,858,,2021,2516,M,261365.0,401000.0,401000.0,,comtrade,2026-10-08
842,,0,,2021,6801,M,167981912.0,516032000.0,516032000.0,,comtrade,2026-10-08
842,,8,,2021,6801,M,25151.0,68000.0,68000.0,,comtrade,2026-10-08
842,,56,,2021,6801,M,705519.0,636000.0,636000.0,,comtrade,2026-10-08
842,,76,,2021,6801,M,48467.0,71000.0,71000.0,,comtrade,2026-10-08
842,,100,,2021,6801,M,199391.0,179000.0,179000.0,,comtrade,2026-10-08
842,,124,,2021,6801,M,2707130.0,2176000.0,2176000.0,,comtrade,2026-10-08
842,,156,,2021,6801,M,4551003.0,6539000.0,6539000.0,,comtrade,2026-10-08
842,,208,,2021,6801,M,46528.0,29000.0,29000.0,,comtrade,2026-10-08
842,,214,,2021,6801,M,50840.0,46000.0,46000.0,,comtrade,2026-10-08
842,,251,,2021,6801,M,224297.0,89000.0,89000.0,,comtrade,2026-10-08
842,,300,,2021,6801,M,12831.0,49000.0,49000.0,,comtrade,2026-10-08
842,,320,,2021,6801,M,5084.0,26000.0,26000.0,,comtrade,2026-10-08
842,,360,,2021,6801,M,25418.0,11000.0,11000.0,,comtrade,2026-10-08
842,,376,,2021,6801,M,15804.0,22000.0,22000.0,,comtrade,2026-10-08
842,,380,,2021,6801,M,1362727.0,1016000.0,1016000.0,,comtrade,2026-10-08
842,,392,,2021,6801,M,5336.0,1000.0,1000.0,,comtrade,2026-10-08
842,,484,,2021,6801,M,1510001.0,4229000.0,4229000.0,,comtrade,2026-10-08
842,,490,,2021,6801,M,32911.0,16000.0,16000.0,,comtrade,2026-10-08
842,,504,,2021,6801,M,12649.0,10000.0,10000.0,,comtrade,2026-10-08
842,,528,,2021,6801,M,30797.0,8000.0,8000.0,,comtrade,2026-10-08
842,,586,,2021,6801,M,28200.0,4000.0,4000.0,,comtrade,2026-10-08
842,,604,,2021,6801,M,416016.0,1042000.0,1042000.0,,comtrade,2026-10-08
842,,620,,2021,6801,M,124975.0,421000.0,421000.0,,comtrade,2026-10-08
842,,642,,2021,6801,M,9735.0,20000.0,20000.0,,comtrade,2026-10-08
842,,699,,2021,6801,M,24480047.0,162629000.0,162629000.0,,comtrade,2026-10-08
842,,704,,2021,6801,M,441002.0,875000.0,875000.0,,comtrade,2026-10-08
842,,724,,2021,6801,M,663910.0,355000.0,355000.0,,comtrade,2026-10-08
842,,784,,2021,6801,M,22802.0,54000.0,54000.0,,comtrade,2026-10-08
842,,792,,2021,6801,M,129921534.0,334737000.0,334737000.0,,comtrade,2026-10-08
842,,804,,2021,6801,M,3919.0,20000.0,20000.0,,comtrade,2026-10-08
842,,818,,2021,6801,M,254152.0,639000.0,639000.0,,comtrade,2026-10-08
842,,826,,2021,6801,M,43736.0,15000.0,15000.0,,comtrade,2026-10-08
842,,0,,2021,6802,M,3300097478.0,3791596986.0,3791596986.0,,comtrade,2026-10-08
842,,8,,2021,6802,M,21832.0,58055.0,58055.0,,comtrade,2026-10-08
842,,20,,2021,6802,M,9807.0,20000.0,20000.0,,comtrade,2026-10-08
842,,31,,2021,6802,M,33470.0,26000.0,26000.0,,comtrade,2026-10-08
842,,32,,2021,6802,M,391678.0,711000.0,711000.0,,comtrade,2026-10-08
842,,36,,2021,6802,M,810709.0,461000.0,461000.0,,comtrade,2026-10-08
842,,40,,2021,6802,M,361957.0,53354.0,53354.0,,comtrade,2026-10-08
842,,51,,2021,6802,M,5635.0,2000.0,2000.0,,comtrade,2026-10-08
842,,56,,2021,6802,M,2806774.0,1461264.0,1461264.0,,comtrade,2026-10-08
842,,70,,2021,6802,M,156701.0,184000.0,184000.0,,comtrade,2026-10-08
842,,76,,2021,6802,M,855275689.0,924837000.0,924837000.0,,comtrade,2026-10-08
842,,100,,2021,6802,M,1941114.0,2055000.0,2055000.0,,comtrade,2026-10-08
842,,104,,2021,6802,M,14587.0,4000.0,4000.0,,comtrade,2026-10-08
842,,116,,2021,6802,M,278731.0,158000.0,158000.0,,comtrade,2026-10-08
842,,124,,2021,6802,M,122341480.0,384076900.0,384076900.0,,comtrade,2026-10-08
842,,144,,2021,6802,M,7084.0,8000.0,8000.0,,comtrade,2026-10-08
842,,156,,2021,6802,M,603501775.0,597242520.0,597242520.0,,comtrade,2026-10-08
842,,170,,2021,6802,M,110357.0,108000.0,108000.0,,comtrade,2026-10-08
842,,191,,2021,6802,M,1633115.0,1736000.0,1736000.0,,comtrade,2026-10-08
842,,196,,2021,6802,M,334859.0,116000.0,116000.0,,comtrade,2026-10-08
842,,203,,2021,6802,M,7592.0,1682.0,1682.0,,comtrade,2026-10-08
842,,208,,2021,6802,M,176763.0,29464.0,29464.0,,comtrade,2026-10-08
842,,214,,2021,6802,M,5500054.0,10931000.0,10931000.0,,comtrade,2026-10-08
842,,218,,2021,6802,M,1252156.0,304000.0,304000.0,,comtrade,2026-10-08
842,,233,,2021,6802,M,16242.0,33000.0,33000.0,,comtrade,2026-10-08
842,,246,,2021,6802,M,885979.0,460172.0,460172.0,,comtrade,2026-10-08
842,,251,,2021,6802,M,7790074.0,14625336.0,14625336.0,,comtrade,2026-10-08
842,,268,,2021,6802,M,34922.0,27000.0,27000.0,,comtrade,2026-10-08
842,,275,,2021,6802,M,67981.0,64944.0,64944.0,,comtrade,2026-10-08
842,,276,,2021,6802,M,5784783.0,2761879.0,2761879.0,,comtrade,2026-10-08
842,,288,,2021,6802,M,6092.0,23000.0,23000.0,,comtrade,2026-10-08
842,,300,,2021,6802,M,40348756.0,21339197.0,21339197.0,,comtrade,2026-10-08
842,,308,,2021,6802,M,10284.0,2000.0,2000.0,,comtrade,2026-10-08
842,,320,,2021,6802,M,19072.0,12000.0,12000.0,,comtrade,2026-10-08
842,,340,,2021,6802,M,173752.0,94000.0,94000.0,,comtrade,2026-10-08
842,,344,,2021,6802,M,711914.0,620940.0,620940.0,,comtrade,2026-10-08
842,,348,,2021,6802,M,39217.0,22000.0,22000.0,,comtrade,2026-10-08
842,,360,,2021,6802,M,19175351.0,13821310.0,13821310.0,,comtrade,2026-10-08
842,,372,,2021,6802,M,22047.0,14000.0,14000.0,,comtrade,2026-10-08
842,,376,,2021,6802,M,4908395.0,3605455.0,3605455.0,,comtrade,2026-10-08
842,,380,,2021,6802,M,480315004.0,168252780.0,168252780.0,,comtrade,2026-10-08
842,,392,,2021,6802,M,1128778.0,842302.0,842302.0,,comtrade,2026-10-08
842,,400,,2021,6802,M,65196.0,80000.0,80000.0,,comtrade,2026-10-08
842,,404,,2021,6802,M,5676.0,2000.0,2000.0,,comtrade,2026-10-08
842,,410,,2021,6802,M,31787.0,21000.0,21000.0,,comtrade,2026-10-08
842,,418,,2021,6802,M,3000.0,4000.0,4000.0,,comtrade,2026-10-08
842,,422,,2021,6802,M,2925891.0,591220.0,591220.0,,comtrade,2026-10-08
842,,428,,2021,6802,M,3543.0,2000.0,2000.0,,comtrade,2026-10-08
842,,442,,2021,6802,M,56357.0,24000.0,24000.0,,comtrade,2026-10-08
842,,446,,2021,6802,M,96585.0,54000.0,54000.0,,comtrade,2026-10-08
842,,450,,2021,6802,M,667327.0,95000.0,95000.0,,comtrade,2026-10-08
842,,458,,2021,6802,M,3577127.0,2604000.0,2604000.0,,comtrade,2026-10-08
842,,470,,2021,6802,M,59786.0,53000.0,53000.0,,comtrade,2026-10-08
842,,480,,2021,6802,M,35507.0,1000.0,1000.0,,comtrade,2026-10-08
842,,484,,2021,6802,M,63299222.0,114999021.0,114999021.0,,comtrade,2026-10-08
842,,490,,2021,6802,M,6836718.0,2805946.0,2805946.0,,comtrade,2026-10-08
842,,498,,2021,6802,M,15475.0,17000.0,17000.0,,comtrade,2026-10-08
842,,504,,2021,6802,M,5493608.0,5249786.0,5249786.0,,comtrade,2026-10-08
842,,512,,2021,6802,M,352105.0,346000.0,346000.0,,comtrade,2026-10-08
842,,516,,2021,6802,M,9759107.0,8105257.0,8105257.0,,comtrade,2026-10-08
842,,528,,2021,6802,M,326963.0,57006.0,57006.0,,comtrade,2026-10-08
842,,558,,2021,6802,M,3641.0,1000.0,1000.0,,comtrade,2026-10-08
842,,579,,2021,6802,M,181528.0,62000.0,62000.0,,comtrade,2026-10-08
842,,586,,2021,6802,M,1966426.0,2325000.0,2325000.0,,comtrade,2026-10-08
842,,591,,2021,6802,M,15024.0,10000.0,10000.0,,comtrade,2026-10-08
842,,604,,2021,6802,M,3721255.0,4454000.0,4454000.0,,comtrade,2026-10-08
842,,608,,2021,6802,M,1717285.0,977000.0,977000.0,,comtrade,2026-10-08
842,,616,,2021,6802,M,1006762.0,374000.0,374000.0,,comtrade,2026-10-08
842,,620,,2021,6802,M,30929518.0,27466357.0,27466357.0,,comtrade,2026-10-08
842,,642,,2021,6802,M,398947.0,267000.0,267000.0,,comtrade,2026-10-08
842,,643,,2021,6802,M,181294.0,23454.0,23454.0,,comtrade,2026-10-08
842,,678,,2021,6802,M,11904.0,24000.0,24000.0,,comtrade,2026-10-08
842,,682,,2021,6802,M,56558.0,65000.0,65000.0,,comtrade,2026-10-08
842,,688,,2021,6802,M,6385.0,1000.0,1000.0,,comtrade,2026-10-08
842,,694,,2021,6802,M,50758.0,20000.0,20000.0,,comtrade,2026-10-08
842,,699,,2021,6802,M,479796072.0,656862610.0,656862610.0,,comtrade,2026-10-08
842,,702,,2021,6802,M,303306.0,394000.0,394000.0,,comtrade,2026-10-08
842,,703,,2021,6802,M,20947.0,7000.0,7000.0,,comtrade,2026-10-08
842,,704,,2021,6802,M,32847030.0,33907800.0,33907800.0,,comtrade,2026-10-08
842,,705,,2021,6802,M,131836.0,29000.0,29000.0,,comtrade,2026-10-08
842,,710,,2021,6802,M,5660833.0,5126000.0,5126000.0,,comtrade,2026-10-08
842,,716,,2021,6802,M,26620.0,21000.0,21000.0,,comtrade,2026-10-08
842,,724,,2021,6802,M,65872844.0,95987758.0,95987758.0,,comtrade,2026-10-08
842,,752,,2021,6802,M,26865.0,15000.0,15000.0,,comtrade,2026-10-08
842,,757,,2021,6802,M,495631.0,145000.0,145000.0,,comtrade,2026-10-08
842,,760,,2021,6802,M,1393846.0,1634000.0,1634000.0,,comtrade,2026-10-08
842,,764,,2021,6802,M,1572666.0,2392000.0,2392000.0,,comtrade,2026-10-08
842,,784,,2021,6802,M,2807517.0,1806000.0,1806000.0,,comtrade,2026-10-08
842,,788,,2021,6802,M,984223.0,380537.0,380537.0,,comtrade,2026-10-08
842,,792,,2021,6802,M,406173212.0,661136947.0,661136947.0,,comtrade,2026-10-08
842,,804,,2021,6802,M,352149.0,107000.0,107000.0,,comtrade,2026-10-08
842,,807,,2021,6802,M,104188.0,406000.0,406000.0,,comtrade,2026-10-08
842,,818,,2021,6802,M,4740691.0,7764316.0,7764316.0,,comtrade,2026-10-08
842,,826,,2021,6802,M,4476580.0,1060417.0,1060417.0,,comtrade,2026-10-08
842,,858,,2021,6802,M,35301.0,24000.0,24000.0,,comtrade,2026-10-08
842,,862,,2021,6802,M,4294.0,4000.0,4000.0,,comtrade,2026-10-08
842,,0,,2021,6803,M,67773932.0,109405825.059,109405825.059,,comtrade,2026-10-08
842,,32,,2021,6803,M,663689.0,1071377.158,1071377.158,,comtrade,2026-10-08
842,,36,,2021,6803,M,41017.0,17000.0,17000.0,,comtrade,2026-10-08
842,,76,,2021,6803,M,13589581.0,23386718.797,23386718.797,,comtrade,2026-10-08
842,,100,,2021,6803,M,109156.0,320000.0,320000.0,,comtrade,2026-10-08
842,,124,,2021,6803,M,6311684.0,7803220.859,7803220.859,,comtrade,2026-10-08
842,,156,,2021,6803,M,23618069.0,33057592.383,33057592.383,,comtrade,2026-10-08
842,,203,,2021,6803,M,2707.0,4369.845,4369.845,,comtrade,2026-10-08
842,,208,,2021,6803,M,25422.0,21710.045,21710.045,,comtrade,2026-10-08
842,,276,,2021,6803,M,80900.0,20000.0,20000.0,,comtrade,2026-10-08
842,,300,,2021,6803,M,37601.0,58000.0,58000.0,,comtrade,2026-10-08
842,,344,,2021,6803,M,7169.0,3000.0,3000.0,,comtrade,2026-10-08
842,,360,,2021,6803,M,64588.0,44000.0,44000.0,,comtrade,2026-10-08
842,,380,,2021,6803,M,882903.0,694000.0,694000.0,,comtrade,2026-10-08
842,,392,,2021,6803,M,3133.0,1000.0,1000.0,,comtrade,2026-10-08
842,,400,,2021,6803,M,2890.0,3000.0,3000.0,,comtrade,2026-10-08
842,,410,,2021,6803,M,4218.0,1000.0,1000.0,,comtrade,2026-10-08
842,,490,,2021,6803,M,14919.0,3000.0,3000.0,,comtrade,2026-10-08
842,,528,,2021,6803,M,6319.0,4000.0,4000.0,,comtrade,2026-10-08
842,,608,,2021,6803,M,17837.0,112000.0,112000.0,,comtrade,2026-10-08
842,,616,,2021,6803,M,31964.0,20000.0,20000.0,,comtrade,2026-10-08
842,,620,,2021,6803,M,42929.0,41000.0,41000.0,,comtrade,2026-10-08
842,,643,,2021,6803,M,735435.0,1927944.549,1927944.549,,comtrade,2026-10-08
842,,699,,2021,6803,M,11632248.0,26339256.846,26339256.846,,comtrade,2026-10-08
842,,704,,2021,6803,M,936367.0,1245000.0,1245000.0,,comtrade,2026-10-08
842,,710,,2021,6803,M,40612.0,65713.153,65713.153,,comtrade,2026-10-08
842,,724,,2021,6803,M,7224215.0,11193424.708,11193424.708,,comtrade,2026-10-08
842,,752,,2021,6803,M,14171.0,3000.0,3000.0,,comtrade,2026-10-08
842,,757,,2021,6803,M,10351.0,18000.0,18000.0,,comtrade,2026-10-08
842,,764,,2021,6803,M,5487.0,1000.0,1000.0,,comtrade,2026-10-08
842,,792,,2021,6803,M,453981.0,535000.0,535000.0,,comtrade,2026-10-08
842,,826,,2021,6803,M,1162370.0,1391496.718,1391496.718,,comtrade,2026-10-08
842,,0,,2022,2514,M,3435428.0,4284000.0,4284000.0,,comtrade,2026-10-08
842,,76,,2022,2514,M,702026.0,856000.0,856000.0,,comtrade,2026-10-08
842,,100,,2022,2514,M,7136.0,10000.0,10000.0,,comtrade,2026-10-08
842,,124,,2022,2514,M,20105.0,32000.0,32000.0,,comtrade,2026-10-08
842,,156,,2022,2514,M,719505.0,1472000.0,1472000.0,,comtrade,2026-10-08
842,,251,,2022,2514,M,12015.0,38000.0,38000.0,,comtrade,2026-10-08
842,,380,,2022,2514,M,68915.0,84000.0,84000.0,,comtrade,2026-10-08
842,,616,,2022,2514,M,18603.0,15000.0,15000.0,,comtrade,2026-10-08
842,,620,,2022,2514,M,23690.0,19000.0,19000.0,,comtrade,2026-10-08
842,,643,,2022,2514,M,8122.0,1000.0,1000.0,,comtrade,2026-10-08
842,,699,,2022,2514,M,1855311.0,1757000.0,1757000.0,,comtrade,2026-10-08
842,,0,,2022,2515,M,16099620.0,37980000.0,37980000.0,,comtrade,2026-10-08
842,,56,,2022,2515,M,273308.0,214000.0,214000.0,,comtrade,2026-10-08
842,,100,,2022,2515,M,11534.0,24000.0,24000.0,,comtrade,2026-10-08
842,,124,,2022,2515,M,3723435.0,21863000.0,21863000.0,,comtrade,2026-10-08
842,,156,,2022,2515,M,675090.0,926000.0,926000.0,,comtrade,2026-10-08
842,,170,,2022,2515,M,7291.0,1000.0,1000.0,,comtrade,2026-10-08
842,,214,,2022,2515,M,493715.0,883000.0,883000.0,,comtrade,2026-10-08
842,,251,,2022,2515,M,150424.0,286000.0,286000.0,,comtrade,2026-10-08
842,,276,,2022,2515,M,231091.0,1446000.0,1446000.0,,comtrade,2026-10-08
842,,300,,2022,2515,M,12237.0,105000.0,105000.0,,comtrade,2026-10-08
842,,360,,2022,2515,M,83417.0,76000.0,76000.0,,comtrade,2026-10-08
842,,372,,2022,2515,M,33504.0,4000.0,4000.0,,comtrade,2026-10-08
842,,376,,2022,2515,M,11388.0,23000.0,23000.0,,comtrade,2026-10-08
842,,380,,2022,2515,M,3098611.0,1860000.0,1860000.0,,comtrade,2026-10-08
842,,484,,2022,2515,M,259713.0,368000.0,368000.0,,comtrade,2026-10-08
842,,490,,2022,2515,M,17453.0,4000.0,4000.0,,comtrade,2026-10-08
842,,504,,2022,2515,M,2888.0,1000.0,1000.0,,comtrade,2026-10-08
842,,528,,2022,2515,M,25717.0,20000.0,20000.0,,comtrade,2026-10-08
842,,586,,2022,2515,M,11631.0,2000.0,2000.0,,comtrade,2026-10-08
842,,616,,2022,2515,M,2346.0,3000.0,3000.0,,comtrade,2026-10-08
842,,620,,2022,2515,M,475387.0,498000.0,498000.0,,comtrade,2026-10-08
842,,699,,2022,2515,M,3870497.0,5693000.0,5693000.0,,comtrade,2026-10-08
842,,704,,2022,2515,M,414332.0,133000.0,133000.0,,comtrade,2026-10-08
842,,705,,2022,2515,M,38520.0,17000.0,17000.0,,comtrade,2026-10-08
842,,724,,2022,2515,M,415946.0,399000.0,399000.0,,comtrade,2026-10-08
842,,760,,2022,2515,M,37100.0,24000.0,24000.0,,comtrade,2026-10-08
842,,784,,2022,2515,M,41600.0,18000.0,18000.0,,comtrade,2026-10-08
842,,788,,2022,2515,M,16532.0,49000.0,49000.0,,comtrade,2026-10-08
842,,792,,2022,2515,M,1247185.0,1667000.0,1667000.0,,comtrade,2026-10-08
842,,818,,2022,2515,M,319924.0,1341000.0,1341000.0,,comtrade,2026-10-08
842,,826,,2022,2515,M,97804.0,32000.0,32000.0,,comtrade,2026-10-08
842,,0,,2022,2516,M,36689354.0,89746000.0,89746000.0,,comtrade,2026-10-08
842,,56,,2022,2516,M,262029.0,244000.0,244000.0,,comtrade,2026-10-08
842,,76,,2022,2516,M,82955.0,78000.0,78000.0,,comtrade,2026-10-08
842,,100,,2022,2516,M,17732.0,40000.0,40000.0,,comtrade,2026-10-08
842,,124,,2022,2516,M,9452137.0,37260000.0,37260000.0,,comtrade,2026-10-08
842,,156,,2022,2516,M,6212389.0,10874000.0,10874000.0,,comtrade,2026-10-08
842,,214,,2022,2516,M,18067.0,25000.0,25000.0,,comtrade,2026-10-08
842,,246,,2022,2516,M,72880.0,650000.0,650000.0,,comtrade,2026-10-08
842,,251,,2022,2516,M,158885.0,114000.0,114000.0,,comtrade,2026-10-08
842,,276,,2022,2516,M,80584.0,1324000.0,1324000.0,,comtrade,2026-10-08
842,,300,,2022,2516,M,7969.0,718000.0,718000.0,,comtrade,2026-10-08
842,,360,,2022,2516,M,34900.0,75000.0,75000.0,,comtrade,2026-10-08
842,,380,,2022,2516,M,3116657.0,4673000.0,4673000.0,,comtrade,2026-10-08
842,,484,,2022,2516,M,273550.0,1180000.0,1180000.0,,comtrade,2026-10-08
842,,516,,2022,2516,M,10432.0,11000.0,11000.0,,comtrade,2026-10-08
842,,528,,2022,2516,M,7125.0,63000.0,63000.0,,comtrade,2026-10-08
842,,558,,2022,2516,M,3165.0,1000.0,1000.0,,comtrade,2026-10-08
842,,579,,2022,2516,M,588111.0,833000.0,833000.0,,comtrade,2026-10-08
842,,604,,2022,2516,M,214567.0,376000.0,376000.0,,comtrade,2026-10-08
842,,620,,2022,2516,M,166666.0,248000.0,248000.0,,comtrade,2026-10-08
842,,682,,2022,2516,M,10075.0,1000.0,1000.0,,comtrade,2026-10-08
842,,699,,2022,2516,M,10708049.0,20937000.0,20937000.0,,comtrade,2026-10-08
842,,704,,2022,2516,M,9944.0,19000.0,19000.0,,comtrade,2026-10-08
842,,710,,2022,2516,M,4369686.0,8747000.0,8747000.0,,comtrade,2026-10-08
842,,724,,2022,2516,M,10675.0,21000.0,21000.0,,comtrade,2026-10-08
842,,752,,2022,2516,M,3151.0,3000.0,3000.0,,comtrade,2026-10-08
842,,757,,2022,2516,M,125137.0,192000.0,192000.0,,comtrade,2026-10-08
842,,780,,2022,2516,M,26224.0,25000.0,25000.0,,comtrade,2026-10-08
842,,792,,2022,2516,M,291198.0,397000.0,397000.0,,comtrade,2026-10-08
842,,818,,2022,2516,M,72374.0,254000.0,254000.0,,comtrade,2026-10-08
842,,826,,2022,2516,M,282041.0,363000.0,363000.0,,comtrade,2026-10-08
842,,0,,2022,6801,M,176603673.0,542440000.0,542440000.0,,comtrade,2026-10-08
842,,8,,2022,6801,M,32460.0,69000.0,69000.0,,comtrade,2026-10-08
842,,32,,2022,6801,M,90392.0,170000.0,170000.0,,comtrade,2026-10-08
842,,36,,2022,6801,M,36800.0,4000.0,4000.0,,comtrade,2026-10-08
842,,40,,2022,6801,M,56680.0,73000.0,73000.0,,comtrade,2026-10-08
842,,56,,2022,6801,M,435195.0,289000.0,289000.0,,comtrade,2026-10-08
842,,76,,2022,6801,M,207946.0,207000.0,207000.0,,comtrade,2026-10-08
842,,124,,2022,6801,M,3782163.0,2304000.0,2304000.0,,comtrade,2026-10-08
842,,156,,2022,6801,M,6418274.0,12881000.0,12881000.0,,comtrade,2026-10-08
842,,208,,2022,6801,M,60433.0,14000.0,14000.0,,comtrade,2026-10-08
842,,214,,2022,6801,M,23970.0,43000.0,43000.0,,comtrade,2026-10-08
842,,251,,2022,6801,M,602904.0,346000.0,346000.0,,comtrade,2026-10-08
842,,276,,2022,6801,M,40449.0,18000.0,18000.0,,comtrade,2026-10-08
842,,300,,2022,6801,M,140067.0,207000.0,207000.0,,comtrade,2026-10-08
842,,344,,2022,6801,M,10538.0,2000.0,2000.0,,comtrade,2026-10-08
842,,360,,2022,6801,M,39579.0,71000.0,71000.0,,comtrade,2026-10-08
842,,376,,2022,6801,M,14584.0,7000.0,7000.0,,comtrade,2026-10-08
842,,380,,2022,6801,M,821209.0,1187000.0,1187000.0,,comtrade,2026-10-08
842,,392,,2022,6801,M,19070.0,8000.0,8000.0,,comtrade,2026-10-08
842,,484,,2022,6801,M,1508595.0,4565000.0,4565000.0,,comtrade,2026-10-08
842,,504,,2022,6801,M,24408.0,53000.0,53000.0,,comtrade,2026-10-08
842,,528,,2022,6801,M,87659.0,32000.0,32000.0,,comtrade,2026-10-08
842,,586,,2022,6801,M,44356.0,5000.0,5000.0,,comtrade,2026-10-08
842,,604,,2022,6801,M,64687.0,83000.0,83000.0,,comtrade,2026-10-08
842,,620,,2022,6801,M,444999.0,322000.0,322000.0,,comtrade,2026-10-08
842,,699,,2022,6801,M,36092722.0,237832000.0,237832000.0,,comtrade,2026-10-08
842,,702,,2022,6801,M,4100.0,1000.0,1000.0,,comtrade,2026-10-08
842,,704,,2022,6801,M,533220.0,946000.0,946000.0,,comtrade,2026-10-08
842,,724,,2022,6801,M,1036175.0,755000.0,755000.0,,comtrade,2026-10-08
842,,792,,2022,6801,M,123315253.0,279498000.0,279498000.0,,comtrade,2026-10-08
842,,818,,2022,6801,M,85661.0,321000.0,321000.0,,comtrade,2026-10-08
842,,826,,2022,6801,M,529125.0,127000.0,127000.0,,comtrade,2026-10-08
842,,0,,2022,6802,M,3665600565.0,3759068514.553,3759068514.553,,comtrade,2026-10-08
842,,8,,2022,6802,M,31273.0,26000.0,26000.0,,comtrade,2026-10-08
842,,24,,2022,6802,M,5524.0,6000.0,6000.0,,comtrade,2026-10-08
842,,32,,2022,6802,M,275553.0,266000.0,266000.0,,comtrade,2026-10-08
842,,36,,2022,6802,M,512478.0,217000.0,217000.0,,comtrade,2026-10-08
842,,40,,2022,6802,M,56707.0,76000.0,76000.0,,comtrade,2026-10-08
842,,51,,2022,6802,M,23770.0,18000.0,18000.0,,comtrade,2026-10-08
842,,56,,2022,6802,M,3375399.0,1716702.0,1716702.0,,comtrade,2026-10-08
842,,70,,2022,6802,M,205586.0,208000.0,208000.0,,comtrade,2026-10-08
842,,76,,2022,6802,M,911365602.0,842005870.0,842005870.0,,comtrade,2026-10-08
842,,100,,2022,6802,M,2222402.0,2004000.0,2004000.0,,comtrade,2026-10-08
842,,112,,2022,6802,M,2101.0,1000.0,1000.0,,comtrade,2026-10-08
842,,116,,2022,6802,M,257848.0,185000.0,185000.0,,comtrade,2026-10-08
842,,124,,2022,6802,M,115794712.0,338712896.0,338712896.0,,comtrade,2026-10-08
842,,144,,2022,6802,M,101011.0,107000.0,107000.0,,comtrade,2026-10-08
842,,156,,2022,6802,M,650458642.0,612481923.0,612481923.0,,comtrade,2026-10-08
842,,170,,2022,6802,M,158247.0,185540.0,185540.0,,comtrade,2026-10-08
842,,188,,2022,6802,M,5057.0,1000.0,1000.0,,comtrade,2026-10-08
842,,191,,2022,6802,M,1348541.0,1159000.0,1159000.0,,comtrade,2026-10-08
842,,196,,2022,6802,M,167457.0,299000.0,299000.0,,comtrade,2026-10-08
842,,203,,2022,6802,M,106731.0,65000.0,65000.0,,comtrade,2026-10-08
842,,208,,2022,6802,M,107008.0,53000.0,53000.0,,comtrade,2026-10-08
842,,214,,2022,6802,M,6392981.0,10853000.0,10853000.0,,comtrade,2026-10-08
842,,218,,2022,6802,M,1993562.0,208000.0,208000.0,,comtrade,2026-10-08
842,,233,,2022,6802,M,59029.0,50000.0,50000.0,,comtrade,2026-10-08
842,,246,,2022,6802,M,866977.0,394000.0,394000.0,,comtrade,2026-10-08
842,,251,,2022,6802,M,14297823.0,7543364.0,7543364.0,,comtrade,2026-10-08
842,,258,,2022,6802,M,196611.0,243000.0,243000.0,,comtrade,2026-10-08
842,,275,,2022,6802,M,23673.0,17000.0,17000.0,,comtrade,2026-10-08
842,,276,,2022,6802,M,5642709.0,2543428.0,2543428.0,,comtrade,2026-10-08
842,,288,,2022,6802,M,385716.0,1201000.0,1201000.0,,comtrade,2026-10-08
842,,300,,2022,6802,M,41871666.0,20535250.0,20535250.0,,comtrade,2026-10-08
842,,320,,2022,6802,M,37943.0,89000.0,89000.0,,comtrade,2026-10-08
842,,340,,2022,6802,M,1525985.0,237000.0,237000.0,,comtrade,2026-10-08
842,,344,,2022,6802,M,751512.0,716515.0,716515.0,,comtrade,2026-10-08
842,,348,,2022,6802,M,13621.0,14000.0,14000.0,,comtrade,2026-10-08
842,,352,,2022,6802,M,30790.0,20500.0,20500.0,,comtrade,2026-10-08
842,,360,,2022,6802,M,22586970.0,15583850.0,15583850.0,,comtrade,2026-10-08
842,,364,,2022,6802,M,61372.0,21000.0,21000.0,,comtrade,2026-10-08
842,,372,,2022,6802,M,95228.0,39391.0,39391.0,,comtrade,2026-10-08
842,,376,,2022,6802,M,7354219.0,4994828.0,4994828.0,,comtrade,2026-10-08
842,,380,,2022,6802,M,581627957.0,191607704.0,191607704.0,,comtrade,2026-10-08
842,,392,,2022,6802,M,2045173.0,1319000.0,1319000.0,,comtrade,2026-10-08
842,,400,,2022,6802,M,167306.0,92000.0,92000.0,,comtrade,2026-10-08
842,,404,,2022,6802,M,148478.0,63000.0,63000.0,,comtrade,2026-10-08
842,,410,,2022,6802,M,118562.0,179375.0,179375.0,,comtrade,2026-10-08
842,,414,,2022,6802,M,11049.0,1000.0,1000.0,,comtrade,2026-10-08
842,,422,,2022,6802,M,3373074.0,977465.0,977465.0,,comtrade,2026-10-08
842,,428,,2022,6802,M,4953.0,2000.0,2000.0,,comtrade,2026-10-08
842,,446,,2022,6802,M,22662.0,26000.0,26000.0,,comtrade,2026-10-08
842,,450,,2022,6802,M,574703.0,98000.0,98000.0,,comtrade,2026-10-08
842,,458,,2022,6802,M,2531942.0,1914643.0,1914643.0,,comtrade,2026-10-08
842,,470,,2022,6802,M,27400.0,9000.0,9000.0,,comtrade,2026-10-08
842,,480,,2022,6802,M,29974.0,32000.0,32000.0,,comtrade,2026-10-08
842,,484,,2022,6802,M,80887413.0,133549545.0,133549545.0,,comtrade,2026-10-08
842,,490,,2022,6802,M,6898165.0,2260496.0,2260496.0,,comtrade,2026-10-08
842,,500,,2022,6802,M,143618.0,49000.0,49000.0,,comtrade,2026-10-08
842,,504,,2022,6802,M,8039896.0,7813759.0,7813759.0,,comtrade,2026-10-08
842,,508,,2022,6802,M,79316.0,68000.0,68000.0,,comtrade,2026-10-08
842,,512,,2022,6802,M,253675.0,186000.0,186000.0,,comtrade,2026-10-08
842,,516,,2022,6802,M,11300877.0,7948123.0,7948123.0,,comtrade,2026-10-08
842,,528,,2022,6802,M,286404.0,185000.0,185000.0,,comtrade,2026-10-08
842,,554,,2022,6802,M,21362.0,7000.0,7000.0,,comtrade,2026-10-08
842,,558,,2022,6802,M,37303.0,12000.0,12000.0,,comtrade,2026-10-08
842,,579,,2022,6802,M,151625.0,116000.0,116000.0,,comtrade,2026-10-08
842,,586,,2022,6802,M,2383540.0,1133000.0,1133000.0,,comtrade,2026-10-08
842,,591,,2022,6802,M,11700.0,1000.0,1000.0,,comtrade,2026-10-08
842,,600,,2022,6802,M,27695.0,20000.0,20000.0,,comtrade,2026-10-08
842,,604,,2022,6802,M,4331166.0,4119000.0,4119000.0,,comtrade,2026-10-08
842,,608,,2022,6802,M,728274.0,488000.0,488000.0,,comtrade,2026-10-08
842,,616,,2022,6802,M,1460393.0,863000.0,863000.0,,comtrade,2026-10-08
842,,620,,2022,6802,M,39044300.0,31037842.0,31037842.0,,comtrade,2026-10-08
842,,642,,2022,6802,M,702005.0,508818.0,508818.0,,comtrade,2026-10-08
842,,643,,2022,6802,M,6363.0,2000.0,2000.0,,comtrade,2026-10-08
842,,682,,2022,6802,M,41353.0,19000.0,19000.0,,comtrade,2026-10-08
842,,688,,2022,6802,M,14378.0,23000.0,23000.0,,comtrade,2026-10-08
842,,699,,2022,6802,M,508270972.0,659464803.0,659464803.0,,comtrade,2026-10-08
842,,702,,2022,6802,M,286596.0,231000.0,231000.0,,comtrade,2026-10-08
842,,703,,2022,6802,M,39234.0,14000.0,14000.0,,comtrade,2026-10-08
842,,704,,2022,6802,M,43208730.0,40767309.0,40767309.0,,comtrade,2026-10-08
842,,705,,2022,6802,M,197125.0,55000.0,55000.0,,comtrade,2026-10-08
842,,710,,2022,6802,M,6114947.0,4812106.0,4812106.0,,comtrade,2026-10-08
842,,716,,2022,6802,M,36096.0,16594.0,16594.0,,comtrade,2026-10-08
842,,724,,2022,6802,M,72974061.0,96724015.0,96724015.0,,comtrade,2026-10-08
842,,752,,2022,6802,M,78914.0,10000.0,10000.0,,comtrade,2026-10-08
842,,757,,2022,6802,M,682758.0,375000.0,375000.0,,comtrade,2026-10-08
842,,760,,2022,6802,M,1973098.0,2157000.0,2157000.0,,comtrade,2026-10-08
842,,764,,2022,6802,M,988412.0,1003448.0,1003448.0,,comtrade,2026-10-08
842,,784,,2022,6802,M,768433.0,479639.0,479639.0,,comtrade,2026-10-08
842,,788,,2022,6802,M,1551126.0,551388.0,551388.0,,comtrade,2026-10-08
842,,792,,2022,6802,M,479003516.0,687789376.553,687789376.553,,comtrade,2026-10-08
842,,804,,2022,6802,M,145210.0,68000.0,68000.0,,comtrade,2026-10-08
842,,807,,2022,6802,M,117947.0,165000.0,165000.0,,comtrade,2026-10-08
842,,818,,2022,6802,M,7053413.0,10494950.0,10494950.0,,comtrade,2026-10-08
842,,826,,2022,6802,M,3276669.0,1730059.0,1730059.0,,comtrade,2026-10-08
842,,858,,2022,6802,M,529218.0,331000.0,331000.0,,comtrade,2026-10-08
842,,0,,2022,6803,M,74513390.0,99978941.932,99978941.932,,comtrade,2026-10-08
842,,32,,2022,6803,M,756649.0,1015239.898,1015239.898,,comtrade,2026-10-08
842,,40,,2022,6803,M,4743.0,1000.0,1000.0,,comtrade,2026-10-08
842,,76,,2022,6803,M,16606407.0,22059324.175,22059324.175,,comtrade,2026-10-08
842,,100,,2022,6803,M,27257.0,35000.0,35000.0,,comtrade,2026-10-08
842,,124,,2022,6803,M,7984911.0,8714514.283,8714514.283,,comtrade,2026-10-08
842,,156,,2022,6803,M,19061712.0,25810952.215,25810952.215,,comtrade,2026-10-08
842,,208,,2022,6803,M,12055.0,3000.0,3000.0,,comtrade,2026-10-08
842,,251,,2022,6803,M,74529.0,195000.0,195000.0,,comtrade,2026-10-08
842,,276,,2022,6803,M,24566.0,29000.0,29000.0,,comtrade,2026-10-08
842,,300,,2022,6803,M,104014.0,177000.0,177000.0,,comtrade,2026-10-08
842,,360,,2022,6803,M,56493.0,34000.0,34000.0,,comtrade,2026-10-08
842,,380,,2022,6803,M,848066.0,651000.0,651000.0,,comtrade,2026-10-08
842,,392,,2022,6803,M,2501.0,4000.0,4000.0,,comtrade,2026-10-08
842,,484,,2022,6803,M,12399.0,4000.0,4000.0,,comtrade,2026-10-08
842,,620,,2022,6803,M,106201.0,117485.502,117485.502,,comtrade,2026-10-08
842,,643,,2022,6803,M,87646.0,38252.202,38252.202,,comtrade,2026-10-08
842,,688,,2022,6803,M,23950.0,44000.0,44000.0,,comtrade,2026-10-08
842,,699,,2022,6803,M,11009160.0,20099779.027,20099779.027,,comtrade,2026-10-08
842,,704,,2022,6803,M,1664243.0,2011000.0,2011000.0,,comtrade,2026-10-08
842,,710,,2022,6803,M,7237.0,9710.303,9710.303,,comtrade,2026-10-08
842,,724,,2022,6803,M,12908857.0,16855812.839,16855812.839,,comtrade,2026-10-08
842,,752,,2022,6803,M,17645.0,35000.0,35000.0,,comtrade,2026-10-08
842,,792,,2022,6803,M,988819.0,712000.0,712000.0,,comtrade,2026-10-08
842,,826,,2022,6803,M,2081644.0,1304871.487,1304871.487,,comtrade,2026-10-08
842,,860,,2022,6803,M,41686.0,18000.0,18000.0,,comtrade,2026-10-08
842,,0,,2023,2514,M,1911735.0,3080000.0,3080000.0,,comtrade,2026-10-08
842,,76,,2023,2514,M,335550.0,636000.0,636000.0,,comtrade,2026-10-08
842,,124,,2023,2514,M,47283.0,75000.0,75000.0,,comtrade,2026-10-08
842,,156,,2023,2514,M,208262.0,654000.0,654000.0,,comtrade,2026-10-08
842,,300,,2023,2514,M,3074.0,4000.0,4000.0,,comtrade,2026-10-08
842,,440,,2023,2514,M,5502.0,2000.0,2000.0,,comtrade,2026-10-08
842,,699,,2023,2514,M,1291691.0,1701000.0,1701000.0,,comtrade,2026-10-08
842,,724,,2023,2514,M,20373.0,8000.0,8000.0,,comtrade,2026-10-08
842,,0,,2023,2515,M,13684921.0,35388000.0,35388000.0,,comtrade,2026-10-08
842,,36,,2023,2515,M,3959.0,1000.0,1000.0,,comtrade,2026-10-08
842,,56,,2023,2515,M,280702.0,242000.0,242000.0,,comtrade,2026-10-08
842,,76,,2023,2515,M,114961.0,142000.0,142000.0,,comtrade,2026-10-08
842,,124,,2023,2515,M,3083969.0,16672000.0,16672000.0,,comtrade,2026-10-08
842,,156,,2023,2515,M,576875.0,1338000.0,1338000.0,,comtrade,2026-10-08
842,,170,,2023,2515,M,25261.0,25000.0,25000.0,,comtrade,2026-10-08
842,,214,,2023,2515,M,406888.0,762000.0,762000.0,,comtrade,2026-10-08
842,,251,,2023,2515,M,197004.0,188000.0,188000.0,,comtrade,2026-10-08
842,,276,,2023,2515,M,8181.0,3000.0,3000.0,,comtrade,2026-10-08
842,,300,,2023,2515,M,159510.0,563000.0,563000.0,,comtrade,2026-10-08
842,,360,,2023,2515,M,175229.0,195000.0,195000.0,,comtrade,2026-10-08
842,,372,,2023,2515,M,4510.0,5000.0,5000.0,,comtrade,2026-10-08
842,,376,,2023,2515,M,22875.0,42000.0,42000.0,,comtrade,2026-10-08
842,,380,,2023,2515,M,2516373.0,3447000.0,3447000.0,,comtrade,2026-10-08
842,,410,,2023,2515,M,18798.0,2000.0,2000.0,,comtrade,2026-10-08
842,,422,,2023,2515,M,6668.0,18000.0,18000.0,,comtrade,2026-10-08
842,,484,,2023,2515,M,163092.0,542000.0,542000.0,,comtrade,2026-10-08
842,,504,,2023,2515,M,3175.0,1000.0,1000.0,,comtrade,2026-10-08
842,,516,,2023,2515,M,103913.0,106000.0,106000.0,,comtrade,2026-10-08
842,,528,,2023,2515,M,21810.0,2000.0,2000.0,,comtrade,2026-10-08
842,,586,,2023,2515,M,43833.0,63000.0,63000.0,,comtrade,2026-10-08
842,,604,,2023,2515,M,7229.0,4000.0,4000.0,,comtrade,2026-10-08
842,,608,,2023,2515,M,3161.0,3000.0,3000.0,,comtrade,2026-10-08
842,,620,,2023,2515,M,271625.0,395000.0,395000.0,,comtrade,2026-10-08
842,,699,,2023,2515,M,2853461.0,6723000.0,6723000.0,,comtrade,2026-10-08
842,,710,,2023,2515,M,3016.0,1000.0,1000.0,,comtrade,2026-10-08
842,,724,,2023,2515,M,219063.0,188000.0,188000.0,,comtrade,2026-10-08
842,,768,,2023,2515,M,11002.0,54000.0,54000.0,,comtrade,2026-10-08
842,,784,,2023,2515,M,27123.0,18000.0,18000.0,,comtrade,2026-10-08
842,,788,,2023,2515,M,115511.0,283000.0,283000.0,,comtrade,2026-10-08
842,,792,,2023,2515,M,1351620.0,1520000.0,1520000.0,,comtrade,2026-10-08
842,,818,,2023,2515,M,550648.0,1722000.0,1722000.0,,comtrade,2026-10-08
842,,826,,2023,2515,M,333876.0,118000.0,118000.0,,comtrade,2026-10-08
842,,0,,2023,2516,M,41491817.0,222970000.0,222970000.0,,comtrade,2026-10-08
842,,8,,2023,2516,M,25980.0,122000.0,122000.0,,comtrade,2026-10-08
842,,56,,2023,2516,M,304597.0,569000.0,569000.0,,comtrade,2026-10-08
842,,76,,2023,2516,M,333251.0,747000.0,747000.0,,comtrade,2026-10-08
842,,120,,2023,2516,M,4100.0,11000.0,11000.0,,comtrade,2026-10-08
842,,124,,2023,2516,M,11952118.0,48407000.0,48407000.0,,comtrade,2026-10-08
842,,156,,2023,2516,M,2939725.0,5206000.0,5206000.0,,comtrade,2026-10-08
842,,208,,2023,2516,M,18780.0,216000.0,216000.0,,comtrade,2026-10-08
842,,233,,2023,2516,M,98329.0,54000.0,54000.0,,comtrade,2026-10-08
842,,246,,2023,2516,M,138751.0,1079000.0,1079000.0,,comtrade,2026-10-08
842,,251,,2023,2516,M,24227.0,21000.0,21000.0,,comtrade,2026-10-08
842,,276,,2023,2516,M,49939.0,10000.0,10000.0,,comtrade,2026-10-08
842,,372,,2023,2516,M,2569.0,1000.0,1000.0,,comtrade,2026-10-08
842,,380,,2023,2516,M,2400141.0,3981000.0,3981000.0,,comtrade,2026-10-08
842,,392,,2023,2516,M,126293.0,140000.0,140000.0,,comtrade,2026-10-08
842,,440,,2023,2516,M,2743.0,30000.0,30000.0,,comtrade,2026-10-08
842,,484,,2023,2516,M,288536.0,4293000.0,4293000.0,,comtrade,2026-10-08
842,,490,,2023,2516,M,10500.0,9000.0,9000.0,,comtrade,2026-10-08
842,,528,,2023,2516,M,3004.0,1000.0,1000.0,,comtrade,2026-10-08
842,,579,,2023,2516,M,257782.0,437000.0,437000.0,,comtrade,2026-10-08
842,,586,,2023,2516,M,2600.0,2000.0,2000.0,,comtrade,2026-10-08
842,,620,,2023,2516,M,104252.0,55000.0,55000.0,,comtrade,2026-10-08
842,,682,,2023,2516,M,6113.0,1000.0,1000.0,,comtrade,2026-10-08
842,,699,,2023,2516,M,18020626.0,115953000.0,115953000.0,,comtrade,2026-10-08
842,,704,,2023,2516,M,85574.0,222000.0,222000.0,,comtrade,2026-10-08
842,,710,,2023,2516,M,3141495.0,5889000.0,5889000.0,,comtrade,2026-10-08
842,,716,,2023,2516,M,18060.0,27000.0,27000.0,,comtrade,2026-10-08
842,,724,,2023,2516,M,823534.0,34730000.0,34730000.0,,comtrade,2026-10-08
842,,792,,2023,2516,M,285479.0,687000.0,687000.0,,comtrade,2026-10-08
842,,818,,2023,2516,M,7540.0,25000.0,25000.0,,comtrade,2026-10-08
842,,826,,2023,2516,M,15179.0,45000.0,45000.0,,comtrade,2026-10-08
842,,0,,2023,6801,M,122074716.0,295900000.0,295900000.0,,comtrade,2026-10-08
842,,8,,2023,6801,M,39255.0,42000.0,42000.0,,comtrade,2026-10-08
842,,32,,2023,6801,M,65338.0,124000.0,124000.0,,comtrade,2026-10-08
842,,40,,2023,6801,M,134044.0,166000.0,166000.0,,comtrade,2026-10-08
842,,56,,2023,6801,M,863209.0,753000.0,753000.0,,comtrade,2026-10-08
842,,76,,2023,6801,M,88280.0,104000.0,104000.0,,comtrade,2026-10-08
842,,100,,2023,6801,M,2625.0,1000.0,1000.0,,comtrade,2026-10-08
842,,124,,2023,6801,M,5422537.0,3390000.0,3390000.0,,comtrade,2026-10-08
842,,156,,2023,6801,M,3626153.0,9971000.0,9971000.0,,comtrade,2026-10-08
842,,214,,2023,6801,M,440228.0,213000.0,213000.0,,comtrade,2026-10-08
842,,218,,2023,6801,M,21407.0,75000.0,75000.0,,comtrade,2026-10-08
842,,251,,2023,6801,M,712169.0,659000.0,659000.0,,comtrade,2026-10-08
842,,276,,2023,6801,M,27793.0,35000.0,35000.0,,comtrade,2026-10-08
842,,300,,2023,6801,M,262266.0,299000.0,299000.0,,comtrade,2026-10-08
842,,360,,2023,6801,M,63908.0,69000.0,69000.0,,comtrade,2026-10-08
842,,380,,2023,6801,M,1873991.0,1773000.0,1773000.0,,comtrade,2026-10-08
842,,484,,2023,6801,M,1872049.0,4182000.0,4182000.0,,comtrade,2026-10-08
842,,504,,2023,6801,M,123309.0,238000.0,238000.0,,comtrade,2026-10-08
842,,528,,2023,6801,M,76121.0,45000.0,45000.0,,comtrade,2026-10-08
842,,616,,2023,6801,M,49030.0,31000.0,31000.0,,comtrade,2026-10-08
842,,620,,2023,6801,M,70630.0,35000.0,35000.0,,comtrade,2026-10-08
842,,699,,2023,6801,M,20026845.0,105823000.0,105823000.0,,comtrade,2026-10-08
842,,704,,2023,6801,M,205860.0,438000.0,438000.0,,comtrade,2026-10-08
842,,724,,2023,6801,M,1421820.0,570000.0,570000.0,,comtrade,2026-10-08
842,,792,,2023,6801,M,84409650.0,166429000.0,166429000.0,,comtrade,2026-10-08
842,,818,,2023,6801,M,132499.0,391000.0,391000.0,,comtrade,2026-10-08
842,,826,,2023,6801,M,43700.0,44000.0,44000.0,,comtrade,2026-10-08
842,,0,,2023,6802,M,2920311004.0,3100449443.0,3100449443.0,,comtrade,2026-10-08
842,,4,,2023,6802,M,17363.0,4000.0,4000.0,,comtrade,2026-10-08
842,,8,,2023,6802,M,78782.0,385702.0,385702.0,,comtrade,2026-10-08
842,,32,,2023,6802,M,257644.0,208000.0,208000.0,,comtrade,2026-10-08
842,,36,,2023,6802,M,393559.0,84798.0,84798.0,,comtrade,2026-10-08
842,,40,,2023,6802,M,206510.0,256000.0,256000.0,,comtrade,2026-10-08
842,,44,,2023,6802,M,19965.0,26136.0,26136.0,,comtrade,2026-10-08
842,,51,,2023,6802,M,17457.0,23000.0,23000.0,,comtrade,2026-10-08
842,,52,,2023,6802,M,15087.0,18000.0,18000.0,,comtrade,2026-10-08
842,,56,,2023,6802,M,2993286.0,1305983.0,1305983.0,,comtrade,2026-10-08
842,,70,,2023,6802,M,238767.0,210000.0,210000.0,,comtrade,2026-10-08
842,,76,,2023,6802,M,669524483.0,643053836.0,643053836.0,,comtrade,2026-10-08
842,,100,,2023,6802,M,2200904.0,1598000.0,1598000.0,,comtrade,2026-10-08
842,,104,,2023,6802,M,8866.0,28000.0,28000.0,,comtrade,2026-10-08
842,,116,,2023,6802,M,643255.0,1616000.0,1616000.0,,comtrade,2026-10-08
842,,124,,2023,6802,M,119891695.0,334726097.0,334726097.0,,comtrade,2026-10-08
842,,136,,2023,6802,M,12383.0,1000.0,1000.0,,comtrade,2026-10-08
842,,156,,2023,6802,M,487842544.0,553972613.0,553972613.0,,comtrade,2026-10-08
842,,170,,2023,6802,M,258306.0,313478.0,313478.0,,comtrade,2026-10-08
842,,188,,2023,6802,M,87600.0,111000.0,111000.0,,comtrade,2026-10-08
842,,191,,2023,6802,M,633668.0,536353.0,536353.0,,comtrade,2026-10-08
842,,196,,2023,6802,M,192627.0,279800.0,279800.0,,comtrade,2026-10-08
842,,203,,2023,6802,M,6142.0,2000.0,2000.0,,comtrade,2026-10-08
842,,208,,2023,6802,M,174261.0,66000.0,66000.0,,comtrade,2026-10-08
842,,214,,2023,6802,M,8710534.0,11959000.0,11959000.0,,comtrade,2026-10-08
842,,218,,2023,6802,M,1709912.0,239000.0,239000.0,,comtrade,2026-10-08
842,,233,,2023,6802,M,170349.0,79000.0,79000.0,,comtrade,2026-10-08
842,,246,,2023,6802,M,656001.0,277000.0,277000.0,,comtrade,2026-10-08
842,,251,,2023,6802,M,8664977.0,4149868.0,4149868.0,,comtrade,2026-10-08
842,,258,,2023,6802,M,82975.0,87000.0,87000.0,,comtrade,2026-10-08
842,,275,,2023,6802,M,52805.0,82000.0,82000.0,,comtrade,2026-10-08
842,,276,,2023,6802,M,3852112.0,2303838.0,2303838.0,,comtrade,2026-10-08
842,,288,,2023,6802,M,69403.0,270000.0,270000.0,,comtrade,2026-10-08
842,,300,,2023,6802,M,35959793.0,16697194.0,16697194.0,,comtrade,2026-10-08
842,,340,,2023,6802,M,40598.0,12000.0,12000.0,,comtrade,2026-10-08
842,,344,,2023,6802,M,412690.0,986795.0,986795.0,,comtrade,2026-10-08
842,,348,,2023,6802,M,16535.0,4000.0,4000.0,,comtrade,2026-10-08
842,,360,,2023,6802,M,19119415.0,13015189.0,13015189.0,,comtrade,2026-10-08
842,,364,,2023,6802,M,2275.0,1000.0,1000.0,,comtrade,2026-10-08
842,,372,,2023,6802,M,83183.0,26000.0,26000.0,,comtrade,2026-10-08
842,,376,,2023,6802,M,5139978.0,3342227.0,3342227.0,,comtrade,2026-10-08
842,,380,,2023,6802,M,540534900.0,209861202.0,209861202.0,,comtrade,2026-10-08
842,,384,,2023,6802,M,20598.0,21000.0,21000.0,,comtrade,2026-10-08
842,,392,,2023,6802,M,1765329.0,1262000.0,1262000.0,,comtrade,2026-10-08
842,,400,,2023,6802,M,325684.0,236010.0,236010.0,,comtrade,2026-10-08
842,,404,,2023,6802,M,138205.0,101000.0,101000.0,,comtrade,2026-10-08
842,,410,,2023,6802,M,96131.0,80270.0,80270.0,,comtrade,2026-10-08
842,,422,,2023,6802,M,1885529.0,547560.0,547560.0,,comtrade,2026-10-08
842,,428,,2023,6802,M,9570.0,1000.0,1000.0,,comtrade,2026-10-08
842,,440,,2023,6802,M,9302.0,6000.0,6000.0,,comtrade,2026-10-08
842,,450,,2023,6802,M,257114.0,37000.0,37000.0,,comtrade,2026-10-08
842,,458,,2023,6802,M,824540.0,1325000.0,1325000.0,,comtrade,2026-10-08
842,,470,,2023,6802,M,149893.0,28000.0,28000.0,,comtrade,2026-10-08
842,,484,,2023,6802,M,77697474.0,122108189.0,122108189.0,,comtrade,2026-10-08
842,,490,,2023,6802,M,3365610.0,1221000.0,1221000.0,,comtrade,2026-10-08
842,,498,,2023,6802,M,7123.0,19000.0,19000.0,,comtrade,2026-10-08
842,,500,,2023,6802,M,82157.0,36000.0,36000.0,,comtrade,2026-10-08
842,,504,,2023,6802,M,6852351.0,6461567.0,6461567.0,,comtrade,2026-10-08
842,,512,,2023,6802,M,428796.0,825000.0,825000.0,,comtrade,2026-10-08
842,,516,,2023,6802,M,8238676.0,5893729.0,5893729.0,,comtrade,2026-10-08
842,,528,,2023,6802,M,359269.0,82000.0,82000.0,,comtrade,2026-10-08
842,,554,,2023,6802,M,2103.0,1000.0,1000.0,,comtrade,2026-10-08
842,,558,,2023,6802,M,32668.0,4000.0,4000.0,,comtrade,2026-10-08
842,,579,,2023,6802,M,15331.0,4000.0,4000.0,,comtrade,2026-10-08
842,,583,,2023,6802,M,8374.0,20000.0,20000.0,,comtrade,2026-10-08
842,,586,,2023,6802,M,2599460.0,1890000.0,1890000.0,,comtrade,2026-10-08
842,,591,,2023,6802,M,19175.0,1000.0,1000.0,,comtrade,2026-10-08
842,,600,,2023,6802,M,33054.0,23000.0,23000.0,,comtrade,2026-10-08
842,,604,,2023,6802,M,3483738.0,4014000.0,4014000.0,,comtrade,2026-10-08
842,,608,,2023,6802,M,723535.0,1204000.0,1204000.0,,comtrade,2026-10-08
842,,616,,2023,6802,M,554333.0,198000.0,198000.0,,comtrade,2026-10-08
842,,620,,2023,6802,M,39262690.0,24705000.0,24705000.0,,comtrade,2026-10-08
842,,642,,2023,6802,M,415137.0,373040.0,373040.0,,comtrade,2026-10-08
842,,682,,2023,6802,M,81059.0,79000.0,79000.0,,comtrade,2026-10-08
842,,686,,2023,6802,M,19384.0,5000.0,5000.0,,comtrade,2026-10-08
842,,688,,2023,6802,M,3567.0,3000.0,3000.0,,comtrade,2026-10-08
842,,694,,2023,6802,M,6821.0,1000.0,1000.0,,comtrade,2026-10-08
842,,699,,2023,6802,M,371012708.0,484936130.0,484936130.0,,comtrade,2026-10-08
842,,702,,2023,6802,M,101878.0,92000.0,92000.0,,comtrade,2026-10-08
842,,703,,2023,6802,M,34769.0,16000.0,16000.0,,comtrade,2026-10-08
842,,704,,2023,6802,M,38381519.0,41895916.0,41895916.0,,comtrade,2026-10-08
842,,705,,2023,6802,M,125318.0,31000.0,31000.0,,comtrade,2026-10-08
842,,710,,2023,6802,M,5995713.0,5113000.0,5113000.0,,comtrade,2026-10-08
842,,716,,2023,6802,M,21507.0,34000.0,34000.0,,comtrade,2026-10-08
842,,724,,2023,6802,M,47029063.0,54651820.0,54651820.0,,comtrade,2026-10-08
842,,752,,2023,6802,M,36435.0,32000.0,32000.0,,comtrade,2026-10-08
842,,757,,2023,6802,M,1249201.0,506000.0,506000.0,,comtrade,2026-10-08
842,,760,,2023,6802,M,2299031.0,2251000.0,2251000.0,,comtrade,2026-10-08
842,,764,,2023,6802,M,1214555.0,843236.0,843236.0,,comtrade,2026-10-08
842,,784,,2023,6802,M,644073.0,385843.0,385843.0,,comtrade,2026-10-08
842,,788,,2023,6802,M,1317206.0,553200.0,553200.0,,comtrade,2026-10-08
842,,792,,2023,6802,M,383388103.0,525844705.0,525844705.0,,comtrade,2026-10-08
842,,804,,2023,6802,M,657779.0,254000.0,254000.0,,comtrade,2026-10-08
842,,818,,2023,6802,M,4501480.0,7361000.0,7361000.0,,comtrade,2026-10-08
842,,826,,2023,6802,M,1398107.0,520119.0,520119.0,,comtrade,2026-10-08
842,,858,,2023,6802,M,135190.0,94000.0,94000.0,,comtrade,2026-10-08
842,,0,,2023,6803,M,57486134.0,82343706.094,82343706.094,,comtrade,2026-10-08
842,,32,,2023,6803,M,586671.0,840353.335,840353.335,,comtrade,2026-10-08
842,,56,,2023,6803,M,34053.0,56000.0,56000.0,,comtrade,2026-10-08
842,,76,,2023,6803,M,9157183.0,13991765.896,13991765.896,,comtrade,2026-10-08
842,,100,,2023,6803,M,15564.0,29000.0,29000.0,,comtrade,2026-10-08
842,,124,,2023,6803,M,7995541.0,9472687.673,9472687.673,,comtrade,2026-10-08
842,,156,,2023,6803,M,13479406.0,17948022.808,17948022.808,,comtrade,2026-10-08
842,,208,,2023,6803,M,27355.0,39183.572,39183.572,,comtrade,2026-10-08
842,,214,,2023,6803,M,6500.0,14000.0,14000.0,,comtrade,2026-10-08
842,,251,,2023,6803,M,782085.0,886000.0,886000.0,,comtrade,2026-10-08
842,,275,,2023,6803,M,16395.0,11000.0,11000.0,,comtrade,2026-10-08
842,,276,,2023,6803,M,22001.0,4000.0,4000.0,,comtrade,2026-10-08
842,,300,,2023,6803,M,209574.0,338000.0,338000.0,,comtrade,2026-10-08
842,,344,,2023,6803,M,4098.0,1000.0,1000.0,,comtrade,2026-10-08
842,,360,,2023,6803,M,24907.0,21000.0,21000.0,,comtrade,2026-10-08
842,,372,,2023,6803,M,4797.0,1000.0,1000.0,,comtrade,2026-10-08
842,,380,,2023,6803,M,1229926.0,768063.793,768063.793,,comtrade,2026-10-08
842,,410,,2023,6803,M,29384.0,50000.0,50000.0,,comtrade,2026-10-08
842,,458,,2023,6803,M,108728.0,113000.0,113000.0,,comtrade,2026-10-08
842,,484,,2023,6803,M,24266.0,30782.666,30782.666,,comtrade,2026-10-08
842,,528,,2023,6803,M,7030.0,5000.0,5000.0,,comtrade,2026-10-08
842,,579,,2023,6803,M,12446.0,24000.0,24000.0,,comtrade,2026-10-08
842,,608,,2023,6803,M,2197.0,1000.0,1000.0,,comtrade,2026-10-08
842,,620,,2023,6803,M,144624.0,136000.0,136000.0,,comtrade,2026-10-08
842,,643,,2023,6803,M,2326.0,1000.0,1000.0,,comtrade,2026-10-08
842,,699,,2023,6803,M,7512770.0,15480000.0,15480000.0,,comtrade,2026-10-08
842,,704,,2023,6803,M,866906.0,1096762.941,1096762.941,,comtrade,2026-10-08
842,,710,,2023,6803,M,17504.0,34000.0,34000.0,,comtrade,2026-10-08
842,,724,,2023,6803,M,13688933.0,19388052.502,19388052.502,,comtrade,2026-10-08
842,,752,,2023,6803,M,5594.0,1000.0,1000.0,,comtrade,2026-10-08
842,,764,,2023,6803,M,42151.0,18000.0,18000.0,,comtrade,2026-10-08
842,,792,,2023,6803,M,137350.0,120000.0,120000.0,,comtrade,2026-10-08
842,,826,,2023,6803,M,1267026.0,1394175.19,1394175.19,,comtrade,2026-10-08
842,,860,,2023,6803,M,20843.0,29855.719,29855.719,,comtrade,2026-10-08
842,,0,,2024,2514,M,1992072.0,3847000.0,3847000.0,,comtrade,2026-10-08
842,,76,,2024,2514,M,386346.0,589000.0,589000.0,,comtrade,2026-10-08
842,,124,,2024,2514,M,4607.0,6000.0,6000.0,,comtrade,2026-10-08
842,,156,,2024,2514,M,563436.0,1889000.0,1889000.0,,comtrade,2026-10-08
842,,170,,2024,2514,M,6084.0,26000.0,26000.0,,comtrade,2026-10-08
842,,251,,2024,2514,M,4247.0,38000.0,38000.0,,comtrade,2026-10-08
842,,440,,2024,2514,M,17095.0,7000.0,7000.0,,comtrade,2026-10-08
842,,516,,2024,2514,M,8799.0,23000.0,23000.0,,comtrade,2026-10-08
842,,620,,2024,2514,M,27853.0,8000.0,8000.0,,comtrade,2026-10-08
842,,699,,2024,2514,M,946328.0,1200000.0,1200000.0,,comtrade,2026-10-08
842,,792,,2024,2514,M,27277.0,61000.0,61000.0,,comtrade,2026-10-08
842,,0,,2024,2515,M,16809532.0,40245506.141,40245506.141,,comtrade,2026-10-08
842,,8,,2024,2515,M,2915.0,43000.0,43000.0,,comtrade,2026-10-08
842,,40,,2024,2515,M,2091.0,1000.0,1000.0,,comtrade,2026-10-08
842,,56,,2024,2515,M,353313.0,205963.799,205963.799,,comtrade,2026-10-08
842,,76,,2024,2515,M,70339.0,102448.411,102448.411,,comtrade,2026-10-08
842,,124,,2024,2515,M,3473099.0,23264000.0,23264000.0,,comtrade,2026-10-08
842,,156,,2024,2515,M,574311.0,753201.751,753201.751,,comtrade,2026-10-08
842,,188,,2024,2515,M,7816.0,18000.0,18000.0,,comtrade,2026-10-08
842,,191,,2024,2515,M,35578.0,46000.0,46000.0,,comtrade,2026-10-08
842,,208,,2024,2515,M,2149.0,2000.0,2000.0,,comtrade,2026-10-08
842,,214,,2024,2515,M,496665.0,892000.0,892000.0,,comtrade,2026-10-08
842,,251,,2024,2515,M,106704.0,236000.0,236000.0,,comtrade,2026-10-08
842,,276,,2024,2515,M,23608.0,38000.0,38000.0,,comtrade,2026-10-08
842,,300,,2024,2515,M,204875.0,658000.0,658000.0,,comtrade,2026-10-08
842,,360,,2024,2515,M,81820.0,83546.229,83546.229,,comtrade,2026-10-08
842,,380,,2024,2515,M,2486238.0,2489317.311,2489317.311,,comtrade,2026-10-08
842,,410,,2024,2515,M,32117.0,3000.0,3000.0,,comtrade,2026-10-08
842,,484,,2024,2515,M,1212481.0,811401.606,811401.606,,comtrade,2026-10-08
842,,504,,2024,2515,M,49003.0,61000.0,61000.0,,comtrade,2026-10-08
842,,528,,2024,2515,M,3568.0,3000.0,3000.0,,comtrade,2026-10-08
842,,586,,2024,2515,M,7528.0,1000.0,1000.0,,comtrade,2026-10-08
842,,620,,2024,2515,M,308215.0,352000.0,352000.0,,comtrade,2026-10-08
842,,688,,2024,2515,M,6317.0,1000.0,1000.0,,comtrade,2026-10-08
842,,699,,2024,2515,M,4418962.0,6265000.0,6265000.0,,comtrade,2026-10-08
842,,704,,2024,2515,M,48762.0,32000.0,32000.0,,comtrade,2026-10-08
842,,705,,2024,2515,M,18341.0,18000.0,18000.0,,comtrade,2026-10-08
842,,724,,2024,2515,M,240475.0,154000.0,154000.0,,comtrade,2026-10-08
842,,792,,2024,2515,M,1559034.0,1340627.033,1340627.033,,comtrade,2026-10-08
842,,818,,2024,2515,M,927618.0,2366000.0,2366000.0,,comtrade,2026-10-08
842,,826,,2024,2515,M,55590.0,5000.0,5000.0,,comtrade,2026-10-08
842,,0,,2024,2516,M,43449201.0,,0.0,,comtrade,2026-10-08
842,,32,,2024,2516,M,2980.0,10000.0,10000.0,,comtrade,2026-10-08
842,,36,,2024,2516,M,3016.0,3000.0,3000.0,,comtrade,2026-10-08
842,,51,,2024,2516,M,96847.0,255491.952,255491.952,,comtrade,2026-10-08
842,,56,,2024,2516,M,35763.0,,0.0,,comtrade,2026-10-08
842,,76,,2024,2516,M,326056.0,463531.631,463531.631,,comtrade,2026-10-08
842,,116,,2024,2516,M,91534.0,274000.0,274000.0,,comtrade,2026-10-08
842,,124,,2024,2516,M,11059282.0,25166182.183,25166182.183,,comtrade,2026-10-08
842,,156,,2024,2516,M,2781986.0,5199941.797,5199941.797,,comtrade,2026-10-08
842,,208,,2024,2516,M,18780.0,216000.0,216000.0,,comtrade,2026-10-08
842,,233,,2024,2516,M,270315.0,,0.0,,comtrade,2026-10-08
842,,246,,2024,2516,M,541857.0,1332046.675,1332046.675,,comtrade,2026-10-08
842,,276,,2024,2516,M,119301.0,259000.0,259000.0,,comtrade,2026-10-08
842,,360,,2024,2516,M,8829.0,15000.0,15000.0,,comtrade,2026-10-08
842,,372,,2024,2516,M,19967.0,2000.0,2000.0,,comtrade,2026-10-08
842,,380,,2024,2516,M,1250890.0,1599639.764,1599639.764,,comtrade,2026-10-08
842,,392,,2024,2516,M,202619.0,208311.139,208311.139,,comtrade,2026-10-08
842,,440,,2024,2516,M,3287.0,28000.0,28000.0,,comtrade,2026-10-08
842,,484,,2024,2516,M,292271.0,781207.091,781207.091,,comtrade,2026-10-08
842,,528,,2024,2516,M,23108.0,84000.0,84000.0,,comtrade,2026-10-08
842,,579,,2024,2516,M,337344.0,507512.922,507512.922,,comtrade,2026-10-08
842,,586,,2024,2516,M,94387.0,,0.0,,comtrade,2026-10-08
842,,620,,2024,2516,M,27063.0,68582.282,68582.282,,comtrade,2026-10-08
842,,699,,2024,2516,M,23020638.0,60298163.354,60298163.354,,comtrade,2026-10-08
842,,704,,2024,2516,M,218644.0,589227.202,589227.202,,comtrade,2026-10-08
842,,710,,2024,2516,M,2109876.0,4806179.491,4806179.491,,comtrade,2026-10-08
842,,716,,2024,2516,M,46323.0,72000.0,72000.0,,comtrade,2026-10-08
842,,724,,2024,2516,M,36712.0,45000.0,45000.0,,comtrade,2026-10-08
842,,752,,2024,2516,M,7972.0,2000.0,2000.0,,comtrade,2026-10-08
842,,792,,2024,2516,M,287225.0,572045.46,572045.46,,comtrade,2026-10-08
842,,818,,2024,2516,M,4503.0,3000.0,3000.0,,comtrade,2026-10-08
842,,826,,2024,2516,M,71396.0,129899.715,129899.715,,comtrade,2026-10-08
842,,858,,2024,2516,M,38430.0,78000.0,78000.0,,comtrade,2026-10-08
842,,0,,2024,6801,M,113715367.0,266084000.0,266084000.0,,comtrade,2026-10-08
842,,32,,2024,6801,M,205283.0,392000.0,392000.0,,comtrade,2026-10-08
842,,56,,2024,6801,M,1483361.0,1248000.0,1248000.0,,comtrade,2026-10-08
842,,76,,2024,6801,M,42958.0,77000.0,77000.0,,comtrade,2026-10-08
842,,100,,2024,6801,M,15071.0,19000.0,19000.0,,comtrade,2026-10-08
842,,124,,2024,6801,M,5174436.0,2435000.0,2435000.0,,comtrade,2026-10-08
842,,156,,2024,6801,M,3639368.0,8570000.0,8570000.0,,comtrade,2026-10-08
842,,191,,2024,6801,M,57411.0,68000.0,68000.0,,comtrade,2026-10-08
842,,203,,2024,6801,M,2905.0,1000.0,1000.0,,comtrade,2026-10-08
842,,208,,2024,6801,M,8891.0,15000.0,15000.0,,comtrade,2026-10-08
842,,214,,2024,6801,M,86533.0,123000.0,123000.0,,comtrade,2026-10-08
842,,251,,2024,6801,M,866922.0,514000.0,514000.0,,comtrade,2026-10-08
842,,276,,2024,6801,M,3694.0,7000.0,7000.0,,comtrade,2026-10-08
842,,300,,2024,6801,M,163084.0,146000.0,146000.0,,comtrade,2026-10-08
842,,320,,2024,6801,M,55358.0,18000.0,18000.0,,comtrade,2026-10-08
842,,360,,2024,6801,M,48894.0,90000.0,90000.0,,comtrade,2026-10-08
842,,380,,2024,6801,M,894601.0,943000.0,943000.0,,comtrade,2026-10-08
842,,410,,2024,6801,M,31916.0,46000.0,46000.0,,comtrade,2026-10-08
842,,422,,2024,6801,M,120605.0,14000.0,14000.0,,comtrade,2026-10-08
842,,458,,2024,6801,M,9929.0,6000.0,6000.0,,comtrade,2026-10-08
842,,484,,2024,6801,M,1606648.0,3580000.0,3580000.0,,comtrade,2026-10-08
842,,504,,2024,6801,M,723332.0,844000.0,844000.0,,comtrade,2026-10-08
842,,528,,2024,6801,M,51913.0,21000.0,21000.0,,comtrade,2026-10-08
842,,604,,2024,6801,M,50402.0,23000.0,23000.0,,comtrade,2026-10-08
842,,616,,2024,6801,M,3783.0,1000.0,1000.0,,comtrade,2026-10-08
842,,620,,2024,6801,M,203802.0,284000.0,284000.0,,comtrade,2026-10-08
842,,699,,2024,6801,M,14328797.0,76508000.0,76508000.0,,comtrade,2026-10-08
842,,704,,2024,6801,M,384050.0,565000.0,565000.0,,comtrade,2026-10-08
842,,710,,2024,6801,M,2487.0,1000.0,1000.0,,comtrade,2026-10-08
842,,724,,2024,6801,M,3353941.0,876000.0,876000.0,,comtrade,2026-10-08
842,,752,,2024,6801,M,115057.0,157000.0,157000.0,,comtrade,2026-10-08
842,,764,,2024,6801,M,42293.0,55000.0,55000.0,,comtrade,2026-10-08
842,,792,,2024,6801,M,79151026.0,166824000.0,166824000.0,,comtrade,2026-10-08
842,,807,,2024,6801,M,535317.0,1194000.0,1194000.0,,comtrade,2026-10-08
842,,818,,2024,6801,M,192198.0,374000.0,374000.0,,comtrade,2026-10-08
842,,826,,2024,6801,M,59101.0,45000.0,45000.0,,comtrade,2026-10-08
842,,0,,2024,6802,M,3079177778.0,3132468215.46,3132468215.46,,comtrade,2026-10-08
842,,8,,2024,6802,M,15025.0,21000.0,21000.0,,comtrade,2026-10-08
842,,24,,2024,6802,M,47232.0,76000.0,76000.0,,comtrade,2026-10-08
842,,32,,2024,6802,M,298515.0,450000.0,450000.0,,comtrade,2026-10-08
842,,36,,2024,6802,M,201368.0,109000.0,109000.0,,comtrade,2026-10-08
842,,40,,2024,6802,M,26010.0,4000.0,4000.0,,comtrade,2026-10-08
842,,44,,2024,6802,M,3201.0,1000.0,1000.0,,comtrade,2026-10-08
842,,51,,2024,6802,M,34101.0,22000.0,22000.0,,comtrade,2026-10-08
842,,56,,2024,6802,M,2624240.0,1671278.0,1671278.0,,comtrade,2026-10-08
842,,68,,2024,6802,M,3097.0,3000.0,3000.0,,comtrade,2026-10-08
842,,70,,2024,6802,M,86421.0,62000.0,62000.0,,comtrade,2026-10-08
842,,76,,2024,6802,M,728342099.0,614196341.0,614196341.0,,comtrade,2026-10-08
842,,100,,2024,6802,M,1974403.0,1220000.0,1220000.0,,comtrade,2026-10-08
842,,116,,2024,6802,M,3559686.0,7509000.0,7509000.0,,comtrade,2026-10-08
842,,124,,2024,6802,M,121707441.0,382405268.0,382405268.0,,comtrade,2026-10-08
842,,144,,2024,6802,M,2131.0,1000.0,1000.0,,comtrade,2026-10-08
842,,156,,2024,6802,M,462416295.0,490258860.0,490258860.0,,comtrade,2026-10-08
842,,170,,2024,6802,M,245652.0,390000.0,390000.0,,comtrade,2026-10-08
842,,188,,2024,6802,M,54420.0,79000.0,79000.0,,comtrade,2026-10-08
842,,191,,2024,6802,M,1023496.0,909000.0,909000.0,,comtrade,2026-10-08
842,,203,,2024,6802,M,3322.0,22000.0,22000.0,,comtrade,2026-10-08
842,,208,,2024,6802,M,89225.0,69000.0,69000.0,,comtrade,2026-10-08
842,,214,,2024,6802,M,8470846.0,17597000.0,17597000.0,,comtrade,2026-10-08
842,,218,,2024,6802,M,1806556.0,255000.0,255000.0,,comtrade,2026-10-08
842,,233,,2024,6802,M,94883.0,50000.0,50000.0,,comtrade,2026-10-08
842,,246,,2024,6802,M,571777.0,286000.0,286000.0,,comtrade,2026-10-08
842,,251,,2024,6802,M,9306211.0,4916937.0,4916937.0,,comtrade,2026-10-08
842,,258,,2024,6802,M,56769.0,78000.0,78000.0,,comtrade,2026-10-08
842,,268,,2024,6802,M,35303.0,20376.0,20376.0,,comtrade,2026-10-08
842,,276,,2024,6802,M,5297147.0,2580704.0,2580704.0,,comtrade,2026-10-08
842,,288,,2024,6802,M,6170.0,25000.0,25000.0,,comtrade,2026-10-08
842,,300,,2024,6802,M,33391212.0,15731996.0,15731996.0,,comtrade,2026-10-08
842,,340,,2024,6802,M,376154.0,103000.0,103000.0,,comtrade,2026-10-08
842,,344,,2024,6802,M,425050.0,246449.0,246449.0,,comtrade,2026-10-08
842,,348,,2024,6802,M,143596.0,67000.0,67000.0,,comtrade,2026-10-08
842,,360,,2024,6802,M,18811105.0,12513243.0,12513243.0,,comtrade,2026-10-08
842,,372,,2024,6802,M,17682.0,6000.0,6000.0,,comtrade,2026-10-08
842,,376,,2024,6802,M,4921434.0,3253000.0,3253000.0,,comtrade,2026-10-08
842,,380,,2024,6802,M,594335324.0,190216068.0,190216068.0,,comtrade,2026-10-08
842,,392,,2024,6802,M,2095120.0,1779000.0,1779000.0,,comtrade,2026-10-08
842,,400,,2024,6802,M,189632.0,132000.0,132000.0,,comtrade,2026-10-08
842,,404,,2024,6802,M,111775.0,29000.0,29000.0,,comtrade,2026-10-08
842,,410,,2024,6802,M,205340.0,65349.0,65349.0,,comtrade,2026-10-08
842,,422,,2024,6802,M,2354813.0,703600.0,703600.0,,comtrade,2026-10-08
842,,428,,2024,6802,M,2521.0,1000.0,1000.0,,comtrade,2026-10-08
842,,440,,2024,6802,M,6150.0,1000.0,1000.0,,comtrade,2026-10-08
842,,450,,2024,6802,M,121449.0,17000.0,17000.0,,comtrade,2026-10-08
842,,458,,2024,6802,M,641973.0,939000.0,939000.0,,comtrade,2026-10-08
842,,470,,2024,6802,M,128243.0,27000.0,27000.0,,comtrade,2026-10-08
842,,484,,2024,6802,M,96561978.0,113862591.0,113862591.0,,comtrade,2026-10-08
842,,490,,2024,6802,M,2726872.0,1728000.0,1728000.0,,comtrade,2026-10-08
842,,498,,2024,6802,M,6464.0,17000.0,17000.0,,comtrade,2026-10-08
842,,504,,2024,6802,M,8757893.0,7985512.0,7985512.0,,comtrade,2026-10-08
842,,512,,2024,6802,M,536736.0,664000.0,664000.0,,comtrade,2026-10-08
842,,516,,2024,6802,M,15665361.0,10635125.0,10635125.0,,comtrade,2026-10-08
842,,528,,2024,6802,M,252827.0,96555.0,96555.0,,comtrade,2026-10-08
842,,540,,2024,6802,M,4440.0,21000.0,21000.0,,comtrade,2026-10-08
842,,554,,2024,6802,M,142331.0,60512.0,60512.0,,comtrade,2026-10-08
842,,562,,2024,6802,M,8201.0,1000.0,1000.0,,comtrade,2026-10-08
842,,579,,2024,6802,M,24970.0,15000.0,15000.0,,comtrade,2026-10-08
842,,586,,2024,6802,M,3644976.0,1995000.0,1995000.0,,comtrade,2026-10-08
842,,604,,2024,6802,M,2482993.0,1882000.0,1882000.0,,comtrade,2026-10-08
842,,608,,2024,6802,M,649538.0,420000.0,420000.0,,comtrade,2026-10-08
842,,616,,2024,6802,M,705663.0,315000.0,315000.0,,comtrade,2026-10-08
842,,620,,2024,6802,M,40128400.0,27150234.0,27150234.0,,comtrade,2026-10-08
842,,642,,2024,6802,M,1156912.0,1147000.0,1147000.0,,comtrade,2026-10-08
842,,688,,2024,6802,M,21163.0,2000.0,2000.0,,comtrade,2026-10-08
842,,694,,2024,6802,M,2988.0,1000.0,1000.0,,comtrade,2026-10-08
842,,699,,2024,6802,M,370871283.0,509323176.703,509323176.703,,comtrade,2026-10-08
842,,702,,2024,6802,M,573054.0,432000.0,432000.0,,comtrade,2026-10-08
842,,703,,2024,6802,M,99914.0,40000.0,40000.0,,comtrade,2026-10-08
842,,704,,2024,6802,M,41802159.0,44085319.0,44085319.0,,comtrade,2026-10-08
842,,705,,2024,6802,M,105707.0,20000.0,20000.0,,comtrade,2026-10-08
842,,710,,2024,6802,M,6131474.0,5478000.0,5478000.0,,comtrade,2026-10-08
842,,716,,2024,6802,M,102815.0,69000.0,69000.0,,comtrade,2026-10-08
842,,724,,2024,6802,M,41063486.0,43970779.0,43970779.0,,comtrade,2026-10-08
842,,752,,2024,6802,M,30129.0,2750.0,2750.0,,comtrade,2026-10-08
842,,757,,2024,6802,M,1516765.0,551000.0,551000.0,,comtrade,2026-10-08
842,,760,,2024,6802,M,1167948.0,1031000.0,1031000.0,,comtrade,2026-10-08
842,,764,,2024,6802,M,1034555.0,1049000.0,1049000.0,,comtrade,2026-10-08
842,,776,,2024,6802,M,20990.0,52000.0,52000.0,,comtrade,2026-10-08
842,,784,,2024,6802,M,916198.0,192981.0,192981.0,,comtrade,2026-10-08
842,,788,,2024,6802,M,1364581.0,665858.0,665858.0,,comtrade,2026-10-08
842,,792,,2024,6802,M,423296911.0,593628567.0,593628567.0,,comtrade,2026-10-08
842,,804,,2024,6802,M,754801.0,360000.0,360000.0,,comtrade,2026-10-08
842,,807,,2024,6802,M,412614.0,835000.0,835000.0,,comtrade,2026-10-08
842,,818,,2024,6802,M,5935033.0,10830000.0,10830000.0,,comtrade,2026-10-08
842,,826,,2024,6802,M,1784304.0,709786.757,709786.757,,comtrade,2026-10-08
842,,834,,2024,6802,M,7200.0,1000.0,1000.0,,comtrade,2026-10-08
842,,858,,2024,6802,M,23536.0,24000.0,24000.0,,comtrade,2026-10-08
842,,0,,2024,6803,M,52618683.0,77396448.417,77396448.417,,comtrade,2026-10-08
842,,32,,2024,6803,M,357916.0,526456.111,526456.111,,comtrade,2026-10-08
842,,56,,2024,6803,M,30240.0,17715.869,17715.869,,comtrade,2026-10-08
842,,76,,2024,6803,M,7513452.0,11581072.111,11581072.111,,comtrade,2026-10-08
842,,100,,2024,6803,M,37199.0,59000.0,59000.0,,comtrade,2026-10-08
842,,124,,2024,6803,M,7990178.0,9904164.533,9904164.533,,comtrade,2026-10-08
842,,156,,2024,6803,M,12148472.0,17489842.33,17489842.33,,comtrade,2026-10-08
842,,170,,2024,6803,M,21372.0,31435.924,31435.924,,comtrade,2026-10-08
842,,208,,2024,6803,M,19620.0,28858.919,28858.919,,comtrade,2026-10-08
842,,233,,2024,6803,M,3978.0,1000.0,1000.0,,comtrade,2026-10-08
842,,251,,2024,6803,M,573651.0,644000.0,644000.0,,comtrade,2026-10-08
842,,276,,2024,6803,M,11128.0,2000.0,2000.0,,comtrade,2026-10-08
842,,300,,2024,6803,M,363987.0,554000.0,554000.0,,comtrade,2026-10-08
842,,360,,2024,6803,M,8601.0,8000.0,8000.0,,comtrade,2026-10-08
842,,376,,2024,6803,M,157334.0,143000.0,143000.0,,comtrade,2026-10-08
842,,380,,2024,6803,M,923940.0,591276.301,591276.301,,comtrade,2026-10-08
842,,410,,2024,6803,M,40877.0,80000.0,80000.0,,comtrade,2026-10-08
842,,440,,2024,6803,M,7849.0,11545.039,11545.039,,comtrade,2026-10-08
842,,458,,2024,6803,M,39204.0,73000.0,73000.0,,comtrade,2026-10-08
842,,490,,2024,6803,M,30445.0,33000.0,33000.0,,comtrade,2026-10-08
842,,579,,2024,6803,M,72866.0,131000.0,131000.0,,comtrade,2026-10-08
842,,608,,2024,6803,M,5411.0,3000.0,3000.0,,comtrade,2026-10-08
842,,620,,2024,6803,M,90910.0,59000.0,59000.0,,comtrade,2026-10-08
842,,643,,2024,6803,M,3002.0,1000.0,1000.0,,comtrade,2026-10-08
842,,699,,2024,6803,M,7800684.0,15356221.235,15356221.235,,comtrade,2026-10-08
842,,704,,2024,6803,M,804121.0,1035000.0,1035000.0,,comtrade,2026-10-08
842,,724,,2024,6803,M,12795930.0,18278023.598,18278023.598,,comtrade,2026-10-08
842,,752,,2024,6803,M,2136.0,3141.827,3141.827,,comtrade,2026-10-08
842,,792,,2024,6803,M,179807.0,176544.915,176544.915,,comtrade,2026-10-08
842,,826,,2024,6803,M,531603.0,496530.685,496530.685,,comtrade,2026-10-08
842,,860,,2024,6803,M,52770.0,77619.02,77619.02,,comtrade,2026-10-08
